{
  "version": 92,
  "enabled": true,
  "priority": "High",
  "lights": [
    {
      "parent": "/Far__x4_z6/Far__x4_z6_LFS/Far_Roads/Road_60x8 (8)/Collider/%GROUP%_Mesh00293D0009000500",
      "position": "(-0.5636624,3.15479636,-0.09394385)",
      "rotation": "(-0.7071068,0,0,0.7071068)",
      "hash": "140B2B7A5D18C2570:140B1E7E0818C32B0",
      "properties": {
        "type": "Point",
        "intensity": 1.0,
        "range": 5.0,
        "colour": "#FF0000",
        "corona": {
          "sprite": "corona_orange01.png",
          "scale": 0.25,
          "range": 100.0
        },
        "dutyCycle": "FlashingGlobal(2)"
      }
    },
    {
      "parent": "/Far__x4_z6/Far__x4_z6_LFS/Far_Roads/Road_60x8 (8)/Collider/%GROUP%_Mesh00293D0009000500",
      "position": "(-0.5636624,3.15479636,-0.432141364)",
      "rotation": "(-0.7071068,0,0,0.7071068)",
      "hash": "140B2B7A5D18C2570:140A617E0818C3290",
      "properties": {
        "type": "Point",
        "intensity": 1.0,
        "range": 5.0,
        "colour": "#FF0000",
        "corona": {
          "sprite": "corona_orange01.png",
          "scale": 0.25,
          "range": 100.0
        },
        "dutyCycle": "FlashingGlobal(2,true)"
      }
    },
    {
      "parent": "/Far__x4_z6/Far__x4_z6_LFS/Far_Roads/Road_60x8 (8)/Collider/%GROUP%_Mesh001E100009000F46",
      "position": "(-0.5636624,3.15479636,-0.09394385)",
      "rotation": "(-0.7071068,0,0,0.7071068)",
      "hash": "1417267A5D18B84A0:1417367E0818B8130",
      "properties": {
        "type": "Point",
        "intensity": 1.0,
        "range": 5.0,
        "colour": "#FF0000",
        "corona": {
          "sprite": "corona_orange01.png",
          "scale": 0.25,
          "range": 100.0
        },
        "dutyCycle": "FlashingGlobal(2)"
      }
    },
    {
      "parent": "/Far__x4_z6/Far__x4_z6_LFS/Far_Roads/Road_60x8 (8)/Collider/%GROUP%_Mesh001E100009000F46",
      "position": "(-0.5636624,3.15479636,-0.432141364)",
      "rotation": "(-0.7071068,0,0,0.7071068)",
      "hash": "1417267A5D18B84A0:1417577E0818B8160",
      "properties": {
        "type": "Point",
        "intensity": 1.0,
        "range": 5.0,
        "colour": "#FF0000",
        "corona": {
          "sprite": "corona_orange01.png",
          "scale": 0.25,
          "range": 100.0
        },
        "dutyCycle": "FlashingGlobal(2,true)"
      }
    }
  ],
  "meshes": [
    {
      "parent": "/Far__x4_z6/Far__x4_z6_LFS/Far_Roads/Road_60x8 (8)/Collider",
      "position": "(-41.6115761,-0.0977249146,5.00272)",
      "rotation": "(0,0.6883546,0,0.7253744)",
      "hash": "140B1D7B031898600:140B2B7A5D18C2570",
      "properties": {
        "file": "meshes_levelcrossings.assetbundle",
        "mesh": "LevelCrossing"
      }
    },
    {
      "parent": "/Far__x4_z6/Far__x4_z6_LFS/Far_Roads/Road_60x8 (8)/Collider",
      "position": "(-30.1614246,-0.0977249146,15.7011356)",
      "rotation": "(0,-0.74314487,0,0.6691306)",
      "hash": "140B1D7B031898600:1417267A5D18B84A0",
      "properties": {
        "file": "meshes_levelcrossings.assetbundle",
        "mesh": "LevelCrossing"
      }
    }
  ],
  "decorations": []
}