{
  "version": 92,
  "enabled": true,
  "priority": "Low",
  "lights": [
    {
      "parent": "/Far__x11_z11/Far__x11_z11_LFS/Far_IndustryBuildings/ServiceDepot_04/Collider",
      "position": "(-19.5427475,9.165482,0.00894928)",
      "rotation": "(-0.233236834,0.7229051,-0.5824064,-0.2895025)",
      "hash": "2D173D78172D681F0:2D0A0C81272D5A110",
      "properties": {
        "type": "Point",
        "intensity": 1.0,
        "range": 20.0,
        "colour": "#FFB24D",
        "corona": {
          "sprite": "corona_orange01.png",
          "scale": 0.75,
          "range": 100.0
        },
        "dutyCycle": "DuskTillDawn()"
      }
    },
    {
      "parent": "/Far__x11_z11/Far__x11_z11_LFS/Far_IndustryBuildings/ServiceDepot_04/Collider/%GROUP%_Mesh000203093A000003",
      "position": "(0.8,1.25,0)",
      "rotation": "(0.482243836,-0.339021236,0.209571853,0.780118644)",
      "hash": "2D161881512D66510:2D154280382D67240",
      "properties": {
        "type": "Point",
        "intensity": 1.0,
        "range": 20.0,
        "colour": "#FFE5B2",
        "corona": null,
        "dutyCycle": "DuskTillDawn()"
      }
    },
    {
      "parent": "/Far__x11_z11/Far__x11_z11_LFS/Far_IndustryBuildings/ServiceDepot_04/Collider/%GROUP%_Mesh000203093A000003",
      "position": "(-0.8,1.25,0)",
      "rotation": "(0.482243836,-0.339021236,0.209571853,0.780118644)",
      "hash": "2D161881512D66510:2D165180382D66190",
      "properties": {
        "type": "Point",
        "intensity": 1.0,
        "range": 20.0,
        "colour": "#FFE5B2",
        "corona": null,
        "dutyCycle": "DuskTillDawn()"
      }
    },
    {
      "parent": "/Far__x11_z11/Far__x11_z11_LFS/Far_IndustryBuildings/ServiceDepot_04/Collider/%GROUP%_Mesh000203093A000003",
      "position": "(0,1.25,0.8)",
      "rotation": "(0.482243836,-0.339021236,0.209571853,0.780118644)",
      "hash": "2D161881512D66510:2D164F80382D67260",
      "properties": {
        "type": "Point",
        "intensity": 1.0,
        "range": 20.0,
        "colour": "#FFE5B2",
        "corona": null,
        "dutyCycle": "DuskTillDawn()"
      }
    },
    {
      "parent": "/Far__x11_z11/Far__x11_z11_LFS/Far_IndustryBuildings/ServiceDepot_04/Collider/%GROUP%_Mesh000203093A000003",
      "position": "(0,1.25,-0.8)",
      "rotation": "(0.482243836,-0.339021236,0.209571853,0.780118644)",
      "hash": "2D161881512D66510:2D154480382D66170",
      "properties": {
        "type": "Point",
        "intensity": 1.0,
        "range": 20.0,
        "colour": "#FFE5B2",
        "corona": null,
        "dutyCycle": "DuskTillDawn()"
      }
    },
    {
      "parent": "/Far__x11_z11/Far__x11_z11_LFS/Far_IndustryBuildings/ServiceDepot_04/Collider",
      "position": "(19.5609818,9.169327,-0.0033416748)",
      "rotation": "(0.5824071,0.289502263,-0.233237132,0.7229045)",
      "hash": "2D173D78172D681F0:2D250C81282D762E0",
      "properties": {
        "type": "Point",
        "intensity": 1.0,
        "range": 20.0,
        "colour": "#FFB24D",
        "corona": {
          "sprite": "corona_orange01.png",
          "scale": 0.75,
          "range": 100.0
        },
        "dutyCycle": "DuskTillDawn()"
      }
    },
    {
      "parent": "/Far__x11_z11/Far__x11_z11_LFS/Far_IndustryBuildings/Utility_Small/collider/%GROUP%_Mesh000001043400040A",
      "position": "(0,0.285,-0.04)",
      "rotation": "(0,-0.393546164,0,0.919304848)",
      "hash": "2D443E7C4C2D52090:2D44297C482D521D0",
      "properties": {
        "type": "Point",
        "intensity": 0.5,
        "range": 10.0,
        "colour": "#FFFFFF",
        "corona": {
          "sprite": "corona_flare02.png",
          "scale": 0.87,
          "range": 100.0
        },
        "dutyCycle": "DuskTillDawn()"
      }
    },
    {
      "parent": "/Far__x11_z11/Far__x11_z11_LFS/Far_IndustryBuildings/Utility_Small/collider/%GROUP%_Mesh00000F0432000409",
      "position": "(0,0.285,-0.04)",
      "rotation": "(0,0.919304848,0,0.393546164)",
      "hash": "2D4A2D7C4A2D4C210:2D4A427C462D4C0D0",
      "properties": {
        "type": "Point",
        "intensity": 0.5,
        "range": 10.0,
        "colour": "#FFFFFF",
        "corona": {
          "sprite": "corona_flare02.png",
          "scale": 0.87,
          "range": 100.0
        },
        "dutyCycle": "DuskTillDawn()"
      }
    },
    {
      "parent": "/Far__x11_z11/Far__x11_z11_LFS/Far_Roads/ParkingLot05/Collider/%GROUP%_Mesh000217022F00100C",
      "position": "(0,0.285,-0.04)",
      "hash": "2D201F7C502D02140:2D200A7C4C2D02280",
      "properties": {
        "type": "Point",
        "intensity": 0.5,
        "range": 10.0,
        "colour": "#FFFFFF",
        "corona": {
          "sprite": "corona_flare02.png",
          "scale": 0.87,
          "range": 100.0
        },
        "dutyCycle": "DuskTillDawn()"
      }
    },
    {
      "parent": "/Far__x11_z11/Far__x11_z11_LFS/Far_IndustryBuildings/Warehouse_SmallFlat/collider",
      "position": "(18.5959167,7.17704,-0.990905762)",
      "rotation": "(0.5824071,0.2895023,-0.233237132,0.7229045)",
      "hash": "2CFA3A78172CF7490:2D080D7F292D04320",
      "properties": {
        "type": "Point",
        "intensity": 1.0,
        "range": 20.0,
        "colour": "#FFB24D",
        "corona": {
          "sprite": "corona_orange01.png",
          "scale": 0.75,
          "range": 100.0
        },
        "dutyCycle": "DuskTillDawn()"
      }
    },
    {
      "parent": "/Far__x11_z11/Far__x11_z11_LFS/Far_IndustryBuildings/Warehouse_SmallFlat/collider/%GROUP%_Mesh000D080438000214",
      "position": "(0,0.285,-0.04)",
      "rotation": "(0,-0.393546164,0,0.919304848)",
      "hash": "2CEF607C502CEF4E0:2CEF4B7C4C2CEF610",
      "properties": {
        "type": "Point",
        "intensity": 0.5,
        "range": 10.0,
        "colour": "#FFFFFF",
        "corona": {
          "sprite": "corona_flare02.png",
          "scale": 0.87,
          "range": 100.0
        },
        "dutyCycle": "DuskTillDawn()"
      }
    },
    {
      "parent": "/Far__x11_z11/Far__x11_z11_LFS/Far_IndustryBuildings/Utility_Tiny2/collider/%GROUP%_Mesh000001043300020A",
      "position": "(0,0.285,-0.04)",
      "hash": "2D0A487C4B2D180F0:2D0A337C472D18220",
      "properties": {
        "type": "Point",
        "intensity": 0.5,
        "range": 10.0,
        "colour": "#FFFFFF",
        "corona": {
          "sprite": "corona_flare02.png",
          "scale": 0.87,
          "range": 100.0
        },
        "dutyCycle": "DuskTillDawn()"
      }
    }
  ],
  "meshes": [
    {
      "parent": "/Far__x11_z11/Far__x11_z11_LFS/Far_IndustryBuildings/ServiceDepot_04/Collider",
      "position": "(-2.03468323,9.580856,-0.0384597778)",
      "rotation": "(0.37460658,0,0.927183867,0)",
      "hash": "2D173D78172D681F0:2D161881512D66510",
      "properties": {
        "file": "meshes_lampposts.assetbundle",
        "mesh": "YardLamp_Ceiling"
      }
    },
    {
      "parent": "/Far__x11_z11/Far__x11_z11_LFS/Far_IndustryBuildings/Utility_Small/collider",
      "position": "(-0.0122528076,4.526779,4.10044861)",
      "rotation": "(-0.278279155,0.6500467,0.6500467,0.278279155)",
      "hash": "2D473B78172D4F1B0:2D443E7C4C2D52090",
      "properties": {
        "file": "meshes_lampposts.assetbundle",
        "mesh": "FloodLight_Wall"
      }
    },
    {
      "parent": "/Far__x11_z11/Far__x11_z11_LFS/Far_IndustryBuildings/Utility_Small/collider",
      "position": "(-0.155174255,4.50695038,-4.09992027)",
      "rotation": "(-0.6500467,-0.278279155,-0.278279155,0.6500467)",
      "hash": "2D473B78172D4F1B0:2D4A2D7C4A2D4C210",
      "properties": {
        "file": "meshes_lampposts.assetbundle",
        "mesh": "FloodLight_Wall"
      }
    },
    {
      "parent": "/Far__x11_z11/Far__x11_z11_LFS/Far_Roads/ParkingLot05/Collider",
      "position": "(2.23195934,2.47475433,-16.1238823)",
      "rotation": "(-0.2847275,0.6472482,0.6472482,0.2847275)",
      "hash": "2D16507A212CF5000:2D201F7C502D02140",
      "properties": {
        "file": "meshes_lampposts.assetbundle",
        "mesh": "FloodLight_Wall"
      }
    },
    {
      "parent": "/Far__x11_z11/Far__x11_z11_LFS/Far_IndustryBuildings/Warehouse_SmallFlat/collider",
      "position": "(-13.08493,4.56694031,2.20052719)",
      "rotation": "(-0.278279155,0.6500467,0.6500467,0.278279155)",
      "hash": "2CFA3A78172CF7490:2CEF607C502CEF4E0",
      "properties": {
        "file": "meshes_lampposts.assetbundle",
        "mesh": "FloodLight_Wall"
      }
    },
    {
      "parent": "/Far__x11_z11/Far__x11_z11_LFS/Far_IndustryBuildings/Utility_Tiny2/collider",
      "position": "(-0.0110005625,4.515793,2.10089445)",
      "rotation": "(-0.277422965,0.65041256,0.6504126,0.277422965)",
      "hash": "2D0C1878172D16460:2D0A487C4B2D180F0",
      "properties": {
        "file": "meshes_lampposts.assetbundle",
        "mesh": "FloodLight_Wall"
      }
    }
  ],
  "decorations": []
}