{
  "version": 92,
  "enabled": true,
  "priority": "High",
  "lights": [
    {
      "parent": "/Far__x11_z11/Far__x11_z11_LFS/Far_SilosCranes/Pumpjack (11)/collider/%GROUP%_Mesh00953A0001000923",
      "position": "(0.75,12.25,0)",
      "rotation": "(-0.7071068,0,0,0.7071068)",
      "hash": "2CB7227A132CDD490:2CB759862C2CDD160",
      "properties": {
        "type": "Point",
        "intensity": 1.0,
        "range": 30.0,
        "colour": "#FFFFFF",
        "corona": {
          "sprite": "corona_white01.png",
          "scale": 1.0,
          "range": 100.0
        },
        "dutyCycle": "DuskTillDawn()"
      }
    },
    {
      "parent": "/Far__x11_z11/Far__x11_z11_LFS/Far_SilosCranes/Pumpjack (11)/collider/%GROUP%_Mesh00953A0001000923",
      "position": "(0,12.25,0.75)",
      "rotation": "(-0.7071068,0,0,0.7071068)",
      "hash": "2CB7227A132CDD490:2CB755862C2CDE1C0",
      "properties": {
        "type": "Point",
        "intensity": 1.0,
        "range": 30.0,
        "colour": "#FFFFFF",
        "corona": {
          "sprite": "corona_white01.png",
          "scale": 1.0,
          "range": 100.0
        },
        "dutyCycle": "DuskTillDawn()"
      }
    },
    {
      "parent": "/Far__x11_z11/Far__x11_z11_LFS/Far_SilosCranes/Pumpjack (11)/collider/%GROUP%_Mesh00953A0001000923",
      "position": "(-0.75,12.25,0)",
      "rotation": "(-0.7071068,0,0,0.7071068)",
      "hash": "2CB7227A132CDD490:2CB64F862C2CDE180",
      "properties": {
        "type": "Point",
        "intensity": 1.0,
        "range": 30.0,
        "colour": "#FFFFFF",
        "corona": {
          "sprite": "corona_white01.png",
          "scale": 1.0,
          "range": 100.0
        },
        "dutyCycle": "DuskTillDawn()"
      }
    },
    {
      "parent": "/Far__x11_z11/Far__x11_z11_LFS/Far_SilosCranes/Pumpjack (11)/collider/%GROUP%_Mesh00953A0001000923",
      "position": "(0,12.25,-0.75)",
      "rotation": "(-0.7071068,0,0,0.7071068)",
      "hash": "2CB7227A132CDD490:2CB653862C2CDD120",
      "properties": {
        "type": "Point",
        "intensity": 1.0,
        "range": 30.0,
        "colour": "#FFFFFF",
        "corona": {
          "sprite": "corona_white01.png",
          "scale": 1.0,
          "range": 100.0
        },
        "dutyCycle": "DuskTillDawn()"
      }
    },
    {
      "parent": "/Far__x11_z11/Far__x11_z11_LFS/Far_SilosCranes/Pumpjack (11)/collider/%GROUP%_Mesh00BA330001000554",
      "position": "(0.75,12.25,0)",
      "rotation": "(-0.7071068,0,0,0.7071068)",
      "hash": "2CD30E7A132CFA290:2CD343862C2CF9580",
      "properties": {
        "type": "Point",
        "intensity": 1.0,
        "range": 30.0,
        "colour": "#FFFFFF",
        "corona": {
          "sprite": "corona_white01.png",
          "scale": 1.0,
          "range": 100.0
        },
        "dutyCycle": "DuskTillDawn()"
      }
    },
    {
      "parent": "/Far__x11_z11/Far__x11_z11_LFS/Far_SilosCranes/Pumpjack (11)/collider/%GROUP%_Mesh00BA330001000554",
      "position": "(0,12.25,0.75)",
      "rotation": "(-0.7071068,0,0,0.7071068)",
      "hash": "2CD30E7A132CFA290:2CD343862C2CFA5E0",
      "properties": {
        "type": "Point",
        "intensity": 1.0,
        "range": 30.0,
        "colour": "#FFFFFF",
        "corona": {
          "sprite": "corona_white01.png",
          "scale": 1.0,
          "range": 100.0
        },
        "dutyCycle": "DuskTillDawn()"
      }
    },
    {
      "parent": "/Far__x11_z11/Far__x11_z11_LFS/Far_SilosCranes/Pumpjack (11)/collider/%GROUP%_Mesh00BA330001000554",
      "position": "(-0.75,12.25,0)",
      "rotation": "(-0.7071068,0,0,0.7071068)",
      "hash": "2CD30E7A132CFA290:2CD23D862C2CFA5E0",
      "properties": {
        "type": "Point",
        "intensity": 1.0,
        "range": 30.0,
        "colour": "#FFFFFF",
        "corona": {
          "sprite": "corona_white01.png",
          "scale": 1.0,
          "range": 100.0
        },
        "dutyCycle": "DuskTillDawn()"
      }
    },
    {
      "parent": "/Far__x11_z11/Far__x11_z11_LFS/Far_SilosCranes/Pumpjack (11)/collider/%GROUP%_Mesh00BA330001000554",
      "position": "(0,12.25,-0.75)",
      "rotation": "(-0.7071068,0,0,0.7071068)",
      "hash": "2CD30E7A132CFA290:2CD23D862C2CF9580",
      "properties": {
        "type": "Point",
        "intensity": 1.0,
        "range": 30.0,
        "colour": "#FFFFFF",
        "corona": {
          "sprite": "corona_white01.png",
          "scale": 1.0,
          "range": 100.0
        },
        "dutyCycle": "DuskTillDawn()"
      }
    },
    {
      "parent": "/Far__x11_z11/Far__x11_z11_LFS/Far_SilosCranes/Pumpjack (11)/collider/%GROUP%_Mesh00DF300001001508",
      "position": "(0.75,12.25,0)",
      "rotation": "(-0.7071068,0,0,0.7071068)",
      "hash": "2CEE637A132D170B0:2CEF35862C2D163B0",
      "properties": {
        "type": "Point",
        "intensity": 1.0,
        "range": 30.0,
        "colour": "#FFFFFF",
        "corona": {
          "sprite": "corona_white01.png",
          "scale": 1.0,
          "range": 100.0
        },
        "dutyCycle": "DuskTillDawn()"
      }
    },
    {
      "parent": "/Far__x11_z11/Far__x11_z11_LFS/Far_SilosCranes/Pumpjack (11)/collider/%GROUP%_Mesh00DF300001001508",
      "position": "(0,12.25,0.75)",
      "rotation": "(-0.7071068,0,0,0.7071068)",
      "hash": "2CEE637A132D170B0:2CEF33862C2D17410",
      "properties": {
        "type": "Point",
        "intensity": 1.0,
        "range": 30.0,
        "colour": "#FFFFFF",
        "corona": {
          "sprite": "corona_white01.png",
          "scale": 1.0,
          "range": 100.0
        },
        "dutyCycle": "DuskTillDawn()"
      }
    },
    {
      "parent": "/Far__x11_z11/Far__x11_z11_LFS/Far_SilosCranes/Pumpjack (11)/collider/%GROUP%_Mesh00DF300001001508",
      "position": "(-0.75,12.25,0)",
      "rotation": "(-0.7071068,0,0,0.7071068)",
      "hash": "2CEE637A132D170B0:2CEE2D862C2D173F0",
      "properties": {
        "type": "Point",
        "intensity": 1.0,
        "range": 30.0,
        "colour": "#FFFFFF",
        "corona": {
          "sprite": "corona_white01.png",
          "scale": 1.0,
          "range": 100.0
        },
        "dutyCycle": "DuskTillDawn()"
      }
    },
    {
      "parent": "/Far__x11_z11/Far__x11_z11_LFS/Far_SilosCranes/Pumpjack (11)/collider/%GROUP%_Mesh00DF300001001508",
      "position": "(0,12.25,-0.75)",
      "rotation": "(-0.7071068,0,0,0.7071068)",
      "hash": "2CEE637A132D170B0:2CEE2F862C2D16390",
      "properties": {
        "type": "Point",
        "intensity": 1.0,
        "range": 30.0,
        "colour": "#FFFFFF",
        "corona": {
          "sprite": "corona_white01.png",
          "scale": 1.0,
          "range": 100.0
        },
        "dutyCycle": "DuskTillDawn()"
      }
    },
    {
      "parent": "/Far__x11_z11/Far__x11_z11_LFS/Far_SilosCranes/Pumpjack (11)/collider/%GROUP%_Mesh0104250001002427",
      "position": "(0.75,12.25,0)",
      "rotation": "(-0.7071068,0,0,0.7071068)",
      "hash": "2D0A567A132D33470:2D0B28862C2D33130",
      "properties": {
        "type": "Point",
        "intensity": 1.0,
        "range": 30.0,
        "colour": "#FFFFFF",
        "corona": {
          "sprite": "corona_white01.png",
          "scale": 1.0,
          "range": 100.0
        },
        "dutyCycle": "DuskTillDawn()"
      }
    },
    {
      "parent": "/Far__x11_z11/Far__x11_z11_LFS/Far_SilosCranes/Pumpjack (11)/collider/%GROUP%_Mesh0104250001002427",
      "position": "(0,12.25,0.75)",
      "rotation": "(-0.7071068,0,0,0.7071068)",
      "hash": "2D0A567A132D33470:2D0B26862C2D34190",
      "properties": {
        "type": "Point",
        "intensity": 1.0,
        "range": 30.0,
        "colour": "#FFFFFF",
        "corona": {
          "sprite": "corona_white01.png",
          "scale": 1.0,
          "range": 100.0
        },
        "dutyCycle": "DuskTillDawn()"
      }
    },
    {
      "parent": "/Far__x11_z11/Far__x11_z11_LFS/Far_SilosCranes/Pumpjack (11)/collider/%GROUP%_Mesh0104250001002427",
      "position": "(-0.75,12.25,0)",
      "rotation": "(-0.7071068,0,0,0.7071068)",
      "hash": "2D0A567A132D33470:2D0A21862C2D34170",
      "properties": {
        "type": "Point",
        "intensity": 1.0,
        "range": 30.0,
        "colour": "#FFFFFF",
        "corona": {
          "sprite": "corona_white01.png",
          "scale": 1.0,
          "range": 100.0
        },
        "dutyCycle": "DuskTillDawn()"
      }
    },
    {
      "parent": "/Far__x11_z11/Far__x11_z11_LFS/Far_SilosCranes/Pumpjack (11)/collider/%GROUP%_Mesh0104250001002427",
      "position": "(0,12.25,-0.75)",
      "rotation": "(-0.7071068,0,0,0.7071068)",
      "hash": "2D0A567A132D33470:2D0A22862C2D33110",
      "properties": {
        "type": "Point",
        "intensity": 1.0,
        "range": 30.0,
        "colour": "#FFFFFF",
        "corona": {
          "sprite": "corona_white01.png",
          "scale": 1.0,
          "range": 100.0
        },
        "dutyCycle": "DuskTillDawn()"
      }
    },
    {
      "parent": "/Far__x11_z11/Far__x11_z11_LFS/Far_SilosCranes/Pumpjack (11)/collider/%GROUP%_Mesh01291B0001003345",
      "position": "(0.75,12.25,0)",
      "rotation": "(-0.7071068,0,0,0.7071068)",
      "hash": "2D264A7A132D50200:2D271B862C2D4F4F0",
      "properties": {
        "type": "Point",
        "intensity": 1.0,
        "range": 30.0,
        "colour": "#FFFFFF",
        "corona": {
          "sprite": "corona_white01.png",
          "scale": 1.0,
          "range": 100.0
        },
        "dutyCycle": "DuskTillDawn()"
      }
    },
    {
      "parent": "/Far__x11_z11/Far__x11_z11_LFS/Far_SilosCranes/Pumpjack (11)/collider/%GROUP%_Mesh01291B0001003345",
      "position": "(0,12.25,0.75)",
      "rotation": "(-0.7071068,0,0,0.7071068)",
      "hash": "2D264A7A132D50200:2D271B862C2D50550",
      "properties": {
        "type": "Point",
        "intensity": 1.0,
        "range": 30.0,
        "colour": "#FFFFFF",
        "corona": {
          "sprite": "corona_white01.png",
          "scale": 1.0,
          "range": 100.0
        },
        "dutyCycle": "DuskTillDawn()"
      }
    },
    {
      "parent": "/Far__x11_z11/Far__x11_z11_LFS/Far_SilosCranes/Pumpjack (11)/collider/%GROUP%_Mesh01291B0001003345",
      "position": "(-0.75,12.25,0)",
      "rotation": "(-0.7071068,0,0,0.7071068)",
      "hash": "2D264A7A132D50200:2D2615862C2D50550",
      "properties": {
        "type": "Point",
        "intensity": 1.0,
        "range": 30.0,
        "colour": "#FFFFFF",
        "corona": {
          "sprite": "corona_white01.png",
          "scale": 1.0,
          "range": 100.0
        },
        "dutyCycle": "DuskTillDawn()"
      }
    },
    {
      "parent": "/Far__x11_z11/Far__x11_z11_LFS/Far_SilosCranes/Pumpjack (11)/collider/%GROUP%_Mesh01291B0001003345",
      "position": "(0,12.25,-0.75)",
      "rotation": "(-0.7071068,0,0,0.7071068)",
      "hash": "2D264A7A132D50200:2D2615862C2D4F4F0",
      "properties": {
        "type": "Point",
        "intensity": 1.0,
        "range": 30.0,
        "colour": "#FFFFFF",
        "corona": {
          "sprite": "corona_white01.png",
          "scale": 1.0,
          "range": 100.0
        },
        "dutyCycle": "DuskTillDawn()"
      }
    },
    {
      "parent": "/Far__x11_z11/Far__x11_z11_LFS/Far_SilosCranes/Pumpjack (11)/collider/%GROUP%_Mesh014E210004004304",
      "position": "(0.75,12.25,0)",
      "rotation": "(-0.7071068,0,0,0.7071068)",
      "hash": "2D42497A172D6D060:2D431B86302D6C360",
      "properties": {
        "type": "Point",
        "intensity": 1.0,
        "range": 30.0,
        "colour": "#FFFFFF",
        "corona": {
          "sprite": "corona_white01.png",
          "scale": 1.0,
          "range": 100.0
        },
        "dutyCycle": "DuskTillDawn()"
      }
    },
    {
      "parent": "/Far__x11_z11/Far__x11_z11_LFS/Far_SilosCranes/Pumpjack (11)/collider/%GROUP%_Mesh014E210004004304",
      "position": "(0,12.25,0.75)",
      "rotation": "(-0.7071068,0,0,0.7071068)",
      "hash": "2D42497A172D6D060:2D431986302D6D3C0",
      "properties": {
        "type": "Point",
        "intensity": 1.0,
        "range": 30.0,
        "colour": "#FFFFFF",
        "corona": {
          "sprite": "corona_white01.png",
          "scale": 1.0,
          "range": 100.0
        },
        "dutyCycle": "DuskTillDawn()"
      }
    },
    {
      "parent": "/Far__x11_z11/Far__x11_z11_LFS/Far_SilosCranes/Pumpjack (11)/collider/%GROUP%_Mesh014E210004004304",
      "position": "(-0.75,12.25,0)",
      "rotation": "(-0.7071068,0,0,0.7071068)",
      "hash": "2D42497A172D6D060:2D421386302D6D3A0",
      "properties": {
        "type": "Point",
        "intensity": 1.0,
        "range": 30.0,
        "colour": "#FFFFFF",
        "corona": {
          "sprite": "corona_white01.png",
          "scale": 1.0,
          "range": 100.0
        },
        "dutyCycle": "DuskTillDawn()"
      }
    },
    {
      "parent": "/Far__x11_z11/Far__x11_z11_LFS/Far_SilosCranes/Pumpjack (11)/collider/%GROUP%_Mesh014E210004004304",
      "position": "(0,12.25,-0.75)",
      "rotation": "(-0.7071068,0,0,0.7071068)",
      "hash": "2D42497A172D6D060:2D421586302D6C340",
      "properties": {
        "type": "Point",
        "intensity": 1.0,
        "range": 30.0,
        "colour": "#FFFFFF",
        "corona": {
          "sprite": "corona_white01.png",
          "scale": 1.0,
          "range": 100.0
        },
        "dutyCycle": "DuskTillDawn()"
      }
    },
    {
      "parent": "/Far__x11_z11/Far__x11_z11_LFS/Far_SilosCranes/Pumpjack (11)/collider/%GROUP%_Mesh017313000400522A",
      "position": "(0.75,12.25,0)",
      "rotation": "(-0.7071068,0,0,0.7071068)",
      "hash": "2D5E427A172D893C0:2D5F1486302D89080",
      "properties": {
        "type": "Point",
        "intensity": 1.0,
        "range": 30.0,
        "colour": "#FFFFFF",
        "corona": {
          "sprite": "corona_white01.png",
          "scale": 1.0,
          "range": 100.0
        },
        "dutyCycle": "DuskTillDawn()"
      }
    },
    {
      "parent": "/Far__x11_z11/Far__x11_z11_LFS/Far_SilosCranes/Pumpjack (11)/collider/%GROUP%_Mesh017313000400522A",
      "position": "(0,12.25,0.75)",
      "rotation": "(-0.7071068,0,0,0.7071068)",
      "hash": "2D5E427A172D893C0:2D5F1286302D8A0E0",
      "properties": {
        "type": "Point",
        "intensity": 1.0,
        "range": 30.0,
        "colour": "#FFFFFF",
        "corona": {
          "sprite": "corona_white01.png",
          "scale": 1.0,
          "range": 100.0
        },
        "dutyCycle": "DuskTillDawn()"
      }
    },
    {
      "parent": "/Far__x11_z11/Far__x11_z11_LFS/Far_SilosCranes/Pumpjack (11)/collider/%GROUP%_Mesh017313000400522A",
      "position": "(-0.75,12.25,0)",
      "rotation": "(-0.7071068,0,0,0.7071068)",
      "hash": "2D5E427A172D893C0:2D5E0C86302D8A0D0",
      "properties": {
        "type": "Point",
        "intensity": 1.0,
        "range": 30.0,
        "colour": "#FFFFFF",
        "corona": {
          "sprite": "corona_white01.png",
          "scale": 1.0,
          "range": 100.0
        },
        "dutyCycle": "DuskTillDawn()"
      }
    },
    {
      "parent": "/Far__x11_z11/Far__x11_z11_LFS/Far_SilosCranes/Pumpjack (11)/collider/%GROUP%_Mesh017313000400522A",
      "position": "(0,12.25,-0.75)",
      "rotation": "(-0.7071068,0,0,0.7071068)",
      "hash": "2D5E427A172D893C0:2D5E0E86302D89070",
      "properties": {
        "type": "Point",
        "intensity": 1.0,
        "range": 30.0,
        "colour": "#FFFFFF",
        "corona": {
          "sprite": "corona_white01.png",
          "scale": 1.0,
          "range": 100.0
        },
        "dutyCycle": "DuskTillDawn()"
      }
    },
    {
      "parent": "/Far__x11_z11/Far__x11_z11_LFS/Far_SilosCranes/Pumpjack (11)/collider/%GROUP%_Mesh0198220001006151",
      "position": "(0.75,12.25,0)",
      "rotation": "(-0.7071068,0,0,0.7071068)",
      "hash": "2D7A477A132DA6290:2D7B19862C2DA5590",
      "properties": {
        "type": "Point",
        "intensity": 1.0,
        "range": 30.0,
        "colour": "#FFFFFF",
        "corona": {
          "sprite": "corona_white01.png",
          "scale": 1.0,
          "range": 100.0
        },
        "dutyCycle": "DuskTillDawn()"
      }
    },
    {
      "parent": "/Far__x11_z11/Far__x11_z11_LFS/Far_SilosCranes/Pumpjack (11)/collider/%GROUP%_Mesh0198220001006151",
      "position": "(0,12.25,0.75)",
      "rotation": "(-0.7071068,0,0,0.7071068)",
      "hash": "2D7A477A132DA6290:2D7B17862C2DA65F0",
      "properties": {
        "type": "Point",
        "intensity": 1.0,
        "range": 30.0,
        "colour": "#FFFFFF",
        "corona": {
          "sprite": "corona_white01.png",
          "scale": 1.0,
          "range": 100.0
        },
        "dutyCycle": "DuskTillDawn()"
      }
    },
    {
      "parent": "/Far__x11_z11/Far__x11_z11_LFS/Far_SilosCranes/Pumpjack (11)/collider/%GROUP%_Mesh0198220001006151",
      "position": "(-0.75,12.25,0)",
      "rotation": "(-0.7071068,0,0,0.7071068)",
      "hash": "2D7A477A132DA6290:2D7A11862C2DA65E0",
      "properties": {
        "type": "Point",
        "intensity": 1.0,
        "range": 30.0,
        "colour": "#FFFFFF",
        "corona": {
          "sprite": "corona_white01.png",
          "scale": 1.0,
          "range": 100.0
        },
        "dutyCycle": "DuskTillDawn()"
      }
    },
    {
      "parent": "/Far__x11_z11/Far__x11_z11_LFS/Far_SilosCranes/Pumpjack (11)/collider/%GROUP%_Mesh0198220001006151",
      "position": "(0,12.25,-0.75)",
      "rotation": "(-0.7071068,0,0,0.7071068)",
      "hash": "2D7A477A132DA6290:2D7A13862C2DA5580",
      "properties": {
        "type": "Point",
        "intensity": 1.0,
        "range": 30.0,
        "colour": "#FFFFFF",
        "corona": {
          "sprite": "corona_white01.png",
          "scale": 1.0,
          "range": 100.0
        },
        "dutyCycle": "DuskTillDawn()"
      }
    },
    {
      "parent": "/Far__x11_z11/Far__x11_z11_LFS/Far_SilosCranes/Pumpjack (11)/collider/%GROUP%_Mesh01BC580001007038",
      "position": "(0.75,12.25,0)",
      "rotation": "(-0.7071068,0,0,0.7071068)",
      "hash": "2D955F7A132DC2590:2D9631862C2DC2250",
      "properties": {
        "type": "Point",
        "intensity": 1.0,
        "range": 30.0,
        "colour": "#FFFFFF",
        "corona": {
          "sprite": "corona_white01.png",
          "scale": 1.0,
          "range": 100.0
        },
        "dutyCycle": "DuskTillDawn()"
      }
    },
    {
      "parent": "/Far__x11_z11/Far__x11_z11_LFS/Far_SilosCranes/Pumpjack (11)/collider/%GROUP%_Mesh01BC580001007038",
      "position": "(0,12.25,0.75)",
      "rotation": "(-0.7071068,0,0,0.7071068)",
      "hash": "2D955F7A132DC2590:2D962F862C2DC32B0",
      "properties": {
        "type": "Point",
        "intensity": 1.0,
        "range": 30.0,
        "colour": "#FFFFFF",
        "corona": {
          "sprite": "corona_white01.png",
          "scale": 1.0,
          "range": 100.0
        },
        "dutyCycle": "DuskTillDawn()"
      }
    },
    {
      "parent": "/Far__x11_z11/Far__x11_z11_LFS/Far_SilosCranes/Pumpjack (11)/collider/%GROUP%_Mesh01BC580001007038",
      "position": "(-0.75,12.25,0)",
      "rotation": "(-0.7071068,0,0,0.7071068)",
      "hash": "2D955F7A132DC2590:2D9529862C2DC3290",
      "properties": {
        "type": "Point",
        "intensity": 1.0,
        "range": 30.0,
        "colour": "#FFFFFF",
        "corona": {
          "sprite": "corona_white01.png",
          "scale": 1.0,
          "range": 100.0
        },
        "dutyCycle": "DuskTillDawn()"
      }
    },
    {
      "parent": "/Far__x11_z11/Far__x11_z11_LFS/Far_SilosCranes/Pumpjack (11)/collider/%GROUP%_Mesh01BC580001007038",
      "position": "(0,12.25,-0.75)",
      "rotation": "(-0.7071068,0,0,0.7071068)",
      "hash": "2D955F7A132DC2590:2D952A862C2DC2230",
      "properties": {
        "type": "Point",
        "intensity": 1.0,
        "range": 30.0,
        "colour": "#FFFFFF",
        "corona": {
          "sprite": "corona_white01.png",
          "scale": 1.0,
          "range": 100.0
        },
        "dutyCycle": "DuskTillDawn()"
      }
    },
    {
      "parent": "/Far__x11_z11/Far__x11_z11_LFS/Far_SilosCranes/Pumpjack (11)/collider/%GROUP%_Mesh01CC2B0001004C22",
      "position": "(0.75,12.25,0)",
      "rotation": "(-0.7071068,0,0,0.7071068)",
      "hash": "2D7A067A132DDE4B0:2D7933862C2DDF1A0",
      "properties": {
        "type": "Point",
        "intensity": 1.0,
        "range": 30.0,
        "colour": "#FFFFFF",
        "corona": {
          "sprite": "corona_white01.png",
          "scale": 1.0,
          "range": 100.0
        },
        "dutyCycle": "DuskTillDawn()"
      }
    },
    {
      "parent": "/Far__x11_z11/Far__x11_z11_LFS/Far_SilosCranes/Pumpjack (11)/collider/%GROUP%_Mesh01CC2B0001004C22",
      "position": "(0,12.25,0.75)",
      "rotation": "(-0.7071068,0,0,0.7071068)",
      "hash": "2D7A067A132DDE4B0:2D7937862C2DDE140",
      "properties": {
        "type": "Point",
        "intensity": 1.0,
        "range": 30.0,
        "colour": "#FFFFFF",
        "corona": {
          "sprite": "corona_white01.png",
          "scale": 1.0,
          "range": 100.0
        },
        "dutyCycle": "DuskTillDawn()"
      }
    },
    {
      "parent": "/Far__x11_z11/Far__x11_z11_LFS/Far_SilosCranes/Pumpjack (11)/collider/%GROUP%_Mesh01CC2B0001004C22",
      "position": "(-0.75,12.25,0)",
      "rotation": "(-0.7071068,0,0,0.7071068)",
      "hash": "2D7A067A132DDE4B0:2D7A3D862C2DDE180",
      "properties": {
        "type": "Point",
        "intensity": 1.0,
        "range": 30.0,
        "colour": "#FFFFFF",
        "corona": {
          "sprite": "corona_white01.png",
          "scale": 1.0,
          "range": 100.0
        },
        "dutyCycle": "DuskTillDawn()"
      }
    },
    {
      "parent": "/Far__x11_z11/Far__x11_z11_LFS/Far_SilosCranes/Pumpjack (11)/collider/%GROUP%_Mesh01CC2B0001004C22",
      "position": "(0,12.25,-0.75)",
      "rotation": "(-0.7071068,0,0,0.7071068)",
      "hash": "2D7A067A132DDE4B0:2D7A39862C2DDF1E0",
      "properties": {
        "type": "Point",
        "intensity": 1.0,
        "range": 30.0,
        "colour": "#FFFFFF",
        "corona": {
          "sprite": "corona_white01.png",
          "scale": 1.0,
          "range": 100.0
        },
        "dutyCycle": "DuskTillDawn()"
      }
    },
    {
      "parent": "/Far__x11_z11/Far__x11_z11_LFS/Far_SilosCranes/Pumpjack (11)/collider/%GROUP%_Mesh0182170001002E23",
      "position": "(0.75,12.25,0)",
      "rotation": "(-0.7071068,0,0,0.7071068)",
      "hash": "2D42487A132DA45E0:2D4211862C2DA52D0",
      "properties": {
        "type": "Point",
        "intensity": 1.0,
        "range": 30.0,
        "colour": "#FFFFFF",
        "corona": {
          "sprite": "corona_white01.png",
          "scale": 1.0,
          "range": 100.0
        },
        "dutyCycle": "DuskTillDawn()"
      }
    },
    {
      "parent": "/Far__x11_z11/Far__x11_z11_LFS/Far_SilosCranes/Pumpjack (11)/collider/%GROUP%_Mesh0182170001002E23",
      "position": "(0,12.25,0.75)",
      "rotation": "(-0.7071068,0,0,0.7071068)",
      "hash": "2D42487A132DA45E0:2D4215862C2DA4270",
      "properties": {
        "type": "Point",
        "intensity": 1.0,
        "range": 30.0,
        "colour": "#FFFFFF",
        "corona": {
          "sprite": "corona_white01.png",
          "scale": 1.0,
          "range": 100.0
        },
        "dutyCycle": "DuskTillDawn()"
      }
    },
    {
      "parent": "/Far__x11_z11/Far__x11_z11_LFS/Far_SilosCranes/Pumpjack (11)/collider/%GROUP%_Mesh0182170001002E23",
      "position": "(-0.75,12.25,0)",
      "rotation": "(-0.7071068,0,0,0.7071068)",
      "hash": "2D42487A132DA45E0:2D431B862C2DA42B0",
      "properties": {
        "type": "Point",
        "intensity": 1.0,
        "range": 30.0,
        "colour": "#FFFFFF",
        "corona": {
          "sprite": "corona_white01.png",
          "scale": 1.0,
          "range": 100.0
        },
        "dutyCycle": "DuskTillDawn()"
      }
    },
    {
      "parent": "/Far__x11_z11/Far__x11_z11_LFS/Far_SilosCranes/Pumpjack (11)/collider/%GROUP%_Mesh0182170001002E23",
      "position": "(0,12.25,-0.75)",
      "rotation": "(-0.7071068,0,0,0.7071068)",
      "hash": "2D42487A132DA45E0:2D4317862C2DA5310",
      "properties": {
        "type": "Point",
        "intensity": 1.0,
        "range": 30.0,
        "colour": "#FFFFFF",
        "corona": {
          "sprite": "corona_white01.png",
          "scale": 1.0,
          "range": 100.0
        },
        "dutyCycle": "DuskTillDawn()"
      }
    },
    {
      "parent": "/Far__x11_z11/Far__x11_z11_LFS/Far_SilosCranes/Pumpjack (11)/collider/%GROUP%_Mesh015D2C0001001F07",
      "position": "(0.75,12.25,0)",
      "rotation": "(-0.7071068,0,0,0.7071068)",
      "hash": "2D265B7A132D882A0:2D2624862C2D885D0",
      "properties": {
        "type": "Point",
        "intensity": 1.0,
        "range": 30.0,
        "colour": "#FFFFFF",
        "corona": {
          "sprite": "corona_white01.png",
          "scale": 1.0,
          "range": 100.0
        },
        "dutyCycle": "DuskTillDawn()"
      }
    },
    {
      "parent": "/Far__x11_z11/Far__x11_z11_LFS/Far_SilosCranes/Pumpjack (11)/collider/%GROUP%_Mesh015D2C0001001F07",
      "position": "(0,12.25,0.75)",
      "rotation": "(-0.7071068,0,0,0.7071068)",
      "hash": "2D265B7A132D882A0:2D2628862C2D87570",
      "properties": {
        "type": "Point",
        "intensity": 1.0,
        "range": 30.0,
        "colour": "#FFFFFF",
        "corona": {
          "sprite": "corona_white01.png",
          "scale": 1.0,
          "range": 100.0
        },
        "dutyCycle": "DuskTillDawn()"
      }
    },
    {
      "parent": "/Far__x11_z11/Far__x11_z11_LFS/Far_SilosCranes/Pumpjack (11)/collider/%GROUP%_Mesh015D2C0001001F07",
      "position": "(-0.75,12.25,0)",
      "rotation": "(-0.7071068,0,0,0.7071068)",
      "hash": "2D265B7A132D882A0:2D272E862C2D875B0",
      "properties": {
        "type": "Point",
        "intensity": 1.0,
        "range": 30.0,
        "colour": "#FFFFFF",
        "corona": {
          "sprite": "corona_white01.png",
          "scale": 1.0,
          "range": 100.0
        },
        "dutyCycle": "DuskTillDawn()"
      }
    },
    {
      "parent": "/Far__x11_z11/Far__x11_z11_LFS/Far_SilosCranes/Pumpjack (11)/collider/%GROUP%_Mesh015D2C0001001F07",
      "position": "(0,12.25,-0.75)",
      "rotation": "(-0.7071068,0,0,0.7071068)",
      "hash": "2D265B7A132D882A0:2D272A862C2D88610",
      "properties": {
        "type": "Point",
        "intensity": 1.0,
        "range": 30.0,
        "colour": "#FFFFFF",
        "corona": {
          "sprite": "corona_white01.png",
          "scale": 1.0,
          "range": 100.0
        },
        "dutyCycle": "DuskTillDawn()"
      }
    },
    {
      "parent": "/Far__x11_z11/Far__x11_z11_LFS/Far_SilosCranes/Pumpjack (11)/collider/%GROUP%_Mesh0138260001000F3D",
      "position": "(0.75,12.25,0)",
      "rotation": "(-0.7071068,0,0,0.7071068)",
      "hash": "2D0A527A132D6B480:2D0A1C862C2D6C180",
      "properties": {
        "type": "Point",
        "intensity": 1.0,
        "range": 30.0,
        "colour": "#FFFFFF",
        "corona": {
          "sprite": "corona_white01.png",
          "scale": 1.0,
          "range": 100.0
        },
        "dutyCycle": "DuskTillDawn()"
      }
    },
    {
      "parent": "/Far__x11_z11/Far__x11_z11_LFS/Far_SilosCranes/Pumpjack (11)/collider/%GROUP%_Mesh0138260001000F3D",
      "position": "(0,12.25,0.75)",
      "rotation": "(-0.7071068,0,0,0.7071068)",
      "hash": "2D0A527A132D6B480:2D0A1E862C2D6B120",
      "properties": {
        "type": "Point",
        "intensity": 1.0,
        "range": 30.0,
        "colour": "#FFFFFF",
        "corona": {
          "sprite": "corona_white01.png",
          "scale": 1.0,
          "range": 100.0
        },
        "dutyCycle": "DuskTillDawn()"
      }
    },
    {
      "parent": "/Far__x11_z11/Far__x11_z11_LFS/Far_SilosCranes/Pumpjack (11)/collider/%GROUP%_Mesh0138260001000F3D",
      "position": "(-0.75,12.25,0)",
      "rotation": "(-0.7071068,0,0,0.7071068)",
      "hash": "2D0A527A132D6B480:2D0B24862C2D6B140",
      "properties": {
        "type": "Point",
        "intensity": 1.0,
        "range": 30.0,
        "colour": "#FFFFFF",
        "corona": {
          "sprite": "corona_white01.png",
          "scale": 1.0,
          "range": 100.0
        },
        "dutyCycle": "DuskTillDawn()"
      }
    },
    {
      "parent": "/Far__x11_z11/Far__x11_z11_LFS/Far_SilosCranes/Pumpjack (11)/collider/%GROUP%_Mesh0138260001000F3D",
      "position": "(0,12.25,-0.75)",
      "rotation": "(-0.7071068,0,0,0.7071068)",
      "hash": "2D0A527A132D6B480:2D0B22862C2D6C1A0",
      "properties": {
        "type": "Point",
        "intensity": 1.0,
        "range": 30.0,
        "colour": "#FFFFFF",
        "corona": {
          "sprite": "corona_white01.png",
          "scale": 1.0,
          "range": 100.0
        },
        "dutyCycle": "DuskTillDawn()"
      }
    },
    {
      "parent": "/Far__x11_z11/Far__x11_z11_LFS/Far_SilosCranes/Pumpjack (11)/collider/%GROUP%_Mesh011322000100002F",
      "position": "(0.75,12.25,0)",
      "rotation": "(-0.7071068,0,0,0.7071068)",
      "hash": "2CEF047A132D4E5C0:2CEE31862C2D4F2A0",
      "properties": {
        "type": "Point",
        "intensity": 1.0,
        "range": 30.0,
        "colour": "#FFFFFF",
        "corona": {
          "sprite": "corona_white01.png",
          "scale": 1.0,
          "range": 100.0
        },
        "dutyCycle": "DuskTillDawn()"
      }
    },
    {
      "parent": "/Far__x11_z11/Far__x11_z11_LFS/Far_SilosCranes/Pumpjack (11)/collider/%GROUP%_Mesh011322000100002F",
      "position": "(0,12.25,0.75)",
      "rotation": "(-0.7071068,0,0,0.7071068)",
      "hash": "2CEF047A132D4E5C0:2CEE36862C2D4E240",
      "properties": {
        "type": "Point",
        "intensity": 1.0,
        "range": 30.0,
        "colour": "#FFFFFF",
        "corona": {
          "sprite": "corona_white01.png",
          "scale": 1.0,
          "range": 100.0
        },
        "dutyCycle": "DuskTillDawn()"
      }
    },
    {
      "parent": "/Far__x11_z11/Far__x11_z11_LFS/Far_SilosCranes/Pumpjack (11)/collider/%GROUP%_Mesh011322000100002F",
      "position": "(-0.75,12.25,0)",
      "rotation": "(-0.7071068,0,0,0.7071068)",
      "hash": "2CEF047A132D4E5C0:2CEF3C862C2D4E2A0",
      "properties": {
        "type": "Point",
        "intensity": 1.0,
        "range": 30.0,
        "colour": "#FFFFFF",
        "corona": {
          "sprite": "corona_white01.png",
          "scale": 1.0,
          "range": 100.0
        },
        "dutyCycle": "DuskTillDawn()"
      }
    },
    {
      "parent": "/Far__x11_z11/Far__x11_z11_LFS/Far_SilosCranes/Pumpjack (11)/collider/%GROUP%_Mesh011322000100002F",
      "position": "(0,12.25,-0.75)",
      "rotation": "(-0.7071068,0,0,0.7071068)",
      "hash": "2CEF047A132D4E5C0:2CEF37862C2D4F300",
      "properties": {
        "type": "Point",
        "intensity": 1.0,
        "range": 30.0,
        "colour": "#FFFFFF",
        "corona": {
          "sprite": "corona_white01.png",
          "scale": 1.0,
          "range": 100.0
        },
        "dutyCycle": "DuskTillDawn()"
      }
    },
    {
      "parent": "/Far__x11_z11/Far__x11_z11_LFS/Far_SilosCranes/Pumpjack (11)/collider/%GROUP%_Mesh00EE4A0001000E4B",
      "position": "(0.75,12.25,0)",
      "rotation": "(-0.7071068,0,0,0.7071068)",
      "hash": "2CD3227A132D32370:2CD24F862C2D33060",
      "properties": {
        "type": "Point",
        "intensity": 1.0,
        "range": 30.0,
        "colour": "#FFFFFF",
        "corona": {
          "sprite": "corona_white01.png",
          "scale": 1.0,
          "range": 100.0
        },
        "dutyCycle": "DuskTillDawn()"
      }
    },
    {
      "parent": "/Far__x11_z11/Far__x11_z11_LFS/Far_SilosCranes/Pumpjack (11)/collider/%GROUP%_Mesh00EE4A0001000E4B",
      "position": "(0,12.25,0.75)",
      "rotation": "(-0.7071068,0,0,0.7071068)",
      "hash": "2CD3227A132D32370:2CD254862C2D32000",
      "properties": {
        "type": "Point",
        "intensity": 1.0,
        "range": 30.0,
        "colour": "#FFFFFF",
        "corona": {
          "sprite": "corona_white01.png",
          "scale": 1.0,
          "range": 100.0
        },
        "dutyCycle": "DuskTillDawn()"
      }
    },
    {
      "parent": "/Far__x11_z11/Far__x11_z11_LFS/Far_SilosCranes/Pumpjack (11)/collider/%GROUP%_Mesh00EE4A0001000E4B",
      "position": "(-0.75,12.25,0)",
      "rotation": "(-0.7071068,0,0,0.7071068)",
      "hash": "2CD3227A132D32370:2CD35A862C2D32050",
      "properties": {
        "type": "Point",
        "intensity": 1.0,
        "range": 30.0,
        "colour": "#FFFFFF",
        "corona": {
          "sprite": "corona_white01.png",
          "scale": 1.0,
          "range": 100.0
        },
        "dutyCycle": "DuskTillDawn()"
      }
    },
    {
      "parent": "/Far__x11_z11/Far__x11_z11_LFS/Far_SilosCranes/Pumpjack (11)/collider/%GROUP%_Mesh00EE4A0001000E4B",
      "position": "(0,12.25,-0.75)",
      "rotation": "(-0.7071068,0,0,0.7071068)",
      "hash": "2CD3227A132D32370:2CD355862C2D330B0",
      "properties": {
        "type": "Point",
        "intensity": 1.0,
        "range": 30.0,
        "colour": "#FFFFFF",
        "corona": {
          "sprite": "corona_white01.png",
          "scale": 1.0,
          "range": 100.0
        },
        "dutyCycle": "DuskTillDawn()"
      }
    },
    {
      "parent": "/Far__x11_z11/Far__x11_z11_LFS/Far_SilosCranes/Pumpjack (11)/collider/%GROUP%_Mesh00A4430001002D40",
      "position": "(0.75,12.25,0)",
      "rotation": "(-0.7071068,0,0,0.7071068)",
      "hash": "2C9B177A132CF9130:2C9A42862C2CF9450",
      "properties": {
        "type": "Point",
        "intensity": 1.0,
        "range": 30.0,
        "colour": "#FFFFFF",
        "corona": {
          "sprite": "corona_white01.png",
          "scale": 1.0,
          "range": 100.0
        },
        "dutyCycle": "DuskTillDawn()"
      }
    },
    {
      "parent": "/Far__x11_z11/Far__x11_z11_LFS/Far_SilosCranes/Pumpjack (11)/collider/%GROUP%_Mesh00A4430001002D40",
      "position": "(0,12.25,0.75)",
      "rotation": "(-0.7071068,0,0,0.7071068)",
      "hash": "2C9B177A132CF9130:2C9A49862C2CF83F0",
      "properties": {
        "type": "Point",
        "intensity": 1.0,
        "range": 30.0,
        "colour": "#FFFFFF",
        "corona": {
          "sprite": "corona_white01.png",
          "scale": 1.0,
          "range": 100.0
        },
        "dutyCycle": "DuskTillDawn()"
      }
    },
    {
      "parent": "/Far__x11_z11/Far__x11_z11_LFS/Far_SilosCranes/Pumpjack (11)/collider/%GROUP%_Mesh00A4430001002D40",
      "position": "(-0.75,12.25,0)",
      "rotation": "(-0.7071068,0,0,0.7071068)",
      "hash": "2C9B177A132CF9130:2C9B4F862C2CF8460",
      "properties": {
        "type": "Point",
        "intensity": 1.0,
        "range": 30.0,
        "colour": "#FFFFFF",
        "corona": {
          "sprite": "corona_white01.png",
          "scale": 1.0,
          "range": 100.0
        },
        "dutyCycle": "DuskTillDawn()"
      }
    },
    {
      "parent": "/Far__x11_z11/Far__x11_z11_LFS/Far_SilosCranes/Pumpjack (11)/collider/%GROUP%_Mesh00A4430001002D40",
      "position": "(0,12.25,-0.75)",
      "rotation": "(-0.7071068,0,0,0.7071068)",
      "hash": "2C9B177A132CF9130:2C9B48862C2CF94C0",
      "properties": {
        "type": "Point",
        "intensity": 1.0,
        "range": 30.0,
        "colour": "#FFFFFF",
        "corona": {
          "sprite": "corona_white01.png",
          "scale": 1.0,
          "range": 100.0
        },
        "dutyCycle": "DuskTillDawn()"
      }
    },
    {
      "parent": "/Far__x11_z11/Far__x11_z11_LFS/Far_SilosCranes/Pumpjack (11)/collider/%GROUP%_Mesh008C31000400745E",
      "position": "(0.75,12.25,0)",
      "rotation": "(-0.7071068,0,0,0.7071068)",
      "hash": "2D291E7A172CA6340:2D295386302CA5630",
      "properties": {
        "type": "Point",
        "intensity": 1.0,
        "range": 30.0,
        "colour": "#FFFFFF",
        "corona": {
          "sprite": "corona_white01.png",
          "scale": 1.0,
          "range": 100.0
        },
        "dutyCycle": "DuskTillDawn()"
      }
    },
    {
      "parent": "/Far__x11_z11/Far__x11_z11_LFS/Far_SilosCranes/Pumpjack (11)/collider/%GROUP%_Mesh008C31000400745E",
      "position": "(0,12.25,0.75)",
      "rotation": "(-0.7071068,0,0,0.7071068)",
      "hash": "2D291E7A172CA6340:2D295386302CA7050",
      "properties": {
        "type": "Point",
        "intensity": 1.0,
        "range": 30.0,
        "colour": "#FFFFFF",
        "corona": {
          "sprite": "corona_white01.png",
          "scale": 1.0,
          "range": 100.0
        },
        "dutyCycle": "DuskTillDawn()"
      }
    },
    {
      "parent": "/Far__x11_z11/Far__x11_z11_LFS/Far_SilosCranes/Pumpjack (11)/collider/%GROUP%_Mesh008C31000400745E",
      "position": "(-0.75,12.25,0)",
      "rotation": "(-0.7071068,0,0,0.7071068)",
      "hash": "2D291E7A172CA6340:2D284D86302CA7050",
      "properties": {
        "type": "Point",
        "intensity": 1.0,
        "range": 30.0,
        "colour": "#FFFFFF",
        "corona": {
          "sprite": "corona_white01.png",
          "scale": 1.0,
          "range": 100.0
        },
        "dutyCycle": "DuskTillDawn()"
      }
    },
    {
      "parent": "/Far__x11_z11/Far__x11_z11_LFS/Far_SilosCranes/Pumpjack (11)/collider/%GROUP%_Mesh008C31000400745E",
      "position": "(0,12.25,-0.75)",
      "rotation": "(-0.7071068,0,0,0.7071068)",
      "hash": "2D291E7A172CA6340:2D284D86302CA5630",
      "properties": {
        "type": "Point",
        "intensity": 1.0,
        "range": 30.0,
        "colour": "#FFFFFF",
        "corona": {
          "sprite": "corona_white01.png",
          "scale": 1.0,
          "range": 100.0
        },
        "dutyCycle": "DuskTillDawn()"
      }
    },
    {
      "parent": "/Far__x11_z11/Far__x11_z11_LFS/Far_SilosCranes/Pumpjack (11)/collider/%GROUP%_Mesh00B1300007008419",
      "position": "(0.75,12.25,0)",
      "rotation": "(-0.7071068,0,0,0.7071068)",
      "hash": "2D45167A1A2CC3150:2D454C86332CC2450",
      "properties": {
        "type": "Point",
        "intensity": 1.0,
        "range": 30.0,
        "colour": "#FFFFFF",
        "corona": {
          "sprite": "corona_white01.png",
          "scale": 1.0,
          "range": 100.0
        },
        "dutyCycle": "DuskTillDawn()"
      }
    },
    {
      "parent": "/Far__x11_z11/Far__x11_z11_LFS/Far_SilosCranes/Pumpjack (11)/collider/%GROUP%_Mesh00B1300007008419",
      "position": "(0,12.25,0.75)",
      "rotation": "(-0.7071068,0,0,0.7071068)",
      "hash": "2D45167A1A2CC3150:2D454A86332CC34B0",
      "properties": {
        "type": "Point",
        "intensity": 1.0,
        "range": 30.0,
        "colour": "#FFFFFF",
        "corona": {
          "sprite": "corona_white01.png",
          "scale": 1.0,
          "range": 100.0
        },
        "dutyCycle": "DuskTillDawn()"
      }
    },
    {
      "parent": "/Far__x11_z11/Far__x11_z11_LFS/Far_SilosCranes/Pumpjack (11)/collider/%GROUP%_Mesh00B1300007008419",
      "position": "(-0.75,12.25,0)",
      "rotation": "(-0.7071068,0,0,0.7071068)",
      "hash": "2D45167A1A2CC3150:2D444486332CC34A0",
      "properties": {
        "type": "Point",
        "intensity": 1.0,
        "range": 30.0,
        "colour": "#FFFFFF",
        "corona": {
          "sprite": "corona_white01.png",
          "scale": 1.0,
          "range": 100.0
        },
        "dutyCycle": "DuskTillDawn()"
      }
    },
    {
      "parent": "/Far__x11_z11/Far__x11_z11_LFS/Far_SilosCranes/Pumpjack (11)/collider/%GROUP%_Mesh00B1300007008419",
      "position": "(0,12.25,-0.75)",
      "rotation": "(-0.7071068,0,0,0.7071068)",
      "hash": "2D45167A1A2CC3150:2D444686332CC2440",
      "properties": {
        "type": "Point",
        "intensity": 1.0,
        "range": 30.0,
        "colour": "#FFFFFF",
        "corona": {
          "sprite": "corona_white01.png",
          "scale": 1.0,
          "range": 100.0
        },
        "dutyCycle": "DuskTillDawn()"
      }
    },
    {
      "parent": "/Far__x11_z11/Far__x11_z11_LFS/Far_SilosCranes/Pumpjack (11)/collider/%GROUP%_Mesh00D6370007009341",
      "position": "(0.75,12.25,0)",
      "rotation": "(-0.7071068,0,0,0.7071068)",
      "hash": "2D61197A1A2CDF5F0:2D614F86332CDF2B0",
      "properties": {
        "type": "Point",
        "intensity": 1.0,
        "range": 30.0,
        "colour": "#FFFFFF",
        "corona": {
          "sprite": "corona_white01.png",
          "scale": 1.0,
          "range": 100.0
        },
        "dutyCycle": "DuskTillDawn()"
      }
    },
    {
      "parent": "/Far__x11_z11/Far__x11_z11_LFS/Far_SilosCranes/Pumpjack (11)/collider/%GROUP%_Mesh00D6370007009341",
      "position": "(0,12.25,0.75)",
      "rotation": "(-0.7071068,0,0,0.7071068)",
      "hash": "2D61197A1A2CDF5F0:2D614D86332CE0310",
      "properties": {
        "type": "Point",
        "intensity": 1.0,
        "range": 30.0,
        "colour": "#FFFFFF",
        "corona": {
          "sprite": "corona_white01.png",
          "scale": 1.0,
          "range": 100.0
        },
        "dutyCycle": "DuskTillDawn()"
      }
    },
    {
      "parent": "/Far__x11_z11/Far__x11_z11_LFS/Far_SilosCranes/Pumpjack (11)/collider/%GROUP%_Mesh00D6370007009341",
      "position": "(-0.75,12.25,0)",
      "rotation": "(-0.7071068,0,0,0.7071068)",
      "hash": "2D61197A1A2CDF5F0:2D604786332CE02F0",
      "properties": {
        "type": "Point",
        "intensity": 1.0,
        "range": 30.0,
        "colour": "#FFFFFF",
        "corona": {
          "sprite": "corona_white01.png",
          "scale": 1.0,
          "range": 100.0
        },
        "dutyCycle": "DuskTillDawn()"
      }
    },
    {
      "parent": "/Far__x11_z11/Far__x11_z11_LFS/Far_SilosCranes/Pumpjack (11)/collider/%GROUP%_Mesh00D6370007009341",
      "position": "(0,12.25,-0.75)",
      "rotation": "(-0.7071068,0,0,0.7071068)",
      "hash": "2D61197A1A2CDF5F0:2D604986332CDF290",
      "properties": {
        "type": "Point",
        "intensity": 1.0,
        "range": 30.0,
        "colour": "#FFFFFF",
        "corona": {
          "sprite": "corona_white01.png",
          "scale": 1.0,
          "range": 100.0
        },
        "dutyCycle": "DuskTillDawn()"
      }
    },
    {
      "parent": "/Far__x11_z11/Far__x11_z11_LFS/Far_SilosCranes/Pumpjack (11)/collider/%GROUP%_Mesh00FB1E000700A258",
      "position": "(0.75,12.25,0)",
      "rotation": "(-0.7071068,0,0,0.7071068)",
      "hash": "2D7D007A1A2CFC2D0:2D7D3686332CFB5D0",
      "properties": {
        "type": "Point",
        "intensity": 1.0,
        "range": 30.0,
        "colour": "#FFFFFF",
        "corona": {
          "sprite": "corona_white01.png",
          "scale": 1.0,
          "range": 100.0
        },
        "dutyCycle": "DuskTillDawn()"
      }
    },
    {
      "parent": "/Far__x11_z11/Far__x11_z11_LFS/Far_SilosCranes/Pumpjack (11)/collider/%GROUP%_Mesh00FB1E000700A258",
      "position": "(0,12.25,0.75)",
      "rotation": "(-0.7071068,0,0,0.7071068)",
      "hash": "2D7D007A1A2CFC2D0:2D7D3586332CFC630",
      "properties": {
        "type": "Point",
        "intensity": 1.0,
        "range": 30.0,
        "colour": "#FFFFFF",
        "corona": {
          "sprite": "corona_white01.png",
          "scale": 1.0,
          "range": 100.0
        },
        "dutyCycle": "DuskTillDawn()"
      }
    },
    {
      "parent": "/Far__x11_z11/Far__x11_z11_LFS/Far_SilosCranes/Pumpjack (11)/collider/%GROUP%_Mesh00FB1E000700A258",
      "position": "(-0.75,12.25,0)",
      "rotation": "(-0.7071068,0,0,0.7071068)",
      "hash": "2D7D007A1A2CFC2D0:2D7C2F86332CFC610",
      "properties": {
        "type": "Point",
        "intensity": 1.0,
        "range": 30.0,
        "colour": "#FFFFFF",
        "corona": {
          "sprite": "corona_white01.png",
          "scale": 1.0,
          "range": 100.0
        },
        "dutyCycle": "DuskTillDawn()"
      }
    },
    {
      "parent": "/Far__x11_z11/Far__x11_z11_LFS/Far_SilosCranes/Pumpjack (11)/collider/%GROUP%_Mesh00FB1E000700A258",
      "position": "(0,12.25,-0.75)",
      "rotation": "(-0.7071068,0,0,0.7071068)",
      "hash": "2D7D007A1A2CFC2D0:2D7C3086332CFB5B0",
      "properties": {
        "type": "Point",
        "intensity": 1.0,
        "range": 30.0,
        "colour": "#FFFFFF",
        "corona": {
          "sprite": "corona_white01.png",
          "scale": 1.0,
          "range": 100.0
        },
        "dutyCycle": "DuskTillDawn()"
      }
    },
    {
      "parent": "/Far__x11_z11/Far__x11_z11_LFS/Far_SilosCranes/Pumpjack (11)/collider/%GROUP%_Mesh012019000100B212",
      "position": "(0.75,12.25,0)",
      "rotation": "(-0.7071068,0,0,0.7071068)",
      "hash": "2D985B7A132D190A0:2D992D862C2D183A0",
      "properties": {
        "type": "Point",
        "intensity": 1.0,
        "range": 30.0,
        "colour": "#FFFFFF",
        "corona": {
          "sprite": "corona_white01.png",
          "scale": 1.0,
          "range": 100.0
        },
        "dutyCycle": "DuskTillDawn()"
      }
    },
    {
      "parent": "/Far__x11_z11/Far__x11_z11_LFS/Far_SilosCranes/Pumpjack (11)/collider/%GROUP%_Mesh012019000100B212",
      "position": "(0,12.25,0.75)",
      "rotation": "(-0.7071068,0,0,0.7071068)",
      "hash": "2D985B7A132D190A0:2D992B862C2D19400",
      "properties": {
        "type": "Point",
        "intensity": 1.0,
        "range": 30.0,
        "colour": "#FFFFFF",
        "corona": {
          "sprite": "corona_white01.png",
          "scale": 1.0,
          "range": 100.0
        },
        "dutyCycle": "DuskTillDawn()"
      }
    },
    {
      "parent": "/Far__x11_z11/Far__x11_z11_LFS/Far_SilosCranes/Pumpjack (11)/collider/%GROUP%_Mesh012019000100B212",
      "position": "(-0.75,12.25,0)",
      "rotation": "(-0.7071068,0,0,0.7071068)",
      "hash": "2D985B7A132D190A0:2D9825862C2D193E0",
      "properties": {
        "type": "Point",
        "intensity": 1.0,
        "range": 30.0,
        "colour": "#FFFFFF",
        "corona": {
          "sprite": "corona_white01.png",
          "scale": 1.0,
          "range": 100.0
        },
        "dutyCycle": "DuskTillDawn()"
      }
    },
    {
      "parent": "/Far__x11_z11/Far__x11_z11_LFS/Far_SilosCranes/Pumpjack (11)/collider/%GROUP%_Mesh012019000100B212",
      "position": "(0,12.25,-0.75)",
      "rotation": "(-0.7071068,0,0,0.7071068)",
      "hash": "2D985B7A132D190A0:2D9827862C2D18390",
      "properties": {
        "type": "Point",
        "intensity": 1.0,
        "range": 30.0,
        "colour": "#FFFFFF",
        "corona": {
          "sprite": "corona_white01.png",
          "scale": 1.0,
          "range": 100.0
        },
        "dutyCycle": "DuskTillDawn()"
      }
    },
    {
      "parent": "/Far__x11_z11/Far__x11_z11_LFS/Far_SilosCranes/Pumpjack (11)/collider/%GROUP%_Mesh01452D000400C13B",
      "position": "(0.75,12.25,0)",
      "rotation": "(-0.7071068,0,0,0.7071068)",
      "hash": "2DB4637A0D2D355F0:2DB53586262D352B0",
      "properties": {
        "type": "Point",
        "intensity": 1.0,
        "range": 30.0,
        "colour": "#FFFFFF",
        "corona": {
          "sprite": "corona_white01.png",
          "scale": 1.0,
          "range": 100.0
        },
        "dutyCycle": "DuskTillDawn()"
      }
    },
    {
      "parent": "/Far__x11_z11/Far__x11_z11_LFS/Far_SilosCranes/Pumpjack (11)/collider/%GROUP%_Mesh01452D000400C13B",
      "position": "(0,12.25,0.75)",
      "rotation": "(-0.7071068,0,0,0.7071068)",
      "hash": "2DB4637A0D2D355F0:2DB53386262D36310",
      "properties": {
        "type": "Point",
        "intensity": 1.0,
        "range": 30.0,
        "colour": "#FFFFFF",
        "corona": {
          "sprite": "corona_white01.png",
          "scale": 1.0,
          "range": 100.0
        },
        "dutyCycle": "DuskTillDawn()"
      }
    },
    {
      "parent": "/Far__x11_z11/Far__x11_z11_LFS/Far_SilosCranes/Pumpjack (11)/collider/%GROUP%_Mesh01452D000400C13B",
      "position": "(-0.75,12.25,0)",
      "rotation": "(-0.7071068,0,0,0.7071068)",
      "hash": "2DB4637A0D2D355F0:2DB42D86262D36300",
      "properties": {
        "type": "Point",
        "intensity": 1.0,
        "range": 30.0,
        "colour": "#FFFFFF",
        "corona": {
          "sprite": "corona_white01.png",
          "scale": 1.0,
          "range": 100.0
        },
        "dutyCycle": "DuskTillDawn()"
      }
    },
    {
      "parent": "/Far__x11_z11/Far__x11_z11_LFS/Far_SilosCranes/Pumpjack (11)/collider/%GROUP%_Mesh01452D000400C13B",
      "position": "(0,12.25,-0.75)",
      "rotation": "(-0.7071068,0,0,0.7071068)",
      "hash": "2DB4637A0D2D355F0:2DB42F86262D352A0",
      "properties": {
        "type": "Point",
        "intensity": 1.0,
        "range": 30.0,
        "colour": "#FFFFFF",
        "corona": {
          "sprite": "corona_white01.png",
          "scale": 1.0,
          "range": 100.0
        },
        "dutyCycle": "DuskTillDawn()"
      }
    },
    {
      "parent": "/Far__x11_z11/Far__x11_z11_LFS/Far_SilosCranes/Pumpjack (11)/collider/%GROUP%_Mesh016A37000A00D063",
      "position": "(0.75,12.25,0)",
      "rotation": "(-0.7071068,0,0,0.7071068)",
      "hash": "2DD1047A072D52470:2DD13986202D52130",
      "properties": {
        "type": "Point",
        "intensity": 1.0,
        "range": 30.0,
        "colour": "#FFFFFF",
        "corona": {
          "sprite": "corona_white01.png",
          "scale": 1.0,
          "range": 100.0
        },
        "dutyCycle": "DuskTillDawn()"
      }
    },
    {
      "parent": "/Far__x11_z11/Far__x11_z11_LFS/Far_SilosCranes/Pumpjack (11)/collider/%GROUP%_Mesh016A37000A00D063",
      "position": "(0,12.25,0.75)",
      "rotation": "(-0.7071068,0,0,0.7071068)",
      "hash": "2DD1047A072D52470:2DD13886202D53190",
      "properties": {
        "type": "Point",
        "intensity": 1.0,
        "range": 30.0,
        "colour": "#FFFFFF",
        "corona": {
          "sprite": "corona_white01.png",
          "scale": 1.0,
          "range": 100.0
        },
        "dutyCycle": "DuskTillDawn()"
      }
    },
    {
      "parent": "/Far__x11_z11/Far__x11_z11_LFS/Far_SilosCranes/Pumpjack (11)/collider/%GROUP%_Mesh016A37000A00D063",
      "position": "(-0.75,12.25,0)",
      "rotation": "(-0.7071068,0,0,0.7071068)",
      "hash": "2DD1047A072D52470:2DD03286202D53180",
      "properties": {
        "type": "Point",
        "intensity": 1.0,
        "range": 30.0,
        "colour": "#FFFFFF",
        "corona": {
          "sprite": "corona_white01.png",
          "scale": 1.0,
          "range": 100.0
        },
        "dutyCycle": "DuskTillDawn()"
      }
    },
    {
      "parent": "/Far__x11_z11/Far__x11_z11_LFS/Far_SilosCranes/Pumpjack (11)/collider/%GROUP%_Mesh016A37000A00D063",
      "position": "(0,12.25,-0.75)",
      "rotation": "(-0.7071068,0,0,0.7071068)",
      "hash": "2DD1047A072D52470:2DD03386202D52120",
      "properties": {
        "type": "Point",
        "intensity": 1.0,
        "range": 30.0,
        "colour": "#FFFFFF",
        "corona": {
          "sprite": "corona_white01.png",
          "scale": 1.0,
          "range": 100.0
        },
        "dutyCycle": "DuskTillDawn()"
      }
    },
    {
      "parent": "/Far__x11_z11/Far__x11_z11_LFS/Far_SilosCranes/Pumpjack (11)/collider/%GROUP%_Mesh018F29001000E01C",
      "position": "(0.75,12.25,0)",
      "rotation": "(-0.7071068,0,0,0.7071068)",
      "hash": "2DEC587A012D6F1E0:2DED2A861A2D6E4D0",
      "properties": {
        "type": "Point",
        "intensity": 1.0,
        "range": 30.0,
        "colour": "#FFFFFF",
        "corona": {
          "sprite": "corona_white01.png",
          "scale": 1.0,
          "range": 100.0
        },
        "dutyCycle": "DuskTillDawn()"
      }
    },
    {
      "parent": "/Far__x11_z11/Far__x11_z11_LFS/Far_SilosCranes/Pumpjack (11)/collider/%GROUP%_Mesh018F29001000E01C",
      "position": "(0,12.25,0.75)",
      "rotation": "(-0.7071068,0,0,0.7071068)",
      "hash": "2DEC587A012D6F1E0:2DED28861A2D6F530",
      "properties": {
        "type": "Point",
        "intensity": 1.0,
        "range": 30.0,
        "colour": "#FFFFFF",
        "corona": {
          "sprite": "corona_white01.png",
          "scale": 1.0,
          "range": 100.0
        },
        "dutyCycle": "DuskTillDawn()"
      }
    },
    {
      "parent": "/Far__x11_z11/Far__x11_z11_LFS/Far_SilosCranes/Pumpjack (11)/collider/%GROUP%_Mesh018F29001000E01C",
      "position": "(-0.75,12.25,0)",
      "rotation": "(-0.7071068,0,0,0.7071068)",
      "hash": "2DEC587A012D6F1E0:2DEC22861A2D6F520",
      "properties": {
        "type": "Point",
        "intensity": 1.0,
        "range": 30.0,
        "colour": "#FFFFFF",
        "corona": {
          "sprite": "corona_white01.png",
          "scale": 1.0,
          "range": 100.0
        },
        "dutyCycle": "DuskTillDawn()"
      }
    },
    {
      "parent": "/Far__x11_z11/Far__x11_z11_LFS/Far_SilosCranes/Pumpjack (11)/collider/%GROUP%_Mesh018F29001000E01C",
      "position": "(0,12.25,-0.75)",
      "rotation": "(-0.7071068,0,0,0.7071068)",
      "hash": "2DEC587A012D6F1E0:2DEC24861A2D6E4C0",
      "properties": {
        "type": "Point",
        "intensity": 1.0,
        "range": 30.0,
        "colour": "#FFFFFF",
        "corona": {
          "sprite": "corona_white01.png",
          "scale": 1.0,
          "range": 100.0
        },
        "dutyCycle": "DuskTillDawn()"
      }
    },
    {
      "parent": "/Far__x11_z11/Far__x11_z11_LFS/Far_Roads/ParkingLot06/Collider/%GROUP%_Mesh001E33000000193E",
      "position": "(0.75,12.25,0)",
      "rotation": "(-0.7071068,0,0,0.7071068)",
      "hash": "2DD0037A212D8A610:2DD037863A2D8B330",
      "properties": {
        "type": "Point",
        "intensity": 1.0,
        "range": 30.0,
        "colour": "#FFFFFF",
        "corona": {
          "sprite": "corona_white01.png",
          "scale": 1.0,
          "range": 100.0
        },
        "dutyCycle": "DuskTillDawn()"
      }
    },
    {
      "parent": "/Far__x11_z11/Far__x11_z11_LFS/Far_Roads/ParkingLot06/Collider/%GROUP%_Mesh001E33000000193E",
      "position": "(0,12.25,0.75)",
      "rotation": "(-0.7071068,0,0,0.7071068)",
      "hash": "2DD0037A212D8A610:2DCF31863A2D8B310",
      "properties": {
        "type": "Point",
        "intensity": 1.0,
        "range": 30.0,
        "colour": "#FFFFFF",
        "corona": {
          "sprite": "corona_white01.png",
          "scale": 1.0,
          "range": 100.0
        },
        "dutyCycle": "DuskTillDawn()"
      }
    },
    {
      "parent": "/Far__x11_z11/Far__x11_z11_LFS/Far_Roads/ParkingLot06/Collider/%GROUP%_Mesh001E33000000193E",
      "position": "(-0.75,12.25,0)",
      "rotation": "(-0.7071068,0,0,0.7071068)",
      "hash": "2DD0037A212D8A610:2DCF33863A2D8A2B0",
      "properties": {
        "type": "Point",
        "intensity": 1.0,
        "range": 30.0,
        "colour": "#FFFFFF",
        "corona": {
          "sprite": "corona_white01.png",
          "scale": 1.0,
          "range": 100.0
        },
        "dutyCycle": "DuskTillDawn()"
      }
    },
    {
      "parent": "/Far__x11_z11/Far__x11_z11_LFS/Far_Roads/ParkingLot06/Collider/%GROUP%_Mesh001E33000000193E",
      "position": "(0,12.25,-0.75)",
      "rotation": "(-0.7071068,0,0,0.7071068)",
      "hash": "2DD0037A212D8A610:2DD039863A2D8A2D0",
      "properties": {
        "type": "Point",
        "intensity": 1.0,
        "range": 30.0,
        "colour": "#FFFFFF",
        "corona": {
          "sprite": "corona_white01.png",
          "scale": 1.0,
          "range": 100.0
        },
        "dutyCycle": "DuskTillDawn()"
      }
    },
    {
      "parent": "/Far__x11_z11/Far__x11_z11_LFS/Far_Roads/Flat_40x10#1/Collider/%GROUP%_Mesh000356000500173A",
      "position": "(0.75,12.25,0)",
      "rotation": "(-0.7071068,0,0,0.7071068)",
      "hash": "2DB4127A212D6E200:2DB342863A2D6E560",
      "properties": {
        "type": "Point",
        "intensity": 1.0,
        "range": 30.0,
        "colour": "#FFFFFF",
        "corona": {
          "sprite": "corona_white01.png",
          "scale": 1.0,
          "range": 100.0
        },
        "dutyCycle": "DuskTillDawn()"
      }
    },
    {
      "parent": "/Far__x11_z11/Far__x11_z11_LFS/Far_Roads/Flat_40x10#1/Collider/%GROUP%_Mesh000356000500173A",
      "position": "(0,12.25,0.75)",
      "rotation": "(-0.7071068,0,0,0.7071068)",
      "hash": "2DB4127A212D6E200:2DB340863A2D6D500",
      "properties": {
        "type": "Point",
        "intensity": 1.0,
        "range": 30.0,
        "colour": "#FFFFFF",
        "corona": {
          "sprite": "corona_white01.png",
          "scale": 1.0,
          "range": 100.0
        },
        "dutyCycle": "DuskTillDawn()"
      }
    },
    {
      "parent": "/Far__x11_z11/Far__x11_z11_LFS/Far_Roads/Flat_40x10#1/Collider/%GROUP%_Mesh000356000500173A",
      "position": "(-0.75,12.25,0)",
      "rotation": "(-0.7071068,0,0,0.7071068)",
      "hash": "2DB4127A212D6E200:2DB446863A2D6D4E0",
      "properties": {
        "type": "Point",
        "intensity": 1.0,
        "range": 30.0,
        "colour": "#FFFFFF",
        "corona": {
          "sprite": "corona_white01.png",
          "scale": 1.0,
          "range": 100.0
        },
        "dutyCycle": "DuskTillDawn()"
      }
    },
    {
      "parent": "/Far__x11_z11/Far__x11_z11_LFS/Far_Roads/Flat_40x10#1/Collider/%GROUP%_Mesh000356000500173A",
      "position": "(0,12.25,-0.75)",
      "rotation": "(-0.7071068,0,0,0.7071068)",
      "hash": "2DB4127A212D6E200:2DB447863A2D6E540",
      "properties": {
        "type": "Point",
        "intensity": 1.0,
        "range": 30.0,
        "colour": "#FFFFFF",
        "corona": {
          "sprite": "corona_white01.png",
          "scale": 1.0,
          "range": 100.0
        },
        "dutyCycle": "DuskTillDawn()"
      }
    },
    {
      "parent": "/Far__x11_z11/Far__x11_z11_LFS/Far_Roads/Flat_40x10 (1)/Collider/%GROUP%_Mesh00041F000500173D",
      "position": "(0.75,12.25,0)",
      "rotation": "(-0.7071068,0,0,0.7071068)",
      "hash": "2D98167A212D51420:2D9746863A2D52140",
      "properties": {
        "type": "Point",
        "intensity": 1.0,
        "range": 30.0,
        "colour": "#FFFFFF",
        "corona": {
          "sprite": "corona_white01.png",
          "scale": 1.0,
          "range": 100.0
        },
        "dutyCycle": "DuskTillDawn()"
      }
    },
    {
      "parent": "/Far__x11_z11/Far__x11_z11_LFS/Far_Roads/Flat_40x10 (1)/Collider/%GROUP%_Mesh00041F000500173D",
      "position": "(0,12.25,0.75)",
      "rotation": "(-0.7071068,0,0,0.7071068)",
      "hash": "2D98167A212D51420:2D9744863A2D510E0",
      "properties": {
        "type": "Point",
        "intensity": 1.0,
        "range": 30.0,
        "colour": "#FFFFFF",
        "corona": {
          "sprite": "corona_white01.png",
          "scale": 1.0,
          "range": 100.0
        },
        "dutyCycle": "DuskTillDawn()"
      }
    },
    {
      "parent": "/Far__x11_z11/Far__x11_z11_LFS/Far_Roads/Flat_40x10 (1)/Collider/%GROUP%_Mesh00041F000500173D",
      "position": "(-0.75,12.25,0)",
      "rotation": "(-0.7071068,0,0,0.7071068)",
      "hash": "2D98167A212D51420:2D984A863A2D510D0",
      "properties": {
        "type": "Point",
        "intensity": 1.0,
        "range": 30.0,
        "colour": "#FFFFFF",
        "corona": {
          "sprite": "corona_white01.png",
          "scale": 1.0,
          "range": 100.0
        },
        "dutyCycle": "DuskTillDawn()"
      }
    },
    {
      "parent": "/Far__x11_z11/Far__x11_z11_LFS/Far_Roads/Flat_40x10 (1)/Collider/%GROUP%_Mesh00041F000500173D",
      "position": "(0,12.25,-0.75)",
      "rotation": "(-0.7071068,0,0,0.7071068)",
      "hash": "2D98167A212D51420:2D984C863A2D52130",
      "properties": {
        "type": "Point",
        "intensity": 1.0,
        "range": 30.0,
        "colour": "#FFFFFF",
        "corona": {
          "sprite": "corona_white01.png",
          "scale": 1.0,
          "range": 100.0
        },
        "dutyCycle": "DuskTillDawn()"
      }
    },
    {
      "parent": "/Far__x11_z11/Far__x11_z11_LFS/Far_SilosCranes/Oil_Derrick (2)/collider/%GROUP%_Mesh00013A1059000002",
      "position": "(0,1.245,-0.188)",
      "hash": "2D4C1E8B072D1C2E0:2D4D108A582D1D240",
      "properties": {
        "type": "Point",
        "intensity": 1.0,
        "range": 30.0,
        "colour": "#FFFFFF",
        "corona": {
          "sprite": "corona_white01.png",
          "scale": 1.0,
          "range": 100.0
        },
        "dutyCycle": "DuskTillDawn()"
      }
    },
    {
      "parent": "/Far__x11_z11/Far__x11_z11_LFS/Far_SilosCranes/Oil_Derrick (2)/collider/%GROUP%_Mesh00013A1059000002",
      "position": "(-0.705,0.867,-0.153)",
      "hash": "2D4C1E8B072D1C2E0:2D4D298A5C2D1C3C0",
      "properties": {
        "type": "Point",
        "intensity": 1.0,
        "range": 30.0,
        "colour": "#FFFFFF",
        "corona": {
          "sprite": "corona_white01.png",
          "scale": 1.0,
          "range": 100.0
        },
        "dutyCycle": "DuskTillDawn()"
      }
    },
    {
      "parent": "/Far__x11_z11/Far__x11_z11_LFS/Far_SilosCranes/Oil_Derrick (2)/collider/%GROUP%_Mesh00013A1059000002",
      "position": "(0.705,0.867,-0.153)",
      "hash": "2D4C1E8B072D1C2E0:2D4C268A5C2D1D3A0",
      "properties": {
        "type": "Point",
        "intensity": 1.0,
        "range": 30.0,
        "colour": "#FFFFFF",
        "corona": {
          "sprite": "corona_white01.png",
          "scale": 1.0,
          "range": 100.0
        },
        "dutyCycle": "DuskTillDawn()"
      }
    },
    {
      "parent": "/Far__x11_z11/Far__x11_z11_LFS/Far_SilosCranes/Oil_Derrick (4)/collider/%GROUP%_Mesh00013A1056000004",
      "position": "(0,1.245,-0.188)",
      "hash": "2D34038B052CEC100:2D34598A562CED060",
      "properties": {
        "type": "Point",
        "intensity": 1.0,
        "range": 30.0,
        "colour": "#FFFFFF",
        "corona": {
          "sprite": "corona_white01.png",
          "scale": 1.0,
          "range": 100.0
        },
        "dutyCycle": "DuskTillDawn()"
      }
    },
    {
      "parent": "/Far__x11_z11/Far__x11_z11_LFS/Far_SilosCranes/Oil_Derrick (4)/collider/%GROUP%_Mesh00013A1056000004",
      "position": "(-0.705,0.867,-0.153)",
      "hash": "2D34038B052CEC100:2D350E8A5A2CEC1E0",
      "properties": {
        "type": "Point",
        "intensity": 1.0,
        "range": 30.0,
        "colour": "#FFFFFF",
        "corona": {
          "sprite": "corona_white01.png",
          "scale": 1.0,
          "range": 100.0
        },
        "dutyCycle": "DuskTillDawn()"
      }
    },
    {
      "parent": "/Far__x11_z11/Far__x11_z11_LFS/Far_SilosCranes/Oil_Derrick (4)/collider/%GROUP%_Mesh00013A1056000004",
      "position": "(0.705,0.867,-0.153)",
      "hash": "2D34038B052CEC100:2D340C8A5A2CED1B0",
      "properties": {
        "type": "Point",
        "intensity": 1.0,
        "range": 30.0,
        "colour": "#FFFFFF",
        "corona": {
          "sprite": "corona_white01.png",
          "scale": 1.0,
          "range": 100.0
        },
        "dutyCycle": "DuskTillDawn()"
      }
    },
    {
      "parent": "/Far__x11_z11/Far__x11_z11_LFS/Far_SilosCranes/Oil_Derrick (3)/collider/%GROUP%_Mesh00013A1055000002",
      "position": "(0,1.245,-0.188)",
      "hash": "2CC9508B042C832B0:2CCA428A552C84210",
      "properties": {
        "type": "Point",
        "intensity": 1.0,
        "range": 30.0,
        "colour": "#FFFFFF",
        "corona": {
          "sprite": "corona_white01.png",
          "scale": 1.0,
          "range": 100.0
        },
        "dutyCycle": "DuskTillDawn()"
      }
    },
    {
      "parent": "/Far__x11_z11/Far__x11_z11_LFS/Far_SilosCranes/Oil_Derrick (3)/collider/%GROUP%_Mesh00013A1055000002",
      "position": "(-0.705,0.867,-0.153)",
      "hash": "2CC9508B042C832B0:2CCA5B8A582C83390",
      "properties": {
        "type": "Point",
        "intensity": 1.0,
        "range": 30.0,
        "colour": "#FFFFFF",
        "corona": {
          "sprite": "corona_white01.png",
          "scale": 1.0,
          "range": 100.0
        },
        "dutyCycle": "DuskTillDawn()"
      }
    },
    {
      "parent": "/Far__x11_z11/Far__x11_z11_LFS/Far_SilosCranes/Oil_Derrick (3)/collider/%GROUP%_Mesh00013A1055000002",
      "position": "(0.705,0.867,-0.153)",
      "hash": "2CC9508B042C832B0:2CC9598A582C84370",
      "properties": {
        "type": "Point",
        "intensity": 1.0,
        "range": 30.0,
        "colour": "#FFFFFF",
        "corona": {
          "sprite": "corona_white01.png",
          "scale": 1.0,
          "range": 100.0
        },
        "dutyCycle": "DuskTillDawn()"
      }
    },
    {
      "parent": "/Far__x11_z11/Far__x11_z11_LFS/Far_SilosCranes/Oil_Derrick (1)/collider/%GROUP%_Mesh00013A1057000004",
      "position": "(0,1.245,-0.188)",
      "hash": "2CA9068B052C4F3D0:2CA95B8A562C50330",
      "properties": {
        "type": "Point",
        "intensity": 1.0,
        "range": 30.0,
        "colour": "#FFFFFF",
        "corona": {
          "sprite": "corona_white01.png",
          "scale": 1.0,
          "range": 100.0
        },
        "dutyCycle": "DuskTillDawn()"
      }
    },
    {
      "parent": "/Far__x11_z11/Far__x11_z11_LFS/Far_SilosCranes/Oil_Derrick (1)/collider/%GROUP%_Mesh00013A1057000004",
      "position": "(-0.705,0.867,-0.153)",
      "hash": "2CA9068B052C4F3D0:2CAA108A5A2C4F4B0",
      "properties": {
        "type": "Point",
        "intensity": 1.0,
        "range": 30.0,
        "colour": "#FFFFFF",
        "corona": {
          "sprite": "corona_white01.png",
          "scale": 1.0,
          "range": 100.0
        },
        "dutyCycle": "DuskTillDawn()"
      }
    },
    {
      "parent": "/Far__x11_z11/Far__x11_z11_LFS/Far_SilosCranes/Oil_Derrick (1)/collider/%GROUP%_Mesh00013A1057000004",
      "position": "(0.705,0.867,-0.153)",
      "hash": "2CA9068B052C4F3D0:2CA90E8A5A2C50490",
      "properties": {
        "type": "Point",
        "intensity": 1.0,
        "range": 30.0,
        "colour": "#FFFFFF",
        "corona": {
          "sprite": "corona_white01.png",
          "scale": 1.0,
          "range": 100.0
        },
        "dutyCycle": "DuskTillDawn()"
      }
    },
    {
      "parent": "/Far__x11_z11/Far__x11_z11_LFS/Far_SilosCranes/Oil_Derrick (4)/collider/%GROUP%_Mesh0001391058000000",
      "position": "(0,1.245,-0.188)",
      "hash": "2D31598B072CE9530:2D31038A582CE85D0",
      "properties": {
        "type": "Point",
        "intensity": 1.0,
        "range": 30.0,
        "colour": "#FFFFFF",
        "corona": {
          "sprite": "corona_white01.png",
          "scale": 1.0,
          "range": 100.0
        },
        "dutyCycle": "DuskTillDawn()"
      }
    },
    {
      "parent": "/Far__x11_z11/Far__x11_z11_LFS/Far_SilosCranes/Oil_Derrick (4)/collider/%GROUP%_Mesh0001391058000000",
      "position": "(-0.705,0.867,-0.153)",
      "hash": "2D31598B072CE9530:2D304E8A5C2CE9450",
      "properties": {
        "type": "Point",
        "intensity": 1.0,
        "range": 30.0,
        "colour": "#FFFFFF",
        "corona": {
          "sprite": "corona_white01.png",
          "scale": 1.0,
          "range": 100.0
        },
        "dutyCycle": "DuskTillDawn()"
      }
    },
    {
      "parent": "/Far__x11_z11/Far__x11_z11_LFS/Far_SilosCranes/Oil_Derrick (4)/collider/%GROUP%_Mesh0001391058000000",
      "position": "(0.705,0.867,-0.153)",
      "hash": "2D31598B072CE9530:2D31508A5C2CE8480",
      "properties": {
        "type": "Point",
        "intensity": 1.0,
        "range": 30.0,
        "colour": "#FFFFFF",
        "corona": {
          "sprite": "corona_white01.png",
          "scale": 1.0,
          "range": 100.0
        },
        "dutyCycle": "DuskTillDawn()"
      }
    },
    {
      "parent": "/Far__x11_z11/Far__x11_z11_LFS/Far_Roads/ParkingLot03/Collider/%GROUP%_Mesh00095B0000000360",
      "position": "(0.75,12.25,0)",
      "rotation": "(-0.7071068,0,0,0.7071068)",
      "hash": "2DC1497A212DB6360:2DC113863A2DB7070",
      "properties": {
        "type": "Point",
        "intensity": 1.0,
        "range": 30.0,
        "colour": "#FFFFFF",
        "corona": {
          "sprite": "corona_white01.png",
          "scale": 1.0,
          "range": 100.0
        },
        "dutyCycle": "DuskTillDawn()"
      }
    },
    {
      "parent": "/Far__x11_z11/Far__x11_z11_LFS/Far_Roads/ParkingLot03/Collider/%GROUP%_Mesh00095B0000000360",
      "position": "(0,12.25,0.75)",
      "rotation": "(-0.7071068,0,0,0.7071068)",
      "hash": "2DC1497A212DB6360:2DC115863A2DB6010",
      "properties": {
        "type": "Point",
        "intensity": 1.0,
        "range": 30.0,
        "colour": "#FFFFFF",
        "corona": {
          "sprite": "corona_white01.png",
          "scale": 1.0,
          "range": 100.0
        },
        "dutyCycle": "DuskTillDawn()"
      }
    },
    {
      "parent": "/Far__x11_z11/Far__x11_z11_LFS/Far_Roads/ParkingLot03/Collider/%GROUP%_Mesh00095B0000000360",
      "position": "(-0.75,12.25,0)",
      "rotation": "(-0.7071068,0,0,0.7071068)",
      "hash": "2DC1497A212DB6360:2DC21B863A2DB6020",
      "properties": {
        "type": "Point",
        "intensity": 1.0,
        "range": 30.0,
        "colour": "#FFFFFF",
        "corona": {
          "sprite": "corona_white01.png",
          "scale": 1.0,
          "range": 100.0
        },
        "dutyCycle": "DuskTillDawn()"
      }
    },
    {
      "parent": "/Far__x11_z11/Far__x11_z11_LFS/Far_Roads/ParkingLot03/Collider/%GROUP%_Mesh00095B0000000360",
      "position": "(0,12.25,-0.75)",
      "rotation": "(-0.7071068,0,0,0.7071068)",
      "hash": "2DC1497A212DB6360:2DC219863A2DB7080",
      "properties": {
        "type": "Point",
        "intensity": 1.0,
        "range": 30.0,
        "colour": "#FFFFFF",
        "corona": {
          "sprite": "corona_white01.png",
          "scale": 1.0,
          "range": 100.0
        },
        "dutyCycle": "DuskTillDawn()"
      }
    },
    {
      "parent": "/Far__x11_z11/Far__x11_z11_LFS/Far_SilosCranes/Pumpjack (11)/collider/%GROUP%_Mesh006B3B0001001A40",
      "position": "(0.75,12.25,0)",
      "rotation": "(-0.7071068,0,0,0.7071068)",
      "hash": "2C97497A132CBD0E0:2C9712862C2CBD410",
      "properties": {
        "type": "Point",
        "intensity": 1.0,
        "range": 30.0,
        "colour": "#FFFFFF",
        "corona": {
          "sprite": "corona_white01.png",
          "scale": 1.0,
          "range": 100.0
        },
        "dutyCycle": "DuskTillDawn()"
      }
    },
    {
      "parent": "/Far__x11_z11/Far__x11_z11_LFS/Far_SilosCranes/Pumpjack (11)/collider/%GROUP%_Mesh006B3B0001001A40",
      "position": "(0,12.25,0.75)",
      "rotation": "(-0.7071068,0,0,0.7071068)",
      "hash": "2C97497A132CBD0E0:2C9716862C2CBC3B0",
      "properties": {
        "type": "Point",
        "intensity": 1.0,
        "range": 30.0,
        "colour": "#FFFFFF",
        "corona": {
          "sprite": "corona_white01.png",
          "scale": 1.0,
          "range": 100.0
        },
        "dutyCycle": "DuskTillDawn()"
      }
    },
    {
      "parent": "/Far__x11_z11/Far__x11_z11_LFS/Far_SilosCranes/Pumpjack (11)/collider/%GROUP%_Mesh006B3B0001001A40",
      "position": "(-0.75,12.25,0)",
      "rotation": "(-0.7071068,0,0,0.7071068)",
      "hash": "2C97497A132CBD0E0:2C981C862C2CBC3F0",
      "properties": {
        "type": "Point",
        "intensity": 1.0,
        "range": 30.0,
        "colour": "#FFFFFF",
        "corona": {
          "sprite": "corona_white01.png",
          "scale": 1.0,
          "range": 100.0
        },
        "dutyCycle": "DuskTillDawn()"
      }
    },
    {
      "parent": "/Far__x11_z11/Far__x11_z11_LFS/Far_SilosCranes/Pumpjack (11)/collider/%GROUP%_Mesh006B3B0001001A40",
      "position": "(0,12.25,-0.75)",
      "rotation": "(-0.7071068,0,0,0.7071068)",
      "hash": "2C97497A132CBD0E0:2C9819862C2CBD450",
      "properties": {
        "type": "Point",
        "intensity": 1.0,
        "range": 30.0,
        "colour": "#FFFFFF",
        "corona": {
          "sprite": "corona_white01.png",
          "scale": 1.0,
          "range": 100.0
        },
        "dutyCycle": "DuskTillDawn()"
      }
    },
    {
      "parent": "/Far__x11_z11/Far__x11_z11_LFS/Far_SilosCranes/Pumpjack (11)/collider/%GROUP%_Mesh0039060001002F36",
      "position": "(0.75,12.25,0)",
      "rotation": "(-0.7071068,0,0,0.7071068)",
      "hash": "2C713D7A132C955D0:2C7106862C2C962C0",
      "properties": {
        "type": "Point",
        "intensity": 1.0,
        "range": 30.0,
        "colour": "#FFFFFF",
        "corona": {
          "sprite": "corona_white01.png",
          "scale": 1.0,
          "range": 100.0
        },
        "dutyCycle": "DuskTillDawn()"
      }
    },
    {
      "parent": "/Far__x11_z11/Far__x11_z11_LFS/Far_SilosCranes/Pumpjack (11)/collider/%GROUP%_Mesh0039060001002F36",
      "position": "(0,12.25,0.75)",
      "rotation": "(-0.7071068,0,0,0.7071068)",
      "hash": "2C713D7A132C955D0:2C710A862C2C95260",
      "properties": {
        "type": "Point",
        "intensity": 1.0,
        "range": 30.0,
        "colour": "#FFFFFF",
        "corona": {
          "sprite": "corona_white01.png",
          "scale": 1.0,
          "range": 100.0
        },
        "dutyCycle": "DuskTillDawn()"
      }
    },
    {
      "parent": "/Far__x11_z11/Far__x11_z11_LFS/Far_SilosCranes/Pumpjack (11)/collider/%GROUP%_Mesh0039060001002F36",
      "position": "(-0.75,12.25,0)",
      "rotation": "(-0.7071068,0,0,0.7071068)",
      "hash": "2C713D7A132C955D0:2C7210862C2C952A0",
      "properties": {
        "type": "Point",
        "intensity": 1.0,
        "range": 30.0,
        "colour": "#FFFFFF",
        "corona": {
          "sprite": "corona_white01.png",
          "scale": 1.0,
          "range": 100.0
        },
        "dutyCycle": "DuskTillDawn()"
      }
    },
    {
      "parent": "/Far__x11_z11/Far__x11_z11_LFS/Far_SilosCranes/Pumpjack (11)/collider/%GROUP%_Mesh0039060001002F36",
      "position": "(0,12.25,-0.75)",
      "rotation": "(-0.7071068,0,0,0.7071068)",
      "hash": "2C713D7A132C955D0:2C720C862C2C96300",
      "properties": {
        "type": "Point",
        "intensity": 1.0,
        "range": 30.0,
        "colour": "#FFFFFF",
        "corona": {
          "sprite": "corona_white01.png",
          "scale": 1.0,
          "range": 100.0
        },
        "dutyCycle": "DuskTillDawn()"
      }
    },
    {
      "parent": "/Far__x11_z11/Far__x11_z11_LFS/Far_SilosCranes/Pumpjack (11)/collider/%GROUP%_Mesh000F08000100410A",
      "position": "(0.75,12.25,0)",
      "rotation": "(-0.7071068,0,0,0.7071068)",
      "hash": "2C514B7A132C752C0:2C5116862C2C75610",
      "properties": {
        "type": "Point",
        "intensity": 1.0,
        "range": 30.0,
        "colour": "#FFFFFF",
        "corona": {
          "sprite": "corona_white01.png",
          "scale": 1.0,
          "range": 100.0
        },
        "dutyCycle": "DuskTillDawn()"
      }
    },
    {
      "parent": "/Far__x11_z11/Far__x11_z11_LFS/Far_SilosCranes/Pumpjack (11)/collider/%GROUP%_Mesh000F08000100410A",
      "position": "(0,12.25,0.75)",
      "rotation": "(-0.7071068,0,0,0.7071068)",
      "hash": "2C514B7A132C752C0:2C5116862C2C745B0",
      "properties": {
        "type": "Point",
        "intensity": 1.0,
        "range": 30.0,
        "colour": "#FFFFFF",
        "corona": {
          "sprite": "corona_white01.png",
          "scale": 1.0,
          "range": 100.0
        },
        "dutyCycle": "DuskTillDawn()"
      }
    },
    {
      "parent": "/Far__x11_z11/Far__x11_z11_LFS/Far_SilosCranes/Pumpjack (11)/collider/%GROUP%_Mesh000F08000100410A",
      "position": "(-0.75,12.25,0)",
      "rotation": "(-0.7071068,0,0,0.7071068)",
      "hash": "2C514B7A132C752C0:2C521C862C2C745B0",
      "properties": {
        "type": "Point",
        "intensity": 1.0,
        "range": 30.0,
        "colour": "#FFFFFF",
        "corona": {
          "sprite": "corona_white01.png",
          "scale": 1.0,
          "range": 100.0
        },
        "dutyCycle": "DuskTillDawn()"
      }
    },
    {
      "parent": "/Far__x11_z11/Far__x11_z11_LFS/Far_SilosCranes/Pumpjack (11)/collider/%GROUP%_Mesh000F08000100410A",
      "position": "(0,12.25,-0.75)",
      "rotation": "(-0.7071068,0,0,0.7071068)",
      "hash": "2C514B7A132C752C0:2C521C862C2C75610",
      "properties": {
        "type": "Point",
        "intensity": 1.0,
        "range": 30.0,
        "colour": "#FFFFFF",
        "corona": {
          "sprite": "corona_white01.png",
          "scale": 1.0,
          "range": 100.0
        },
        "dutyCycle": "DuskTillDawn()"
      }
    },
    {
      "parent": "/Far__x11_z11/Far__x11_z11_LFS/Far_SilosCranes/Pumpjack (11)/collider/%GROUP%_Mesh01C90A000A00D94E",
      "position": "(0,1.12,0)",
      "rotation": "(-0.7071068,0,0,0.7071068)",
      "hash": "2DFC157A072DA71D0:2DFC157B132DA71D0",
      "properties": {
        "type": "Point",
        "intensity": 0.5,
        "range": 10.0,
        "colour": "#FFFFFF",
        "corona": null,
        "dutyCycle": "Always()"
      }
    },
    {
      "parent": "/Far__x11_z11/Far__x11_z11_LFS/Far_SilosCranes/Pumpjack (11)/collider/%GROUP%_Mesh01ED02000400C823",
      "position": "(0,1.12,0)",
      "rotation": "(-0.7071068,0,0,0.7071068)",
      "hash": "2DF9207A0D2DCF0B0:2DF9207B192DCF0B0",
      "properties": {
        "type": "Point",
        "intensity": 0.5,
        "range": 10.0,
        "colour": "#FFFFFF",
        "corona": null,
        "dutyCycle": "Always()"
      }
    },
    {
      "parent": "/Far__x11_z11/Far__x11_z11_LFS/Far_SilosCranes/Pumpjack (11)/collider/%GROUP%_Mesh020439000100A802",
      "position": "(0,1.12,0)",
      "rotation": "(-0.7071068,0,0,0.7071068)",
      "hash": "2DE4017A132DF0600:2DE4017B1F2DF0600",
      "properties": {
        "type": "Point",
        "intensity": 0.5,
        "range": 10.0,
        "colour": "#FFFFFF",
        "corona": null,
        "dutyCycle": "Always()"
      }
    },
    {
      "parent": "/Far__x11_z11/Far__x11_z11_LFS/Far_IndustryBuildings/ServiceDepot_04/Doors/DepotDoor_L_04b/%GROUP%_Mesh00CA17025800894F",
      "position": "(0,1.12,0)",
      "rotation": "(-0.7071068,0,0,0.7071068)",
      "hash": "2DBF177A132E00330:2DBF177B1F2E00330",
      "properties": {
        "type": "Point",
        "intensity": 0.5,
        "range": 10.0,
        "colour": "#FFFFFF",
        "corona": null,
        "dutyCycle": "Always()"
      }
    },
    {
      "parent": "/Far__x11_z11/Far__x11_z11_LFS/Far_SilosCranes/Pumpjack (11)/collider/%GROUP%_Mesh01F02B0003005D43",
      "position": "(0,1.12,0)",
      "rotation": "(-0.6390412,-0.276370674,-0.264699548,0.6672179)",
      "hash": "2D97307A162DF94E0:2D97307B222DF94E0",
      "properties": {
        "type": "Point",
        "intensity": 0.5,
        "range": 10.0,
        "colour": "#FFFFFF",
        "corona": null,
        "dutyCycle": "Always()"
      }
    }
  ],
  "meshes": [
    {
      "parent": "/Far__x11_z11/Far__x11_z11_LFS/Far_SilosCranes/Pumpjack (11)/collider",
      "position": "(-149.581345,0.0155181885,-9.355288)",
      "rotation": "(0,0.3665012,0,0.9304176)",
      "hash": "2C88407A122C4F200:2CB7227A132CDD490",
      "properties": {
        "file": "meshes_lampposts.assetbundle",
        "mesh": "YardLamp_Floor"
      }
    },
    {
      "parent": "/Far__x11_z11/Far__x11_z11_LFS/Far_SilosCranes/Pumpjack (11)/collider",
      "position": "(-186.516724,0.0155181885,5.84942245)",
      "rotation": "(0,0.382683456,0,0.9238795)",
      "hash": "2C88407A122C4F200:2CD30E7A132CFA290",
      "properties": {
        "file": "meshes_lampposts.assetbundle",
        "mesh": "YardLamp_Floor"
      }
    },
    {
      "parent": "/Far__x11_z11/Far__x11_z11_LFS/Far_SilosCranes/Pumpjack (11)/collider",
      "position": "(-223.484161,0.0155181885,21.0896988)",
      "rotation": "(0,0.37460658,0,0.927183867)",
      "hash": "2C88407A122C4F200:2CEE637A132D170B0",
      "properties": {
        "file": "meshes_lampposts.assetbundle",
        "mesh": "YardLamp_Floor"
      }
    },
    {
      "parent": "/Far__x11_z11/Far__x11_z11_LFS/Far_SilosCranes/Pumpjack (11)/collider",
      "position": "(-260.375366,0.0155181885,36.39191)",
      "rotation": "(0,0.37460658,0,0.927183867)",
      "hash": "2C88407A122C4F200:2D0A567A132D33470",
      "properties": {
        "file": "meshes_lampposts.assetbundle",
        "mesh": "YardLamp_Floor"
      }
    },
    {
      "parent": "/Far__x11_z11/Far__x11_z11_LFS/Far_SilosCranes/Pumpjack (11)/collider",
      "position": "(-297.2751,0.0155181885,51.6917725)",
      "rotation": "(0,0.382683456,0,0.9238795)",
      "hash": "2C88407A122C4F200:2D264A7A132D50200",
      "properties": {
        "file": "meshes_lampposts.assetbundle",
        "mesh": "YardLamp_Floor"
      }
    },
    {
      "parent": "/Far__x11_z11/Far__x11_z11_LFS/Far_SilosCranes/Pumpjack (11)/collider",
      "position": "(-334.333954,0.0460357666,67.0480347)",
      "rotation": "(0,0.37460658,0,0.927183867)",
      "hash": "2C88407A122C4F200:2D42497A172D6D060",
      "properties": {
        "file": "meshes_lampposts.assetbundle",
        "mesh": "YardLamp_Floor"
      }
    },
    {
      "parent": "/Far__x11_z11/Far__x11_z11_LFS/Far_SilosCranes/Pumpjack (11)/collider",
      "position": "(-371.191345,0.0460357666,82.423645)",
      "rotation": "(0,0.37460658,0,0.927183867)",
      "hash": "2C88407A122C4F200:2D5E427A172D893C0",
      "properties": {
        "file": "meshes_lampposts.assetbundle",
        "mesh": "YardLamp_Floor"
      }
    },
    {
      "parent": "/Far__x11_z11/Far__x11_z11_LFS/Far_SilosCranes/Pumpjack (11)/collider",
      "position": "(-408.340851,0.0155181885,97.8121262)",
      "rotation": "(0,0.37460658,0,0.927183867)",
      "hash": "2C88407A122C4F200:2D7A477A132DA6290",
      "properties": {
        "file": "meshes_lampposts.assetbundle",
        "mesh": "YardLamp_Floor"
      }
    },
    {
      "parent": "/Far__x11_z11/Far__x11_z11_LFS/Far_SilosCranes/Pumpjack (11)/collider",
      "position": "(-444.8807,0.0155181885,112.567886)",
      "rotation": "(0,0.37460658,0,0.927183867)",
      "hash": "2C88407A122C4F200:2D955F7A132DC2590",
      "properties": {
        "file": "meshes_lampposts.assetbundle",
        "mesh": "YardLamp_Floor"
      }
    },
    {
      "parent": "/Far__x11_z11/Far__x11_z11_LFS/Far_SilosCranes/Pumpjack (11)/collider",
      "position": "(-460.430054,0.0155181885,76.34669)",
      "rotation": "(0,0.9304176,0,-0.366501182)",
      "hash": "2C88407A122C4F200:2D7A067A132DDE4B0",
      "properties": {
        "file": "meshes_lampposts.assetbundle",
        "mesh": "YardLamp_Floor"
      }
    },
    {
      "parent": "/Far__x11_z11/Far__x11_z11_LFS/Far_SilosCranes/Pumpjack (11)/collider",
      "position": "(-386.238,0.0155181885,46.352375)",
      "rotation": "(0,0.9304176,0,-0.366501182)",
      "hash": "2C88407A122C4F200:2D42487A132DA45E0",
      "properties": {
        "file": "meshes_lampposts.assetbundle",
        "mesh": "YardLamp_Floor"
      }
    },
    {
      "parent": "/Far__x11_z11/Far__x11_z11_LFS/Far_SilosCranes/Pumpjack (11)/collider",
      "position": "(-349.446869,0.0155181885,31.0743942)",
      "rotation": "(0,0.9304176,0,-0.366501182)",
      "hash": "2C88407A122C4F200:2D265B7A132D882A0",
      "properties": {
        "file": "meshes_lampposts.assetbundle",
        "mesh": "YardLamp_Floor"
      }
    },
    {
      "parent": "/Far__x11_z11/Far__x11_z11_LFS/Far_SilosCranes/Pumpjack (11)/collider",
      "position": "(-312.3861,0.0155181885,15.6158552)",
      "rotation": "(0,0.927183867,0,-0.3746066)",
      "hash": "2C88407A122C4F200:2D0A527A132D6B480",
      "properties": {
        "file": "meshes_lampposts.assetbundle",
        "mesh": "YardLamp_Floor"
      }
    },
    {
      "parent": "/Far__x11_z11/Far__x11_z11_LFS/Far_SilosCranes/Pumpjack (11)/collider",
      "position": "(-275.3471,0.0155181885,0.475583076)",
      "rotation": "(0,0.933580458,0,-0.35836792)",
      "hash": "2C88407A122C4F200:2CEF047A132D4E5C0",
      "properties": {
        "file": "meshes_lampposts.assetbundle",
        "mesh": "YardLamp_Floor"
      }
    },
    {
      "parent": "/Far__x11_z11/Far__x11_z11_LFS/Far_SilosCranes/Pumpjack (11)/collider",
      "position": "(-238.741974,0.0155181885,-14.7524853)",
      "rotation": "(0,0.933580458,0,-0.35836792)",
      "hash": "2C88407A122C4F200:2CD3227A132D32370",
      "properties": {
        "file": "meshes_lampposts.assetbundle",
        "mesh": "YardLamp_Floor"
      }
    },
    {
      "parent": "/Far__x11_z11/Far__x11_z11_LFS/Far_SilosCranes/Pumpjack (11)/collider",
      "position": "(-164.67868,0.0155181885,-45.642292)",
      "rotation": "(0,0.9366722,0,-0.350207418)",
      "hash": "2C88407A122C4F200:2C9B177A132CF9130",
      "properties": {
        "file": "meshes_lampposts.assetbundle",
        "mesh": "YardLamp_Floor"
      }
    },
    {
      "parent": "/Far__x11_z11/Far__x11_z11_LFS/Far_SilosCranes/Pumpjack (11)/collider",
      "position": "(-140.492462,0.0460357666,116.945236)",
      "rotation": "(0,0.382683456,0,0.9238795)",
      "hash": "2C88407A122C4F200:2D291E7A172CA6340",
      "properties": {
        "file": "meshes_lampposts.assetbundle",
        "mesh": "YardLamp_Floor"
      }
    },
    {
      "parent": "/Far__x11_z11/Far__x11_z11_LFS/Far_SilosCranes/Pumpjack (11)/collider",
      "position": "(-177.485367,0.0765533447,132.257339)",
      "rotation": "(0,0.37460658,0,0.927183867)",
      "hash": "2C88407A122C4F200:2D45167A1A2CC3150",
      "properties": {
        "file": "meshes_lampposts.assetbundle",
        "mesh": "YardLamp_Floor"
      }
    },
    {
      "parent": "/Far__x11_z11/Far__x11_z11_LFS/Far_SilosCranes/Pumpjack (11)/collider",
      "position": "(-214.5589,0.0765533447,147.653)",
      "rotation": "(0,0.37460658,0,0.927183867)",
      "hash": "2C88407A122C4F200:2D61197A1A2CDF5F0",
      "properties": {
        "file": "meshes_lampposts.assetbundle",
        "mesh": "YardLamp_Floor"
      }
    },
    {
      "parent": "/Far__x11_z11/Far__x11_z11_LFS/Far_SilosCranes/Pumpjack (11)/collider",
      "position": "(-251.3073,0.0765533447,162.88179)",
      "rotation": "(0,0.37460658,0,0.927183867)",
      "hash": "2C88407A122C4F200:2D7D007A1A2CFC2D0",
      "properties": {
        "file": "meshes_lampposts.assetbundle",
        "mesh": "YardLamp_Floor"
      }
    },
    {
      "parent": "/Far__x11_z11/Far__x11_z11_LFS/Far_SilosCranes/Pumpjack (11)/collider",
      "position": "(-288.2576,0.0155181885,178.189865)",
      "rotation": "(0,0.37460658,0,0.927183867)",
      "hash": "2C88407A122C4F200:2D985B7A132D190A0",
      "properties": {
        "file": "meshes_lampposts.assetbundle",
        "mesh": "YardLamp_Floor"
      }
    },
    {
      "parent": "/Far__x11_z11/Far__x11_z11_LFS/Far_SilosCranes/Pumpjack (11)/collider",
      "position": "(-325.456238,-0.0455245972,193.59343)",
      "rotation": "(0,0.37460658,0,0.927183867)",
      "hash": "2C88407A122C4F200:2DB4637A0D2D355F0",
      "properties": {
        "file": "meshes_lampposts.assetbundle",
        "mesh": "YardLamp_Floor"
      }
    },
    {
      "parent": "/Far__x11_z11/Far__x11_z11_LFS/Far_SilosCranes/Pumpjack (11)/collider",
      "position": "(-362.5564,-0.106559753,208.99527)",
      "rotation": "(0,0.37460658,0,0.927183867)",
      "hash": "2C88407A122C4F200:2DD1047A072D52470",
      "properties": {
        "file": "meshes_lampposts.assetbundle",
        "mesh": "YardLamp_Floor"
      }
    },
    {
      "parent": "/Far__x11_z11/Far__x11_z11_LFS/Far_SilosCranes/Pumpjack (11)/collider",
      "position": "(-399.417542,-0.167602539,224.280045)",
      "rotation": "(0,0.37460658,0,0.927183867)",
      "hash": "2C88407A122C4F200:2DEC587A012D6F1E0",
      "properties": {
        "file": "meshes_lampposts.assetbundle",
        "mesh": "YardLamp_Floor"
      }
    },
    {
      "parent": "/Far__x11_z11/Far__x11_z11_LFS/Far_Roads/ParkingLot06/Collider",
      "position": "(-30.5160847,0,25.6292477)",
      "rotation": "(0,-0.390731215,0,0.920504868)",
      "hash": "2DCB407A212DB23A0:2DD0037A212D8A610",
      "properties": {
        "file": "meshes_lampposts.assetbundle",
        "mesh": "YardLamp_Floor"
      }
    },
    {
      "parent": "/Far__x11_z11/Far__x11_z11_LFS/Far_Roads/Flat_40x10#1/Collider",
      "position": "(3.86375046,-0.05,23.5856628)",
      "rotation": "(0,0.920504868,0,-0.390731126)",
      "hash": "2DC7197A262D7C480:2DB4127A212D6E200",
      "properties": {
        "file": "meshes_lampposts.assetbundle",
        "mesh": "YardLamp_Floor"
      }
    },
    {
      "parent": "/Far__x11_z11/Far__x11_z11_LFS/Far_Roads/Flat_40x10 (1)/Collider",
      "position": "(4.31292725,-0.05,23.6122742)",
      "rotation": "(0,0.920504868,0,-0.390731126)",
      "hash": "2DAB407A262D5F4D0:2D98167A212D51420",
      "properties": {
        "file": "meshes_lampposts.assetbundle",
        "mesh": "YardLamp_Floor"
      }
    },
    {
      "parent": "/Far__x11_z11/Far__x11_z11_LFS/Far_SilosCranes/Oil_Derrick (2)/collider",
      "position": "(1.58325958,16.8933868,0.0273532867)",
      "rotation": "(0.262879431,0.6564255,0.656425536,-0.262879431)",
      "hash": "2D4B167A122D1B1E0:2D4C1E8B072D1C2E0",
      "properties": {
        "file": "meshes_lampposts.assetbundle",
        "mesh": "YardLamp_Wall"
      }
    },
    {
      "parent": "/Far__x11_z11/Far__x11_z11_LFS/Far_SilosCranes/Oil_Derrick (4)/collider",
      "position": "(1.58256531,16.8693085,0.04138565)",
      "rotation": "(0.262879342,0.656425536,0.656425536,-0.262879342)",
      "hash": "2D32617A122CEA620:2D34038B052CEC100",
      "properties": {
        "file": "meshes_lampposts.assetbundle",
        "mesh": "YardLamp_Wall"
      }
    },
    {
      "parent": "/Far__x11_z11/Far__x11_z11_LFS/Far_SilosCranes/Oil_Derrick (3)/collider",
      "position": "(1.58218384,16.85733,0.0239944458)",
      "rotation": "(0.262879342,0.656425536,0.656425536,-0.262879342)",
      "hash": "2CC8497A122C821B0:2CC9508B042C832B0",
      "properties": {
        "file": "meshes_lampposts.assetbundle",
        "mesh": "YardLamp_Wall"
      }
    },
    {
      "parent": "/Far__x11_z11/Far__x11_z11_LFS/Far_SilosCranes/Oil_Derrick (1)/collider",
      "position": "(1.58276367,16.8706665,0.04908371)",
      "rotation": "(0.262879431,0.6564255,0.656425536,-0.262879431)",
      "hash": "2CA8007A122C4E2B0:2CA9068B052C4F3D0",
      "properties": {
        "file": "meshes_lampposts.assetbundle",
        "mesh": "YardLamp_Wall"
      }
    },
    {
      "parent": "/Far__x11_z11/Far__x11_z11_LFS/Far_SilosCranes/Oil_Derrick (4)/collider",
      "position": "(-1.57725525,16.8892212,-0.007762909)",
      "rotation": "(-0.6564242,0.26288256,0.26288256,0.6564242)",
      "hash": "2D32617A122CEA620:2D31598B072CE9530",
      "properties": {
        "file": "meshes_lampposts.assetbundle",
        "mesh": "YardLamp_Wall"
      }
    },
    {
      "parent": "/Far__x11_z11/Far__x11_z11_LFS/Far_Roads/ParkingLot03/Collider",
      "position": "(9.91039848,0,3.96743679)",
      "rotation": "(0,0.927183867,0,-0.3746066)",
      "hash": "2DCB407A212DB23A0:2DC1497A212DB6360",
      "properties": {
        "file": "meshes_lampposts.assetbundle",
        "mesh": "YardLamp_Floor"
      }
    },
    {
      "parent": "/Far__x11_z11/Far__x11_z11_LFS/Far_SilosCranes/Pumpjack (11)/collider",
      "position": "(-107.599854,0.0155181885,-26.6485157)",
      "rotation": "(0,0.9304176,0,-0.366501182)",
      "hash": "2C88407A122C4F200:2C97497A132CBD0E0",
      "properties": {
        "file": "meshes_lampposts.assetbundle",
        "mesh": "YardLamp_Floor"
      }
    },
    {
      "parent": "/Far__x11_z11/Far__x11_z11_LFS/Far_SilosCranes/Pumpjack (11)/collider",
      "position": "(-57.06246,0.0155181885,-47.54531)",
      "rotation": "(0,0.9304176,0,-0.366501182)",
      "hash": "2C88407A122C4F200:2C713D7A132C955D0",
      "properties": {
        "file": "meshes_lampposts.assetbundle",
        "mesh": "YardLamp_Floor"
      }
    },
    {
      "parent": "/Far__x11_z11/Far__x11_z11_LFS/Far_SilosCranes/Pumpjack (11)/collider",
      "position": "(-15.0860386,0.0155181885,-65.10543)",
      "rotation": "(0,0.9238796,0,-0.382683367)",
      "hash": "2C88407A122C4F200:2C514B7A132C752C0",
      "properties": {
        "file": "meshes_lampposts.assetbundle",
        "mesh": "YardLamp_Floor"
      }
    },
    {
      "parent": "/Far__x11_z11/Far__x11_z11_LFS/Far_SilosCranes/Pumpjack (11)/collider",
      "position": "(-457.101746,-0.106559753,217.7813)",
      "rotation": "(0,0.1478094,0,0.9890159)",
      "hash": "2C88407A122C4F200:2DFC157A072DA71D0",
      "properties": {
        "file": "meshes_lampposts.assetbundle",
        "mesh": "IndustrialLamp_Floor"
      }
    },
    {
      "parent": "/Far__x11_z11/Far__x11_z11_LFS/Far_SilosCranes/Pumpjack (11)/collider",
      "position": "(-493.0288,-0.0455245972,200.357376)",
      "rotation": "(0,-0.13917318,0,0.9902681)",
      "hash": "2C88407A122C4F200:2DF9207A0D2DCF0B0",
      "properties": {
        "file": "meshes_lampposts.assetbundle",
        "mesh": "IndustrialLamp_Floor"
      }
    },
    {
      "parent": "/Far__x11_z11/Far__x11_z11_LFS/Far_SilosCranes/Pumpjack (11)/collider",
      "position": "(-516.578552,0.0155181885,168.0211)",
      "rotation": "(0,-0.446197748,0,0.8949344)",
      "hash": "2C88407A122C4F200:2DE4017A132DF0600",
      "properties": {
        "file": "meshes_lampposts.assetbundle",
        "mesh": "IndustrialLamp_Floor"
      }
    },
    {
      "parent": "/Far__x11_z11/Far__x11_z11_LFS/Far_IndustryBuildings/ServiceDepot_04/Doors/DepotDoor_L_04b",
      "position": "(-202.23616,-2.889532,137.79483)",
      "rotation": "(0,-0.681998253,0,0.7313538)",
      "hash": "2D093C7D082D5C320:2DBF177A132E00330",
      "properties": {
        "file": "meshes_lampposts.assetbundle",
        "mesh": "IndustrialLamp_Floor"
      }
    },
    {
      "parent": "/Far__x11_z11/Far__x11_z11_LFS/Far_SilosCranes/Pumpjack (11)/collider",
      "position": "(-496.431,0.0370636,93.67218)",
      "rotation": "(0,-0.8526403,0,0.5224985)",
      "hash": "2C88407A122C4F200:2D97307A162DF94E0",
      "properties": {
        "file": "meshes_lampposts.assetbundle",
        "mesh": "IndustrialLamp_Floor"
      }
    }
  ],
  "decorations": []
}