{
  "version": 97,
  "enabled": true,
  "lights": [
    {
      "parent": "/Far__x1_z5/Far__x1_z5_LFS/Far_Fences/FenceWall01_x12_Yellow (16)/Collider",
      "position": "(-80.03136,44.11476,66.0323944)",
      "rotation": "(-0.7071068,0,0,0.7071068)",
      "hash": "065D4A7A15148B060:065050A62114F2010",
      "properties": {
        "type": "Point",
        "intensity": 1.0,
        "range": 20.0,
        "colour": "#FF0000",
        "corona": {
          "sprite": "corona_flare02.png",
          "scale": 0.5,
          "range": 500.0
        },
        "dutyCycle": "Always()"
      }
    },
    {
      "parent": "/Far__x1_z5/Far__x1_z5_LFS/Far_Fences/FenceWall01_x12_Yellow (16)/Collider",
      "position": "(-78.30782,44.0917969,66.5116043)",
      "rotation": "(-0.7071068,0,0,0.7071068)",
      "hash": "065D4A7A15148B060:065226A61F14F1120",
      "properties": {
        "type": "Point",
        "intensity": 1.0,
        "range": 20.0,
        "colour": "#FF0000",
        "corona": {
          "sprite": "corona_flare02.png",
          "scale": 0.5,
          "range": 500.0
        },
        "dutyCycle": "Always()"
      }
    },
    {
      "parent": "/Far__x1_z5/Far__x1_z5_LFS/Far_SilosCranes/TowerCrane/Colliders",
      "position": "(-0.1969575,56.2000122,0.8455037)",
      "rotation": "(-0.7071068,0,0,0.7071068)",
      "hash": "06382C7A1514C2540:063815B22914C2000",
      "properties": {
        "type": "Point",
        "intensity": 1.0,
        "range": 20.0,
        "colour": "#FF0000",
        "corona": {
          "sprite": "corona_flare02.png",
          "scale": 0.5,
          "range": 500.0
        },
        "dutyCycle": "Always()"
      }
    },
    {
      "parent": "/Far__x1_z5/Far__x1_z5_LFS/Far_IndustryBuildings/Burner_Large/collider",
      "position": "(-1.61206245,58.095,19.0215683)",
      "rotation": "(-0.7071068,0,0,0.7071068)",
      "hash": "06B360781A160D030:06BF54B224161B620",
      "properties": {
        "type": "Point",
        "intensity": 1.0,
        "range": 20.0,
        "colour": "#FF0000",
        "corona": {
          "sprite": "corona_flare02.png",
          "scale": 0.5,
          "range": 500.0
        },
        "dutyCycle": "Always()"
      }
    },
    {
      "parent": "/Far__x1_z5/Far__x1_z5_LFS/Far_IndustryBuildings/Burner_Large/collider",
      "position": "(-4.38275337,58.095,18.9563446)",
      "rotation": "(-0.7071068,0,0,0.7071068)",
      "hash": "06B360781A160D030:06BD4EB224161D530",
      "properties": {
        "type": "Point",
        "intensity": 1.0,
        "range": 20.0,
        "colour": "#FF0000",
        "corona": {
          "sprite": "corona_flare02.png",
          "scale": 0.5,
          "range": 500.0
        },
        "dutyCycle": "Always()"
      }
    },
    {
      "parent": "/Far__x1_z5/Far__x1_z5_LFS/Far_SilosCranes/CommsTower02 (1)/Collider",
      "position": "(0.0019540675,49.90985,-0.14010939)",
      "hash": "06DF177A1516F1200:06DF14AC0C16F1120",
      "properties": {
        "type": "Point",
        "intensity": 1.0,
        "range": 20.0,
        "colour": "#FF0000",
        "corona": {
          "sprite": "corona_flare02.png",
          "scale": 0.5,
          "range": 500.0
        },
        "dutyCycle": "Always()"
      }
    }
  ],
  "meshes": [],
  "decorations": []
}