{
  "version": 92,
  "enabled": true,
  "lights": [
    {
      "parent": "/Far__x1_z5/Far__x1_z5_LFS/Far_CivilBuildings/House_02/collider",
      "position": "(9.512147,2.37953949,-0.0123472214)",
      "hash": "07DB2C7A1516EC0A0:07E2237C3B16E5390",
      "properties": {
        "type": "Point",
        "intensity": 0.6,
        "range": 5.0,
        "colour": "#FFE5B2",
        "corona": null,
        "dutyCycle": "DuskTillDawn()"
      }
    },
    {
      "parent": "/Far__x1_z5/Far__x1_z5_LFS/Far_CivilBuildings/House_02/collider",
      "position": "(9.560308,2.54305267,-3.927966)",
      "hash": "07DB2C7A1516EC0A0:07DF467C4C16E2450",
      "properties": {
        "type": "Point",
        "intensity": 0.6,
        "range": 5.0,
        "colour": "#FFE5B2",
        "corona": null,
        "dutyCycle": "DuskTillDawn()"
      }
    },
    {
      "parent": "/Far__x1_z5/Far__x1_z5_LFS/Far_CivilBuildings/House_02/collider",
      "position": "(4.19144726,2.664627,-7.79705334)",
      "hash": "07DB2C7A1516EC0A0:07D90E7C5816E3380",
      "properties": {
        "type": "Point",
        "intensity": 0.6,
        "range": 5.0,
        "colour": "#FFE5B2",
        "corona": null,
        "dutyCycle": "DuskTillDawn()"
      }
    },
    {
      "parent": "/Far__x1_z5/Far__x1_z5_LFS/Far_CivilBuildings/House_02/collider",
      "position": "(-4.033413,2.618538,-3.44287682)",
      "rotation": "(0.7071068,0,0,0.7071068)",
      "hash": "07DB2C7A1516EC0A0:07D60E7C5316EC250",
      "properties": {
        "type": "Point",
        "intensity": 0.6,
        "range": 5.0,
        "colour": "#FFE5B2",
        "corona": null,
        "dutyCycle": "DuskTillDawn()"
      }
    },
    {
      "parent": "/Far__x1_z5/Far__x1_z5_LFS/Far_CivilBuildings/House_02/collider",
      "position": "(-5.9676466,2.619522,7.688531)",
      "rotation": "(0.7071068,0,0,0.7071068)",
      "hash": "07DB2C7A1516EC0A0:07DC257C5316F54F0",
      "properties": {
        "type": "Point",
        "intensity": 0.6,
        "range": 5.0,
        "colour": "#FFE5B2",
        "corona": null,
        "dutyCycle": "DuskTillDawn()"
      }
    },
    {
      "parent": "/Far__x1_z5/Far__x1_z5_LFS/Far_CivilBuildings/House_02/collider",
      "position": "(0.0224204082,2.60334778,7.744691)",
      "rotation": "(0.7071068,0,0,0.7071068)",
      "hash": "07DB2C7A1516EC0A0:07E04D7C5216F1480",
      "properties": {
        "type": "Point",
        "intensity": 0.6,
        "range": 5.0,
        "colour": "#FFE5B2",
        "corona": null,
        "dutyCycle": "DuskTillDawn()"
      }
    },
    {
      "parent": "/Far__x1_z5/Far__x1_z5_LFS/Far_CivilBuildings/House_02/collider",
      "position": "(5.977484,2.753273,7.42225)",
      "rotation": "(0.7071068,0,0,0.7071068)",
      "hash": "07DB2C7A1516EC0A0:07E4587C6116ED290",
      "properties": {
        "type": "Point",
        "intensity": 0.6,
        "range": 5.0,
        "colour": "#FFE5B2",
        "corona": null,
        "dutyCycle": "DuskTillDawn()"
      }
    },
    {
      "parent": "/Far__x1_z5/Far__x1_z5_LFS/Far_CivilBuildings/House_08/collider",
      "position": "(5.54745865,2.18547821,3.88326526)",
      "rotation": "(0.7071068,0,0,0.7071068)",
      "hash": "0860447A1516CB600:0861427C2816D2420",
      "properties": {
        "type": "Point",
        "intensity": 0.6,
        "range": 5.0,
        "colour": "#FFE5B2",
        "corona": null,
        "dutyCycle": "DuskTillDawn()"
      }
    },
    {
      "parent": "/Far__x1_z5/Far__x1_z5_LFS/Far_CivilBuildings/House_01 (1)/collider",
      "position": "(6.01487446,1.93014526,-7.391668)",
      "hash": "081F107A151603180:081E2E7C0E15F94A0",
      "properties": {
        "type": "Point",
        "intensity": 0.6,
        "range": 5.0,
        "colour": "#FFE5B2",
        "corona": null,
        "dutyCycle": "DuskTillDawn()"
      }
    },
    {
      "parent": "/Far__x1_z5/Far__x1_z5_LFS/Far_CivilBuildings/House_01 (1)/collider",
      "position": "(0.0570840836,1.84998322,-7.66766357)",
      "hash": "081F107A151603180:08195E7C0615FD3E0",
      "properties": {
        "type": "Point",
        "intensity": 0.6,
        "range": 5.0,
        "colour": "#FFE5B2",
        "corona": null,
        "dutyCycle": "DuskTillDawn()"
      }
    },
    {
      "parent": "/Far__x1_z5/Far__x1_z5_LFS/Far_IndustryBuildings/FakeOffice_4 (1)/collider",
      "position": "(-3.963663,3.39821625,4.022558)",
      "rotation": "(-0.7071068,0,0,0.7071068)",
      "hash": "07BE0D781A1636550:07BE017B42163C310",
      "properties": {
        "type": "Point",
        "intensity": 0.7,
        "range": 10.0,
        "colour": "#FFE5B2",
        "corona": null,
        "dutyCycle": "DuskTillDawn()"
      }
    },
    {
      "parent": "/Far__x1_z5/Far__x1_z5_LFS/Far_IndustryBuildings/FakeOffice_4 (1)/collider",
      "position": "(-3.896391,3.37985229,-4.022578)",
      "rotation": "(-0.7071068,0,0,0.7071068)",
      "hash": "07BE0D781A1636550:07B8367B4016363B0",
      "properties": {
        "type": "Point",
        "intensity": 0.7,
        "range": 10.0,
        "colour": "#FFE5B2",
        "corona": null,
        "dutyCycle": "DuskTillDawn()"
      }
    },
    {
      "parent": "/Far__x1_z5/Far__x1_z5_LFS/Far_CivilBuildings/House_04/collider",
      "position": "(-5.161762,1.66475677,2.10645461)",
      "hash": "07C84B7A1516C1520:07C3357B5816C34D0",
      "properties": {
        "type": "Point",
        "intensity": 0.6,
        "range": 5.0,
        "colour": "#FFE5B2",
        "corona": null,
        "dutyCycle": "DuskTillDawn()"
      }
    },
    {
      "parent": "/Far__x1_z5/Far__x1_z5_LFS/Far_CivilBuildings/House_04/collider",
      "position": "(-0.201051235,1.63889313,5.18053675)",
      "hash": "07C84B7A1516C1520:07C8287B5516C6630",
      "properties": {
        "type": "Point",
        "intensity": 0.6,
        "range": 5.0,
        "colour": "#FFE5B2",
        "corona": null,
        "dutyCycle": "DuskTillDawn()"
      }
    },
    {
      "parent": "/Far__x1_z5/Far__x1_z5_LFS/Far_CivilBuildings/House_08/collider",
      "position": "(-4.96453476,1.537796,4.04472828)",
      "rotation": "(-0.7071068,0,0,0.7071068)",
      "hash": "0860447A1516CB600:085A217B4B16CB0C0",
      "properties": {
        "type": "Point",
        "intensity": 0.6,
        "range": 5.0,
        "colour": "#FFE5B2",
        "corona": null,
        "dutyCycle": "DuskTillDawn()"
      }
    },
    {
      "parent": "/Far__x1_z5/Far__x1_z5_LFS/Far_CivilBuildings/House_03/collider",
      "position": "(-4.04533339,1.5047226,6.973267)",
      "rotation": "(-0.7071068,0,0,0.7071068)",
      "hash": "0843607A1517220D0:0845507B481729610",
      "properties": {
        "type": "Point",
        "intensity": 0.6,
        "range": 5.0,
        "colour": "#FFE5B2",
        "corona": null,
        "dutyCycle": "DuskTillDawn()"
      }
    }
  ],
  "meshes": [],
  "decorations": [
    {
      "parent": "/Far__x1_z5/Far__x1_z5_LFS/Far_CivilBuildings/House_11",
      "hash": "08A2467A1516AB600:08A2467A1516AB600",
      "id": "WINDOWS_1:LIT",
      "properties": {
        "file": "meshes_decoration_lights.assetbundle",
        "mesh": "house_11_Windows",
        "assignMaterials": {
          "hideSourcePrefab": true,
          "assignments": []
        }
      },
      "dutyCycle": "DuskTillDawn()"
    },
    {
      "parent": "/Far__x1_z5/Far__x1_z5_LFS/Far_CivilBuildings/House_13",
      "hash": "08851E7A1516D11D0:08851E7A1516D11D0",
      "id": "WINDOWS_1:LIT",
      "properties": {
        "file": "meshes_decoration_lights.assetbundle",
        "mesh": "house_13_Windows",
        "assignMaterials": {
          "hideSourcePrefab": true,
          "assignments": []
        }
      },
      "dutyCycle": "DuskTillDawn()"
    },
    {
      "parent": "/Far__x1_z5/Far__x1_z5_LFS/Far_CivilBuildings/House_08",
      "hash": "0860447A1516CB600:0860447A1516CB600",
      "id": "WINDOWS_1:LIT",
      "properties": {
        "file": "meshes_decoration_lights.assetbundle",
        "mesh": "house_08_Windows",
        "assignMaterials": {
          "hideSourcePrefab": true,
          "assignments": []
        }
      },
      "dutyCycle": "DuskTillDawn()"
    },
    {
      "parent": "/Far__x1_z5/Far__x1_z5_LFS/Far_CivilBuildings/House_03",
      "hash": "0843607A1517220D0:0843607A1517220D0",
      "id": "WINDOWS_1:LIT",
      "properties": {
        "file": "meshes_decoration_lights.assetbundle",
        "mesh": "house_03_Windows",
        "assignMaterials": {
          "hideSourcePrefab": true,
          "assignments": []
        }
      },
      "dutyCycle": "DuskTillDawn()"
    },
    {
      "parent": "/Far__x1_z5/Far__x1_z5_LFS/Far_CivilBuildings/House_02",
      "hash": "07DB2C7A1516EC0A0:07DB2C7A1516EC0A0",
      "id": "WINDOWS_1:LIT",
      "properties": {
        "file": "meshes_decoration_lights.assetbundle",
        "mesh": "house_02_Windows",
        "assignMaterials": {
          "hideSourcePrefab": true,
          "assignments": []
        }
      },
      "dutyCycle": "DuskTillDawn()"
    },
    {
      "parent": "/Far__x1_z5/Far__x1_z5_LFS/Far_CivilBuildings/House_04",
      "hash": "07C84B7A1516C1520:07C84B7A1516C1520",
      "id": "WINDOWS_1:LIT",
      "properties": {
        "file": "meshes_decoration_lights.assetbundle",
        "mesh": "house_04_Windows",
        "assignMaterials": {
          "hideSourcePrefab": true,
          "assignments": []
        }
      },
      "dutyCycle": "DuskTillDawn()"
    },
    {
      "parent": "/Far__x1_z5/Far__x1_z5_LFS/Far_CivilBuildings/House_15",
      "hash": "0880537A151649210:0880537A151649210",
      "id": "WINDOWS_1:LIT",
      "properties": {
        "file": "meshes_decoration_lights.assetbundle",
        "mesh": "house_15_Windows",
        "assignMaterials": {
          "hideSourcePrefab": true,
          "assignments": []
        }
      },
      "dutyCycle": "DuskTillDawn()"
    },
    {
      "parent": "/Far__x1_z5/Far__x1_z5_LFS/Far_CivilBuildings/House_09 (1)",
      "hash": "08634D7A151633190:08634D7A151633190",
      "id": "WINDOWS_1:LIT",
      "properties": {
        "file": "meshes_decoration_lights.assetbundle",
        "mesh": "house_09_Windows",
        "assignMaterials": {
          "hideSourcePrefab": true,
          "assignments": []
        }
      },
      "dutyCycle": "DuskTillDawn()"
    },
    {
      "parent": "/Far__x1_z5/Far__x1_z5_LFS/Far_IndustryBuildings/Church",
      "hash": "084600781A164F3B0:084600781A164F3B0",
      "id": "WINDOWS_2:LIT",
      "properties": {
        "file": "meshes_decoration_lights.assetbundle",
        "mesh": "Church_Windows2",
        "assignMaterials": {
          "hideSourcePrefab": true,
          "assignments": []
        }
      },
      "dutyCycle": "DuskTillDawn()"
    },
    {
      "parent": "/Far__x1_z5/Far__x1_z5_LFS/Far_IndustryBuildings/Church",
      "hash": "084600781A164F3B0:084600781A164F3B0",
      "id": "WINDOWS_3:LIT",
      "properties": {
        "file": "meshes_decoration_lights.assetbundle",
        "mesh": "Church_Windows3",
        "assignMaterials": {
          "hideSourcePrefab": true,
          "assignments": []
        }
      },
      "dutyCycle": "DuskTillDawn()"
    },
    {
      "parent": "/Far__x1_z5/Far__x1_z5_LFS/Far_IndustryBuildings/Church",
      "hash": "084600781A164F3B0:084600781A164F3B0",
      "id": "WINDOWS_5:LIT",
      "properties": {
        "file": "meshes_decoration_lights.assetbundle",
        "mesh": "Church_Windows5",
        "assignMaterials": {
          "hideSourcePrefab": true,
          "assignments": []
        }
      },
      "dutyCycle": "DuskTillDawn()"
    },
    {
      "parent": "/Far__x1_z5/Far__x1_z5_LFS/Far_IndustryBuildings/FakeOffice_3",
      "hash": "083E19781A161E490:083E19781A161E490",
      "id": "WINDOWS_1:LIT",
      "properties": {
        "file": "meshes_decoration_lights.assetbundle",
        "mesh": "FakeOffice_3_Windows1",
        "assignMaterials": {
          "hideSourcePrefab": true,
          "assignments": []
        }
      },
      "dutyCycle": "DuskTillDawn()"
    },
    {
      "parent": "/Far__x1_z5/Far__x1_z5_LFS/Far_IndustryBuildings/FakeOffice_3",
      "hash": "083E19781A161E490:083E19781A161E490",
      "id": "WINDOWS_5:LIT",
      "properties": {
        "file": "meshes_decoration_lights.assetbundle",
        "mesh": "FakeOffice_3_Windows5",
        "assignMaterials": {
          "hideSourcePrefab": true,
          "assignments": []
        }
      },
      "dutyCycle": "DuskTillDawn()"
    },
    {
      "parent": "/Far__x1_z5/Far__x1_z5_LFS/Far_IndustryBuildings/FakeOffice_3",
      "hash": "083E19781A161E490:083E19781A161E490",
      "id": "WINDOWS_2:LIT",
      "properties": {
        "file": "meshes_decoration_lights.assetbundle",
        "mesh": "FakeOffice_3_Windows2",
        "assignMaterials": {
          "hideSourcePrefab": true,
          "assignments": []
        }
      },
      "dutyCycle": "DuskTillDawn()"
    },
    {
      "parent": "/Far__x1_z5/Far__x1_z5_LFS/Far_CivilBuildings/House_01 (1)",
      "hash": "081F107A151603180:081F107A151603180",
      "id": "WINDOWS_1:LIT",
      "properties": {
        "file": "meshes_decoration_lights.assetbundle",
        "mesh": "house_01_Windows",
        "assignMaterials": {
          "hideSourcePrefab": true,
          "assignments": []
        }
      },
      "dutyCycle": "DuskTillDawn()"
    },
    {
      "parent": "/Far__x1_z5/Far__x1_z5_LFS/Far_CivilBuildings/House_16 (3)",
      "hash": "0826097A151637500:0826097A151637500",
      "id": "WINDOWS_1:LIT",
      "properties": {
        "file": "meshes_decoration_lights.assetbundle",
        "mesh": "house_16_Windows",
        "assignMaterials": {
          "hideSourcePrefab": true,
          "assignments": []
        }
      },
      "dutyCycle": "DuskTillDawn()"
    },
    {
      "parent": "/Far__x1_z5/Far__x1_z5_LFS/Far_CivilBuildings/House_01",
      "hash": "080A367A1515EE530:080A367A1515EE530",
      "id": "WINDOWS_1:LIT",
      "properties": {
        "file": "meshes_decoration_lights.assetbundle",
        "mesh": "house_01_Windows",
        "assignMaterials": {
          "hideSourcePrefab": true,
          "assignments": []
        }
      },
      "dutyCycle": "DuskTillDawn()"
    },
    {
      "parent": "/Far__x1_z5/Far__x1_z5_LFS/Far_CivilBuildings/House_12 (1)",
      "hash": "07D0597A1515FA380:07D0597A1515FA380",
      "id": "WINDOWS_1:LIT",
      "properties": {
        "file": "meshes_decoration_lights.assetbundle",
        "mesh": "house_12_Windows",
        "assignMaterials": {
          "hideSourcePrefab": true,
          "assignments": []
        }
      },
      "dutyCycle": "DuskTillDawn()"
    },
    {
      "parent": "/Far__x1_z5/Far__x1_z5_LFS/Far_IndustryBuildings/FakeOffice_4 (1)",
      "hash": "07BE0D781A1636550:07BE0D781A1636550",
      "id": "WINDOWS_1:LIT",
      "properties": {
        "file": "meshes_decoration_lights.assetbundle",
        "mesh": "FakeOffice_4_Windows1",
        "assignMaterials": {
          "hideSourcePrefab": true,
          "assignments": []
        }
      },
      "dutyCycle": "DuskTillDawn()"
    },
    {
      "parent": "/Far__x1_z5/Far__x1_z5_LFS/Far_IndustryBuildings/FakeOffice_2",
      "hash": "07C851781A164C430:07C851781A164C430",
      "id": "WINDOWS_1:LIT",
      "properties": {
        "file": "meshes_decoration_lights.assetbundle",
        "mesh": "FakeOffice_2_Windows1",
        "assignMaterials": {
          "hideSourcePrefab": true,
          "assignments": []
        }
      },
      "dutyCycle": "DuskTillDawn()"
    },
    {
      "parent": "/Far__x1_z5/Far__x1_z5_LFS/Far_IndustryBuildings/FakeOffice_2",
      "hash": "07C851781A164C430:07C851781A164C430",
      "id": "WINDOWS_5:LIT",
      "properties": {
        "file": "meshes_decoration_lights.assetbundle",
        "mesh": "FakeOffice_2_Windows5",
        "assignMaterials": {
          "hideSourcePrefab": true,
          "assignments": []
        }
      },
      "dutyCycle": "DuskTillDawn()"
    },
    {
      "parent": "/Far__x1_z5/Far__x1_z5_LFS/Far_IndustryBuildings/FakeOffice_2",
      "hash": "07C851781A164C430:07C851781A164C430",
      "id": "WINDOWS_4:LIT",
      "properties": {
        "file": "meshes_decoration_lights.assetbundle",
        "mesh": "FakeOffice_2_Windows4",
        "assignMaterials": {
          "hideSourcePrefab": true,
          "assignments": []
        }
      },
      "dutyCycle": "DuskTillDawn()"
    },
    {
      "parent": "/Far__x1_z5/Far__x1_z5_LFS/Far_IndustryBuildings/FakeOffice_2",
      "hash": "07C851781A164C430:07C851781A164C430",
      "id": "WINDOWS_2:LIT",
      "properties": {
        "file": "meshes_decoration_lights.assetbundle",
        "mesh": "FakeOffice_2_Windows2",
        "assignMaterials": {
          "hideSourcePrefab": true,
          "assignments": []
        }
      },
      "dutyCycle": "DuskTillDawn()"
    },
    {
      "parent": "/Far__x1_z5/Far__x1_z5_LFS/Far_IndustryBuildings/FakeOffice_7",
      "hash": "066B2D781A14F9530:066B2D781A14F9530",
      "id": "WINDOWS_1:LIT",
      "properties": {
        "file": "meshes_decoration_lights.assetbundle",
        "mesh": "FakeOffice_7_Windows1",
        "assignMaterials": {
          "hideSourcePrefab": true,
          "assignments": []
        }
      },
      "dutyCycle": "DuskTillDawn()"
    }
  ]
}