{
  "version": 97,
  "enabled": true,
  "lights": [
    {
      "parent": "/Far__x1_z5/Far__x1_z5_LFS/Far_IndustryBuildings/GasStation_extension/Collider/%GROUP%_Mesh00003E0463000415",
      "position": "(0,0.25,0.5)",
      "rotation": "(0.7071068,0,0,0.7071068)",
      "hash": "07C90B7D1A1669350:07C90C7D011669030",
      "properties": {
        "type": "Point",
        "intensity": 0.5,
        "range": 10.0,
        "colour": "#FFFFFF",
        "corona": null,
        "dutyCycle": "Always()"
      }
    },
    {
      "parent": "/Far__x1_z5/Far__x1_z5_LFS/Far_IndustryBuildings/GasStation_extension/Collider/%GROUP%_Mesh00003E0463000415",
      "position": "(0,0.25,-0.5)",
      "rotation": "(0.7071068,0,0,0.7071068)",
      "hash": "07C90B7D1A1669350:07C9097D01166A030",
      "properties": {
        "type": "Point",
        "intensity": 0.5,
        "range": 10.0,
        "colour": "#FFFFFF",
        "corona": null,
        "dutyCycle": "Always()"
      }
    },
    {
      "parent": "/Far__x1_z5/Far__x1_z5_LFS/Far_IndustryBuildings/GasStation_extension/Collider/%GROUP%_Mesh0002080463000415",
      "position": "(0,0.25,0.5)",
      "rotation": "(0.7071068,0,0,0.7071068)",
      "hash": "07C9127D1A1666530:07C9147D011666210",
      "properties": {
        "type": "Point",
        "intensity": 0.5,
        "range": 10.0,
        "colour": "#FFFFFF",
        "corona": null,
        "dutyCycle": "Always()"
      }
    },
    {
      "parent": "/Far__x1_z5/Far__x1_z5_LFS/Far_IndustryBuildings/GasStation_extension/Collider/%GROUP%_Mesh0002080463000415",
      "position": "(0,0.25,-0.5)",
      "rotation": "(0.7071068,0,0,0.7071068)",
      "hash": "07C9127D1A1666530:07C9117D011667210",
      "properties": {
        "type": "Point",
        "intensity": 0.5,
        "range": 10.0,
        "colour": "#FFFFFF",
        "corona": null,
        "dutyCycle": "Always()"
      }
    },
    {
      "parent": "/Far__x1_z5/Far__x1_z5_LFS/Far_IndustryBuildings/GasStation_extension/Collider/%GROUP%_Mesh00004A0463000939",
      "position": "(0,0.25,0.5)",
      "rotation": "(0.7071068,0,0,0.7071068)",
      "hash": "07C34A7D1A1669320:07C34C7D011669000",
      "properties": {
        "type": "Point",
        "intensity": 0.5,
        "range": 10.0,
        "colour": "#FFFFFF",
        "corona": null,
        "dutyCycle": "Always()"
      }
    },
    {
      "parent": "/Far__x1_z5/Far__x1_z5_LFS/Far_IndustryBuildings/GasStation_extension/Collider/%GROUP%_Mesh00004A0463000939",
      "position": "(0,0.25,-0.5)",
      "rotation": "(0.7071068,0,0,0.7071068)",
      "hash": "07C34A7D1A1669320:07C3487D01166A000",
      "properties": {
        "type": "Point",
        "intensity": 0.5,
        "range": 10.0,
        "colour": "#FFFFFF",
        "corona": null,
        "dutyCycle": "Always()"
      }
    },
    {
      "parent": "/Far__x1_z5/Far__x1_z5_LFS/Far_IndustryBuildings/GasStation_extension/Collider/%GROUP%_Mesh0002060463000937",
      "position": "(0,0.25,0.5)",
      "rotation": "(0.7071068,0,0,0.7071068)",
      "hash": "07C3557D1A1666450:07C3567D011666130",
      "properties": {
        "type": "Point",
        "intensity": 0.5,
        "range": 10.0,
        "colour": "#FFFFFF",
        "corona": null,
        "dutyCycle": "Always()"
      }
    },
    {
      "parent": "/Far__x1_z5/Far__x1_z5_LFS/Far_IndustryBuildings/GasStation_extension/Collider/%GROUP%_Mesh0002060463000937",
      "position": "(0,0.25,-0.5)",
      "rotation": "(0.7071068,0,0,0.7071068)",
      "hash": "07C3557D1A1666450:07C3547D011667130",
      "properties": {
        "type": "Point",
        "intensity": 0.5,
        "range": 10.0,
        "colour": "#FFFFFF",
        "corona": null,
        "dutyCycle": "Always()"
      }
    },
    {
      "parent": "/Far__x1_z5/Far__x1_z5_LFS/Far_IndustryBuildings/GasStation/Collider/%GROUP%_Mesh00033B0439000101",
      "position": "(0,0.285,-0.04)",
      "hash": "07CE187C54166C420:07CE177C50166C5F0",
      "properties": {
        "type": "Point",
        "intensity": 0.5,
        "range": 10.0,
        "colour": "#FFFFFF",
        "corona": {
          "sprite": "corona_flare02.png",
          "scale": 0.87,
          "range": 100.0
        },
        "dutyCycle": "Always()"
      }
    },
    {
      "parent": "/Far__x1_z5/Far__x1_z5_LFS/Far_IndustryBuildings/GasStation/Collider/%GROUP%_Mesh00010F053200030A",
      "position": "(0,1.5,0.7)",
      "hash": "07D02F7D4C1667610:07D1617E2E1668020",
      "properties": {
        "type": "Point",
        "intensity": 1.0,
        "range": 20.0,
        "colour": "#FFB24D",
        "corona": {
          "sprite": "corona_orange01.png",
          "scale": 0.75,
          "range": 100.0
        },
        "dutyCycle": "DuskTillDawn()"
      }
    },
    {
      "parent": "/Far__x1_z5/Far__x1_z5_LFS/Far_IndustryBuildings/Utility_Medium2/collider/%GROUP%_Mesh014E4C016300923E",
      "position": "(0,7.1,-1.55)",
      "rotation": "(-0.7071068,0,0,0.7071068)",
      "hash": "07D2237A1A167A040:07D0508124167A020",
      "properties": {
        "type": "Point",
        "intensity": 1.0,
        "range": 20.0,
        "colour": "#DDEEFF",
        "corona": {
          "sprite": "corona_flare02.png",
          "scale": 1.0,
          "range": 100.0
        },
        "dutyCycle": "DuskTillDawn()"
      }
    },
    {
      "parent": "/Far__x1_z5/Far__x1_z5_LFS/Far_IndustryBuildings/Utility_Medium2/collider/%GROUP%_Mesh012F36016300A310",
      "position": "(0,7.1,-1.55)",
      "rotation": "(-0.7071068,0,0,0.7071068)",
      "hash": "07C8627A1A1657620:07C85A81241659350",
      "properties": {
        "type": "Point",
        "intensity": 1.0,
        "range": 20.0,
        "colour": "#DDEEFF",
        "corona": {
          "sprite": "corona_flare02.png",
          "scale": 1.0,
          "range": 100.0
        },
        "dutyCycle": "DuskTillDawn()"
      }
    },
    {
      "parent": "/Far__x1_z5/Far__x1_z5_LFS/Far_IndustryBuildings/GasStation_extension/Collider/%GROUP%_Mesh000138051A000B0A",
      "position": "(0,0.285,-0.04)",
      "hash": "07C2137D35166A1C0:07C15B7D31166A1B0",
      "properties": {
        "type": "Point",
        "intensity": 2.0,
        "range": 5.0,
        "colour": "#FF0044",
        "corona": {
          "sprite": "corona_flare03.png",
          "scale": 0.75,
          "range": 50.0
        },
        "dutyCycle": "DuskTillDawn()"
      }
    },
    {
      "parent": "/Far__x1_z5/Far__x1_z5_LFS/Far_IndustryBuildings/GasStation_extension/Collider/%GROUP%_Mesh000104051D000B0A",
      "position": "(0,0.285,-0.04)",
      "hash": "07C21B7D381667420:07C1637D341667410",
      "properties": {
        "type": "Point",
        "intensity": 2.0,
        "range": 5.0,
        "colour": "#FF0044",
        "corona": {
          "sprite": "corona_flare03.png",
          "scale": 0.75,
          "range": 50.0
        },
        "dutyCycle": "DuskTillDawn()"
      }
    },
    {
      "parent": "/Far__x1_z5/Far__x1_z5_LFS/Far_IndustryBuildings/GasStation_extension/Collider/%GROUP%_Mesh000340051C000B0A",
      "position": "(0,0.285,-0.04)",
      "hash": "07C2237D371665070:07C2067D331665060",
      "properties": {
        "type": "Point",
        "intensity": 2.0,
        "range": 5.0,
        "colour": "#FF0044",
        "corona": {
          "sprite": "corona_flare03.png",
          "scale": 0.75,
          "range": 50.0
        },
        "dutyCycle": "DuskTillDawn()"
      }
    }
  ],
  "meshes": [
    {
      "parent": "/Far__x1_z5/Far__x1_z5_LFS/Far_IndustryBuildings/GasStation_extension/Collider",
      "position": "(-0.6230726,4.994972,-4.212728)",
      "rotation": "(0.9998477,0,0.0174523834,0)",
      "hash": "07CD22781A1669040:07C90B7D1A1669350",
      "properties": {
        "file": "meshes_lampposts.assetbundle",
        "mesh": "IndustrialLamp_Ceiling"
      }
    },
    {
      "parent": "/Far__x1_z5/Far__x1_z5_LFS/Far_IndustryBuildings/GasStation_extension/Collider",
      "position": "(2.08361673,4.994972,-4.21500444)",
      "rotation": "(0.9998477,0,0.0174523834,0)",
      "hash": "07CD22781A1669040:07C9127D1A1666530",
      "properties": {
        "file": "meshes_lampposts.assetbundle",
        "mesh": "IndustrialLamp_Ceiling"
      }
    },
    {
      "parent": "/Far__x1_z5/Far__x1_z5_LFS/Far_IndustryBuildings/GasStation_extension/Collider",
      "position": "(-0.745399952,4.994972,-9.578539)",
      "rotation": "(0.9998477,0,0.0174523834,0)",
      "hash": "07CD22781A1669040:07C34A7D1A1669320",
      "properties": {
        "file": "meshes_lampposts.assetbundle",
        "mesh": "IndustrialLamp_Ceiling"
      }
    },
    {
      "parent": "/Far__x1_z5/Far__x1_z5_LFS/Far_IndustryBuildings/GasStation_extension/Collider",
      "position": "(2.06075358,4.994972,-9.553945)",
      "rotation": "(0.9999619,0,0.008726562,0)",
      "hash": "07CD22781A1669040:07C3557D1A1666450",
      "properties": {
        "file": "meshes_lampposts.assetbundle",
        "mesh": "IndustrialLamp_Ceiling"
      }
    },
    {
      "parent": "/Far__x1_z5/Far__x1_z5_LFS/Far_IndustryBuildings/GasStation/Collider",
      "position": "(-3.59995961,4.579155,1.01367235)",
      "rotation": "(-0.0104397954,0.70702976,0.70702976,0.0104397954)",
      "hash": "07CD22781A1669040:07CE187C54166C420",
      "properties": {
        "file": "meshes_lampposts.assetbundle",
        "mesh": "FloodLight_Wall"
      }
    },
    {
      "parent": "/Far__x1_z5/Far__x1_z5_LFS/Far_IndustryBuildings/GasStation/Collider",
      "position": "(1.15560365,5.500313,3.1000185)",
      "rotation": "(0.492563426,0.5073276,0.5073276,-0.492563426)",
      "hash": "07CD22781A1669040:07D02F7D4C1667610",
      "properties": {
        "file": "meshes_lampposts.assetbundle",
        "mesh": "LampPostSmall_Wall"
      }
    },
    {
      "parent": "/Far__x1_z5/Far__x1_z5_LFS/Far_IndustryBuildings/Utility_Medium2/collider",
      "position": "(334.7689,1.99159241,-146.624817)",
      "rotation": "(0,0.700909257,0,0.713250458)",
      "hash": "068203781A15EB010:07D2237A1A167A040",
      "properties": {
        "file": "meshes_lampposts.assetbundle",
        "mesh": "LampPostSmall_Floor"
      }
    },
    {
      "parent": "/Far__x1_z5/Far__x1_z5_LFS/Far_IndustryBuildings/Utility_Medium2/collider",
      "position": "(303.5491,1.99159241,-163.166138)",
      "rotation": "(0,0.999657333,0,0.0261769928)",
      "hash": "068203781A15EB010:07C8627A1A1657620",
      "properties": {
        "file": "meshes_lampposts.assetbundle",
        "mesh": "LampPostSmall_Floor"
      }
    },
    {
      "parent": "/Far__x1_z5/Far__x1_z5_LFS/Far_IndustryBuildings/GasStation_extension/Collider",
      "position": "(-1.56948185,5.26112366,-11.1000185)",
      "rotation": "(-0.5073277,0.4925633,0.4925633,0.507327735)",
      "hash": "07CD22781A1669040:07C2137D35166A1C0",
      "properties": {
        "file": "meshes_lampposts.assetbundle",
        "mesh": "FloodLight_Wall"
      }
    },
    {
      "parent": "/Far__x1_z5/Far__x1_z5_LFS/Far_IndustryBuildings/GasStation_extension/Collider",
      "position": "(1.04884,5.29434967,-11.1000729)",
      "rotation": "(-0.5073277,0.4925633,0.4925633,0.507327735)",
      "hash": "07CD22781A1669040:07C21B7D381667420",
      "properties": {
        "file": "meshes_lampposts.assetbundle",
        "mesh": "FloodLight_Wall"
      }
    },
    {
      "parent": "/Far__x1_z5/Far__x1_z5_LFS/Far_IndustryBuildings/GasStation_extension/Collider",
      "position": "(3.64373255,5.28569031,-11.1000347)",
      "rotation": "(-0.5073277,0.4925633,0.4925633,0.507327735)",
      "hash": "07CD22781A1669040:07C2237D371665070",
      "properties": {
        "file": "meshes_lampposts.assetbundle",
        "mesh": "FloodLight_Wall"
      }
    }
  ],
  "decorations": []
}