{
  "version": 97,
  "enabled": true,
  "lights": [
    {
      "parent": "/Far__x1_z5/Far__x1_z5_LFS/Far_PassengerPlatform/Railway_Platform_RoofWide (3)/Collider/%GROUP%_Mesh0002110708000763",
      "position": "(0,0.25,0.5)",
      "rotation": "(0.256251037,0.7003458,-0.5936972,0.3022826)",
      "hash": "06F4208150153A3B0:06F3628137153A160",
      "properties": {
        "type": "Point",
        "intensity": 0.5,
        "range": 10.0,
        "colour": "#FFFFFF",
        "corona": null,
        "dutyCycle": "Always()"
      }
    },
    {
      "parent": "/Far__x1_z5/Far__x1_z5_LFS/Far_PassengerPlatform/Railway_Platform_RoofWide (3)/Collider/%GROUP%_Mesh0002110708000763",
      "position": "(0,0.25,-0.5)",
      "rotation": "(0.256251037,0.7003458,-0.5936972,0.3022826)",
      "hash": "06F4208150153A3B0:06F4428137153A5F0",
      "properties": {
        "type": "Point",
        "intensity": 0.5,
        "range": 10.0,
        "colour": "#FFFFFF",
        "corona": null,
        "dutyCycle": "Always()"
      }
    },
    {
      "parent": "/Far__x1_z5/Far__x1_z5_LFS/Far_PassengerPlatform/Railway_Platform_RoofWide (2)/Collider/%GROUP%_Mesh000211070800075F",
      "position": "(0,0.25,0.5)",
      "rotation": "(0.5936971,-0.302282721,0.256251037,0.700346)",
      "hash": "06D425814F151F030:06D4028136151E430",
      "properties": {
        "type": "Point",
        "intensity": 0.5,
        "range": 10.0,
        "colour": "#FFFFFF",
        "corona": null,
        "dutyCycle": "Always()"
      }
    },
    {
      "parent": "/Far__x1_z5/Far__x1_z5_LFS/Far_PassengerPlatform/Railway_Platform_RoofWide (2)/Collider/%GROUP%_Mesh000211070800075F",
      "position": "(0,0.25,-0.5)",
      "rotation": "(0.5936971,-0.302282721,0.256251037,0.700346)",
      "hash": "06D425814F151F030:06D4488136151F270",
      "properties": {
        "type": "Point",
        "intensity": 0.5,
        "range": 10.0,
        "colour": "#FFFFFF",
        "corona": null,
        "dutyCycle": "Always()"
      }
    },
    {
      "parent": "/Far__x1_z5/Far__x1_z5_LFS/Far_PassengerPlatform/Railway_Platform_RoofWide/Collider/%GROUP%_Mesh0002120708000763",
      "position": "(0,0.25,0.5)",
      "rotation": "(0.5936971,-0.302282721,0.256251037,0.700346)",
      "hash": "06A545815014ED350:06A603813714ED590",
      "properties": {
        "type": "Point",
        "intensity": 0.5,
        "range": 10.0,
        "colour": "#FFFFFF",
        "corona": null,
        "dutyCycle": "Always()"
      }
    },
    {
      "parent": "/Far__x1_z5/Far__x1_z5_LFS/Far_PassengerPlatform/Railway_Platform_RoofWide/Collider/%GROUP%_Mesh0002120708000763",
      "position": "(0,0.25,-0.5)",
      "rotation": "(0.5936971,-0.302282721,0.256251037,0.700346)",
      "hash": "06A545815014ED350:06A522813714ED110",
      "properties": {
        "type": "Point",
        "intensity": 0.5,
        "range": 10.0,
        "colour": "#FFFFFF",
        "corona": null,
        "dutyCycle": "Always()"
      }
    },
    {
      "parent": "/Far__x1_z5/Far__x1_z5_LFS/Far_PassengerPlatform/Railway_Platform_RoofWide (3)/Collider/%GROUP%_Mesh0002100708000763",
      "position": "(0,0.25,0.5)",
      "rotation": "(0.256251037,0.7003458,-0.5936972,0.3022826)",
      "hash": "06FF1C814F1546170:06FE5E81361545560",
      "properties": {
        "type": "Point",
        "intensity": 0.5,
        "range": 10.0,
        "colour": "#FFFFFF",
        "corona": null,
        "dutyCycle": "Always()"
      }
    },
    {
      "parent": "/Far__x1_z5/Far__x1_z5_LFS/Far_PassengerPlatform/Railway_Platform_RoofWide (3)/Collider/%GROUP%_Mesh0002100708000763",
      "position": "(0,0.25,-0.5)",
      "rotation": "(0.256251037,0.7003458,-0.5936972,0.3022826)",
      "hash": "06FF1C814F1546170:06FF3E813615463B0",
      "properties": {
        "type": "Point",
        "intensity": 0.5,
        "range": 10.0,
        "colour": "#FFFFFF",
        "corona": null,
        "dutyCycle": "Always()"
      }
    },
    {
      "parent": "/Far__x1_z5/Far__x1_z5_LFS/Far_PassengerPlatform/Railway_Platform_RoofWide (3)/Collider/%GROUP%_Mesh0002140708000762",
      "position": "(0,0.25,0.5)",
      "rotation": "(0.5936971,-0.302282721,0.256251037,0.700346)",
      "hash": "06FC0981501549160:06FB4B81371548550",
      "properties": {
        "type": "Point",
        "intensity": 0.5,
        "range": 10.0,
        "colour": "#FFFFFF",
        "corona": null,
        "dutyCycle": "Always()"
      }
    },
    {
      "parent": "/Far__x1_z5/Far__x1_z5_LFS/Far_PassengerPlatform/Railway_Platform_RoofWide (3)/Collider/%GROUP%_Mesh0002140708000762",
      "position": "(0,0.25,-0.5)",
      "rotation": "(0.5936971,-0.302282721,0.256251037,0.700346)",
      "hash": "06FC0981501549160:06FC2B813715493A0",
      "properties": {
        "type": "Point",
        "intensity": 0.5,
        "range": 10.0,
        "colour": "#FFFFFF",
        "corona": null,
        "dutyCycle": "Always()"
      }
    },
    {
      "parent": "/Far__x1_z5/Far__x1_z5_LFS/Far_PassengerPlatform/Railway_Platform_RoofWide (2)/Collider/%GROUP%_Mesh00020E0707000800",
      "position": "(0,0.25,0.5)",
      "rotation": "(0.256251037,0.7003458,-0.5936972,0.3022826)",
      "hash": "06E22E814F1527450:06E20C81361527200",
      "properties": {
        "type": "Point",
        "intensity": 0.5,
        "range": 10.0,
        "colour": "#FFFFFF",
        "corona": null,
        "dutyCycle": "Always()"
      }
    },
    {
      "parent": "/Far__x1_z5/Far__x1_z5_LFS/Far_PassengerPlatform/Railway_Platform_RoofWide (2)/Collider/%GROUP%_Mesh00020E0707000800",
      "position": "(0,0.25,-0.5)",
      "rotation": "(0.256251037,0.7003458,-0.5936972,0.3022826)",
      "hash": "06E22E814F1527450:06E25081361528050",
      "properties": {
        "type": "Point",
        "intensity": 0.5,
        "range": 10.0,
        "colour": "#FFFFFF",
        "corona": null,
        "dutyCycle": "Always()"
      }
    },
    {
      "parent": "/Far__x1_z5/Far__x1_z5_LFS/Far_PassengerPlatform/Railway_Platform_RoofWide (1)/Collider/%GROUP%_Mesh0002100707000801",
      "position": "(0,0.25,0.5)",
      "rotation": "(0.5936971,-0.302282721,0.256251037,0.700346)",
      "hash": "06B734814F15002A0:06B71281361500060",
      "properties": {
        "type": "Point",
        "intensity": 0.5,
        "range": 10.0,
        "colour": "#FFFFFF",
        "corona": null,
        "dutyCycle": "Always()"
      }
    },
    {
      "parent": "/Far__x1_z5/Far__x1_z5_LFS/Far_PassengerPlatform/Railway_Platform_RoofWide (1)/Collider/%GROUP%_Mesh0002100707000801",
      "position": "(0,0.25,-0.5)",
      "rotation": "(0.5936971,-0.302282721,0.256251037,0.700346)",
      "hash": "06B734814F15002A0:06B756813615004F0",
      "properties": {
        "type": "Point",
        "intensity": 0.5,
        "range": 10.0,
        "colour": "#FFFFFF",
        "corona": null,
        "dutyCycle": "Always()"
      }
    },
    {
      "parent": "/Far__x1_z5/Far__x1_z5_LFS/Far_PassengerPlatform/Railway_Platform_RoofWide (1)/Collider/%GROUP%_Mesh0002110708000801",
      "position": "(0,0.25,0.5)",
      "rotation": "(0.256251037,0.7003458,-0.5936972,0.3022826)",
      "hash": "06C544815015090B0:06C522813715084A0",
      "properties": {
        "type": "Point",
        "intensity": 0.5,
        "range": 10.0,
        "colour": "#FFFFFF",
        "corona": null,
        "dutyCycle": "Always()"
      }
    },
    {
      "parent": "/Far__x1_z5/Far__x1_z5_LFS/Far_PassengerPlatform/Railway_Platform_RoofWide (1)/Collider/%GROUP%_Mesh0002110708000801",
      "position": "(0,0.25,-0.5)",
      "rotation": "(0.256251037,0.7003458,-0.5936972,0.3022826)",
      "hash": "06C544815015090B0:06C602813715092F0",
      "properties": {
        "type": "Point",
        "intensity": 0.5,
        "range": 10.0,
        "colour": "#FFFFFF",
        "corona": null,
        "dutyCycle": "Always()"
      }
    },
    {
      "parent": "/Far__x1_z5/Far__x1_z5_LFS/Far_PassengerPlatform/Railway_Platform_RoofWide (2)/Collider/%GROUP%_Mesh000211070800075E",
      "position": "(0,0.25,0.5)",
      "rotation": "(0.256251037,0.7003458,-0.5936972,0.3022826)",
      "hash": "06D7368150151C060:06D7588137151C2A0",
      "properties": {
        "type": "Point",
        "intensity": 0.5,
        "range": 10.0,
        "colour": "#FFFFFF",
        "corona": null,
        "dutyCycle": "Always()"
      }
    },
    {
      "parent": "/Far__x1_z5/Far__x1_z5_LFS/Far_PassengerPlatform/Railway_Platform_RoofWide (2)/Collider/%GROUP%_Mesh000211070800075E",
      "position": "(0,0.25,-0.5)",
      "rotation": "(0.256251037,0.7003458,-0.5936972,0.3022826)",
      "hash": "06D7368150151C060:06D7148137151B450",
      "properties": {
        "type": "Point",
        "intensity": 0.5,
        "range": 10.0,
        "colour": "#FFFFFF",
        "corona": null,
        "dutyCycle": "Always()"
      }
    },
    {
      "parent": "/Far__x1_z5/Far__x1_z5_LFS/Far_PassengerPlatform/Railway_Platform_Roof (3)/Collider/%GROUP%_Mesh0000080449000C00",
      "position": "(0,0.25,0.5)",
      "rotation": "(0.591389239,-0.303124279,0.2552549,0.7022958)",
      "hash": "0708387F2D153D310:0708147F14153D530",
      "properties": {
        "type": "Point",
        "intensity": 0.5,
        "range": 10.0,
        "colour": "#FFFFFF",
        "corona": null,
        "dutyCycle": "Always()"
      }
    },
    {
      "parent": "/Far__x1_z5/Far__x1_z5_LFS/Far_PassengerPlatform/Railway_Platform_Roof (3)/Collider/%GROUP%_Mesh0000080449000C00",
      "position": "(0,0.25,-0.5)",
      "rotation": "(0.591389239,-0.303124279,0.2552549,0.7022958)",
      "hash": "0708387F2D153D310:07085D7F14153D0F0",
      "properties": {
        "type": "Point",
        "intensity": 0.5,
        "range": 10.0,
        "colour": "#FFFFFF",
        "corona": null,
        "dutyCycle": "Always()"
      }
    },
    {
      "parent": "/Far__x1_z5/Far__x1_z5_LFS/Far_PassengerPlatform/Railway_Platform_Roof (3)/Collider/%GROUP%_Mesh0000010448000C04",
      "position": "(0,0.25,0.5)",
      "rotation": "(0.255255044,0.702295542,-0.591389537,0.30312416)",
      "hash": "06F80D7F2C152B5C0:06F74D7F13152C1B0",
      "properties": {
        "type": "Point",
        "intensity": 0.5,
        "range": 10.0,
        "colour": "#FFFFFF",
        "corona": null,
        "dutyCycle": "Always()"
      }
    },
    {
      "parent": "/Far__x1_z5/Far__x1_z5_LFS/Far_PassengerPlatform/Railway_Platform_Roof (3)/Collider/%GROUP%_Mesh0000010448000C04",
      "position": "(0,0.25,-0.5)",
      "rotation": "(0.255255044,0.702295542,-0.591389537,0.30312416)",
      "hash": "06F80D7F2C152B5C0:06F8317F13152B390",
      "properties": {
        "type": "Point",
        "intensity": 0.5,
        "range": 10.0,
        "colour": "#FFFFFF",
        "corona": null,
        "dutyCycle": "Always()"
      }
    },
    {
      "parent": "/Far__x1_z5/Far__x1_z5_LFS/Far_PassengerPlatform/Railway_Platform_Roof (2)/Collider/%GROUP%_Mesh0000010448000C03",
      "position": "(0,0.25,0.5)",
      "rotation": "(0.591389239,-0.303124279,0.2552549,0.7022958)",
      "hash": "06EB537F2C151E5A0:06EB2F7F13151F190",
      "properties": {
        "type": "Point",
        "intensity": 0.5,
        "range": 10.0,
        "colour": "#FFFFFF",
        "corona": null,
        "dutyCycle": "Always()"
      }
    },
    {
      "parent": "/Far__x1_z5/Far__x1_z5_LFS/Far_PassengerPlatform/Railway_Platform_Roof (2)/Collider/%GROUP%_Mesh0000010448000C03",
      "position": "(0,0.25,-0.5)",
      "rotation": "(0.591389239,-0.303124279,0.2552549,0.7022958)",
      "hash": "06EB537F2C151E5A0:06EC137F13151E380",
      "properties": {
        "type": "Point",
        "intensity": 0.5,
        "range": 10.0,
        "colour": "#FFFFFF",
        "corona": null,
        "dutyCycle": "Always()"
      }
    },
    {
      "parent": "/Far__x1_z5/Far__x1_z5_LFS/Far_PassengerPlatform/Railway_Platform_Roof (2)/Collider/%GROUP%_Mesh0000000448000B63",
      "position": "(0,0.25,0.5)",
      "rotation": "(0.255255044,0.702295542,-0.591389537,0.30312416)",
      "hash": "06DB247F2C150D280:06DA637F13150D4A0",
      "properties": {
        "type": "Point",
        "intensity": 0.5,
        "range": 10.0,
        "colour": "#FFFFFF",
        "corona": null,
        "dutyCycle": "Always()"
      }
    },
    {
      "parent": "/Far__x1_z5/Far__x1_z5_LFS/Far_PassengerPlatform/Railway_Platform_Roof (2)/Collider/%GROUP%_Mesh0000000448000B63",
      "position": "(0,0.25,-0.5)",
      "rotation": "(0.255255044,0.702295542,-0.591389537,0.30312416)",
      "hash": "06DB247F2C150D280:06DB487F13150D060",
      "properties": {
        "type": "Point",
        "intensity": 0.5,
        "range": 10.0,
        "colour": "#FFFFFF",
        "corona": null,
        "dutyCycle": "Always()"
      }
    },
    {
      "parent": "/Far__x1_z5/Far__x1_z5_LFS/Far_PassengerPlatform/Railway_Platform_Roof (1)/Collider/%GROUP%_Mesh0000000448000402",
      "position": "(0,0.25,0.5)",
      "rotation": "(0.591389239,-0.303124279,0.2552549,0.7022958)",
      "hash": "06C4017F2B14F4410:06C3417F1214F4630",
      "properties": {
        "type": "Point",
        "intensity": 0.5,
        "range": 10.0,
        "colour": "#FFFFFF",
        "corona": null,
        "dutyCycle": "Always()"
      }
    },
    {
      "parent": "/Far__x1_z5/Far__x1_z5_LFS/Far_PassengerPlatform/Railway_Platform_Roof (1)/Collider/%GROUP%_Mesh0000000448000402",
      "position": "(0,0.25,-0.5)",
      "rotation": "(0.591389239,-0.303124279,0.2552549,0.7022958)",
      "hash": "06C4017F2B14F4410:06C4267F1214F41F0",
      "properties": {
        "type": "Point",
        "intensity": 0.5,
        "range": 10.0,
        "colour": "#FFFFFF",
        "corona": null,
        "dutyCycle": "Always()"
      }
    },
    {
      "parent": "/Far__x1_z5/Far__x1_z5_LFS/Far_PassengerPlatform/Railway_Platform_Roof (3)/Collider/%GROUP%_Mesh000000044800035F",
      "position": "(0,0.25,0.5)",
      "rotation": "(0.255255044,0.702295542,-0.591389537,0.30312416)",
      "hash": "06FD447F2C1531510:06FD207F131532100",
      "properties": {
        "type": "Point",
        "intensity": 0.5,
        "range": 10.0,
        "colour": "#FFFFFF",
        "corona": null,
        "dutyCycle": "Always()"
      }
    },
    {
      "parent": "/Far__x1_z5/Far__x1_z5_LFS/Far_PassengerPlatform/Railway_Platform_Roof (3)/Collider/%GROUP%_Mesh000000044800035F",
      "position": "(0,0.25,-0.5)",
      "rotation": "(0.255255044,0.702295542,-0.591389537,0.30312416)",
      "hash": "06FD447F2C1531510:06FE047F1315312F0",
      "properties": {
        "type": "Point",
        "intensity": 0.5,
        "range": 10.0,
        "colour": "#FFFFFF",
        "corona": null,
        "dutyCycle": "Always()"
      }
    },
    {
      "parent": "/Far__x1_z5/Far__x1_z5_LFS/Far_PassengerPlatform/Railway_Platform_Roof (3)/Collider/%GROUP%_Mesh0000020448000360",
      "position": "(0,0.25,0.5)",
      "rotation": "(0.255255044,0.702295542,-0.591389537,0.30312416)",
      "hash": "07030D7F2C1537390:07024C7F1315375B0",
      "properties": {
        "type": "Point",
        "intensity": 0.5,
        "range": 10.0,
        "colour": "#FFFFFF",
        "corona": null,
        "dutyCycle": "Always()"
      }
    },
    {
      "parent": "/Far__x1_z5/Far__x1_z5_LFS/Far_PassengerPlatform/Railway_Platform_Roof (3)/Collider/%GROUP%_Mesh0000020448000360",
      "position": "(0,0.25,-0.5)",
      "rotation": "(0.255255044,0.702295542,-0.591389537,0.30312416)",
      "hash": "07030D7F2C1537390:0703317F131537160",
      "properties": {
        "type": "Point",
        "intensity": 0.5,
        "range": 10.0,
        "colour": "#FFFFFF",
        "corona": null,
        "dutyCycle": "Always()"
      }
    },
    {
      "parent": "/Far__x1_z5/Far__x1_z5_LFS/Far_PassengerPlatform/Railway_PlatformWide_3 (1)/Collider/collider/%GROUP%_Mesh00031A0100001161",
      "position": "(0,7.1,-1.55)",
      "rotation": "(-0.7071068,0,0,0.7071068)",
      "hash": "0675477B6114D0130:06764E830714D11E0",
      "properties": {
        "type": "Point",
        "intensity": 1.0,
        "range": 20.0,
        "colour": "#FFB24D",
        "corona": {
          "sprite": "corona_orange01.png",
          "scale": 0.75,
          "range": 100.0
        },
        "dutyCycle": "DuskTillDawn()"
      }
    },
    {
      "parent": "/Far__x1_z5/Far__x1_z5_LFS/Far_CivilBuildings/FakeOffice_1/collider",
      "position": "(-0.9891392,7.368064,-8.278732)",
      "rotation": "(0.558920562,-0.31439206,0.241240948,0.7284012)",
      "hash": "068C0D795C14C5030:06864F811D14CB2B0",
      "properties": {
        "type": "Point",
        "intensity": 1.0,
        "range": 20.0,
        "colour": "#DDEEFF",
        "corona": {
          "sprite": "corona_flare02.png",
          "scale": 1.0,
          "range": 100.0
        },
        "dutyCycle": "DuskTillDawn()"
      }
    },
    {
      "parent": "/Far__x1_z5/Far__x1_z5_LFS/Far_PassengerPlatform/Railway_Platform_RoofWide/Collider/%GROUP%_Mesh0000010620001027",
      "position": "(0,0.285,-0.04)",
      "rotation": "(0,0.9294288,0,-0.369001478)",
      "hash": "069637810414DA1A0:069624810014DA060",
      "properties": {
        "type": "Point",
        "intensity": 0.5,
        "range": 10.0,
        "colour": "#FFFFFF",
        "corona": {
          "sprite": "corona_flare02.png",
          "scale": 0.87,
          "range": 100.0
        },
        "dutyCycle": "DuskTillDawn()"
      }
    },
    {
      "parent": "/Far__x1_z5/Far__x1_z5_LFS/Far_PassengerPlatform/Railway_Platform_Roof/Collider/%GROUP%_Mesh0000000424001013",
      "position": "(0,0.285,-0.04)",
      "rotation": "(0,0.9294288,0,-0.369001478)",
      "hash": "069E557F0814CD160:069E417F0414CD010",
      "properties": {
        "type": "Point",
        "intensity": 0.5,
        "range": 10.0,
        "colour": "#FFFFFF",
        "corona": {
          "sprite": "corona_flare02.png",
          "scale": 0.87,
          "range": 100.0
        },
        "dutyCycle": "DuskTillDawn()"
      }
    },
    {
      "parent": "/Far__x1_z5/Far__x1_z5_LFS/Far_CivilBuildings/FakeOffice_1/collider",
      "position": "(-3.200119,5.48985958,-0.00406131754)",
      "hash": "068C0D795C14C5030:068E207F2914C7240",
      "properties": {
        "type": "Point",
        "intensity": 1.0,
        "range": 20.0,
        "colour": "#DDEEFF",
        "corona": {
          "sprite": "corona_flare02.png",
          "scale": 1.0,
          "range": 100.0
        },
        "dutyCycle": "DuskTillDawn()"
      }
    },
    {
      "parent": "/Far__x1_z5/Far__x1_z5_LFS/Far_PassengerPlatform/Railway_PlatformWide_3 (1)/Collider/collider/%GROUP%_Mesh00031C0100001803",
      "position": "(0,7.1,-1.55)",
      "rotation": "(-0.7071068,0,0,0.7071068)",
      "hash": "06941A7B6114B3240:069522830714B42F0",
      "properties": {
        "type": "Point",
        "intensity": 1.0,
        "range": 20.0,
        "colour": "#FFB24D",
        "corona": {
          "sprite": "corona_orange01.png",
          "scale": 0.75,
          "range": 100.0
        },
        "dutyCycle": "DuskTillDawn()"
      }
    },
    {
      "parent": "/Far__x1_z5/Far__x1_z5_LFS/Far_PassengerPlatform/Railway_PlatformWide_6 (2)/Collider/collider/%GROUP%_Mesh00032A0100004C00",
      "position": "(0,7.1,-1.55)",
      "rotation": "(-0.7071068,0,0,0.7071068)",
      "hash": "0688077B4714E4210:068915825114E31B0",
      "properties": {
        "type": "Point",
        "intensity": 1.0,
        "range": 20.0,
        "colour": "#FFB24D",
        "corona": {
          "sprite": "corona_orange01.png",
          "scale": 0.75,
          "range": 100.0
        },
        "dutyCycle": "DuskTillDawn()"
      }
    },
    {
      "parent": "/Far__x1_z5/Far__x1_z5_LFS/Far_PassengerPlatform/Railway_PlatformWide_6 (2)/Collider/collider/%GROUP%_Mesh00032E0100003063",
      "position": "(0,7.1,-1.55)",
      "rotation": "(-0.7071068,0,0,0.7071068)",
      "hash": "069A3A7B4714F8010:069B45825114F65E0",
      "properties": {
        "type": "Point",
        "intensity": 1.0,
        "range": 20.0,
        "colour": "#FFB24D",
        "corona": {
          "sprite": "corona_orange01.png",
          "scale": 0.75,
          "range": 100.0
        },
        "dutyCycle": "DuskTillDawn()"
      }
    },
    {
      "parent": "/Far__x1_z5/Far__x1_z5_LFS/Far_PassengerPlatform/Railway_PlatformWide_6 (2)/Collider/collider/%GROUP%_Mesh00032F0100001601",
      "position": "(0,7.1,-1.55)",
      "rotation": "(-0.7071068,0,0,0.7071068)",
      "hash": "06AD077B47150B410:06AE118251150A370",
      "properties": {
        "type": "Point",
        "intensity": 1.0,
        "range": 20.0,
        "colour": "#FFB24D",
        "corona": {
          "sprite": "corona_orange01.png",
          "scale": 0.75,
          "range": 100.0
        },
        "dutyCycle": "DuskTillDawn()"
      }
    },
    {
      "parent": "/Far__x1_z5/Far__x1_z5_LFS/Far_PassengerPlatform/Railway_PlatformWide_6 (2)/Collider/collider/%GROUP%_Mesh0003330100000800",
      "position": "(0,7.1,-1.55)",
      "rotation": "(-0.7071068,0,0,0.7071068)",
      "hash": "06C13F7B471521350:06C248825115202B0",
      "properties": {
        "type": "Point",
        "intensity": 1.0,
        "range": 20.0,
        "colour": "#FFB24D",
        "corona": {
          "sprite": "corona_orange01.png",
          "scale": 0.75,
          "range": 100.0
        },
        "dutyCycle": "DuskTillDawn()"
      }
    },
    {
      "parent": "/Far__x1_z5/Far__x1_z5_LFS/Far_PassengerPlatform/Railway_PlatformWide_6 (2)/Collider/collider/%GROUP%_Mesh0003330100002262",
      "position": "(0,7.1,-1.55)",
      "rotation": "(-0.7071068,0,0,0.7071068)",
      "hash": "06D40D7B471535100:06D51B825115340A0",
      "properties": {
        "type": "Point",
        "intensity": 1.0,
        "range": 20.0,
        "colour": "#FFB24D",
        "corona": {
          "sprite": "corona_orange01.png",
          "scale": 0.75,
          "range": 100.0
        },
        "dutyCycle": "DuskTillDawn()"
      }
    },
    {
      "parent": "/Far__x1_z5/Far__x1_z5_LFS/Far_PassengerPlatform/Railway_PlatformWide_6 (2)/Collider/collider/%GROUP%_Mesh0003320100004062",
      "position": "(0,7.1,-1.55)",
      "rotation": "(-0.7071068,0,0,0.7071068)",
      "hash": "06E8487B47154A620:06E953825115495B0",
      "properties": {
        "type": "Point",
        "intensity": 1.0,
        "range": 20.0,
        "colour": "#FFB24D",
        "corona": {
          "sprite": "corona_orange01.png",
          "scale": 0.75,
          "range": 100.0
        },
        "dutyCycle": "DuskTillDawn()"
      }
    },
    {
      "parent": "/Far__x1_z5/Far__x1_z5_LFS/Far_PassengerPlatform/Railway_Platform_RoofWide (1)/Collider/%GROUP%_Mesh0002140708000801",
      "position": "(0,0.25,0.5)",
      "rotation": "(0.5936971,-0.302282721,0.256251037,0.700346)",
      "hash": "06C2318150150C0C0:06C20F8137150B4B0",
      "properties": {
        "type": "Point",
        "intensity": 1.0,
        "range": 10.0,
        "colour": "#FFFFFF",
        "corona": null,
        "dutyCycle": "Random()"
      }
    },
    {
      "parent": "/Far__x1_z5/Far__x1_z5_LFS/Far_PassengerPlatform/Railway_Platform_Roof (2)/Collider/%GROUP%_Mesh0000010448000400",
      "position": "(0,0.25,0.5)",
      "rotation": "(0.591389239,-0.303124279,0.2552549,0.7022958)",
      "hash": "06E61F7F2C1519050:06E6437F131518470",
      "properties": {
        "type": "Point",
        "intensity": 0.5,
        "range": 10.0,
        "colour": "#FFFFFF",
        "corona": null,
        "dutyCycle": "Always()"
      }
    },
    {
      "parent": "/Far__x1_z5/Far__x1_z5_LFS/Far_PassengerPlatform/Railway_Platform_Roof (2)/Collider/%GROUP%_Mesh0000010448000400",
      "position": "(0,0.25,-0.5)",
      "rotation": "(0.591389239,-0.303124279,0.2552549,0.7022958)",
      "hash": "06E61F7F2C1519050:06E55F7F131519280",
      "properties": {
        "type": "Point",
        "intensity": 0.5,
        "range": 10.0,
        "colour": "#FFFFFF",
        "corona": null,
        "dutyCycle": "Always()"
      }
    },
    {
      "parent": "/Far__x1_z5/Far__x1_z5_LFS/Far_PassengerPlatform/Railway_Platform_Roof (2)/Collider/%GROUP%_Mesh0000000448000401",
      "position": "(0,0.25,0.5)",
      "rotation": "(0.591389239,-0.303124279,0.2552549,0.7022958)",
      "hash": "06E0527F2B1513150:06E1127F121512560",
      "properties": {
        "type": "Point",
        "intensity": 0.5,
        "range": 10.0,
        "colour": "#FFFFFF",
        "corona": null,
        "dutyCycle": "Always()"
      }
    },
    {
      "parent": "/Far__x1_z5/Far__x1_z5_LFS/Far_PassengerPlatform/Railway_Platform_Roof (2)/Collider/%GROUP%_Mesh0000000448000401",
      "position": "(0,0.25,-0.5)",
      "rotation": "(0.591389239,-0.303124279,0.2552549,0.7022958)",
      "hash": "06E0527F2B1513150:06E02E7F121513380",
      "properties": {
        "type": "Point",
        "intensity": 0.5,
        "range": 10.0,
        "colour": "#FFFFFF",
        "corona": null,
        "dutyCycle": "Always()"
      }
    },
    {
      "parent": "/Far__x1_z5/Far__x1_z5_LFS/Far_PassengerPlatform/Railway_Platform_Roof (1)/Collider/%GROUP%_Mesh0000010448000362",
      "position": "(0,0.25,0.5)",
      "rotation": "(0.591389239,-0.303124279,0.2552549,0.7022958)",
      "hash": "06C9327F2C14FA300:06C9557F1314FA0D0",
      "properties": {
        "type": "Point",
        "intensity": 0.5,
        "range": 10.0,
        "colour": "#FFFFFF",
        "corona": null,
        "dutyCycle": "Always()"
      }
    },
    {
      "parent": "/Far__x1_z5/Far__x1_z5_LFS/Far_PassengerPlatform/Railway_Platform_Roof (1)/Collider/%GROUP%_Mesh0000010448000362",
      "position": "(0,0.25,-0.5)",
      "rotation": "(0.591389239,-0.303124279,0.2552549,0.7022958)",
      "hash": "06C9327F2C14FA300:06C90E7F1314FA530",
      "properties": {
        "type": "Point",
        "intensity": 0.5,
        "range": 10.0,
        "colour": "#FFFFFF",
        "corona": null,
        "dutyCycle": "Always()"
      }
    },
    {
      "parent": "/Far__x1_z5/Far__x1_z5_LFS/Far_PassengerPlatform/Railway_Platform_Roof (1)/Collider/%GROUP%_Mesh0000010448000C01",
      "position": "(0,0.25,0.5)",
      "rotation": "(0.591389239,-0.303124279,0.2552549,0.7022958)",
      "hash": "06BE337F2C14EE540:06BE577F1314EE310",
      "properties": {
        "type": "Point",
        "intensity": 0.5,
        "range": 10.0,
        "colour": "#FFFFFF",
        "corona": null,
        "dutyCycle": "Always()"
      }
    },
    {
      "parent": "/Far__x1_z5/Far__x1_z5_LFS/Far_PassengerPlatform/Railway_Platform_Roof (1)/Collider/%GROUP%_Mesh0000010448000C01",
      "position": "(0,0.25,-0.5)",
      "rotation": "(0.591389239,-0.303124279,0.2552549,0.7022958)",
      "hash": "06BE337F2C14EE540:06BE0F7F1314EF130",
      "properties": {
        "type": "Point",
        "intensity": 0.5,
        "range": 10.0,
        "colour": "#FFFFFF",
        "corona": null,
        "dutyCycle": "Always()"
      }
    },
    {
      "parent": "/Far__x1_z5/Far__x1_z5_LFS/Far_PassengerPlatform/Railway_Platform_Roof/Collider/%GROUP%_Mesh0000030448000B62",
      "position": "(0,0.25,0.5)",
      "rotation": "(0.591389239,-0.303124279,0.2552549,0.7022958)",
      "hash": "06B2107F2C14E14C0:06B2347F1314E1290",
      "properties": {
        "type": "Point",
        "intensity": 0.5,
        "range": 10.0,
        "colour": "#FFFFFF",
        "corona": null,
        "dutyCycle": "Always()"
      }
    },
    {
      "parent": "/Far__x1_z5/Far__x1_z5_LFS/Far_PassengerPlatform/Railway_Platform_Roof/Collider/%GROUP%_Mesh0000030448000B62",
      "position": "(0,0.25,-0.5)",
      "rotation": "(0.591389239,-0.303124279,0.2552549,0.7022958)",
      "hash": "06B2107F2C14E14C0:06B1507F1314E20A0",
      "properties": {
        "type": "Point",
        "intensity": 0.5,
        "range": 10.0,
        "colour": "#FFFFFF",
        "corona": null,
        "dutyCycle": "Always()"
      }
    },
    {
      "parent": "/Far__x1_z5/Far__x1_z5_LFS/Far_PassengerPlatform/Railway_Platform_Roof/Collider/%GROUP%_Mesh0000060449000362",
      "position": "(0,0.25,0.5)",
      "rotation": "(0.591389239,-0.303124279,0.2552549,0.7022958)",
      "hash": "06AC417F2C14DB5F0:06AD027F1314DB3D0",
      "properties": {
        "type": "Point",
        "intensity": 0.5,
        "range": 10.0,
        "colour": "#FFFFFF",
        "corona": null,
        "dutyCycle": "Always()"
      }
    },
    {
      "parent": "/Far__x1_z5/Far__x1_z5_LFS/Far_PassengerPlatform/Railway_Platform_Roof/Collider/%GROUP%_Mesh0000060449000362",
      "position": "(0,0.25,-0.5)",
      "rotation": "(0.591389239,-0.303124279,0.2552549,0.7022958)",
      "hash": "06AC417F2C14DB5F0:06AC1C7F1314DC1D0",
      "properties": {
        "type": "Point",
        "intensity": 0.5,
        "range": 10.0,
        "colour": "#FFFFFF",
        "corona": null,
        "dutyCycle": "Always()"
      }
    },
    {
      "parent": "/Far__x1_z5/Far__x1_z5_LFS/Far_PassengerPlatform/Railway_Platform_Roof/Collider/%GROUP%_Mesh0000050449000400",
      "position": "(0,0.25,0.5)",
      "rotation": "(0.591389239,-0.303124279,0.2552549,0.7022958)",
      "hash": "06A7117F2C14D60D0:06A7357F1314D54E0",
      "properties": {
        "type": "Point",
        "intensity": 0.5,
        "range": 10.0,
        "colour": "#FFFFFF",
        "corona": null,
        "dutyCycle": "Always()"
      }
    },
    {
      "parent": "/Far__x1_z5/Far__x1_z5_LFS/Far_PassengerPlatform/Railway_Platform_Roof/Collider/%GROUP%_Mesh0000050449000400",
      "position": "(0,0.25,-0.5)",
      "rotation": "(0.591389239,-0.303124279,0.2552549,0.7022958)",
      "hash": "06A7117F2C14D60D0:06A6517F1314D6300",
      "properties": {
        "type": "Point",
        "intensity": 0.5,
        "range": 10.0,
        "colour": "#FFFFFF",
        "corona": null,
        "dutyCycle": "Always()"
      }
    },
    {
      "parent": "/Far__x1_z5/Far__x1_z5_LFS/Far_PassengerPlatform/Railway_Platform_Roof/Collider/%GROUP%_Mesh0000080449000C01",
      "position": "(0,0.25,0.5)",
      "rotation": "(0.591389239,-0.303124279,0.2552549,0.7022958)",
      "hash": "06A1427F2D14D0200:06A2027F1414CF610",
      "properties": {
        "type": "Point",
        "intensity": 0.5,
        "range": 10.0,
        "colour": "#FFFFFF",
        "corona": null,
        "dutyCycle": "Always()"
      }
    },
    {
      "parent": "/Far__x1_z5/Far__x1_z5_LFS/Far_PassengerPlatform/Railway_Platform_Roof/Collider/%GROUP%_Mesh0000080449000C01",
      "position": "(0,0.25,-0.5)",
      "rotation": "(0.591389239,-0.303124279,0.2552549,0.7022958)",
      "hash": "06A1427F2D14D0200:06A11E7F1414D0430",
      "properties": {
        "type": "Point",
        "intensity": 0.5,
        "range": 10.0,
        "colour": "#FFFFFF",
        "corona": null,
        "dutyCycle": "Always()"
      }
    },
    {
      "parent": "/Far__x1_z5/Far__x1_z5_LFS/Far_PassengerPlatform/Railway_Platform_RoofWide/Collider/%GROUP%_Mesh00021C0709000760",
      "position": "(0,0.25,0.5)",
      "rotation": "(0.5936971,-0.302282721,0.256251037,0.700346)",
      "hash": "069A43815114E1620:069A1F813814E13F0",
      "properties": {
        "type": "Point",
        "intensity": 0.5,
        "range": 10.0,
        "colour": "#FFFFFF",
        "corona": null,
        "dutyCycle": "Always()"
      }
    },
    {
      "parent": "/Far__x1_z5/Far__x1_z5_LFS/Far_PassengerPlatform/Railway_Platform_RoofWide/Collider/%GROUP%_Mesh00021C0709000760",
      "position": "(0,0.25,-0.5)",
      "rotation": "(0.5936971,-0.302282721,0.256251037,0.700346)",
      "hash": "069A43815114E1620:069B02813814E2220",
      "properties": {
        "type": "Point",
        "intensity": 0.5,
        "range": 10.0,
        "colour": "#FFFFFF",
        "corona": null,
        "dutyCycle": "Always()"
      }
    },
    {
      "parent": "/Far__x1_z5/Far__x1_z5_LFS/Far_PassengerPlatform/Railway_Platform_RoofWide/Collider/%GROUP%_Mesh00020B0707000763",
      "position": "(0,0.25,0.5)",
      "rotation": "(0.256251037,0.7003458,-0.5936972,0.3022826)",
      "hash": "069D55814F14DE5E0:069D34813614DE380",
      "properties": {
        "type": "Point",
        "intensity": 0.5,
        "range": 10.0,
        "colour": "#FFFFFF",
        "corona": null,
        "dutyCycle": "Always()"
      }
    },
    {
      "parent": "/Far__x1_z5/Far__x1_z5_LFS/Far_PassengerPlatform/Railway_Platform_RoofWide/Collider/%GROUP%_Mesh00020B0707000763",
      "position": "(0,0.25,-0.5)",
      "rotation": "(0.256251037,0.7003458,-0.5936972,0.3022826)",
      "hash": "069D55814F14DE5E0:069E12813614DF200",
      "properties": {
        "type": "Point",
        "intensity": 0.5,
        "range": 10.0,
        "colour": "#FFFFFF",
        "corona": null,
        "dutyCycle": "Always()"
      }
    },
    {
      "parent": "/Far__x1_z5/Far__x1_z5_LFS/Far_PassengerPlatform/Railway_Platform_RoofWide/Collider/%GROUP%_Mesh000214070800075C",
      "position": "(0,0.25,0.5)",
      "rotation": "(0.256251037,0.7003458,-0.5936972,0.3022826)",
      "hash": "06A853815014EA2F0:06A912813714EA520",
      "properties": {
        "type": "Point",
        "intensity": 0.5,
        "range": 10.0,
        "colour": "#FFFFFF",
        "corona": null,
        "dutyCycle": "Always()"
      }
    },
    {
      "parent": "/Far__x1_z5/Far__x1_z5_LFS/Far_PassengerPlatform/Railway_Platform_RoofWide/Collider/%GROUP%_Mesh000214070800075C",
      "position": "(0,0.25,-0.5)",
      "rotation": "(0.256251037,0.7003458,-0.5936972,0.3022826)",
      "hash": "06A853815014EA2F0:06A830813714EA0C0",
      "properties": {
        "type": "Point",
        "intensity": 0.5,
        "range": 10.0,
        "colour": "#FFFFFF",
        "corona": null,
        "dutyCycle": "Always()"
      }
    },
    {
      "parent": "/Far__x1_z5/Far__x1_z5_LFS/Far_PassengerPlatform/Railway_Platform_RoofWide (1)/Collider/%GROUP%_Mesh0002130708000805",
      "position": "(0,0.25,0.5)",
      "rotation": "(0.256251037,0.7003458,-0.5936972,0.3022826)",
      "hash": "06BA43815014FD280:06BB02813714FD4C0",
      "properties": {
        "type": "Point",
        "intensity": 0.5,
        "range": 10.0,
        "colour": "#FFFFFF",
        "corona": null,
        "dutyCycle": "Always()"
      }
    },
    {
      "parent": "/Far__x1_z5/Far__x1_z5_LFS/Far_PassengerPlatform/Railway_Platform_RoofWide (1)/Collider/%GROUP%_Mesh0002130708000805",
      "position": "(0,0.25,-0.5)",
      "rotation": "(0.256251037,0.7003458,-0.5936972,0.3022826)",
      "hash": "06BA43815014FD280:06BA20813714FD040",
      "properties": {
        "type": "Point",
        "intensity": 0.5,
        "range": 10.0,
        "colour": "#FFFFFF",
        "corona": null,
        "dutyCycle": "Always()"
      }
    },
    {
      "parent": "/Far__x1_z5/Far__x1_z5_LFS/Far_PassengerPlatform/Railway_Platform_RoofWide (2)/Collider/%GROUP%_Mesh00021A0709000761",
      "position": "(0,0.25,0.5)",
      "rotation": "(0.5936971,-0.302282721,0.256251037,0.700346)",
      "hash": "06DF178151152A450:06DF3B8138152B040",
      "properties": {
        "type": "Point",
        "intensity": 0.5,
        "range": 10.0,
        "colour": "#FFFFFF",
        "corona": null,
        "dutyCycle": "Always()"
      }
    },
    {
      "parent": "/Far__x1_z5/Far__x1_z5_LFS/Far_PassengerPlatform/Railway_Platform_RoofWide (2)/Collider/%GROUP%_Mesh00021A0709000761",
      "position": "(0,0.25,-0.5)",
      "rotation": "(0.5936971,-0.302282721,0.256251037,0.700346)",
      "hash": "06DF178151152A450:06DE578138152A230",
      "properties": {
        "type": "Point",
        "intensity": 0.5,
        "range": 10.0,
        "colour": "#FFFFFF",
        "corona": null,
        "dutyCycle": "Always()"
      }
    },
    {
      "parent": "/Far__x1_z5/Far__x1_z5_LFS/Far_PassengerPlatform/Railway_Platform_RoofWide (3)/Collider/%GROUP%_Mesh0002150708000803",
      "position": "(0,0.25,0.5)",
      "rotation": "(0.5936971,-0.302282721,0.256251037,0.700346)",
      "hash": "06F1098150153D390:06F12C8137153D5D0",
      "properties": {
        "type": "Point",
        "intensity": 0.5,
        "range": 10.0,
        "colour": "#FFFFFF",
        "corona": null,
        "dutyCycle": "Always()"
      }
    },
    {
      "parent": "/Far__x1_z5/Far__x1_z5_LFS/Far_PassengerPlatform/Railway_Platform_RoofWide (3)/Collider/%GROUP%_Mesh0002150708000803",
      "position": "(0,0.25,-0.5)",
      "rotation": "(0.5936971,-0.302282721,0.256251037,0.700346)",
      "hash": "06F1098150153D390:06F04B8137153D140",
      "properties": {
        "type": "Point",
        "intensity": 0.5,
        "range": 10.0,
        "colour": "#FFFFFF",
        "corona": null,
        "dutyCycle": "Always()"
      }
    },
    {
      "parent": "/Far__x1_z5/Far__x1_z5_LFS/Far_PassengerPlatform/Railway_Platform_Roof (1)/Collider/%GROUP%_Mesh000016044B000B5B",
      "position": "(0,0.25,0.5)",
      "rotation": "(0.591389239,-0.303124279,0.2552549,0.7022958)",
      "hash": "06CE4E7F2F1500270:06CF0F7F161500060",
      "properties": {
        "type": "Point",
        "intensity": 0.5,
        "range": 10.0,
        "colour": "#FFFFFF",
        "corona": null,
        "dutyCycle": "Always()"
      }
    },
    {
      "parent": "/Far__x1_z5/Far__x1_z5_LFS/Far_PassengerPlatform/Railway_Platform_Roof (1)/Collider/%GROUP%_Mesh000016044B000B5B",
      "position": "(0,0.25,-0.5)",
      "rotation": "(0.591389239,-0.303124279,0.2552549,0.7022958)",
      "hash": "06CE4E7F2F1500270:06CE297F161500490",
      "properties": {
        "type": "Point",
        "intensity": 0.5,
        "range": 10.0,
        "colour": "#FFFFFF",
        "corona": null,
        "dutyCycle": "Always()"
      }
    }
  ],
  "meshes": [
    {
      "parent": "/Far__x1_z5/Far__x1_z5_LFS/Far_PassengerPlatform/Railway_Platform_RoofWide (3)/Collider",
      "position": "(-2.177853,7.081421,7.99276733)",
      "rotation": "(0.9304176,0,-0.366501182,0)",
      "hash": "06F8167A4715415A0:06F4208150153A3B0",
      "properties": {
        "file": "meshes_lampposts.assetbundle",
        "mesh": "IndustrialLamp_Ceiling"
      }
    },
    {
      "parent": "/Far__x1_z5/Far__x1_z5_LFS/Far_PassengerPlatform/Railway_Platform_RoofWide (2)/Collider",
      "position": "(2.17278242,7.08056641,7.95710754)",
      "rotation": "(0.927183867,0,-0.3746066,0)",
      "hash": "06DB297A471523210:06D425814F151F030",
      "properties": {
        "file": "meshes_lampposts.assetbundle",
        "mesh": "IndustrialLamp_Ceiling"
      }
    },
    {
      "parent": "/Far__x1_z5/Far__x1_z5_LFS/Far_PassengerPlatform/Railway_Platform_RoofWide/Collider",
      "position": "(2.18386126,7.08239746,-7.997589)",
      "rotation": "(0.37460658,0,0.927183867,0)",
      "hash": "06A14F7A4714E6150:06A545815014ED350",
      "properties": {
        "file": "meshes_lampposts.assetbundle",
        "mesh": "IndustrialLamp_Ceiling"
      }
    },
    {
      "parent": "/Far__x1_z5/Far__x1_z5_LFS/Far_PassengerPlatform/Railway_Platform_RoofWide (3)/Collider",
      "position": "(-2.1691165,7.080002,-7.99531555)",
      "rotation": "(0.9304176,0,-0.366501182,0)",
      "hash": "06F8167A4715415A0:06FF1C814F1546170",
      "properties": {
        "file": "meshes_lampposts.assetbundle",
        "mesh": "IndustrialLamp_Ceiling"
      }
    },
    {
      "parent": "/Far__x1_z5/Far__x1_z5_LFS/Far_PassengerPlatform/Railway_Platform_RoofWide (3)/Collider",
      "position": "(2.20428133,7.0858,-7.981491)",
      "rotation": "(0.9304176,0,-0.366501182,0)",
      "hash": "06F8167A4715415A0:06FC0981501549160",
      "properties": {
        "file": "meshes_lampposts.assetbundle",
        "mesh": "IndustrialLamp_Ceiling"
      }
    },
    {
      "parent": "/Far__x1_z5/Far__x1_z5_LFS/Far_PassengerPlatform/Railway_Platform_RoofWide (2)/Collider",
      "position": "(-2.145917,7.07614136,-8.00618)",
      "rotation": "(0.9304176,0,-0.366501182,0)",
      "hash": "06DB297A471523210:06E22E814F1527450",
      "properties": {
        "file": "meshes_lampposts.assetbundle",
        "mesh": "IndustrialLamp_Ceiling"
      }
    },
    {
      "parent": "/Far__x1_z5/Far__x1_z5_LFS/Far_PassengerPlatform/Railway_Platform_RoofWide (1)/Collider",
      "position": "(2.16505718,7.07928467,8.019089)",
      "rotation": "(0.9304176,0,-0.366501182,0)",
      "hash": "06BE3C7A4715044D0:06B734814F15002A0",
      "properties": {
        "file": "meshes_lampposts.assetbundle",
        "mesh": "IndustrialLamp_Ceiling"
      }
    },
    {
      "parent": "/Far__x1_z5/Far__x1_z5_LFS/Far_PassengerPlatform/Railway_Platform_RoofWide (1)/Collider",
      "position": "(-2.17550182,7.08099365,-8.011765)",
      "rotation": "(0.9304176,0,-0.366501182,0)",
      "hash": "06BE3C7A4715044D0:06C544815015090B0",
      "properties": {
        "file": "meshes_lampposts.assetbundle",
        "mesh": "IndustrialLamp_Ceiling"
      }
    },
    {
      "parent": "/Far__x1_z5/Far__x1_z5_LFS/Far_PassengerPlatform/Railway_Platform_RoofWide (2)/Collider",
      "position": "(-2.17643976,7.08122253,7.945938)",
      "rotation": "(0.3665012,0,0.9304176,0)",
      "hash": "06DB297A471523210:06D7368150151C060",
      "properties": {
        "file": "meshes_lampposts.assetbundle",
        "mesh": "IndustrialLamp_Ceiling"
      }
    },
    {
      "parent": "/Far__x1_z5/Far__x1_z5_LFS/Far_PassengerPlatform/Railway_Platform_Roof (3)/Collider",
      "position": "(0.08064556,4.73394775,-12.0074654)",
      "rotation": "(-0.398749083,0,0.9170601,0)",
      "hash": "0700277A471534460:0708387F2D153D310",
      "properties": {
        "file": "meshes_lampposts.assetbundle",
        "mesh": "IndustrialLamp_Ceiling"
      }
    },
    {
      "parent": "/Far__x1_z5/Far__x1_z5_LFS/Far_PassengerPlatform/Railway_Platform_Roof (3)/Collider",
      "position": "(-0.0139408112,4.72236633,12.0491791)",
      "rotation": "(-0.390731215,0,0.920504868,0)",
      "hash": "0700277A471534460:06F80D7F2C152B5C0",
      "properties": {
        "file": "meshes_lampposts.assetbundle",
        "mesh": "IndustrialLamp_Ceiling"
      }
    },
    {
      "parent": "/Far__x1_z5/Far__x1_z5_LFS/Far_PassengerPlatform/Railway_Platform_Roof (2)/Collider",
      "position": "(0.0131940842,4.72229,-12.03801)",
      "rotation": "(-0.390731215,0,0.920504868,0)",
      "hash": "06E33A7A4715160D0:06EB537F2C151E5A0",
      "properties": {
        "file": "meshes_lampposts.assetbundle",
        "mesh": "IndustrialLamp_Ceiling"
      }
    },
    {
      "parent": "/Far__x1_z5/Far__x1_z5_LFS/Far_PassengerPlatform/Railway_Platform_Roof (2)/Collider",
      "position": "(-0.00652217865,4.72108459,11.9952545)",
      "rotation": "(-0.398749083,0,0.9170601,0)",
      "hash": "06E33A7A4715160D0:06DB247F2C150D280",
      "properties": {
        "file": "meshes_lampposts.assetbundle",
        "mesh": "IndustrialLamp_Ceiling"
      }
    },
    {
      "parent": "/Far__x1_z5/Far__x1_z5_LFS/Far_PassengerPlatform/Railway_Platform_Roof (1)/Collider",
      "position": "(0.002318859,4.72036743,4.02001953)",
      "rotation": "(-0.398749083,0,0.9170601,0)",
      "hash": "06C64D7A4714F7390:06C4017F2B14F4410",
      "properties": {
        "file": "meshes_lampposts.assetbundle",
        "mesh": "IndustrialLamp_Ceiling"
      }
    },
    {
      "parent": "/Far__x1_z5/Far__x1_z5_LFS/Far_PassengerPlatform/Railway_Platform_Roof (3)/Collider",
      "position": "(-0.00952267647,4.721611,3.9515)",
      "rotation": "(-0.390731215,0,0.920504868,0)",
      "hash": "0700277A471534460:06FD447F2C1531510",
      "properties": {
        "file": "meshes_lampposts.assetbundle",
        "mesh": "IndustrialLamp_Ceiling"
      }
    },
    {
      "parent": "/Far__x1_z5/Far__x1_z5_LFS/Far_PassengerPlatform/Railway_Platform_Roof (3)/Collider",
      "position": "(-0.025187254,4.72431946,-3.96647263)",
      "rotation": "(-0.398749083,0,0.9170601,0)",
      "hash": "0700277A471534460:07030D7F2C1537390",
      "properties": {
        "file": "meshes_lampposts.assetbundle",
        "mesh": "IndustrialLamp_Ceiling"
      }
    },
    {
      "parent": "/Far__x1_z5/Far__x1_z5_LFS/Far_PassengerPlatform/Railway_PlatformWide_3 (1)/Collider/collider",
      "position": "(-3.2611084,1.00000215,17.9740028)",
      "rotation": "(0,0.927183867,0,-0.3746066)",
      "hash": "0685027A6114C6170:0675477B6114D0130",
      "properties": {
        "file": "meshes_lampposts.assetbundle",
        "mesh": "LampPostSmall_Floor"
      }
    },
    {
      "parent": "/Far__x1_z5/Far__x1_z5_LFS/Far_PassengerPlatform/Railway_Platform_RoofWide/Collider",
      "position": "(-0.01660347,6.322891,16.3997345)",
      "rotation": "(-0.657205462,0.260923445,0.260923445,0.6572054)",
      "hash": "06A14F7A4714E6150:069637810414DA1A0",
      "properties": {
        "file": "meshes_lampposts.assetbundle",
        "mesh": "FloodLight_Wall"
      }
    },
    {
      "parent": "/Far__x1_z5/Far__x1_z5_LFS/Far_PassengerPlatform/Railway_Platform_Roof/Collider",
      "position": "(-0.000310897827,4.36181641,16.1999512)",
      "rotation": "(-0.657205462,0.260923445,0.260923445,0.6572054)",
      "hash": "06A9607A4714D9010:069E557F0814CD160",
      "properties": {
        "file": "meshes_lampposts.assetbundle",
        "mesh": "FloodLight_Wall"
      }
    },
    {
      "parent": "/Far__x1_z5/Far__x1_z5_LFS/Far_PassengerPlatform/Railway_PlatformWide_3 (1)/Collider/collider",
      "position": "(-3.28210449,1.00000215,-24.0342064)",
      "rotation": "(0,0.927183867,0,-0.3746066)",
      "hash": "0685027A6114C6170:06941A7B6114B3240",
      "properties": {
        "file": "meshes_lampposts.assetbundle",
        "mesh": "LampPostSmall_Floor"
      }
    },
    {
      "parent": "/Far__x1_z5/Far__x1_z5_LFS/Far_PassengerPlatform/Railway_PlatformWide_6 (2)/Collider/collider",
      "position": "(-3.42501831,1,-76.00834)",
      "rotation": "(0,-0.398749083,0,0.9170601)",
      "hash": "06BE467A4715191D0:0688077B4714E4210",
      "properties": {
        "file": "meshes_lampposts.assetbundle",
        "mesh": "LampPostSmall_Floor"
      }
    },
    {
      "parent": "/Far__x1_z5/Far__x1_z5_LFS/Far_PassengerPlatform/Railway_PlatformWide_6 (2)/Collider/collider",
      "position": "(-3.46195221,1,-48.9931679)",
      "rotation": "(0,-0.390731215,0,0.920504868)",
      "hash": "06BE467A4715191D0:069A3A7B4714F8010",
      "properties": {
        "file": "meshes_lampposts.assetbundle",
        "mesh": "LampPostSmall_Floor"
      }
    },
    {
      "parent": "/Far__x1_z5/Far__x1_z5_LFS/Far_PassengerPlatform/Railway_PlatformWide_6 (2)/Collider/collider",
      "position": "(-3.47186279,1,-22.0162849)",
      "rotation": "(0,-0.382683456,0,0.9238795)",
      "hash": "06BE467A4715191D0:06AD077B47150B410",
      "properties": {
        "file": "meshes_lampposts.assetbundle",
        "mesh": "LampPostSmall_Floor"
      }
    },
    {
      "parent": "/Far__x1_z5/Far__x1_z5_LFS/Far_PassengerPlatform/Railway_PlatformWide_6 (2)/Collider/collider",
      "position": "(-3.51933861,1,8.001141)",
      "rotation": "(0,-0.382683456,0,0.9238795)",
      "hash": "06BE467A4715191D0:06C13F7B471521350",
      "properties": {
        "file": "meshes_lampposts.assetbundle",
        "mesh": "LampPostSmall_Floor"
      }
    },
    {
      "parent": "/Far__x1_z5/Far__x1_z5_LFS/Far_PassengerPlatform/Railway_PlatformWide_6 (2)/Collider/collider",
      "position": "(-3.51977539,1,34.9802437)",
      "rotation": "(0,-0.398749083,0,0.9170601)",
      "hash": "06BE467A4715191D0:06D40D7B471535100",
      "properties": {
        "file": "meshes_lampposts.assetbundle",
        "mesh": "LampPostSmall_Floor"
      }
    },
    {
      "parent": "/Far__x1_z5/Far__x1_z5_LFS/Far_PassengerPlatform/Railway_PlatformWide_6 (2)/Collider/collider",
      "position": "(-3.50945663,1,64.98369)",
      "rotation": "(0,-0.390731215,0,0.920504868)",
      "hash": "06BE467A4715191D0:06E8487B47154A620",
      "properties": {
        "file": "meshes_lampposts.assetbundle",
        "mesh": "LampPostSmall_Floor"
      }
    },
    {
      "parent": "/Far__x1_z5/Far__x1_z5_LFS/Far_PassengerPlatform/Railway_Platform_RoofWide (1)/Collider",
      "position": "(2.20579815,7.08605957,-8.013977)",
      "rotation": "(0.9304176,0,-0.366501182,0)",
      "hash": "06BE3C7A4715044D0:06C2318150150C0C0",
      "properties": {
        "file": "meshes_lampposts.assetbundle",
        "mesh": "IndustrialLamp_Ceiling"
      }
    },
    {
      "parent": "/Far__x1_z5/Far__x1_z5_LFS/Far_PassengerPlatform/Railway_Platform_Roof (2)/Collider",
      "position": "(0.0116753578,4.722061,-4.00001526)",
      "rotation": "(0.9205048,0,0.390731215,0)",
      "hash": "06E33A7A4715160D0:06E61F7F2C1519050",
      "properties": {
        "file": "meshes_lampposts.assetbundle",
        "mesh": "IndustrialLamp_Ceiling"
      }
    },
    {
      "parent": "/Far__x1_z5/Far__x1_z5_LFS/Far_PassengerPlatform/Railway_Platform_Roof (2)/Collider",
      "position": "(0.0007147789,4.72012329,4.016327)",
      "rotation": "(0.9205048,0,0.390731215,0)",
      "hash": "06E33A7A4715160D0:06E0527F2B1513150",
      "properties": {
        "file": "meshes_lampposts.assetbundle",
        "mesh": "IndustrialLamp_Ceiling"
      }
    },
    {
      "parent": "/Far__x1_z5/Far__x1_z5_LFS/Far_PassengerPlatform/Railway_Platform_Roof (1)/Collider",
      "position": "(0.0109579563,4.72188568,-3.984436)",
      "rotation": "(0.9205048,0,0.390731215,0)",
      "hash": "06C64D7A4714F7390:06C9327F2C14FA300",
      "properties": {
        "file": "meshes_lampposts.assetbundle",
        "mesh": "IndustrialLamp_Ceiling"
      }
    },
    {
      "parent": "/Far__x1_z5/Far__x1_z5_LFS/Far_PassengerPlatform/Railway_Platform_Roof (1)/Collider",
      "position": "(0.0199041367,4.72338867,12.0176392)",
      "rotation": "(0.9205048,0,0.390731215,0)",
      "hash": "06C64D7A4714F7390:06BE337F2C14EE540",
      "properties": {
        "file": "meshes_lampposts.assetbundle",
        "mesh": "IndustrialLamp_Ceiling"
      }
    },
    {
      "parent": "/Far__x1_z5/Far__x1_z5_LFS/Far_PassengerPlatform/Railway_Platform_Roof/Collider",
      "position": "(0.03612995,4.726227,-11.9885864)",
      "rotation": "(0.9205048,0,0.390731215,0)",
      "hash": "06A9607A4714D9010:06B2107F2C14E14C0",
      "properties": {
        "file": "meshes_lampposts.assetbundle",
        "mesh": "IndustrialLamp_Ceiling"
      }
    },
    {
      "parent": "/Far__x1_z5/Far__x1_z5_LFS/Far_PassengerPlatform/Railway_Platform_Roof/Collider",
      "position": "(0.06184411,4.73068237,-3.98461914)",
      "rotation": "(0.917060137,0,0.398749053,0)",
      "hash": "06A9607A4714D9010:06AC417F2C14DB5F0",
      "properties": {
        "file": "meshes_lampposts.assetbundle",
        "mesh": "IndustrialLamp_Ceiling"
      }
    },
    {
      "parent": "/Far__x1_z5/Far__x1_z5_LFS/Far_PassengerPlatform/Railway_Platform_Roof/Collider",
      "position": "(0.0581622124,4.730011,4.009033)",
      "rotation": "(0.9205048,0,0.390731215,0)",
      "hash": "06A9607A4714D9010:06A7117F2C14D60D0",
      "properties": {
        "file": "meshes_lampposts.assetbundle",
        "mesh": "IndustrialLamp_Ceiling"
      }
    },
    {
      "parent": "/Far__x1_z5/Far__x1_z5_LFS/Far_PassengerPlatform/Railway_Platform_Roof/Collider",
      "position": "(0.0805425644,4.73394,12.0172424)",
      "rotation": "(0.9205048,0,0.390731215,0)",
      "hash": "06A9607A4714D9010:06A1427F2D14D0200",
      "properties": {
        "file": "meshes_lampposts.assetbundle",
        "mesh": "IndustrialLamp_Ceiling"
      }
    },
    {
      "parent": "/Far__x1_z5/Far__x1_z5_LFS/Far_PassengerPlatform/Railway_Platform_RoofWide/Collider",
      "position": "(2.28634214,7.09939575,7.96112061)",
      "rotation": "(0.9238796,0,-0.382683367,0)",
      "hash": "06A14F7A4714E6150:069A43815114E1620",
      "properties": {
        "file": "meshes_lampposts.assetbundle",
        "mesh": "IndustrialLamp_Ceiling"
      }
    },
    {
      "parent": "/Far__x1_z5/Far__x1_z5_LFS/Far_PassengerPlatform/Railway_Platform_RoofWide/Collider",
      "position": "(-2.11744738,7.071411,7.99111938)",
      "rotation": "(0.9366722,0,-0.350207418,0)",
      "hash": "06A14F7A4714E6150:069D55814F14DE5E0",
      "properties": {
        "file": "meshes_lampposts.assetbundle",
        "mesh": "IndustrialLamp_Ceiling"
      }
    },
    {
      "parent": "/Far__x1_z5/Far__x1_z5_LFS/Far_PassengerPlatform/Railway_Platform_RoofWide/Collider",
      "position": "(-2.20126677,7.08534241,-7.92921448)",
      "rotation": "(0.382683456,0,0.9238795,0)",
      "hash": "06A14F7A4714E6150:06A853815014EA2F0",
      "properties": {
        "file": "meshes_lampposts.assetbundle",
        "mesh": "IndustrialLamp_Ceiling"
      }
    },
    {
      "parent": "/Far__x1_z5/Far__x1_z5_LFS/Far_PassengerPlatform/Railway_Platform_RoofWide (1)/Collider",
      "position": "(-2.196887,7.08459473,8.059677)",
      "rotation": "(0.37460658,0,0.927183867,0)",
      "hash": "06BE3C7A4715044D0:06BA43815014FD280",
      "properties": {
        "file": "meshes_lampposts.assetbundle",
        "mesh": "IndustrialLamp_Ceiling"
      }
    },
    {
      "parent": "/Far__x1_z5/Far__x1_z5_LFS/Far_PassengerPlatform/Railway_Platform_RoofWide (2)/Collider",
      "position": "(2.26564074,7.0960083,-7.977852)",
      "rotation": "(0.3907311,0,0.920504868,0)",
      "hash": "06DB297A471523210:06DF178151152A450",
      "properties": {
        "file": "meshes_lampposts.assetbundle",
        "mesh": "IndustrialLamp_Ceiling"
      }
    },
    {
      "parent": "/Far__x1_z5/Far__x1_z5_LFS/Far_PassengerPlatform/Railway_Platform_RoofWide (3)/Collider",
      "position": "(2.21445751,7.087494,8.03315)",
      "rotation": "(0.3665012,0,0.9304176,0)",
      "hash": "06F8167A4715415A0:06F1098150153D390",
      "properties": {
        "file": "meshes_lampposts.assetbundle",
        "mesh": "IndustrialLamp_Ceiling"
      }
    },
    {
      "parent": "/Far__x1_z5/Far__x1_z5_LFS/Far_PassengerPlatform/Railway_Platform_Roof (1)/Collider",
      "position": "(0.223885536,4.75865173,-11.9137421)",
      "rotation": "(0.9135455,0,0.4067366,0)",
      "hash": "06C64D7A4714F7390:06CE4E7F2F1500270",
      "properties": {
        "file": "meshes_lampposts.assetbundle",
        "mesh": "IndustrialLamp_Ceiling"
      }
    }
  ],
  "decorations": []
}