{
  "version": 97,
  "enabled": true,
  "lights": [
    {
      "parent": "/Far__x1_z5/Far__x1_z5_LFS/Far_Fences/FenceWall01_x12_Yellow (16)/Collider/%GROUP%_Mesh00733B0004001D0F",
      "position": "(0.75,12.25,0)",
      "rotation": "(-0.7071068,0,0,0.7071068)",
      "hash": "061D3E7A1A14EF390:061E11863314EF060",
      "properties": {
        "type": "Point",
        "intensity": 1.0,
        "range": 30.0,
        "colour": "#FFFFFF",
        "corona": {
          "sprite": "corona_white01.png",
          "scale": 1.0,
          "range": 100.0
        },
        "dutyCycle": "DuskTillDawn()"
      }
    },
    {
      "parent": "/Far__x1_z5/Far__x1_z5_LFS/Far_Fences/FenceWall01_x12_Yellow (16)/Collider/%GROUP%_Mesh00733B0004001D0F",
      "position": "(0,12.25,0.75)",
      "rotation": "(-0.7071068,0,0,0.7071068)",
      "hash": "061D3E7A1A14EF390:061E0D863314F00C0",
      "properties": {
        "type": "Point",
        "intensity": 1.0,
        "range": 30.0,
        "colour": "#FFFFFF",
        "corona": {
          "sprite": "corona_white01.png",
          "scale": 1.0,
          "range": 100.0
        },
        "dutyCycle": "DuskTillDawn()"
      }
    },
    {
      "parent": "/Far__x1_z5/Far__x1_z5_LFS/Far_Fences/FenceWall01_x12_Yellow (16)/Collider/%GROUP%_Mesh00733B0004001D0F",
      "position": "(-0.75,12.25,0)",
      "rotation": "(-0.7071068,0,0,0.7071068)",
      "hash": "061D3E7A1A14EF390:061D07863314F0080",
      "properties": {
        "type": "Point",
        "intensity": 1.0,
        "range": 30.0,
        "colour": "#FFFFFF",
        "corona": {
          "sprite": "corona_white01.png",
          "scale": 1.0,
          "range": 100.0
        },
        "dutyCycle": "DuskTillDawn()"
      }
    },
    {
      "parent": "/Far__x1_z5/Far__x1_z5_LFS/Far_Fences/FenceWall01_x12_Yellow (16)/Collider/%GROUP%_Mesh00733B0004001D0F",
      "position": "(0,12.25,-0.75)",
      "rotation": "(-0.7071068,0,0,0.7071068)",
      "hash": "061D3E7A1A14EF390:061D0B863314EF020",
      "properties": {
        "type": "Point",
        "intensity": 1.0,
        "range": 30.0,
        "colour": "#FFFFFF",
        "corona": {
          "sprite": "corona_white01.png",
          "scale": 1.0,
          "range": 100.0
        },
        "dutyCycle": "DuskTillDawn()"
      }
    },
    {
      "parent": "/Far__x1_z5/Far__x1_z5_LFS/Far_Fences/FenceWall01_x12_Yellow (16)/Collider/%GROUP%_Mesh00730B0004004557",
      "position": "(0.75,12.25,0)",
      "rotation": "(-0.7071068,0,0,0.7071068)",
      "hash": "06395A7A1A150C570:063A2C8633150C230",
      "properties": {
        "type": "Point",
        "intensity": 1.0,
        "range": 30.0,
        "colour": "#FFFFFF",
        "corona": {
          "sprite": "corona_white01.png",
          "scale": 1.0,
          "range": 100.0
        },
        "dutyCycle": "DuskTillDawn()"
      }
    },
    {
      "parent": "/Far__x1_z5/Far__x1_z5_LFS/Far_Fences/FenceWall01_x12_Yellow (16)/Collider/%GROUP%_Mesh00730B0004004557",
      "position": "(0,12.25,0.75)",
      "rotation": "(-0.7071068,0,0,0.7071068)",
      "hash": "06395A7A1A150C570:063A2A8633150D290",
      "properties": {
        "type": "Point",
        "intensity": 1.0,
        "range": 30.0,
        "colour": "#FFFFFF",
        "corona": {
          "sprite": "corona_white01.png",
          "scale": 1.0,
          "range": 100.0
        },
        "dutyCycle": "DuskTillDawn()"
      }
    },
    {
      "parent": "/Far__x1_z5/Far__x1_z5_LFS/Far_Fences/FenceWall01_x12_Yellow (16)/Collider/%GROUP%_Mesh00730B0004004557",
      "position": "(-0.75,12.25,0)",
      "rotation": "(-0.7071068,0,0,0.7071068)",
      "hash": "06395A7A1A150C570:0639248633150D270",
      "properties": {
        "type": "Point",
        "intensity": 1.0,
        "range": 30.0,
        "colour": "#FFFFFF",
        "corona": {
          "sprite": "corona_white01.png",
          "scale": 1.0,
          "range": 100.0
        },
        "dutyCycle": "DuskTillDawn()"
      }
    },
    {
      "parent": "/Far__x1_z5/Far__x1_z5_LFS/Far_Fences/FenceWall01_x12_Yellow (16)/Collider/%GROUP%_Mesh00730B0004004557",
      "position": "(0,12.25,-0.75)",
      "rotation": "(-0.7071068,0,0,0.7071068)",
      "hash": "06395A7A1A150C570:0639268633150C210",
      "properties": {
        "type": "Point",
        "intensity": 1.0,
        "range": 30.0,
        "colour": "#FFFFFF",
        "corona": {
          "sprite": "corona_white01.png",
          "scale": 1.0,
          "range": 100.0
        },
        "dutyCycle": "DuskTillDawn()"
      }
    },
    {
      "parent": "/Far__x1_z5/Far__x1_z5_LFS/Far_Fences/FenceWall01_x12_Yellow (16)/Collider/%GROUP%_Mesh0073190004008220",
      "position": "(0.75,12.25,0)",
      "rotation": "(-0.7071068,0,0,0.7071068)",
      "hash": "06631B7A1A1538600:066351863315382C0",
      "properties": {
        "type": "Point",
        "intensity": 1.0,
        "range": 30.0,
        "colour": "#FFFFFF",
        "corona": {
          "sprite": "corona_white01.png",
          "scale": 1.0,
          "range": 100.0
        },
        "dutyCycle": "DuskTillDawn()"
      }
    },
    {
      "parent": "/Far__x1_z5/Far__x1_z5_LFS/Far_Fences/FenceWall01_x12_Yellow (16)/Collider/%GROUP%_Mesh0073190004008220",
      "position": "(0,12.25,0.75)",
      "rotation": "(-0.7071068,0,0,0.7071068)",
      "hash": "06631B7A1A1538600:06634F86331539320",
      "properties": {
        "type": "Point",
        "intensity": 1.0,
        "range": 30.0,
        "colour": "#FFFFFF",
        "corona": {
          "sprite": "corona_white01.png",
          "scale": 1.0,
          "range": 100.0
        },
        "dutyCycle": "DuskTillDawn()"
      }
    },
    {
      "parent": "/Far__x1_z5/Far__x1_z5_LFS/Far_Fences/FenceWall01_x12_Yellow (16)/Collider/%GROUP%_Mesh0073190004008220",
      "position": "(-0.75,12.25,0)",
      "rotation": "(-0.7071068,0,0,0.7071068)",
      "hash": "06631B7A1A1538600:06624986331539300",
      "properties": {
        "type": "Point",
        "intensity": 1.0,
        "range": 30.0,
        "colour": "#FFFFFF",
        "corona": {
          "sprite": "corona_white01.png",
          "scale": 1.0,
          "range": 100.0
        },
        "dutyCycle": "DuskTillDawn()"
      }
    },
    {
      "parent": "/Far__x1_z5/Far__x1_z5_LFS/Far_Fences/FenceWall01_x12_Yellow (16)/Collider/%GROUP%_Mesh0073190004008220",
      "position": "(0,12.25,-0.75)",
      "rotation": "(-0.7071068,0,0,0.7071068)",
      "hash": "06631B7A1A1538600:06624B863315382A0",
      "properties": {
        "type": "Point",
        "intensity": 1.0,
        "range": 30.0,
        "colour": "#FFFFFF",
        "corona": {
          "sprite": "corona_white01.png",
          "scale": 1.0,
          "range": 100.0
        },
        "dutyCycle": "DuskTillDawn()"
      }
    },
    {
      "parent": "/Far__x1_z5/Far__x1_z5_LFS/Far_Fences/FenceWall01_x12_Yellow (16)/Collider/%GROUP%_Mesh00725B000400A932",
      "position": "(0.75,12.25,0)",
      "rotation": "(-0.7071068,0,0,0.7071068)",
      "hash": "067E277A1A1555170:067E5C86331554460",
      "properties": {
        "type": "Point",
        "intensity": 1.0,
        "range": 30.0,
        "colour": "#FFFFFF",
        "corona": {
          "sprite": "corona_white01.png",
          "scale": 1.0,
          "range": 100.0
        },
        "dutyCycle": "DuskTillDawn()"
      }
    },
    {
      "parent": "/Far__x1_z5/Far__x1_z5_LFS/Far_Fences/FenceWall01_x12_Yellow (16)/Collider/%GROUP%_Mesh00725B000400A932",
      "position": "(0,12.25,0.75)",
      "rotation": "(-0.7071068,0,0,0.7071068)",
      "hash": "067E277A1A1555170:067E5C863315554C0",
      "properties": {
        "type": "Point",
        "intensity": 1.0,
        "range": 30.0,
        "colour": "#FFFFFF",
        "corona": {
          "sprite": "corona_white01.png",
          "scale": 1.0,
          "range": 100.0
        },
        "dutyCycle": "DuskTillDawn()"
      }
    },
    {
      "parent": "/Far__x1_z5/Far__x1_z5_LFS/Far_Fences/FenceWall01_x12_Yellow (16)/Collider/%GROUP%_Mesh00725B000400A932",
      "position": "(-0.75,12.25,0)",
      "rotation": "(-0.7071068,0,0,0.7071068)",
      "hash": "067E277A1A1555170:067D56863315554C0",
      "properties": {
        "type": "Point",
        "intensity": 1.0,
        "range": 30.0,
        "colour": "#FFFFFF",
        "corona": {
          "sprite": "corona_white01.png",
          "scale": 1.0,
          "range": 100.0
        },
        "dutyCycle": "DuskTillDawn()"
      }
    },
    {
      "parent": "/Far__x1_z5/Far__x1_z5_LFS/Far_Fences/FenceWall01_x12_Yellow (16)/Collider/%GROUP%_Mesh00725B000400A932",
      "position": "(0,12.25,-0.75)",
      "rotation": "(-0.7071068,0,0,0.7071068)",
      "hash": "067E277A1A1555170:067D5686331554460",
      "properties": {
        "type": "Point",
        "intensity": 1.0,
        "range": 30.0,
        "colour": "#FFFFFF",
        "corona": {
          "sprite": "corona_white01.png",
          "scale": 1.0,
          "range": 100.0
        },
        "dutyCycle": "DuskTillDawn()"
      }
    },
    {
      "parent": "/Far__x1_z5/Far__x1_z5_LFS/Far_Fences/FenceWall01_x12_Yellow (16)/Collider/%GROUP%_Mesh007302000400D136",
      "position": "(0.75,12.25,0)",
      "rotation": "(-0.7071068,0,0,0.7071068)",
      "hash": "06994D7A1A15722D0:069A1F863315715D0",
      "properties": {
        "type": "Point",
        "intensity": 1.0,
        "range": 30.0,
        "colour": "#FFFFFF",
        "corona": {
          "sprite": "corona_white01.png",
          "scale": 1.0,
          "range": 100.0
        },
        "dutyCycle": "DuskTillDawn()"
      }
    },
    {
      "parent": "/Far__x1_z5/Far__x1_z5_LFS/Far_Fences/FenceWall01_x12_Yellow (16)/Collider/%GROUP%_Mesh007302000400D136",
      "position": "(0,12.25,0.75)",
      "rotation": "(-0.7071068,0,0,0.7071068)",
      "hash": "06994D7A1A15722D0:069A1D86331572630",
      "properties": {
        "type": "Point",
        "intensity": 1.0,
        "range": 30.0,
        "colour": "#FFFFFF",
        "corona": {
          "sprite": "corona_white01.png",
          "scale": 1.0,
          "range": 100.0
        },
        "dutyCycle": "DuskTillDawn()"
      }
    },
    {
      "parent": "/Far__x1_z5/Far__x1_z5_LFS/Far_Fences/FenceWall01_x12_Yellow (16)/Collider/%GROUP%_Mesh007302000400D136",
      "position": "(-0.75,12.25,0)",
      "rotation": "(-0.7071068,0,0,0.7071068)",
      "hash": "06994D7A1A15722D0:06991786331572610",
      "properties": {
        "type": "Point",
        "intensity": 1.0,
        "range": 30.0,
        "colour": "#FFFFFF",
        "corona": {
          "sprite": "corona_white01.png",
          "scale": 1.0,
          "range": 100.0
        },
        "dutyCycle": "DuskTillDawn()"
      }
    },
    {
      "parent": "/Far__x1_z5/Far__x1_z5_LFS/Far_Fences/FenceWall01_x12_Yellow (16)/Collider/%GROUP%_Mesh007302000400D136",
      "position": "(0,12.25,-0.75)",
      "rotation": "(-0.7071068,0,0,0.7071068)",
      "hash": "06994D7A1A15722D0:069919863315715B0",
      "properties": {
        "type": "Point",
        "intensity": 1.0,
        "range": 30.0,
        "colour": "#FFFFFF",
        "corona": {
          "sprite": "corona_white01.png",
          "scale": 1.0,
          "range": 100.0
        },
        "dutyCycle": "DuskTillDawn()"
      }
    },
    {
      "parent": "/Far__x1_z5/Far__x1_z5_LFS/Far_Fences/FenceWall01_x12_Yellow (16)/Collider/%GROUP%_Mesh00725B000400F91C",
      "position": "(0.75,12.25,0)",
      "rotation": "(-0.7071068,0,0,0.7071068)",
      "hash": "06B50B7A1A158F1D0:06B5428633158E4D0",
      "properties": {
        "type": "Point",
        "intensity": 1.0,
        "range": 30.0,
        "colour": "#FFFFFF",
        "corona": {
          "sprite": "corona_white01.png",
          "scale": 1.0,
          "range": 100.0
        },
        "dutyCycle": "DuskTillDawn()"
      }
    },
    {
      "parent": "/Far__x1_z5/Far__x1_z5_LFS/Far_Fences/FenceWall01_x12_Yellow (16)/Collider/%GROUP%_Mesh00725B000400F91C",
      "position": "(0,12.25,0.75)",
      "rotation": "(-0.7071068,0,0,0.7071068)",
      "hash": "06B50B7A1A158F1D0:06B53E8633158F530",
      "properties": {
        "type": "Point",
        "intensity": 1.0,
        "range": 30.0,
        "colour": "#FFFFFF",
        "corona": {
          "sprite": "corona_white01.png",
          "scale": 1.0,
          "range": 100.0
        },
        "dutyCycle": "DuskTillDawn()"
      }
    },
    {
      "parent": "/Far__x1_z5/Far__x1_z5_LFS/Far_Fences/FenceWall01_x12_Yellow (16)/Collider/%GROUP%_Mesh00725B000400F91C",
      "position": "(-0.75,12.25,0)",
      "rotation": "(-0.7071068,0,0,0.7071068)",
      "hash": "06B50B7A1A158F1D0:06B4388633158F500",
      "properties": {
        "type": "Point",
        "intensity": 1.0,
        "range": 30.0,
        "colour": "#FFFFFF",
        "corona": {
          "sprite": "corona_white01.png",
          "scale": 1.0,
          "range": 100.0
        },
        "dutyCycle": "DuskTillDawn()"
      }
    },
    {
      "parent": "/Far__x1_z5/Far__x1_z5_LFS/Far_Fences/FenceWall01_x12_Yellow (16)/Collider/%GROUP%_Mesh00725B000400F91C",
      "position": "(0,12.25,-0.75)",
      "rotation": "(-0.7071068,0,0,0.7071068)",
      "hash": "06B50B7A1A158F1D0:06B43C8633158E4A0",
      "properties": {
        "type": "Point",
        "intensity": 1.0,
        "range": 30.0,
        "colour": "#FFFFFF",
        "corona": {
          "sprite": "corona_white01.png",
          "scale": 1.0,
          "range": 100.0
        },
        "dutyCycle": "DuskTillDawn()"
      }
    },
    {
      "parent": "/Far__x1_z5/Far__x1_z5_LFS/Far_Fences/FenceWall01_x12_Yellow (16)/Collider/%GROUP%_Mesh00725B000401212F",
      "position": "(0.75,12.25,0)",
      "rotation": "(-0.7071068,0,0,0.7071068)",
      "hash": "06D0447A1A15AC350:06D116863315AC010",
      "properties": {
        "type": "Point",
        "intensity": 1.0,
        "range": 30.0,
        "colour": "#FFFFFF",
        "corona": {
          "sprite": "corona_white01.png",
          "scale": 1.0,
          "range": 100.0
        },
        "dutyCycle": "DuskTillDawn()"
      }
    },
    {
      "parent": "/Far__x1_z5/Far__x1_z5_LFS/Far_Fences/FenceWall01_x12_Yellow (16)/Collider/%GROUP%_Mesh00725B000401212F",
      "position": "(0,12.25,0.75)",
      "rotation": "(-0.7071068,0,0,0.7071068)",
      "hash": "06D0447A1A15AC350:06D114863315AD070",
      "properties": {
        "type": "Point",
        "intensity": 1.0,
        "range": 30.0,
        "colour": "#FFFFFF",
        "corona": {
          "sprite": "corona_white01.png",
          "scale": 1.0,
          "range": 100.0
        },
        "dutyCycle": "DuskTillDawn()"
      }
    },
    {
      "parent": "/Far__x1_z5/Far__x1_z5_LFS/Far_Fences/FenceWall01_x12_Yellow (16)/Collider/%GROUP%_Mesh00725B000401212F",
      "position": "(-0.75,12.25,0)",
      "rotation": "(-0.7071068,0,0,0.7071068)",
      "hash": "06D0447A1A15AC350:06D00E863315AD050",
      "properties": {
        "type": "Point",
        "intensity": 1.0,
        "range": 30.0,
        "colour": "#FFFFFF",
        "corona": {
          "sprite": "corona_white01.png",
          "scale": 1.0,
          "range": 100.0
        },
        "dutyCycle": "DuskTillDawn()"
      }
    },
    {
      "parent": "/Far__x1_z5/Far__x1_z5_LFS/Far_Fences/FenceWall01_x12_Yellow (16)/Collider/%GROUP%_Mesh00725B000401212F",
      "position": "(0,12.25,-0.75)",
      "rotation": "(-0.7071068,0,0,0.7071068)",
      "hash": "06D0447A1A15AC350:06D010863315AB630",
      "properties": {
        "type": "Point",
        "intensity": 1.0,
        "range": 30.0,
        "colour": "#FFFFFF",
        "corona": {
          "sprite": "corona_white01.png",
          "scale": 1.0,
          "range": 100.0
        },
        "dutyCycle": "DuskTillDawn()"
      }
    },
    {
      "parent": "/Far__x1_z5/Far__x1_z5_LFS/Far_Fences/FenceWall01_x12_Yellow (16)/Collider/%GROUP%_Mesh00724E0004014930",
      "position": "(0.75,12.25,0)",
      "rotation": "(-0.7071068,0,0,0.7071068)",
      "hash": "06EC167A1A15C9380:06EC4C863315C9040",
      "properties": {
        "type": "Point",
        "intensity": 1.0,
        "range": 30.0,
        "colour": "#FFFFFF",
        "corona": {
          "sprite": "corona_white01.png",
          "scale": 1.0,
          "range": 100.0
        },
        "dutyCycle": "DuskTillDawn()"
      }
    },
    {
      "parent": "/Far__x1_z5/Far__x1_z5_LFS/Far_Fences/FenceWall01_x12_Yellow (16)/Collider/%GROUP%_Mesh00724E0004014930",
      "position": "(0,12.25,0.75)",
      "rotation": "(-0.7071068,0,0,0.7071068)",
      "hash": "06EC167A1A15C9380:06EC4A863315CA0A0",
      "properties": {
        "type": "Point",
        "intensity": 1.0,
        "range": 30.0,
        "colour": "#FFFFFF",
        "corona": {
          "sprite": "corona_white01.png",
          "scale": 1.0,
          "range": 100.0
        },
        "dutyCycle": "DuskTillDawn()"
      }
    },
    {
      "parent": "/Far__x1_z5/Far__x1_z5_LFS/Far_Fences/FenceWall01_x12_Yellow (16)/Collider/%GROUP%_Mesh00724E0004014930",
      "position": "(-0.75,12.25,0)",
      "rotation": "(-0.7071068,0,0,0.7071068)",
      "hash": "06EC167A1A15C9380:06EB44863315CA080",
      "properties": {
        "type": "Point",
        "intensity": 1.0,
        "range": 30.0,
        "colour": "#FFFFFF",
        "corona": {
          "sprite": "corona_white01.png",
          "scale": 1.0,
          "range": 100.0
        },
        "dutyCycle": "DuskTillDawn()"
      }
    },
    {
      "parent": "/Far__x1_z5/Far__x1_z5_LFS/Far_Fences/FenceWall01_x12_Yellow (16)/Collider/%GROUP%_Mesh00724E0004014930",
      "position": "(0,12.25,-0.75)",
      "rotation": "(-0.7071068,0,0,0.7071068)",
      "hash": "06EC167A1A15C9380:06EB46863315C9020",
      "properties": {
        "type": "Point",
        "intensity": 1.0,
        "range": 30.0,
        "colour": "#FFFFFF",
        "corona": {
          "sprite": "corona_white01.png",
          "scale": 1.0,
          "range": 100.0
        },
        "dutyCycle": "DuskTillDawn()"
      }
    },
    {
      "parent": "/Far__x1_z5/Far__x1_z5_LFS/Far_Fences/FenceWall01_x12_Yellow (16)/Collider/%GROUP%_Mesh00723F0001017161",
      "position": "(0.75,12.25,0)",
      "rotation": "(-0.7071068,0,0,0.7071068)",
      "hash": "0708097A1315E65C0:070840862C15E6290",
      "properties": {
        "type": "Point",
        "intensity": 1.0,
        "range": 30.0,
        "colour": "#FFFFFF",
        "corona": {
          "sprite": "corona_white01.png",
          "scale": 1.0,
          "range": 100.0
        },
        "dutyCycle": "DuskTillDawn()"
      }
    },
    {
      "parent": "/Far__x1_z5/Far__x1_z5_LFS/Far_Fences/FenceWall01_x12_Yellow (16)/Collider/%GROUP%_Mesh00723F0001017161",
      "position": "(0,12.25,0.75)",
      "rotation": "(-0.7071068,0,0,0.7071068)",
      "hash": "0708097A1315E65C0:07083D862C15E72F0",
      "properties": {
        "type": "Point",
        "intensity": 1.0,
        "range": 30.0,
        "colour": "#FFFFFF",
        "corona": {
          "sprite": "corona_white01.png",
          "scale": 1.0,
          "range": 100.0
        },
        "dutyCycle": "DuskTillDawn()"
      }
    },
    {
      "parent": "/Far__x1_z5/Far__x1_z5_LFS/Far_Fences/FenceWall01_x12_Yellow (16)/Collider/%GROUP%_Mesh00723F0001017161",
      "position": "(-0.75,12.25,0)",
      "rotation": "(-0.7071068,0,0,0.7071068)",
      "hash": "0708097A1315E65C0:070737862C15E72B0",
      "properties": {
        "type": "Point",
        "intensity": 1.0,
        "range": 30.0,
        "colour": "#FFFFFF",
        "corona": {
          "sprite": "corona_white01.png",
          "scale": 1.0,
          "range": 100.0
        },
        "dutyCycle": "DuskTillDawn()"
      }
    },
    {
      "parent": "/Far__x1_z5/Far__x1_z5_LFS/Far_Fences/FenceWall01_x12_Yellow (16)/Collider/%GROUP%_Mesh00723F0001017161",
      "position": "(0,12.25,-0.75)",
      "rotation": "(-0.7071068,0,0,0.7071068)",
      "hash": "0708097A1315E65C0:07073A862C15E6250",
      "properties": {
        "type": "Point",
        "intensity": 1.0,
        "range": 30.0,
        "colour": "#FFFFFF",
        "corona": {
          "sprite": "corona_white01.png",
          "scale": 1.0,
          "range": 100.0
        },
        "dutyCycle": "DuskTillDawn()"
      }
    },
    {
      "parent": "/Far__x1_z5/Far__x1_z5_LFS/Far_IndustryBuildings/Utility_Medium2/collider/%GROUP%_Mesh008048015D006801",
      "position": "(0.75,12.25,0)",
      "rotation": "(-0.7071068,0,0,0.7071068)",
      "hash": "0726027A131601220:072637862C1600510",
      "properties": {
        "type": "Point",
        "intensity": 1.0,
        "range": 30.0,
        "colour": "#FFFFFF",
        "corona": {
          "sprite": "corona_white01.png",
          "scale": 1.0,
          "range": 100.0
        },
        "dutyCycle": "DuskTillDawn()"
      }
    },
    {
      "parent": "/Far__x1_z5/Far__x1_z5_LFS/Far_IndustryBuildings/Utility_Medium2/collider/%GROUP%_Mesh008048015D006801",
      "position": "(0,12.25,0.75)",
      "rotation": "(-0.7071068,0,0,0.7071068)",
      "hash": "0726027A131601220:072637862C1601570",
      "properties": {
        "type": "Point",
        "intensity": 1.0,
        "range": 30.0,
        "colour": "#FFFFFF",
        "corona": {
          "sprite": "corona_white01.png",
          "scale": 1.0,
          "range": 100.0
        },
        "dutyCycle": "DuskTillDawn()"
      }
    },
    {
      "parent": "/Far__x1_z5/Far__x1_z5_LFS/Far_IndustryBuildings/Utility_Medium2/collider/%GROUP%_Mesh008048015D006801",
      "position": "(-0.75,12.25,0)",
      "rotation": "(-0.7071068,0,0,0.7071068)",
      "hash": "0726027A131601220:072531862C1601570",
      "properties": {
        "type": "Point",
        "intensity": 1.0,
        "range": 30.0,
        "colour": "#FFFFFF",
        "corona": {
          "sprite": "corona_white01.png",
          "scale": 1.0,
          "range": 100.0
        },
        "dutyCycle": "DuskTillDawn()"
      }
    },
    {
      "parent": "/Far__x1_z5/Far__x1_z5_LFS/Far_IndustryBuildings/Utility_Medium2/collider/%GROUP%_Mesh008048015D006801",
      "position": "(0,12.25,-0.75)",
      "rotation": "(-0.7071068,0,0,0.7071068)",
      "hash": "0726027A131601220:072531862C1600510",
      "properties": {
        "type": "Point",
        "intensity": 1.0,
        "range": 30.0,
        "colour": "#FFFFFF",
        "corona": {
          "sprite": "corona_white01.png",
          "scale": 1.0,
          "range": 100.0
        },
        "dutyCycle": "DuskTillDawn()"
      }
    },
    {
      "parent": "/Far__x1_z5/Far__x1_z5_LFS/Far_IndustryBuildings/Utility_Medium2/collider/%GROUP%_Mesh00A331015D006823",
      "position": "(0.75,12.25,0)",
      "rotation": "(-0.7071068,0,0,0.7071068)",
      "hash": "073E0B7A13161A290:073E40862C1619580",
      "properties": {
        "type": "Point",
        "intensity": 1.0,
        "range": 30.0,
        "colour": "#FFFFFF",
        "corona": {
          "sprite": "corona_white01.png",
          "scale": 1.0,
          "range": 100.0
        },
        "dutyCycle": "DuskTillDawn()"
      }
    },
    {
      "parent": "/Far__x1_z5/Far__x1_z5_LFS/Far_IndustryBuildings/Utility_Medium2/collider/%GROUP%_Mesh00A331015D006823",
      "position": "(0,12.25,0.75)",
      "rotation": "(-0.7071068,0,0,0.7071068)",
      "hash": "073E0B7A13161A290:073E40862C161A5E0",
      "properties": {
        "type": "Point",
        "intensity": 1.0,
        "range": 30.0,
        "colour": "#FFFFFF",
        "corona": {
          "sprite": "corona_white01.png",
          "scale": 1.0,
          "range": 100.0
        },
        "dutyCycle": "DuskTillDawn()"
      }
    },
    {
      "parent": "/Far__x1_z5/Far__x1_z5_LFS/Far_IndustryBuildings/Utility_Medium2/collider/%GROUP%_Mesh00A331015D006823",
      "position": "(-0.75,12.25,0)",
      "rotation": "(-0.7071068,0,0,0.7071068)",
      "hash": "073E0B7A13161A290:073D3A862C161A5E0",
      "properties": {
        "type": "Point",
        "intensity": 1.0,
        "range": 30.0,
        "colour": "#FFFFFF",
        "corona": {
          "sprite": "corona_white01.png",
          "scale": 1.0,
          "range": 100.0
        },
        "dutyCycle": "DuskTillDawn()"
      }
    },
    {
      "parent": "/Far__x1_z5/Far__x1_z5_LFS/Far_IndustryBuildings/Utility_Medium2/collider/%GROUP%_Mesh00A331015D006823",
      "position": "(0,12.25,-0.75)",
      "rotation": "(-0.7071068,0,0,0.7071068)",
      "hash": "073E0B7A13161A290:073D3A862C1619580",
      "properties": {
        "type": "Point",
        "intensity": 1.0,
        "range": 30.0,
        "colour": "#FFFFFF",
        "corona": {
          "sprite": "corona_white01.png",
          "scale": 1.0,
          "range": 100.0
        },
        "dutyCycle": "DuskTillDawn()"
      }
    },
    {
      "parent": "/Far__x1_z5/Far__x1_z5_LFS/Far_IndustryBuildings/Utility_Medium2/collider/%GROUP%_Mesh00C6410163006849",
      "position": "(0.75,12.25,0)",
      "rotation": "(-0.7071068,0,0,0.7071068)",
      "hash": "0756337A1A1633490:07570586331633150",
      "properties": {
        "type": "Point",
        "intensity": 1.0,
        "range": 30.0,
        "colour": "#FFFFFF",
        "corona": {
          "sprite": "corona_white01.png",
          "scale": 1.0,
          "range": 100.0
        },
        "dutyCycle": "DuskTillDawn()"
      }
    },
    {
      "parent": "/Far__x1_z5/Far__x1_z5_LFS/Far_IndustryBuildings/Utility_Medium2/collider/%GROUP%_Mesh00C6410163006849",
      "position": "(0,12.25,0.75)",
      "rotation": "(-0.7071068,0,0,0.7071068)",
      "hash": "0756337A1A1633490:075703863316341B0",
      "properties": {
        "type": "Point",
        "intensity": 1.0,
        "range": 30.0,
        "colour": "#FFFFFF",
        "corona": {
          "sprite": "corona_white01.png",
          "scale": 1.0,
          "range": 100.0
        },
        "dutyCycle": "DuskTillDawn()"
      }
    },
    {
      "parent": "/Far__x1_z5/Far__x1_z5_LFS/Far_IndustryBuildings/Utility_Medium2/collider/%GROUP%_Mesh00C6410163006849",
      "position": "(-0.75,12.25,0)",
      "rotation": "(-0.7071068,0,0,0.7071068)",
      "hash": "0756337A1A1633490:07556186331634190",
      "properties": {
        "type": "Point",
        "intensity": 1.0,
        "range": 30.0,
        "colour": "#FFFFFF",
        "corona": {
          "sprite": "corona_white01.png",
          "scale": 1.0,
          "range": 100.0
        },
        "dutyCycle": "DuskTillDawn()"
      }
    },
    {
      "parent": "/Far__x1_z5/Far__x1_z5_LFS/Far_IndustryBuildings/Utility_Medium2/collider/%GROUP%_Mesh00C6410163006849",
      "position": "(0,12.25,-0.75)",
      "rotation": "(-0.7071068,0,0,0.7071068)",
      "hash": "0756337A1A1633490:07556386331633130",
      "properties": {
        "type": "Point",
        "intensity": 1.0,
        "range": 30.0,
        "colour": "#FFFFFF",
        "corona": {
          "sprite": "corona_white01.png",
          "scale": 1.0,
          "range": 100.0
        },
        "dutyCycle": "DuskTillDawn()"
      }
    },
    {
      "parent": "/Far__x1_z5/Far__x1_z5_LFS/Far_IndustryBuildings/Utility_Medium2/collider/%GROUP%_Mesh00E94E0163006915",
      "position": "(0.75,12.25,0)",
      "rotation": "(-0.7071068,0,0,0.7071068)",
      "hash": "076E5F7A1A164C600:076F308633164C2B0",
      "properties": {
        "type": "Point",
        "intensity": 1.0,
        "range": 30.0,
        "colour": "#FFFFFF",
        "corona": {
          "sprite": "corona_white01.png",
          "scale": 1.0,
          "range": 100.0
        },
        "dutyCycle": "DuskTillDawn()"
      }
    },
    {
      "parent": "/Far__x1_z5/Far__x1_z5_LFS/Far_IndustryBuildings/Utility_Medium2/collider/%GROUP%_Mesh00E94E0163006915",
      "position": "(0,12.25,0.75)",
      "rotation": "(-0.7071068,0,0,0.7071068)",
      "hash": "076E5F7A1A164C600:076F308633164D310",
      "properties": {
        "type": "Point",
        "intensity": 1.0,
        "range": 30.0,
        "colour": "#FFFFFF",
        "corona": {
          "sprite": "corona_white01.png",
          "scale": 1.0,
          "range": 100.0
        },
        "dutyCycle": "DuskTillDawn()"
      }
    },
    {
      "parent": "/Far__x1_z5/Far__x1_z5_LFS/Far_IndustryBuildings/Utility_Medium2/collider/%GROUP%_Mesh00E94E0163006915",
      "position": "(-0.75,12.25,0)",
      "rotation": "(-0.7071068,0,0,0.7071068)",
      "hash": "076E5F7A1A164C600:076E2A8633164D310",
      "properties": {
        "type": "Point",
        "intensity": 1.0,
        "range": 30.0,
        "colour": "#FFFFFF",
        "corona": {
          "sprite": "corona_white01.png",
          "scale": 1.0,
          "range": 100.0
        },
        "dutyCycle": "DuskTillDawn()"
      }
    },
    {
      "parent": "/Far__x1_z5/Far__x1_z5_LFS/Far_IndustryBuildings/Utility_Medium2/collider/%GROUP%_Mesh00E94E0163006915",
      "position": "(0,12.25,-0.75)",
      "rotation": "(-0.7071068,0,0,0.7071068)",
      "hash": "076E5F7A1A164C600:076E2A8633164C2B0",
      "properties": {
        "type": "Point",
        "intensity": 1.0,
        "range": 30.0,
        "colour": "#FFFFFF",
        "corona": {
          "sprite": "corona_white01.png",
          "scale": 1.0,
          "range": 100.0
        },
        "dutyCycle": "DuskTillDawn()"
      }
    },
    {
      "parent": "/Far__x1_z5/Far__x1_z5_LFS/Far_IndustryBuildings/Utility_Medium2/collider/%GROUP%_Mesh0117250163006951",
      "position": "(0.75,12.25,0)",
      "rotation": "(-0.7071068,0,0,0.7071068)",
      "hash": "078E427A1A166D480:078F138633166D130",
      "properties": {
        "type": "Point",
        "intensity": 1.0,
        "range": 30.0,
        "colour": "#FFFFFF",
        "corona": {
          "sprite": "corona_white01.png",
          "scale": 1.0,
          "range": 100.0
        },
        "dutyCycle": "DuskTillDawn()"
      }
    },
    {
      "parent": "/Far__x1_z5/Far__x1_z5_LFS/Far_IndustryBuildings/Utility_Medium2/collider/%GROUP%_Mesh0117250163006951",
      "position": "(0,12.25,0.75)",
      "rotation": "(-0.7071068,0,0,0.7071068)",
      "hash": "078E427A1A166D480:078F138633166E190",
      "properties": {
        "type": "Point",
        "intensity": 1.0,
        "range": 30.0,
        "colour": "#FFFFFF",
        "corona": {
          "sprite": "corona_white01.png",
          "scale": 1.0,
          "range": 100.0
        },
        "dutyCycle": "DuskTillDawn()"
      }
    },
    {
      "parent": "/Far__x1_z5/Far__x1_z5_LFS/Far_IndustryBuildings/Utility_Medium2/collider/%GROUP%_Mesh0117250163006951",
      "position": "(-0.75,12.25,0)",
      "rotation": "(-0.7071068,0,0,0.7071068)",
      "hash": "078E427A1A166D480:078E0D8633166E190",
      "properties": {
        "type": "Point",
        "intensity": 1.0,
        "range": 30.0,
        "colour": "#FFFFFF",
        "corona": {
          "sprite": "corona_white01.png",
          "scale": 1.0,
          "range": 100.0
        },
        "dutyCycle": "DuskTillDawn()"
      }
    },
    {
      "parent": "/Far__x1_z5/Far__x1_z5_LFS/Far_IndustryBuildings/Utility_Medium2/collider/%GROUP%_Mesh0117250163006951",
      "position": "(0,12.25,-0.75)",
      "rotation": "(-0.7071068,0,0,0.7071068)",
      "hash": "078E427A1A166D480:078E0D8633166D130",
      "properties": {
        "type": "Point",
        "intensity": 1.0,
        "range": 30.0,
        "colour": "#FFFFFF",
        "corona": {
          "sprite": "corona_white01.png",
          "scale": 1.0,
          "range": 100.0
        },
        "dutyCycle": "DuskTillDawn()"
      }
    },
    {
      "parent": "/Far__x1_z5/Far__x1_z5_LFS/Far_IndustryBuildings/Utility_Medium2/collider/%GROUP%_Mesh013E420163006A1C",
      "position": "(0.75,12.25,0)",
      "rotation": "(-0.7071068,0,0,0.7071068)",
      "hash": "07A9607A1A1689630:07AA30863316892D0",
      "properties": {
        "type": "Point",
        "intensity": 1.0,
        "range": 30.0,
        "colour": "#FFFFFF",
        "corona": {
          "sprite": "corona_white01.png",
          "scale": 1.0,
          "range": 100.0
        },
        "dutyCycle": "DuskTillDawn()"
      }
    },
    {
      "parent": "/Far__x1_z5/Far__x1_z5_LFS/Far_IndustryBuildings/Utility_Medium2/collider/%GROUP%_Mesh013E420163006A1C",
      "position": "(0,12.25,0.75)",
      "rotation": "(-0.7071068,0,0,0.7071068)",
      "hash": "07A9607A1A1689630:07AA318633168A330",
      "properties": {
        "type": "Point",
        "intensity": 1.0,
        "range": 30.0,
        "colour": "#FFFFFF",
        "corona": {
          "sprite": "corona_white01.png",
          "scale": 1.0,
          "range": 100.0
        },
        "dutyCycle": "DuskTillDawn()"
      }
    },
    {
      "parent": "/Far__x1_z5/Far__x1_z5_LFS/Far_IndustryBuildings/Utility_Medium2/collider/%GROUP%_Mesh013E420163006A1C",
      "position": "(-0.75,12.25,0)",
      "rotation": "(-0.7071068,0,0,0.7071068)",
      "hash": "07A9607A1A1689630:07A92B8633168A350",
      "properties": {
        "type": "Point",
        "intensity": 1.0,
        "range": 30.0,
        "colour": "#FFFFFF",
        "corona": {
          "sprite": "corona_white01.png",
          "scale": 1.0,
          "range": 100.0
        },
        "dutyCycle": "DuskTillDawn()"
      }
    },
    {
      "parent": "/Far__x1_z5/Far__x1_z5_LFS/Far_IndustryBuildings/Utility_Medium2/collider/%GROUP%_Mesh013E420163006A1C",
      "position": "(0,12.25,-0.75)",
      "rotation": "(-0.7071068,0,0,0.7071068)",
      "hash": "07A9607A1A1689630:07A92A863316892F0",
      "properties": {
        "type": "Point",
        "intensity": 1.0,
        "range": 30.0,
        "colour": "#FFFFFF",
        "corona": {
          "sprite": "corona_white01.png",
          "scale": 1.0,
          "range": 100.0
        },
        "dutyCycle": "DuskTillDawn()"
      }
    },
    {
      "parent": "/Far__x1_z5/Far__x1_z5_LFS/Far_Fences/FenceWall01_x12_Yellow (16)/Collider/%GROUP%_Mesh00545E0001019930",
      "position": "(0.75,12.25,0)",
      "rotation": "(-0.7071068,0,0,0.7071068)",
      "hash": "0738517A1315EF1E0:073921862C15EE4C0",
      "properties": {
        "type": "Point",
        "intensity": 1.0,
        "range": 30.0,
        "colour": "#FFFFFF",
        "corona": {
          "sprite": "corona_white01.png",
          "scale": 1.0,
          "range": 100.0
        },
        "dutyCycle": "DuskTillDawn()"
      }
    },
    {
      "parent": "/Far__x1_z5/Far__x1_z5_LFS/Far_Fences/FenceWall01_x12_Yellow (16)/Collider/%GROUP%_Mesh00545E0001019930",
      "position": "(0,12.25,0.75)",
      "rotation": "(-0.7071068,0,0,0.7071068)",
      "hash": "0738517A1315EF1E0:073923862C15EF520",
      "properties": {
        "type": "Point",
        "intensity": 1.0,
        "range": 30.0,
        "colour": "#FFFFFF",
        "corona": {
          "sprite": "corona_white01.png",
          "scale": 1.0,
          "range": 100.0
        },
        "dutyCycle": "DuskTillDawn()"
      }
    },
    {
      "parent": "/Far__x1_z5/Far__x1_z5_LFS/Far_Fences/FenceWall01_x12_Yellow (16)/Collider/%GROUP%_Mesh00545E0001019930",
      "position": "(-0.75,12.25,0)",
      "rotation": "(-0.7071068,0,0,0.7071068)",
      "hash": "0738517A1315EF1E0:07381D862C15EF540",
      "properties": {
        "type": "Point",
        "intensity": 1.0,
        "range": 30.0,
        "colour": "#FFFFFF",
        "corona": {
          "sprite": "corona_white01.png",
          "scale": 1.0,
          "range": 100.0
        },
        "dutyCycle": "DuskTillDawn()"
      }
    },
    {
      "parent": "/Far__x1_z5/Far__x1_z5_LFS/Far_Fences/FenceWall01_x12_Yellow (16)/Collider/%GROUP%_Mesh00545E0001019930",
      "position": "(0,12.25,-0.75)",
      "rotation": "(-0.7071068,0,0,0.7071068)",
      "hash": "0738517A1315EF1E0:07381B862C15EE4E0",
      "properties": {
        "type": "Point",
        "intensity": 1.0,
        "range": 30.0,
        "colour": "#FFFFFF",
        "corona": {
          "sprite": "corona_white01.png",
          "scale": 1.0,
          "range": 100.0
        },
        "dutyCycle": "DuskTillDawn()"
      }
    },
    {
      "parent": "/Far__x1_z5/Far__x1_z5_LFS/Far_IndustryBuildings/Utility_Medium2/collider/%GROUP%_Mesh0115460163008A5F",
      "position": "(0.75,12.25,0)",
      "rotation": "(-0.7071068,0,0,0.7071068)",
      "hash": "07A53F7A1A16554E0:07A614863316551E0",
      "properties": {
        "type": "Point",
        "intensity": 1.0,
        "range": 30.0,
        "colour": "#FFFFFF",
        "corona": {
          "sprite": "corona_white01.png",
          "scale": 1.0,
          "range": 100.0
        },
        "dutyCycle": "DuskTillDawn()"
      }
    },
    {
      "parent": "/Far__x1_z5/Far__x1_z5_LFS/Far_IndustryBuildings/Utility_Medium2/collider/%GROUP%_Mesh0115460163008A5F",
      "position": "(0,12.25,0.75)",
      "rotation": "(-0.7071068,0,0,0.7071068)",
      "hash": "07A53F7A1A16554E0:07A60B86331656240",
      "properties": {
        "type": "Point",
        "intensity": 1.0,
        "range": 30.0,
        "colour": "#FFFFFF",
        "corona": {
          "sprite": "corona_white01.png",
          "scale": 1.0,
          "range": 100.0
        },
        "dutyCycle": "DuskTillDawn()"
      }
    },
    {
      "parent": "/Far__x1_z5/Far__x1_z5_LFS/Far_IndustryBuildings/Utility_Medium2/collider/%GROUP%_Mesh0115460163008A5F",
      "position": "(-0.75,12.25,0)",
      "rotation": "(-0.7071068,0,0,0.7071068)",
      "hash": "07A53F7A1A16554E0:07A505863316561B0",
      "properties": {
        "type": "Point",
        "intensity": 1.0,
        "range": 30.0,
        "colour": "#FFFFFF",
        "corona": {
          "sprite": "corona_white01.png",
          "scale": 1.0,
          "range": 100.0
        },
        "dutyCycle": "DuskTillDawn()"
      }
    },
    {
      "parent": "/Far__x1_z5/Far__x1_z5_LFS/Far_IndustryBuildings/Utility_Medium2/collider/%GROUP%_Mesh0115460163008A5F",
      "position": "(0,12.25,-0.75)",
      "rotation": "(-0.7071068,0,0,0.7071068)",
      "hash": "07A53F7A1A16554E0:07A50F86331655150",
      "properties": {
        "type": "Point",
        "intensity": 1.0,
        "range": 30.0,
        "colour": "#FFFFFF",
        "corona": {
          "sprite": "corona_white01.png",
          "scale": 1.0,
          "range": 100.0
        },
        "dutyCycle": "DuskTillDawn()"
      }
    },
    {
      "parent": "/Far__x1_z5/Far__x1_z5_LFS/Far_Fences/FenceWall01_x12_Yellow (16)/Collider/%GROUP%_Mesh0002080004011B34",
      "position": "(0.75,12.25,0)",
      "rotation": "(-0.7071068,0,0,0.7071068)",
      "hash": "0721497A1A15575F0:072113863315582F0",
      "properties": {
        "type": "Point",
        "intensity": 1.0,
        "range": 30.0,
        "colour": "#FFFFFF",
        "corona": {
          "sprite": "corona_white01.png",
          "scale": 1.0,
          "range": 100.0
        },
        "dutyCycle": "DuskTillDawn()"
      }
    },
    {
      "parent": "/Far__x1_z5/Far__x1_z5_LFS/Far_Fences/FenceWall01_x12_Yellow (16)/Collider/%GROUP%_Mesh0002080004011B34",
      "position": "(0,12.25,0.75)",
      "rotation": "(-0.7071068,0,0,0.7071068)",
      "hash": "0721497A1A15575F0:07211586331557290",
      "properties": {
        "type": "Point",
        "intensity": 1.0,
        "range": 30.0,
        "colour": "#FFFFFF",
        "corona": {
          "sprite": "corona_white01.png",
          "scale": 1.0,
          "range": 100.0
        },
        "dutyCycle": "DuskTillDawn()"
      }
    },
    {
      "parent": "/Far__x1_z5/Far__x1_z5_LFS/Far_Fences/FenceWall01_x12_Yellow (16)/Collider/%GROUP%_Mesh0002080004011B34",
      "position": "(-0.75,12.25,0)",
      "rotation": "(-0.7071068,0,0,0.7071068)",
      "hash": "0721497A1A15575F0:07221B863315572B0",
      "properties": {
        "type": "Point",
        "intensity": 1.0,
        "range": 30.0,
        "colour": "#FFFFFF",
        "corona": {
          "sprite": "corona_white01.png",
          "scale": 1.0,
          "range": 100.0
        },
        "dutyCycle": "DuskTillDawn()"
      }
    },
    {
      "parent": "/Far__x1_z5/Far__x1_z5_LFS/Far_Fences/FenceWall01_x12_Yellow (16)/Collider/%GROUP%_Mesh0002080004011B34",
      "position": "(0,12.25,-0.75)",
      "rotation": "(-0.7071068,0,0,0.7071068)",
      "hash": "0721497A1A15575F0:07221986331558310",
      "properties": {
        "type": "Point",
        "intensity": 1.0,
        "range": 30.0,
        "colour": "#FFFFFF",
        "corona": {
          "sprite": "corona_white01.png",
          "scale": 1.0,
          "range": 100.0
        },
        "dutyCycle": "DuskTillDawn()"
      }
    },
    {
      "parent": "/Far__x1_z5/Far__x1_z5_LFS/Far_Fences/FenceWall01_x12_Yellow (16)/Collider/%GROUP%_Mesh000D0F000401531F",
      "position": "(0.75,12.25,0)",
      "rotation": "(-0.7071068,0,0,0.7071068)",
      "hash": "073C5B7A1A158B000:073C258633158B340",
      "properties": {
        "type": "Point",
        "intensity": 1.0,
        "range": 30.0,
        "colour": "#FFFFFF",
        "corona": {
          "sprite": "corona_white01.png",
          "scale": 1.0,
          "range": 100.0
        },
        "dutyCycle": "DuskTillDawn()"
      }
    },
    {
      "parent": "/Far__x1_z5/Far__x1_z5_LFS/Far_Fences/FenceWall01_x12_Yellow (16)/Collider/%GROUP%_Mesh000D0F000401531F",
      "position": "(0,12.25,0.75)",
      "rotation": "(-0.7071068,0,0,0.7071068)",
      "hash": "073C5B7A1A158B000:073C278633158A2E0",
      "properties": {
        "type": "Point",
        "intensity": 1.0,
        "range": 30.0,
        "colour": "#FFFFFF",
        "corona": {
          "sprite": "corona_white01.png",
          "scale": 1.0,
          "range": 100.0
        },
        "dutyCycle": "DuskTillDawn()"
      }
    },
    {
      "parent": "/Far__x1_z5/Far__x1_z5_LFS/Far_Fences/FenceWall01_x12_Yellow (16)/Collider/%GROUP%_Mesh000D0F000401531F",
      "position": "(-0.75,12.25,0)",
      "rotation": "(-0.7071068,0,0,0.7071068)",
      "hash": "073C5B7A1A158B000:073D2D8633158A300",
      "properties": {
        "type": "Point",
        "intensity": 1.0,
        "range": 30.0,
        "colour": "#FFFFFF",
        "corona": {
          "sprite": "corona_white01.png",
          "scale": 1.0,
          "range": 100.0
        },
        "dutyCycle": "DuskTillDawn()"
      }
    },
    {
      "parent": "/Far__x1_z5/Far__x1_z5_LFS/Far_Fences/FenceWall01_x12_Yellow (16)/Collider/%GROUP%_Mesh000D0F000401531F",
      "position": "(0,12.25,-0.75)",
      "rotation": "(-0.7071068,0,0,0.7071068)",
      "hash": "073C5B7A1A158B000:073D2B8633158B360",
      "properties": {
        "type": "Point",
        "intensity": 1.0,
        "range": 30.0,
        "colour": "#FFFFFF",
        "corona": {
          "sprite": "corona_white01.png",
          "scale": 1.0,
          "range": 100.0
        },
        "dutyCycle": "DuskTillDawn()"
      }
    },
    {
      "parent": "/Far__x1_z5/Far__x1_z5_LFS/Far_Fences/FenceWall01_x12_Yellow (16)/Collider/%GROUP%_Mesh00023B0004018E0D",
      "position": "(0.75,12.25,0)",
      "rotation": "(-0.7071068,0,0,0.7071068)",
      "hash": "0770487A1A15AB000:077013863315AB350",
      "properties": {
        "type": "Point",
        "intensity": 1.0,
        "range": 30.0,
        "colour": "#FFFFFF",
        "corona": {
          "sprite": "corona_white01.png",
          "scale": 1.0,
          "range": 100.0
        },
        "dutyCycle": "DuskTillDawn()"
      }
    },
    {
      "parent": "/Far__x1_z5/Far__x1_z5_LFS/Far_Fences/FenceWall01_x12_Yellow (16)/Collider/%GROUP%_Mesh00023B0004018E0D",
      "position": "(0,12.25,0.75)",
      "rotation": "(-0.7071068,0,0,0.7071068)",
      "hash": "0770487A1A15AB000:077013863315AA2F0",
      "properties": {
        "type": "Point",
        "intensity": 1.0,
        "range": 30.0,
        "colour": "#FFFFFF",
        "corona": {
          "sprite": "corona_white01.png",
          "scale": 1.0,
          "range": 100.0
        },
        "dutyCycle": "DuskTillDawn()"
      }
    },
    {
      "parent": "/Far__x1_z5/Far__x1_z5_LFS/Far_Fences/FenceWall01_x12_Yellow (16)/Collider/%GROUP%_Mesh00023B0004018E0D",
      "position": "(-0.75,12.25,0)",
      "rotation": "(-0.7071068,0,0,0.7071068)",
      "hash": "0770487A1A15AB000:077119863315AA2F0",
      "properties": {
        "type": "Point",
        "intensity": 1.0,
        "range": 30.0,
        "colour": "#FFFFFF",
        "corona": {
          "sprite": "corona_white01.png",
          "scale": 1.0,
          "range": 100.0
        },
        "dutyCycle": "DuskTillDawn()"
      }
    },
    {
      "parent": "/Far__x1_z5/Far__x1_z5_LFS/Far_Fences/FenceWall01_x12_Yellow (16)/Collider/%GROUP%_Mesh00023B0004018E0D",
      "position": "(0,12.25,-0.75)",
      "rotation": "(-0.7071068,0,0,0.7071068)",
      "hash": "0770487A1A15AB000:077119863315AB350",
      "properties": {
        "type": "Point",
        "intensity": 1.0,
        "range": 30.0,
        "colour": "#FFFFFF",
        "corona": {
          "sprite": "corona_white01.png",
          "scale": 1.0,
          "range": 100.0
        },
        "dutyCycle": "DuskTillDawn()"
      }
    },
    {
      "parent": "/Far__x1_z5/Far__x1_z5_LFS/Far_Fences/FenceWall01_x12_Yellow (16)/Collider/%GROUP%_Mesh000C60000401CB36",
      "position": "(0.75,12.25,0)",
      "rotation": "(-0.7071068,0,0,0.7071068)",
      "hash": "078F347A1A15E2240:078E62863315E2580",
      "properties": {
        "type": "Point",
        "intensity": 1.0,
        "range": 30.0,
        "colour": "#FFFFFF",
        "corona": {
          "sprite": "corona_white01.png",
          "scale": 1.0,
          "range": 100.0
        },
        "dutyCycle": "DuskTillDawn()"
      }
    },
    {
      "parent": "/Far__x1_z5/Far__x1_z5_LFS/Far_Fences/FenceWall01_x12_Yellow (16)/Collider/%GROUP%_Mesh000C60000401CB36",
      "position": "(0,12.25,0.75)",
      "rotation": "(-0.7071068,0,0,0.7071068)",
      "hash": "078F347A1A15E2240:078F00863315E1520",
      "properties": {
        "type": "Point",
        "intensity": 1.0,
        "range": 30.0,
        "colour": "#FFFFFF",
        "corona": {
          "sprite": "corona_white01.png",
          "scale": 1.0,
          "range": 100.0
        },
        "dutyCycle": "DuskTillDawn()"
      }
    },
    {
      "parent": "/Far__x1_z5/Far__x1_z5_LFS/Far_Fences/FenceWall01_x12_Yellow (16)/Collider/%GROUP%_Mesh000C60000401CB36",
      "position": "(-0.75,12.25,0)",
      "rotation": "(-0.7071068,0,0,0.7071068)",
      "hash": "078F347A1A15E2240:079006863315E1540",
      "properties": {
        "type": "Point",
        "intensity": 1.0,
        "range": 30.0,
        "colour": "#FFFFFF",
        "corona": {
          "sprite": "corona_white01.png",
          "scale": 1.0,
          "range": 100.0
        },
        "dutyCycle": "DuskTillDawn()"
      }
    },
    {
      "parent": "/Far__x1_z5/Far__x1_z5_LFS/Far_Fences/FenceWall01_x12_Yellow (16)/Collider/%GROUP%_Mesh000C60000401CB36",
      "position": "(0,12.25,-0.75)",
      "rotation": "(-0.7071068,0,0,0.7071068)",
      "hash": "078F347A1A15E2240:079004863315E25A0",
      "properties": {
        "type": "Point",
        "intensity": 1.0,
        "range": 30.0,
        "colour": "#FFFFFF",
        "corona": {
          "sprite": "corona_white01.png",
          "scale": 1.0,
          "range": 100.0
        },
        "dutyCycle": "DuskTillDawn()"
      }
    },
    {
      "parent": "/Far__x1_z5/Far__x1_z5_LFS/Far_Fences/FenceWall01_x12_Yellow (16)/Collider/%GROUP%_Mesh0091190004014129",
      "position": "(0,7.1,-1.55)",
      "rotation": "(-0.7071068,0,0,0.7071068)",
      "hash": "06D0327A1A15D83A0:06CF2B812415D72F0",
      "properties": {
        "type": "Point",
        "intensity": 1.0,
        "range": 20.0,
        "colour": "#DDEEFF",
        "corona": {
          "sprite": "corona_flare02.png",
          "scale": 1.0,
          "range": 100.0
        },
        "dutyCycle": "DuskTillDawn()"
      }
    },
    {
      "parent": "/Far__x1_z5/Far__x1_z5_LFS/Far_Roads/Flat_40x40 (15)/Collider/%GROUP%_Mesh000F090005000A1D",
      "position": "(0,7.1,-1.55)",
      "rotation": "(-0.7071068,0,0,0.7071068)",
      "hash": "06AE1C7A1F15CF2D0:06AF29812915CE280",
      "properties": {
        "type": "Point",
        "intensity": 1.0,
        "range": 20.0,
        "colour": "#DDEEFF",
        "corona": {
          "sprite": "corona_flare02.png",
          "scale": 1.0,
          "range": 100.0
        },
        "dutyCycle": "DuskTillDawn()"
      }
    },
    {
      "parent": "/Far__x1_z5/Far__x1_z5_LFS/Far_Roads/Flat_40x40 (14)/Collider/%GROUP%_Mesh0011250005001330",
      "position": "(0,7.1,-1.55)",
      "rotation": "(-0.7071068,0,0,0.7071068)",
      "hash": "069A507A1F15B7300:069B5B812915B6280",
      "properties": {
        "type": "Point",
        "intensity": 1.0,
        "range": 20.0,
        "colour": "#DDEEFF",
        "corona": {
          "sprite": "corona_flare02.png",
          "scale": 1.0,
          "range": 100.0
        },
        "dutyCycle": "DuskTillDawn()"
      }
    },
    {
      "parent": "/Far__x1_z5/Far__x1_z5_LFS/Far_Roads/Flat_40x40 (13)/Collider/%GROUP%_Mesh000F4D0005001A0E",
      "position": "(0,7.1,-1.55)",
      "rotation": "(-0.7071068,0,0,0.7071068)",
      "hash": "06824D7A1F15A0200:0683588129159F180",
      "properties": {
        "type": "Point",
        "intensity": 1.0,
        "range": 20.0,
        "colour": "#DDEEFF",
        "corona": {
          "sprite": "corona_flare02.png",
          "scale": 1.0,
          "range": 100.0
        },
        "dutyCycle": "DuskTillDawn()"
      }
    },
    {
      "parent": "/Far__x1_z5/Far__x1_z5_LFS/Far_Roads/Flat_40x40 (12)/Collider/%GROUP%_Mesh0011140005002047",
      "position": "(0,7.1,1.55)",
      "rotation": "(-0.7071068,0,0,0.7071068)",
      "hash": "066C587A1F1587010:066B50812915880C0",
      "properties": {
        "type": "Point",
        "intensity": 1.0,
        "range": 20.0,
        "colour": "#DDEEFF",
        "corona": {
          "sprite": "corona_flare02.png",
          "scale": 1.0,
          "range": 100.0
        },
        "dutyCycle": "DuskTillDawn()"
      }
    },
    {
      "parent": "/Far__x1_z5/Far__x1_z5_LFS/Far_Roads/Flat_40x40 (12)/Collider/%GROUP%_Mesh0011140005002047",
      "position": "(0,7.1,-1.55)",
      "rotation": "(-0.7071068,0,0,0.7071068)",
      "hash": "066C587A1F1587010:066D6081291585590",
      "properties": {
        "type": "Point",
        "intensity": 1.0,
        "range": 20.0,
        "colour": "#DDEEFF",
        "corona": {
          "sprite": "corona_flare02.png",
          "scale": 1.0,
          "range": 100.0
        },
        "dutyCycle": "DuskTillDawn()"
      }
    },
    {
      "parent": "/Far__x1_z5/Far__x1_z5_LFS/Far_Roads/Flat_40x40 (11)/Collider/%GROUP%_Mesh000F530005001700",
      "position": "(0,7.1,1.55)",
      "rotation": "(-0.7071068,0,0,0.7071068)",
      "hash": "06494E7A1F15634D0:06484681291564590",
      "properties": {
        "type": "Point",
        "intensity": 1.0,
        "range": 20.0,
        "colour": "#DDEEFF",
        "corona": {
          "sprite": "corona_flare02.png",
          "scale": 1.0,
          "range": 100.0
        },
        "dutyCycle": "DuskTillDawn()"
      }
    },
    {
      "parent": "/Far__x1_z5/Far__x1_z5_LFS/Far_Roads/Flat_40x40 (11)/Collider/%GROUP%_Mesh000F530005001700",
      "position": "(0,7.1,-1.55)",
      "rotation": "(-0.7071068,0,0,0.7071068)",
      "hash": "06494E7A1F15634D0:064A5681291562420",
      "properties": {
        "type": "Point",
        "intensity": 1.0,
        "range": 20.0,
        "colour": "#DDEEFF",
        "corona": {
          "sprite": "corona_flare02.png",
          "scale": 1.0,
          "range": 100.0
        },
        "dutyCycle": "DuskTillDawn()"
      }
    },
    {
      "parent": "/Far__x1_z5/Far__x1_z5_LFS/Far_SilosCranes/Portal_Crane/collider (1)/%GROUP%_Mesh0000000F3700034E",
      "position": "(0,1.245,-0.188)",
      "rotation": "(0,0.9181287,0,0.396282345)",
      "hash": "064152894D15432B0:064248893A15423A0",
      "properties": {
        "type": "Point",
        "intensity": 1.0,
        "range": 30.0,
        "colour": "#FFFFFF",
        "corona": {
          "sprite": "corona_white01.png",
          "scale": 1.0,
          "range": 100.0
        },
        "dutyCycle": "DuskTillDawn()"
      }
    },
    {
      "parent": "/Far__x1_z5/Far__x1_z5_LFS/Far_SilosCranes/Portal_Crane/collider (1)/%GROUP%_Mesh0000000F3700034E",
      "position": "(-0.705,0.867,-0.153)",
      "rotation": "(0,0.9181287,0,0.396282345)",
      "hash": "064152894D15432B0:064160893D1542200",
      "properties": {
        "type": "Point",
        "intensity": 1.0,
        "range": 30.0,
        "colour": "#FFFFFF",
        "corona": {
          "sprite": "corona_white01.png",
          "scale": 1.0,
          "range": 100.0
        },
        "dutyCycle": "DuskTillDawn()"
      }
    },
    {
      "parent": "/Far__x1_z5/Far__x1_z5_LFS/Far_SilosCranes/Portal_Crane/collider (1)/%GROUP%_Mesh0000000F3700034E",
      "position": "(0.705,0.867,-0.153)",
      "rotation": "(0,0.9181287,0,0.396282345)",
      "hash": "064152894D15432B0:06425D893D1543230",
      "properties": {
        "type": "Point",
        "intensity": 1.0,
        "range": 30.0,
        "colour": "#FFFFFF",
        "corona": {
          "sprite": "corona_white01.png",
          "scale": 1.0,
          "range": 100.0
        },
        "dutyCycle": "DuskTillDawn()"
      }
    },
    {
      "parent": "/Far__x1_z5/Far__x1_z5_LFS/Far_Roads/ParkingLot05 (6)/Collider/%GROUP%_Mesh001B14000A009F49",
      "position": "(0,7.1,1.55)",
      "rotation": "(-0.7071068,0,0,0.7071068)",
      "hash": "084E2F7A1A168A1E0:084E3A812416884C0",
      "properties": {
        "type": "Point",
        "intensity": 1.0,
        "range": 20.0,
        "colour": "#FFB24D",
        "corona": {
          "sprite": "corona_orange01.png",
          "scale": 0.75,
          "range": 100.0
        },
        "dutyCycle": "DuskTillDawn()"
      }
    },
    {
      "parent": "/Far__x1_z5/Far__x1_z5_LFS/Far_Roads/ParkingLot05 (6)/Collider/%GROUP%_Mesh001B14000A009F49",
      "position": "(0,7.1,-1.55)",
      "rotation": "(-0.7071068,0,0,0.7071068)",
      "hash": "084E2F7A1A168A1E0:084E258124168B550",
      "properties": {
        "type": "Point",
        "intensity": 1.0,
        "range": 20.0,
        "colour": "#FFB24D",
        "corona": {
          "sprite": "corona_orange01.png",
          "scale": 0.75,
          "range": 100.0
        },
        "dutyCycle": "DuskTillDawn()"
      }
    },
    {
      "parent": "/Far__x1_z5/Far__x1_z5_LFS/Far_Roads/ParkingLot05 (6)/Collider/%GROUP%_Mesh008C03000A00AC03",
      "position": "(0,7.1,1.55)",
      "rotation": "(-0.7071068,0,0,0.7071068)",
      "hash": "0804517A1A16E0400:08031A812416E0400",
      "properties": {
        "type": "Point",
        "intensity": 1.0,
        "range": 20.0,
        "colour": "#FFB24D",
        "corona": {
          "sprite": "corona_orange01.png",
          "scale": 0.75,
          "range": 100.0
        },
        "dutyCycle": "DuskTillDawn()"
      }
    },
    {
      "parent": "/Far__x1_z5/Far__x1_z5_LFS/Far_Roads/ParkingLot05 (6)/Collider/%GROUP%_Mesh008C03000A00AC03",
      "position": "(0,7.1,-1.55)",
      "rotation": "(-0.7071068,0,0,0.7071068)",
      "hash": "0804517A1A16E0400:080624812416E0400",
      "properties": {
        "type": "Point",
        "intensity": 1.0,
        "range": 20.0,
        "colour": "#FFB24D",
        "corona": {
          "sprite": "corona_orange01.png",
          "scale": 0.75,
          "range": 100.0
        },
        "dutyCycle": "DuskTillDawn()"
      }
    },
    {
      "parent": "/Far__x1_z5/Far__x1_z5_LFS/Far_IndustryBuildings/Utility_Medium2/collider/%GROUP%_Mesh0181330163009860",
      "position": "(0,7.1,1.55)",
      "rotation": "(-0.7071068,0,0,0.7071068)",
      "hash": "07F94E7A1A169A3E0:07F93B81241699080",
      "properties": {
        "type": "Point",
        "intensity": 1.0,
        "range": 20.0,
        "colour": "#FFB24D",
        "corona": {
          "sprite": "corona_orange01.png",
          "scale": 0.75,
          "range": 100.0
        },
        "dutyCycle": "DuskTillDawn()"
      }
    },
    {
      "parent": "/Far__x1_z5/Far__x1_z5_LFS/Far_IndustryBuildings/Utility_Medium2/collider/%GROUP%_Mesh0181330163009860",
      "position": "(0,7.1,-1.55)",
      "rotation": "(-0.7071068,0,0,0.7071068)",
      "hash": "07F94E7A1A169A3E0:07F9618124169C100",
      "properties": {
        "type": "Point",
        "intensity": 1.0,
        "range": 20.0,
        "colour": "#FFB24D",
        "corona": {
          "sprite": "corona_orange01.png",
          "scale": 0.75,
          "range": 100.0
        },
        "dutyCycle": "DuskTillDawn()"
      }
    }
  ],
  "meshes": [
    {
      "parent": "/Far__x1_z5/Far__x1_z5_LFS/Far_Fences/FenceWall01_x12_Yellow (16)/Collider",
      "position": "(-115.597427,0.0416412354,29.15342)",
      "rotation": "(0,0.3665012,0,0.9304176)",
      "hash": "065D4A7A15148B060:061D3E7A1A14EF390",
      "properties": {
        "file": "meshes_lampposts.assetbundle",
        "mesh": "YardLamp_Floor"
      }
    },
    {
      "parent": "/Far__x1_z5/Far__x1_z5_LFS/Far_Fences/FenceWall01_x12_Yellow (16)/Collider",
      "position": "(-115.119682,0.0416412354,69.87)",
      "rotation": "(0,0.37460658,0,0.927183867)",
      "hash": "065D4A7A15148B060:06395A7A1A150C570",
      "properties": {
        "file": "meshes_lampposts.assetbundle",
        "mesh": "YardLamp_Floor"
      }
    },
    {
      "parent": "/Far__x1_z5/Far__x1_z5_LFS/Far_Fences/FenceWall01_x12_Yellow (16)/Collider",
      "position": "(-115.254974,0.0416412354,130.328369)",
      "rotation": "(0,0.37460658,0,0.927183867)",
      "hash": "065D4A7A15148B060:06631B7A1A1538600",
      "properties": {
        "file": "meshes_lampposts.assetbundle",
        "mesh": "YardLamp_Floor"
      }
    },
    {
      "parent": "/Far__x1_z5/Far__x1_z5_LFS/Far_Fences/FenceWall01_x12_Yellow (16)/Collider",
      "position": "(-114.912369,0.0416412354,169.50705)",
      "rotation": "(0,0.382683456,0,0.9238795)",
      "hash": "065D4A7A15148B060:067E277A1A1555170",
      "properties": {
        "file": "meshes_lampposts.assetbundle",
        "mesh": "YardLamp_Floor"
      }
    },
    {
      "parent": "/Far__x1_z5/Far__x1_z5_LFS/Far_Fences/FenceWall01_x12_Yellow (16)/Collider",
      "position": "(-115.02623,0.0416412354,209.549255)",
      "rotation": "(0,0.37460658,0,0.927183867)",
      "hash": "065D4A7A15148B060:06994D7A1A15722D0",
      "properties": {
        "file": "meshes_lampposts.assetbundle",
        "mesh": "YardLamp_Floor"
      }
    },
    {
      "parent": "/Far__x1_z5/Far__x1_z5_LFS/Far_Fences/FenceWall01_x12_Yellow (16)/Collider",
      "position": "(-114.916977,0.0416412354,249.283051)",
      "rotation": "(0,0.3665012,0,0.9304176)",
      "hash": "065D4A7A15148B060:06B50B7A1A158F1D0",
      "properties": {
        "file": "meshes_lampposts.assetbundle",
        "mesh": "YardLamp_Floor"
      }
    },
    {
      "parent": "/Far__x1_z5/Far__x1_z5_LFS/Far_Fences/FenceWall01_x12_Yellow (16)/Collider",
      "position": "(-114.911316,0.0416412354,289.4761)",
      "rotation": "(0,0.37460658,0,0.927183867)",
      "hash": "065D4A7A15148B060:06D0447A1A15AC350",
      "properties": {
        "file": "meshes_lampposts.assetbundle",
        "mesh": "YardLamp_Floor"
      }
    },
    {
      "parent": "/Far__x1_z5/Far__x1_z5_LFS/Far_Fences/FenceWall01_x12_Yellow (16)/Collider",
      "position": "(-114.784149,0.0416412354,329.48645)",
      "rotation": "(0,0.37460658,0,0.927183867)",
      "hash": "065D4A7A15148B060:06EC167A1A15C9380",
      "properties": {
        "file": "meshes_lampposts.assetbundle",
        "mesh": "YardLamp_Floor"
      }
    },
    {
      "parent": "/Far__x1_z5/Far__x1_z5_LFS/Far_Fences/FenceWall01_x12_Yellow (16)/Collider",
      "position": "(-114.638016,-0.01939392,369.974335)",
      "rotation": "(0,0.3665012,0,0.9304176)",
      "hash": "065D4A7A15148B060:0708097A1315E65C0",
      "properties": {
        "file": "meshes_lampposts.assetbundle",
        "mesh": "YardLamp_Floor"
      }
    },
    {
      "parent": "/Far__x1_z5/Far__x1_z5_LFS/Far_IndustryBuildings/Utility_Medium2/collider",
      "position": "(128.7278,1.93055725,-104.013924)",
      "rotation": "(0,0.382683456,0,0.9238795)",
      "hash": "068203781A15EB010:0726027A131601220",
      "properties": {
        "file": "meshes_lampposts.assetbundle",
        "mesh": "YardLamp_Floor"
      }
    },
    {
      "parent": "/Far__x1_z5/Far__x1_z5_LFS/Far_IndustryBuildings/Utility_Medium2/collider",
      "position": "(163.493866,1.93055725,-104.351509)",
      "rotation": "(0,0.382683456,0,0.9238795)",
      "hash": "068203781A15EB010:073E0B7A13161A290",
      "properties": {
        "file": "meshes_lampposts.assetbundle",
        "mesh": "YardLamp_Floor"
      }
    },
    {
      "parent": "/Far__x1_z5/Far__x1_z5_LFS/Far_IndustryBuildings/Utility_Medium2/collider",
      "position": "(198.6546,1.99159241,-104.734787)",
      "rotation": "(0,0.37460658,0,0.927183867)",
      "hash": "068203781A15EB010:0756337A1A1633490",
      "properties": {
        "file": "meshes_lampposts.assetbundle",
        "mesh": "YardLamp_Floor"
      }
    },
    {
      "parent": "/Far__x1_z5/Far__x1_z5_LFS/Far_IndustryBuildings/Utility_Medium2/collider",
      "position": "(233.780426,1.99159241,-105.212692)",
      "rotation": "(0,0.382683456,0,0.9238795)",
      "hash": "068203781A15EB010:076E5F7A1A164C600",
      "properties": {
        "file": "meshes_lampposts.assetbundle",
        "mesh": "YardLamp_Floor"
      }
    },
    {
      "parent": "/Far__x1_z5/Far__x1_z5_LFS/Far_IndustryBuildings/Utility_Medium2/collider",
      "position": "(279.370972,1.99159241,-105.818314)",
      "rotation": "(0,0.382683456,0,0.9238795)",
      "hash": "068203781A15EB010:078E427A1A166D480",
      "properties": {
        "file": "meshes_lampposts.assetbundle",
        "mesh": "YardLamp_Floor"
      }
    },
    {
      "parent": "/Far__x1_z5/Far__x1_z5_LFS/Far_IndustryBuildings/Utility_Medium2/collider",
      "position": "(318.663116,1.99159241,-106.288368)",
      "rotation": "(0,0.3907311,0,0.920504868)",
      "hash": "068203781A15EB010:07A9607A1A1689630",
      "properties": {
        "file": "meshes_lampposts.assetbundle",
        "mesh": "YardLamp_Floor"
      }
    },
    {
      "parent": "/Far__x1_z5/Far__x1_z5_LFS/Far_Fences/FenceWall01_x12_Yellow (16)/Collider",
      "position": "(-84.9414749,-0.01939392,409.4895)",
      "rotation": "(0,0.3907311,0,0.920504868)",
      "hash": "065D4A7A15148B060:0738517A1315EF1E0",
      "properties": {
        "file": "meshes_lampposts.assetbundle",
        "mesh": "YardLamp_Floor"
      }
    },
    {
      "parent": "/Far__x1_z5/Far__x1_z5_LFS/Far_IndustryBuildings/Utility_Medium2/collider",
      "position": "(277.704346,1.99159241,-138.952148)",
      "rotation": "(0,0.342020154,0,0.9396927)",
      "hash": "068203781A15EB010:07A53F7A1A16554E0",
      "properties": {
        "file": "meshes_lampposts.assetbundle",
        "mesh": "YardLamp_Floor"
      }
    },
    {
      "parent": "/Far__x1_z5/Far__x1_z5_LFS/Far_Fences/FenceWall01_x12_Yellow (16)/Collider",
      "position": "(2.08395863,0.0416412354,283.5242)",
      "rotation": "(0,0.927183867,0,-0.3746066)",
      "hash": "065D4A7A15148B060:0721497A1A15575F0",
      "properties": {
        "file": "meshes_lampposts.assetbundle",
        "mesh": "YardLamp_Floor"
      }
    },
    {
      "parent": "/Far__x1_z5/Far__x1_z5_LFS/Far_Fences/FenceWall01_x12_Yellow (16)/Collider",
      "position": "(-13.1595364,0.0416412354,339.3147)",
      "rotation": "(0,0.927183867,0,-0.3746066)",
      "hash": "065D4A7A15148B060:073C5B7A1A158B000",
      "properties": {
        "file": "meshes_lampposts.assetbundle",
        "mesh": "YardLamp_Floor"
      }
    },
    {
      "parent": "/Far__x1_z5/Far__x1_z5_LFS/Far_Fences/FenceWall01_x12_Yellow (16)/Collider",
      "position": "(2.59166718,0.0416412354,398.135)",
      "rotation": "(0,0.9238796,0,-0.382683367)",
      "hash": "065D4A7A15148B060:0770487A1A15AB000",
      "properties": {
        "file": "meshes_lampposts.assetbundle",
        "mesh": "YardLamp_Floor"
      }
    },
    {
      "parent": "/Far__x1_z5/Far__x1_z5_LFS/Far_Fences/FenceWall01_x12_Yellow (16)/Collider",
      "position": "(-12.9653358,0.0416412354,459.548981)",
      "rotation": "(0,0.927183867,0,-0.3746066)",
      "hash": "065D4A7A15148B060:078F347A1A15E2240",
      "properties": {
        "file": "meshes_lampposts.assetbundle",
        "mesh": "YardLamp_Floor"
      }
    },
    {
      "parent": "/Far__x1_z5/Far__x1_z5_LFS/Far_Fences/FenceWall01_x12_Yellow (16)/Collider",
      "position": "(-145.259628,0.0416412354,321.41217)",
      "rotation": "(0,0.37460658,0,0.927183867)",
      "hash": "065D4A7A15148B060:06D0327A1A15D83A0",
      "properties": {
        "file": "meshes_lampposts.assetbundle",
        "mesh": "LampPostSmall_Floor"
      }
    },
    {
      "parent": "/Far__x1_z5/Far__x1_z5_LFS/Far_Roads/Flat_40x40 (15)/Collider",
      "position": "(15.0974131,-0.05000305,10.2923727)",
      "rotation": "(0,-0.398749083,0,0.9170601)",
      "hash": "069C177A2415D2200:06AE1C7A1F15CF2D0",
      "properties": {
        "file": "meshes_lampposts.assetbundle",
        "mesh": "LampPostSmall_Floor"
      }
    },
    {
      "parent": "/Far__x1_z5/Far__x1_z5_LFS/Far_Roads/Flat_40x40 (14)/Collider",
      "position": "(17.3716755,-0.05000305,19.4825954)",
      "rotation": "(0,-0.390731215,0,0.920504868)",
      "hash": "06804F7A2415B5150:069A507A1F15B7300",
      "properties": {
        "file": "meshes_lampposts.assetbundle",
        "mesh": "LampPostSmall_Floor"
      }
    },
    {
      "parent": "/Far__x1_z5/Far__x1_z5_LFS/Far_Roads/Flat_40x40 (13)/Collider",
      "position": "(15.7703114,-0.05000305,26.14624)",
      "rotation": "(0,-0.390731215,0,0.920504868)",
      "hash": "0665247A2415980B0:06824D7A1F15A0200",
      "properties": {
        "file": "meshes_lampposts.assetbundle",
        "mesh": "LampPostSmall_Floor"
      }
    },
    {
      "parent": "/Far__x1_z5/Far__x1_z5_LFS/Far_Roads/Flat_40x40 (12)/Collider",
      "position": "(17.2012672,-0.05000305,32.7177124)",
      "rotation": "(0,-0.374606729,0,0.9271838)",
      "hash": "06495C7A24157B000:066C587A1F1587010",
      "properties": {
        "file": "meshes_lampposts.assetbundle",
        "mesh": "LampPostDouble_Floor"
      }
    },
    {
      "parent": "/Far__x1_z5/Far__x1_z5_LFS/Far_Roads/Flat_40x40 (11)/Collider",
      "position": "(15.8308582,-0.05000305,23.0021667)",
      "rotation": "(0,-0.374606729,0,0.9271838)",
      "hash": "062E307A24155D590:06494E7A1F15634D0",
      "properties": {
        "file": "meshes_lampposts.assetbundle",
        "mesh": "LampPostDouble_Floor"
      }
    },
    {
      "parent": "/Far__x1_z5/Far__x1_z5_LFS/Far_SilosCranes/Portal_Crane/collider (1)",
      "position": "(-0.00732692331,15.5513611,-3.78096)",
      "rotation": "(-0.649215043,-0.280213922,-0.280213922,0.649215043)",
      "hash": "0644387A151540530:064152894D15432B0",
      "properties": {
        "file": "meshes_lampposts.assetbundle",
        "mesh": "YardLamp_Wall"
      }
    },
    {
      "parent": "/Far__x1_z5/Far__x1_z5_LFS/Far_Roads/ParkingLot05 (6)/Collider",
      "position": "(-27.2096672,-0.108261108,159.736816)",
      "rotation": "(0,0.999390841,0,0.0348994955)",
      "hash": "07F4477A241603280:084E2F7A1A168A1E0",
      "properties": {
        "file": "meshes_lampposts.assetbundle",
        "mesh": "LampPostDouble_Floor"
      }
    },
    {
      "parent": "/Far__x1_z5/Far__x1_z5_LFS/Far_Roads/ParkingLot05 (6)/Collider",
      "position": "(-140.035416,-0.108261108,172.037018)",
      "rotation": "(0,-0.7071067,0,0.7071068)",
      "hash": "07F4477A241603280:0804517A1A16E0400",
      "properties": {
        "file": "meshes_lampposts.assetbundle",
        "mesh": "LampPostDouble_Floor"
      }
    },
    {
      "parent": "/Far__x1_z5/Far__x1_z5_LFS/Far_IndustryBuildings/Utility_Medium2/collider",
      "position": "(385.5145,1.99159241,-152.969131)",
      "rotation": "(0,0.998134851,0,-0.0610484779)",
      "hash": "068203781A15EB010:07F94E7A1A169A3E0",
      "properties": {
        "file": "meshes_lampposts.assetbundle",
        "mesh": "LampPostDouble_Floor"
      }
    }
  ],
  "decorations": []
}