{
  "version": 92,
  "enabled": true,
  "priority": "Low",
  "lights": [
    {
      "parent": "/Far__x14_z15/Far__x14_z15_LFS/Far_IndustryBuildings/Industry_Iron/collider",
      "position": "(-6.559272,7.16893,15.9836187)",
      "rotation": "(0.379614323,0.619985163,-0.4994902,0.471190959)",
      "hash": "3B0339F6093C3A0A0:3B053DFD1A3C285F0",
      "properties": {
        "type": "Point",
        "intensity": 1.0,
        "range": 20.0,
        "colour": "#FFB24D",
        "corona": {
          "sprite": "corona_orange01.png",
          "scale": 0.75,
          "range": 100.0
        },
        "dutyCycle": "DuskTillDawn()"
      }
    },
    {
      "parent": "/Far__x14_z15/Far__x14_z15_LFS/Far_IndustryBuildings/Industry_Iron/collider",
      "position": "(-20.48144,9.166138,1.557476)",
      "rotation": "(-0.0844905153,0.7692608,-0.62472,-0.104038984)",
      "hash": "3B0339F6093C3A0A0:3B1659FF1A3C330C0",
      "properties": {
        "type": "Point",
        "intensity": 1.0,
        "range": 20.0,
        "colour": "#FFB24D",
        "corona": {
          "sprite": "corona_orange01.png",
          "scale": 0.75,
          "range": 100.0
        },
        "dutyCycle": "DuskTillDawn()"
      }
    },
    {
      "parent": "/Far__x14_z15/Far__x14_z15_LFS/Far_IndustryBuildings/Industry_Iron/collider",
      "position": "(-25.5155373,9.168167,1.5674057)",
      "rotation": "(-0.0844905153,0.7692608,-0.62472,-0.104038984)",
      "hash": "3B0339F6093C3A0A0:3B1B4AFF1A3C314C0",
      "properties": {
        "type": "Point",
        "intensity": 1.0,
        "range": 20.0,
        "colour": "#FFB24D",
        "corona": {
          "sprite": "corona_orange01.png",
          "scale": 0.75,
          "range": 100.0
        },
        "dutyCycle": "DuskTillDawn()"
      }
    },
    {
      "parent": "/Far__x14_z15/Far__x14_z15_LFS/Far_IndustryBuildings/Industry_Iron/collider",
      "position": "(-30.4684029,9.157272,1.51477432)",
      "rotation": "(-0.0844905153,0.7692608,-0.62472,-0.104038984)",
      "hash": "3B0339F6093C3A0A0:3B2034FF193C30310",
      "properties": {
        "type": "Point",
        "intensity": 1.0,
        "range": 20.0,
        "colour": "#FFB24D",
        "corona": {
          "sprite": "corona_orange01.png",
          "scale": 0.75,
          "range": 100.0
        },
        "dutyCycle": "DuskTillDawn()"
      }
    },
    {
      "parent": "/Far__x14_z15/Far__x14_z15_LFS/Far_IndustryBuildings/Industry_Iron/collider",
      "position": "(-18.5617085,7.1696167,-3.9975605)",
      "rotation": "(0.379614323,0.619985163,-0.4994902,0.471190959)",
      "hash": "3B0339F6093C3A0A0:3B1635FD1A3C38630",
      "properties": {
        "type": "Point",
        "intensity": 1.0,
        "range": 20.0,
        "colour": "#DDEEFF",
        "corona": {
          "sprite": "corona_flare02.png",
          "scale": 1.0,
          "range": 100.0
        },
        "dutyCycle": "DuskTillDawn()"
      }
    },
    {
      "parent": "/Far__x14_z15/Far__x14_z15_LFS/Far_IndustryBuildings/Industry_Iron/collider",
      "position": "(-18.5389671,7.16452026,-11.9832172)",
      "rotation": "(0.379614323,0.619985163,-0.4994902,0.471191)",
      "hash": "3B0339F6093C3A0A0:3B1840FD1A3C40450",
      "properties": {
        "type": "Point",
        "intensity": 1.0,
        "range": 20.0,
        "colour": "#DDEEFF",
        "corona": {
          "sprite": "corona_flare02.png",
          "scale": 1.0,
          "range": 100.0
        },
        "dutyCycle": "DuskTillDawn()"
      }
    },
    {
      "parent": "/Far__x14_z15/Far__x14_z15_LFS/Far_IndustryBuildings/Industry_Iron/collider",
      "position": "(-20.48698,9.148254,-17.4727917)",
      "rotation": "(0.6246565,0.104072317,-0.08450398,0.7693064)",
      "hash": "3B0339F6093C3A0A0:3B1B63FF183C452D0",
      "properties": {
        "type": "Point",
        "intensity": 1.0,
        "range": 20.0,
        "colour": "#FFB24D",
        "corona": {
          "sprite": "corona_orange01.png",
          "scale": 0.75,
          "range": 100.0
        },
        "dutyCycle": "DuskTillDawn()"
      }
    },
    {
      "parent": "/Far__x14_z15/Far__x14_z15_LFS/Far_IndustryBuildings/Industry_Iron/collider",
      "position": "(-25.5180569,9.16687,-17.5613441)",
      "rotation": "(0.62465924,0.104048647,-0.0844847858,0.769309461)",
      "hash": "3B0339F6093C3A0A0:3B2056FF1A3C44130",
      "properties": {
        "type": "Point",
        "intensity": 1.0,
        "range": 20.0,
        "colour": "#FFB24D",
        "corona": {
          "sprite": "corona_orange01.png",
          "scale": 0.75,
          "range": 100.0
        },
        "dutyCycle": "DuskTillDawn()"
      }
    },
    {
      "parent": "/Far__x14_z15/Far__x14_z15_LFS/Far_IndustryBuildings/Industry_Iron/collider",
      "position": "(-30.514883,9.165527,-17.5542336)",
      "rotation": "(0.6246565,0.104072317,-0.08450398,0.7693064)",
      "hash": "3B0339F6093C3A0A0:3B2543FF1A3C42550",
      "properties": {
        "type": "Point",
        "intensity": 1.0,
        "range": 20.0,
        "colour": "#FFB24D",
        "corona": {
          "sprite": "corona_orange01.png",
          "scale": 0.75,
          "range": 100.0
        },
        "dutyCycle": "DuskTillDawn()"
      }
    },
    {
      "parent": "/Far__x14_z15/Far__x14_z15_LFS/Far_IndustryBuildings/Industry_Iron/collider",
      "position": "(-12.5796795,10.17337,-34.97818)",
      "rotation": "(0.379614621,0.619984865,-0.499490559,0.47119078)",
      "hash": "3B0339F6093C3A0A0:3B19061001B3C582C0",
      "properties": {
        "type": "Point",
        "intensity": 1.0,
        "range": 20.0,
        "colour": "#FFB24D",
        "corona": {
          "sprite": "corona_orange01.png",
          "scale": 0.75,
          "range": 100.0
        },
        "dutyCycle": "DuskTillDawn()"
      }
    },
    {
      "parent": "/Far__x14_z15/Far__x14_z15_LFS/Far_IndustryBuildings/Industry_Iron/collider",
      "position": "(-12.5605984,10.16922,-40.9884033)",
      "rotation": "(0.3796146,0.6199849,-0.499490529,0.471190751)",
      "hash": "3B0339F6093C3A0A0:3B1A411001A3C5E170",
      "properties": {
        "type": "Point",
        "intensity": 1.0,
        "range": 20.0,
        "colour": "#FFB24D",
        "corona": {
          "sprite": "corona_orange01.png",
          "scale": 0.75,
          "range": 100.0
        },
        "dutyCycle": "DuskTillDawn()"
      }
    },
    {
      "parent": "/Far__x14_z15/Far__x14_z15_LFS/Far_IndustryBuildings/Industry_Iron/collider",
      "position": "(-13.3463707,5.359192,-17.9980831)",
      "rotation": "(0.368348777,0.6316406,-0.484667152,0.480049074)",
      "hash": "3B0339F6093C3A0A0:3B1519FB2D3C47570",
      "properties": {
        "type": "Point",
        "intensity": 1.0,
        "range": 20.0,
        "colour": "#DDEEFF",
        "corona": {
          "sprite": "corona_flare02.png",
          "scale": 1.0,
          "range": 100.0
        },
        "dutyCycle": "DuskTillDawn()"
      }
    },
    {
      "parent": "/Far__x14_z15/Far__x14_z15_LFS/Far_IndustryBuildings/Industry_Iron/collider",
      "position": "(-4.62468958,12.3671265,-17.9796162)",
      "rotation": "(0.484667152,-0.480049074,0.368348777,0.6316406)",
      "hash": "3B0339F6093C3A0A0:3B0C541022E3C4A130",
      "properties": {
        "type": "Point",
        "intensity": 1.0,
        "range": 20.0,
        "colour": "#DDEEFF",
        "corona": {
          "sprite": "corona_flare02.png",
          "scale": 1.0,
          "range": 100.0
        },
        "dutyCycle": "DuskTillDawn()"
      }
    },
    {
      "parent": "/Far__x14_z15/Far__x14_z15_LFS/Far_IndustryBuildings/Warehouse_MediumSlant/collider/%GROUP%_Mesh001313043800015F",
      "position": "(0,0.253,-0.032)",
      "rotation": "(0,0.9908305,0,-0.135110959)",
      "hash": "3ADE2EFA423C4D370:3ADE28FA3F3C4D1E0",
      "properties": {
        "type": "Point",
        "intensity": 0.5,
        "range": 10.0,
        "colour": "#FFFFFF",
        "corona": {
          "sprite": "corona_flare02.png",
          "scale": 0.87,
          "range": 100.0
        },
        "dutyCycle": "DuskTillDawn()"
      }
    },
    {
      "parent": "/Far__x14_z15/Far__x14_z15_LFS/Far_IndustryBuildings/Industry_Iron/collider/%GROUP%_Mesh003F13053700075D",
      "position": "(0,0.253,-0.032)",
      "rotation": "(0,-0.605085135,0,0.7961608)",
      "hash": "3AC850FB413C52430:3AC838FB3E3C524A0",
      "properties": {
        "type": "Point",
        "intensity": 0.5,
        "range": 10.0,
        "colour": "#FFFFFF",
        "corona": {
          "sprite": "corona_flare02.png",
          "scale": 0.87,
          "range": 100.0
        },
        "dutyCycle": "DuskTillDawn()"
      }
    },
    {
      "parent": "/Far__x14_z15/Far__x14_z15_LFS/Far_IndustryBuildings/Warehouse_SmallFlat/collider",
      "position": "(18.5708313,7.17138672,-0.991630554)",
      "rotation": "(-0.084765,0.7715781,-0.6216207,-0.105213374)",
      "hash": "3A7455F6093BC8100:3A6E5CFD1B3BB6350",
      "properties": {
        "type": "Point",
        "intensity": 1.0,
        "range": 20.0,
        "colour": "#FFB24D",
        "corona": {
          "sprite": "corona_orange01.png",
          "scale": 0.75,
          "range": 100.0
        },
        "dutyCycle": "DuskTillDawn()"
      }
    },
    {
      "parent": "/Far__x14_z15/Far__x14_z15_LFS/Far_IndustryBuildings/Warehouse_SmallFlat/collider/%GROUP%_Mesh000C5E042D000213",
      "position": "(0,0.253,-0.032)",
      "rotation": "(0,0.7961608,0,0.6050851)",
      "hash": "3A7A2CFA373BD4040:3A7A44FA343BD3610",
      "properties": {
        "type": "Point",
        "intensity": 0.5,
        "range": 10.0,
        "colour": "#FFFFFF",
        "corona": {
          "sprite": "corona_flare02.png",
          "scale": 0.87,
          "range": 100.0
        },
        "dutyCycle": "DuskTillDawn()"
      }
    },
    {
      "parent": "/Far__x14_z15/Far__x14_z15_LFS/Far_IndustryBuildings/Utility_Medium/collider",
      "position": "(5.564302,8.170074,-8.001022)",
      "rotation": "(0.3796143,0.6199853,-0.499490142,0.471190959)",
      "hash": "3A7E11F6093BF1100:3A8127FE1A3BE7600",
      "properties": {
        "type": "Point",
        "intensity": 1.0,
        "range": 20.0,
        "colour": "#FFB24D",
        "corona": {
          "sprite": "corona_orange01.png",
          "scale": 0.75,
          "range": 100.0
        },
        "dutyCycle": "DuskTillDawn()"
      }
    },
    {
      "parent": "/Far__x14_z15/Far__x14_z15_LFS/Far_IndustryBuildings/Utility_Medium/collider/%GROUP%_Mesh00080A043500035F",
      "position": "(0,0.253,-0.032)",
      "rotation": "(0,0.7961608,0,0.6050851)",
      "hash": "3A8703FA3F3BF2500:3A871CFA3C3BF24A0",
      "properties": {
        "type": "Point",
        "intensity": 0.5,
        "range": 10.0,
        "colour": "#FFFFFF",
        "corona": {
          "sprite": "corona_flare02.png",
          "scale": 0.87,
          "range": 100.0
        },
        "dutyCycle": "DuskTillDawn()"
      }
    },
    {
      "parent": "/Far__x14_z15/Far__x14_z15_LFS/Far_IndustryBuildings/Utility_Tiny#0/collider/%GROUP%_Mesh0000020436000209",
      "position": "(0,0.253,-0.032)",
      "rotation": "(0,0.796161056,0,0.6050847)",
      "hash": "3A6D4EFA403C293A0:3A6E02FA3D3C29330",
      "properties": {
        "type": "Point",
        "intensity": 0.5,
        "range": 10.0,
        "colour": "#FFFFFF",
        "corona": {
          "sprite": "corona_flare02.png",
          "scale": 0.87,
          "range": 100.0
        },
        "dutyCycle": "DuskTillDawn()"
      }
    },
    {
      "parent": "/Far__x14_z15/Far__x14_z15_LFS/Far_IndustryBuildings/Industry_Iron/collider",
      "position": "(12.4705524,16.1496887,-1.01350117)",
      "rotation": "(0.49949047,-0.471190751,0.379614562,0.6199849)",
      "hash": "3B0339F6093C3A0A0:3AF753106183C3E2A0",
      "properties": {
        "type": "Point",
        "intensity": 1.0,
        "range": 20.0,
        "colour": "#FFB24D",
        "corona": {
          "sprite": "corona_orange01.png",
          "scale": 0.75,
          "range": 100.0
        },
        "dutyCycle": "DuskTillDawn()"
      }
    },
    {
      "parent": "/Far__x14_z15/Far__x14_z15_LFS/Far_IndustryBuildings/Industry_Iron/collider",
      "position": "(12.59853,7.17762756,16.0297337)",
      "rotation": "(0.499490172,-0.471191,0.379614323,0.6199852)",
      "hash": "3B0339F6093C3A0A0:3AF30EFD1B3C2E030",
      "properties": {
        "type": "Point",
        "intensity": 1.0,
        "range": 20.0,
        "colour": "#FFB24D",
        "corona": {
          "sprite": "corona_orange01.png",
          "scale": 0.75,
          "range": 100.0
        },
        "dutyCycle": "DuskTillDawn()"
      }
    },
    {
      "parent": "/Far__x14_z15/Far__x14_z15_LFS/Far_IndustryBuildings/Industry_Iron/collider",
      "position": "(13.0312138,5.36000061,-3.65109253)",
      "rotation": "(-0.08225038,0.7860784,-0.603179753,-0.107190683)",
      "hash": "3B0339F6093C3A0A0:3AF763FB2D3C410B0",
      "properties": {
        "type": "Point",
        "intensity": 1.0,
        "range": 20.0,
        "colour": "#DDEEFF",
        "corona": {
          "sprite": "corona_flare02.png",
          "scale": 1.0,
          "range": 100.0
        },
        "dutyCycle": "DuskTillDawn()"
      }
    },
    {
      "parent": "/Far__x14_z15/Far__x14_z15_LFS/Far_IndustryBuildings/Industry_Iron/collider/%GROUP%_Mesh0021140B0900075C",
      "position": "(0,1.5,0.7)",
      "rotation": "(0,0.7961608,0,0.605085135)",
      "hash": "3B2544101133C38550:3B270D101593C382D0",
      "properties": {
        "type": "Point",
        "intensity": 1.0,
        "range": 20.0,
        "colour": "#FFB24D",
        "corona": {
          "sprite": "corona_orange01.png",
          "scale": 0.75,
          "range": 100.0
        },
        "dutyCycle": "DuskTillDawn()"
      }
    },
    {
      "parent": "/Far__x14_z15/Far__x14_z15_LFS/Far_IndustryBuildings/Industry_Iron/collider/%GROUP%_Mesh003A4F0C12000604",
      "position": "(0,1.5,0.7)",
      "rotation": "(0,0.7961608,0,0.605085135)",
      "hash": "3ACC361021B3C4F440:3ACD62102613C4F1B0",
      "properties": {
        "type": "Point",
        "intensity": 1.0,
        "range": 20.0,
        "colour": "#FFB24D",
        "corona": {
          "sprite": "corona_orange01.png",
          "scale": 0.75,
          "range": 100.0
        },
        "dutyCycle": "DuskTillDawn()"
      }
    },
    {
      "parent": "/Far__x14_z15/Far__x14_z15_LFS/Far_IndustryBuildings/Warehouse_MediumSlant/collider/%GROUP%_Mesh001313081D000000",
      "position": "(0,1.5,0.7)",
      "rotation": "(0,0.9908305,0,-0.135110959)",
      "hash": "3AE024FE273C4D020:3ADF60FF093C4B3A0",
      "properties": {
        "type": "Point",
        "intensity": 1.0,
        "range": 20.0,
        "colour": "#FFB24D",
        "corona": {
          "sprite": "corona_orange01.png",
          "scale": 0.75,
          "range": 100.0
        },
        "dutyCycle": "DuskTillDawn()"
      }
    },
    {
      "parent": "/Far__x14_z15/Far__x14_z15_LFS/Far_IndustryBuildings/Warehouse_MediumSlant/collider",
      "position": "(18.56937,7.17106628,3.01408386)",
      "rotation": "(0.6216207,0.1052134,-0.0847650245,0.7715781)",
      "hash": "3AE531F6093C5F340:3AE738FD1B3C72160",
      "properties": {
        "type": "Point",
        "intensity": 1.0,
        "range": 20.0,
        "colour": "#FFB24D",
        "corona": {
          "sprite": "corona_orange01.png",
          "scale": 0.75,
          "range": 100.0
        },
        "dutyCycle": "DuskTillDawn()"
      }
    },
    {
      "parent": "/Far__x14_z15/Far__x14_z15_LFS/Far_IndustryBuildings/Warehouse_MediumSlant/collider",
      "position": "(18.5549431,7.16812134,-2.992279)",
      "rotation": "(0.6216207,0.105213411,-0.08476503,0.7715781)",
      "hash": "3AE531F6093C5F340:3AED22FD1A3C703C0",
      "properties": {
        "type": "Point",
        "intensity": 1.0,
        "range": 20.0,
        "colour": "#FFB24D",
        "corona": {
          "sprite": "corona_orange01.png",
          "scale": 0.75,
          "range": 100.0
        },
        "dutyCycle": "DuskTillDawn()"
      }
    },
    {
      "parent": "/Far__x14_z15/Far__x14_z15_LFS/Far_IndustryBuildings/Warehouse_MediumSlant/collider/%GROUP%_Mesh0000290816000814",
      "position": "(0,1.5,0.7)",
      "rotation": "(0,0.7961608,0,0.6050851)",
      "hash": "3AED1CFE1F3C5C5D0:3AEE49FF013C5C340",
      "properties": {
        "type": "Point",
        "intensity": 1.0,
        "range": 20.0,
        "colour": "#FFB24D",
        "corona": {
          "sprite": "corona_orange01.png",
          "scale": 0.75,
          "range": 100.0
        },
        "dutyCycle": "DuskTillDawn()"
      }
    },
    {
      "parent": "/Far__x14_z15/Far__x14_z15_LFS/Far_IndustryBuildings/Utility_Medium/collider",
      "position": "(-6.01347,11.3637085,-4.263269)",
      "rotation": "(-0.08225024,0.786079347,-0.603178561,-0.107190832)",
      "hash": "3A7E11F6093BF1100:3A77171012E3BEE420",
      "properties": {
        "type": "Point",
        "intensity": 1.0,
        "range": 20.0,
        "colour": "#DDEEFF",
        "corona": {
          "sprite": "corona_flare02.png",
          "scale": 1.0,
          "range": 100.0
        },
        "dutyCycle": "DuskTillDawn()"
      }
    },
    {
      "parent": "/Far__x14_z15/Far__x14_z15_LFS/Far_Roads/Road_60x8 (3)/Collider/%GROUP%_Mesh000924023300124A",
      "position": "(0,0.253,-0.032)",
      "hash": "3A695EFA473B97030:3A6957FA443B964E0",
      "properties": {
        "type": "Point",
        "intensity": 0.5,
        "range": 10.0,
        "colour": "#FFFFFF",
        "corona": {
          "sprite": "corona_flare02.png",
          "scale": 0.87,
          "range": 100.0
        },
        "dutyCycle": "DuskTillDawn()"
      }
    },
    {
      "parent": "/Far__x14_z15/Far__x14_z15_LFS/Far_IndustryBuildings/Utility_Tiny2/collider/%GROUP%_Mesh0000010433000209",
      "position": "(0,0.253,-0.032)",
      "hash": "3A6448FA3D3B7E4E0:3A6460FA3A3B7E470",
      "properties": {
        "type": "Point",
        "intensity": 0.5,
        "range": 10.0,
        "colour": "#FFFFFF",
        "corona": {
          "sprite": "corona_flare02.png",
          "scale": 0.87,
          "range": 100.0
        },
        "dutyCycle": "DuskTillDawn()"
      }
    }
  ],
  "meshes": [
    {
      "parent": "/Far__x14_z15/Far__x14_z15_LFS/Far_IndustryBuildings/Warehouse_MediumSlant/collider",
      "position": "(-19.19988,4.56776428,1.95875931)",
      "rotation": "(-0.700623,0.095537886,0.095537886,0.7006229)",
      "hash": "3AE531F6093C5F340:3ADE2EFA423C4D370",
      "properties": {
        "file": "meshes_lampposts.assetbundle",
        "mesh": "FloodLight_Wall"
      }
    },
    {
      "parent": "/Far__x14_z15/Far__x14_z15_LFS/Far_IndustryBuildings/Industry_Iron/collider",
      "position": "(63.1996231,5.55686951,-7.93983841)",
      "rotation": "(-0.4278598,0.5629707,0.5629707,0.4278598)",
      "hash": "3B0339F6093C3A0A0:3AC850FB413C52430",
      "properties": {
        "file": "meshes_lampposts.assetbundle",
        "mesh": "FloodLight_Wall"
      }
    },
    {
      "parent": "/Far__x14_z15/Far__x14_z15_LFS/Far_IndustryBuildings/Warehouse_SmallFlat/collider",
      "position": "(-12.9470749,4.4556427,2.199829)",
      "rotation": "(-0.5629707,-0.427859783,-0.427859783,0.5629707)",
      "hash": "3A7455F6093BC8100:3A7A2CFA373BD4040",
      "properties": {
        "file": "meshes_lampposts.assetbundle",
        "mesh": "FloodLight_Wall"
      }
    },
    {
      "parent": "/Far__x14_z15/Far__x14_z15_LFS/Far_IndustryBuildings/Utility_Medium/collider",
      "position": "(8.100342,4.53587341,3.95837545)",
      "rotation": "(-0.5629707,-0.427859753,-0.427859753,0.562970757)",
      "hash": "3A7E11F6093BF1100:3A8703FA3F3BF2500",
      "properties": {
        "file": "meshes_lampposts.assetbundle",
        "mesh": "FloodLight_Wall"
      }
    },
    {
      "parent": "/Far__x14_z15/Far__x14_z15_LFS/Far_IndustryBuildings/Utility_Tiny#0/collider",
      "position": "(0.02844801,4.548752,2.09983826)",
      "rotation": "(-0.562970936,-0.4278595,-0.4278595,0.562970936)",
      "hash": "3A6B4CF6093C2A110:3A6D4EFA403C293A0",
      "properties": {
        "file": "meshes_lampposts.assetbundle",
        "mesh": "FloodLight_Wall"
      }
    },
    {
      "parent": "/Far__x14_z15/Far__x14_z15_LFS/Far_IndustryBuildings/Industry_Iron/collider",
      "position": "(-33.200016,11.097229,-7.92450333)",
      "rotation": "(-0.5629707,-0.4278598,-0.4278598,0.5629707)",
      "hash": "3B0339F6093C3A0A0:3B2544101133C38550",
      "properties": {
        "file": "meshes_lampposts.assetbundle",
        "mesh": "LampPostSmall_Wall"
      }
    },
    {
      "parent": "/Far__x14_z15/Far__x14_z15_LFS/Far_IndustryBuildings/Industry_Iron/collider",
      "position": "(58.79956,12.180481,-6.049904)",
      "rotation": "(-0.5629707,-0.4278598,-0.4278598,0.5629707)",
      "hash": "3B0339F6093C3A0A0:3ACC361021B3C4F440",
      "properties": {
        "file": "meshes_lampposts.assetbundle",
        "mesh": "LampPostSmall_Wall"
      }
    },
    {
      "parent": "/Far__x14_z15/Far__x14_z15_LFS/Far_IndustryBuildings/Warehouse_MediumSlant/collider",
      "position": "(-19.1995182,8.292709,-0.008468628)",
      "rotation": "(-0.700623,0.095537886,0.095537886,0.7006229)",
      "hash": "3AE531F6093C5F340:3AE024FE273C4D020",
      "properties": {
        "file": "meshes_lampposts.assetbundle",
        "mesh": "LampPostSmall_Wall"
      }
    },
    {
      "parent": "/Far__x14_z15/Far__x14_z15_LFS/Far_IndustryBuildings/Warehouse_MediumSlant/collider",
      "position": "(-0.4170723,8.220322,-8.200546)",
      "rotation": "(-0.5629707,-0.427859783,-0.427859783,0.5629707)",
      "hash": "3AE531F6093C5F340:3AED1CFE1F3C5C5D0",
      "properties": {
        "file": "meshes_lampposts.assetbundle",
        "mesh": "LampPostSmall_Wall"
      }
    },
    {
      "parent": "/Far__x14_z15/Far__x14_z15_LFS/Far_Roads/Road_60x8 (3)/Collider",
      "position": "(-9.36387348,2.5161438,18.7436485)",
      "rotation": "(-0.7014128,0.08955503,0.08955503,0.7014128)",
      "hash": "3A6D5EF8133B822E0:3A695EFA473B97030",
      "properties": {
        "file": "meshes_lampposts.assetbundle",
        "mesh": "FloodLight_Wall"
      }
    },
    {
      "parent": "/Far__x14_z15/Far__x14_z15_LFS/Far_IndustryBuildings/Utility_Tiny2/collider",
      "position": "(0.0166625977,4.51506042,2.09927368)",
      "rotation": "(-0.5629687,-0.427862465,-0.427862465,0.5629687)",
      "hash": "3A6246F6093B7F240:3A6448FA3D3B7E4E0",
      "properties": {
        "file": "meshes_lampposts.assetbundle",
        "mesh": "FloodLight_Wall"
      }
    }
  ],
  "decorations": []
}