{
  "version": 92,
  "enabled": true,
  "lights": [],
  "meshes": [],
  "decorations": [
    {
      "parent": "/Far__x14_z15/Far__x14_z15_LFS/Far_IndustryBuildings/Industry_Iron",
      "hash": "3B0339F6093C3A0A0:3B0339F6093C3A0A0",
      "id": "WINDOWS_1:LIT",
      "properties": {
        "file": "meshes_decoration_lights.assetbundle",
        "mesh": "Industry_Iron_Windows1",
        "assignMaterials": {
          "hideSourcePrefab": true,
          "assignments": []
        }
      },
      "dutyCycle": "DuskTillDawn()"
    },
    {
      "parent": "/Far__x14_z15/Far__x14_z15_LFS/Far_IndustryBuildings/Industry_Iron",
      "hash": "3B0339F6093C3A0A0:3B0339F6093C3A0A0",
      "id": "WINDOWS_2:LIT",
      "properties": {
        "file": "meshes_decoration_lights.assetbundle",
        "mesh": "Industry_Iron_Windows2",
        "assignMaterials": {
          "hideSourcePrefab": true,
          "assignments": []
        }
      },
      "dutyCycle": "DuskTillDawn()"
    },
    {
      "parent": "/Far__x14_z15/Far__x14_z15_LFS/Far_IndustryBuildings/Industry_Iron",
      "hash": "3B0339F6093C3A0A0:3B0339F6093C3A0A0",
      "id": "WINDOWS_3:LIT",
      "properties": {
        "file": "meshes_decoration_lights.assetbundle",
        "mesh": "Industry_Iron_Windows3",
        "assignMaterials": {
          "hideSourcePrefab": true,
          "assignments": []
        }
      },
      "dutyCycle": "DuskTillDawn()"
    },
    {
      "parent": "/Far__x14_z15/Far__x14_z15_LFS/Far_IndustryBuildings/Industry_Iron",
      "hash": "3B0339F6093C3A0A0:3B0339F6093C3A0A0",
      "id": "WINDOWS_4:LIT",
      "properties": {
        "file": "meshes_decoration_lights.assetbundle",
        "mesh": "Industry_Iron_Windows4",
        "assignMaterials": {
          "hideSourcePrefab": true,
          "assignments": []
        }
      },
      "dutyCycle": "DuskTillDawn()"
    },
    {
      "parent": "/Far__x14_z15/Far__x14_z15_LFS/Far_IndustryBuildings/Utility_Medium",
      "hash": "3A7E11F6093BF1100:3A7E11F6093BF1100",
      "id": "WINDOWS_1:LIT",
      "properties": {
        "file": "meshes_decoration_lights.assetbundle",
        "mesh": "Utility_Medium_Windows1",
        "assignMaterials": {
          "hideSourcePrefab": true,
          "assignments": []
        }
      },
      "dutyCycle": "DuskTillDawn()"
    },
    {
      "parent": "/Far__x14_z15/Far__x14_z15_LFS/Far_IndustryBuildings/Utility_Medium",
      "hash": "3A7E11F6093BF1100:3A7E11F6093BF1100",
      "id": "WINDOWS_2:LIT",
      "properties": {
        "file": "meshes_decoration_lights.assetbundle",
        "mesh": "Utility_Medium_Windows2",
        "assignMaterials": {
          "hideSourcePrefab": true,
          "assignments": []
        }
      },
      "dutyCycle": "DuskTillDawn()"
    },
    {
      "parent": "/Far__x14_z15/Far__x14_z15_LFS/Far_IndustryBuildings/Utility_Medium",
      "hash": "3A7E11F6093BF1100:3A7E11F6093BF1100",
      "id": "WINDOWS_4:LIT",
      "properties": {
        "file": "meshes_decoration_lights.assetbundle",
        "mesh": "Utility_Medium_Windows4",
        "assignMaterials": {
          "hideSourcePrefab": true,
          "assignments": []
        }
      },
      "dutyCycle": "DuskTillDawn()"
    }
  ]
}