{
  "version": 92,
  "enabled": true,
  "lights": [
    {
      "parent": "/Far__x11_z11/Far__x11_z11_LFS/Far_Poles/ParkingLight/Colliders/Collider (2)#0",
      "position": "(0.005755961,0.465692371,-0.1999084)",
      "rotation": "(-0.197336227,0.75889504,-0.56002444,-0.2674124)",
      "hash": "2DB15781462DA6050:2DB13581412DA5440",
      "properties": {
        "type": "Point",
        "intensity": 1.0,
        "range": 20.0,
        "colour": "#DDEEFF",
        "corona": {
          "sprite": "corona_flare02.png",
          "scale": 1.0,
          "range": 100.0
        },
        "dutyCycle": "DuskTillDawn()"
      }
    },
    {
      "parent": "/Far__x11_z11/Far__x11_z11_LFS/Far_Poles/ParkingLight/Colliders/Collider (2)#1",
      "position": "(-0.0567523465,0.425768852,-0.191769272)",
      "rotation": "(0.00458259648,0.8369325,-0.5472421,0.007008459)",
      "hash": "2DB30881462DA6080:2DB32581402DA5470",
      "properties": {
        "type": "Point",
        "intensity": 1.0,
        "range": 20.0,
        "colour": "#DDEEFF",
        "corona": {
          "sprite": "corona_flare02.png",
          "scale": 1.0,
          "range": 100.0
        },
        "dutyCycle": "DuskTillDawn()"
      }
    },
    {
      "parent": "/Far__x11_z11/Far__x11_z11_LFS/Far_Poles/ParkingLight/Colliders/Collider (2)#2",
      "position": "(0.007441014,0.442940921,-0.20011346)",
      "rotation": "(0.563133538,0.253785282,-0.187098071,0.763850749)",
      "hash": "2DB30581462DA71C0:2DB32581402DA7400",
      "properties": {
        "type": "Point",
        "intensity": 1.0,
        "range": 20.0,
        "colour": "#DDEEFF",
        "corona": {
          "sprite": "corona_flare02.png",
          "scale": 1.0,
          "range": 100.0
        },
        "dutyCycle": "DuskTillDawn()"
      }
    },
    {
      "parent": "/Far__x11_z11/Far__x11_z11_LFS/Far_Poles/ParkingLight/Colliders/Collider (1)",
      "position": "(0.0370292664,0.414844483,-0.19652009)",
      "rotation": "(0.4438421,-0.51899153,0.3635386,0.633633733)",
      "hash": "2DB15481462DA7190:2DB13181402DA7360",
      "properties": {
        "type": "Point",
        "intensity": 1.0,
        "range": 20.0,
        "colour": "#DDEEFF",
        "corona": {
          "sprite": "corona_flare02.png",
          "scale": 1.0,
          "range": 100.0
        },
        "dutyCycle": "DuskTillDawn()"
      }
    },
    {
      "parent": "/Far__x11_z11/Far__x11_z11_LFS/Far_SilosCranes/Pumpjack (11)/collider/%GROUP%_Mesh018F46000A00BD3A",
      "position": "(0,7.1,-1.55)",
      "rotation": "(-0.7071068,0,0,0.7071068)",
      "hash": "2DCC4C7A072D7C290:2DCD5281112D7D360",
      "properties": {
        "type": "Point",
        "intensity": 1.0,
        "range": 20.0,
        "colour": "#FFB24D",
        "corona": {
          "sprite": "corona_orange01.png",
          "scale": 0.75,
          "range": 100.0
        },
        "dutyCycle": "DuskTillDawn()"
      }
    },
    {
      "parent": "/Far__x11_z11/Far__x11_z11_LFS/Far_SilosCranes/Pumpjack (11)/collider/%GROUP%_Mesh018C1C000A00A356",
      "position": "(0,7.1,-1.55)",
      "rotation": "(-0.7071068,0,0,0.7071068)",
      "hash": "2DB33C7A072D824C0:2DB44481112D81410",
      "properties": {
        "type": "Point",
        "intensity": 1.0,
        "range": 20.0,
        "colour": "#FFB24D",
        "corona": {
          "sprite": "corona_orange01.png",
          "scale": 0.75,
          "range": 100.0
        },
        "dutyCycle": "DuskTillDawn()"
      }
    },
    {
      "parent": "/Far__x11_z11/Far__x11_z11_LFS/Far_SilosCranes/Pumpjack (11)/collider/%GROUP%_Mesh016721000400945F",
      "position": "(0,7.1,-1.55)",
      "rotation": "(-0.7071068,0,0,0.7071068)",
      "hash": "2D98077A0D2D65600:2D991281172D64580",
      "properties": {
        "type": "Point",
        "intensity": 1.0,
        "range": 20.0,
        "colour": "#FFB24D",
        "corona": {
          "sprite": "corona_orange01.png",
          "scale": 0.75,
          "range": 100.0
        },
        "dutyCycle": "DuskTillDawn()"
      }
    },
    {
      "parent": "/Far__x11_z11/Far__x11_z11_LFS/Far_SilosCranes/Pumpjack (11)/collider/%GROUP%_Mesh0142110007008608",
      "position": "(0,7.1,-1.55)",
      "rotation": "(-0.7071068,0,0,0.7071068)",
      "hash": "2D7C327A1A2D485F0:2D7D3D81242D47570",
      "properties": {
        "type": "Point",
        "intensity": 1.0,
        "range": 20.0,
        "colour": "#FFB24D",
        "corona": {
          "sprite": "corona_orange01.png",
          "scale": 0.75,
          "range": 100.0
        },
        "dutyCycle": "DuskTillDawn()"
      }
    },
    {
      "parent": "/Far__x11_z11/Far__x11_z11_LFS/Far_SilosCranes/Pumpjack (11)/collider/%GROUP%_Mesh01321B0007006913",
      "position": "(0,7.1,-1.55)",
      "rotation": "(-0.7071068,0,0,0.7071068)",
      "hash": "2D5B4E7A1A2D44570:2D5B1981242D46210",
      "properties": {
        "type": "Point",
        "intensity": 1.0,
        "range": 20.0,
        "colour": "#FFB24D",
        "corona": {
          "sprite": "corona_orange01.png",
          "scale": 0.75,
          "range": 100.0
        },
        "dutyCycle": "DuskTillDawn()"
      }
    },
    {
      "parent": "/Far__x11_z11/Far__x11_z11_LFS/Far_SilosCranes/Pumpjack (11)/collider/%GROUP%_Mesh010F000004005A2F",
      "position": "(0,7.1,-1.55)",
      "rotation": "(-0.7071068,0,0,0.7071068)",
      "hash": "2D41047A172D29380:2D3F6081212D2A430",
      "properties": {
        "type": "Point",
        "intensity": 1.0,
        "range": 20.0,
        "colour": "#FFB24D",
        "corona": {
          "sprite": "corona_orange01.png",
          "scale": 0.75,
          "range": 100.0
        },
        "dutyCycle": "DuskTillDawn()"
      }
    },
    {
      "parent": "/Far__x11_z11/Far__x11_z11_LFS/Far_SilosCranes/Pumpjack (11)/collider/%GROUP%_Mesh00E9560001004B3F",
      "position": "(0,7.1,1.55)",
      "rotation": "(-0.7071068,0,0,0.7071068)",
      "hash": "2D25327A132D0C370:2D263D811D2D0B300",
      "properties": {
        "type": "Point",
        "intensity": 1.0,
        "range": 20.0,
        "colour": "#DDEEFF",
        "corona": {
          "sprite": "corona_flare02.png",
          "scale": 1.0,
          "range": 100.0
        },
        "dutyCycle": "DuskTillDawn()"
      }
    },
    {
      "parent": "/Far__x11_z11/Far__x11_z11_LFS/Far_SilosCranes/Pumpjack (11)/collider/%GROUP%_Mesh00E9560001004B3F",
      "position": "(0,7.1,-1.55)",
      "rotation": "(-0.7071068,0,0,0.7071068)",
      "hash": "2D25327A132D0C370:2D2426811D2D0D3F0",
      "properties": {
        "type": "Point",
        "intensity": 1.0,
        "range": 20.0,
        "colour": "#DDEEFF",
        "corona": {
          "sprite": "corona_flare02.png",
          "scale": 1.0,
          "range": 100.0
        },
        "dutyCycle": "DuskTillDawn()"
      }
    },
    {
      "parent": "/Far__x11_z11/Far__x11_z11_LFS/Far_SilosCranes/Pumpjack (11)/collider/%GROUP%_Mesh00D3250001004234",
      "position": "(0,7.1,1.55)",
      "rotation": "(-0.7071068,0,0,0.7071068)",
      "hash": "2D14487A132CFB040:2D1553811D2CF9600",
      "properties": {
        "type": "Point",
        "intensity": 1.0,
        "range": 20.0,
        "colour": "#DDEEFF",
        "corona": {
          "sprite": "corona_flare02.png",
          "scale": 1.0,
          "range": 100.0
        },
        "dutyCycle": "DuskTillDawn()"
      }
    },
    {
      "parent": "/Far__x11_z11/Far__x11_z11_LFS/Far_SilosCranes/Pumpjack (11)/collider/%GROUP%_Mesh00D3250001004234",
      "position": "(0,7.1,-1.55)",
      "rotation": "(-0.7071068,0,0,0.7071068)",
      "hash": "2D14487A132CFB040:2D133C811D2CFC0B0",
      "properties": {
        "type": "Point",
        "intensity": 1.0,
        "range": 20.0,
        "colour": "#DDEEFF",
        "corona": {
          "sprite": "corona_flare02.png",
          "scale": 1.0,
          "range": 100.0
        },
        "dutyCycle": "DuskTillDawn()"
      }
    },
    {
      "parent": "/Far__x11_z11/Far__x11_z11_LFS/Far_SilosCranes/Pumpjack (11)/collider/%GROUP%_Mesh00BA150001003E61",
      "position": "(0,7.1,-1.55)",
      "rotation": "(-0.7071068,0,0,0.7071068)",
      "hash": "2D08097A132CE4610:2D0662811D2CE6050",
      "properties": {
        "type": "Point",
        "intensity": 1.0,
        "range": 20.0,
        "colour": "#DDEEFF",
        "corona": {
          "sprite": "corona_flare02.png",
          "scale": 1.0,
          "range": 100.0
        },
        "dutyCycle": "DuskTillDawn()"
      }
    },
    {
      "parent": "/Far__x11_z11/Far__x11_z11_LFS/Far_SilosCranes/Pumpjack (11)/collider/%GROUP%_Mesh00A82E000100374D",
      "position": "(0,7.1,-1.55)",
      "rotation": "(-0.7071068,0,0,0.7071068)",
      "hash": "2CFA547A132CD70F0:2CF944811D2CD8130",
      "properties": {
        "type": "Point",
        "intensity": 1.0,
        "range": 20.0,
        "colour": "#DDEEFF",
        "corona": {
          "sprite": "corona_flare02.png",
          "scale": 1.0,
          "range": 100.0
        },
        "dutyCycle": "DuskTillDawn()"
      }
    },
    {
      "parent": "/Far__x11_z11/Far__x11_z11_LFS/Far_SilosCranes/Pumpjack (11)/collider/%GROUP%_Mesh0083540001002C28",
      "position": "(0,7.1,-1.55)",
      "rotation": "(-0.7071068,0,0,0.7071068)",
      "hash": "2CE2477A132CB9230:2CE113811D2CB9080",
      "properties": {
        "type": "Point",
        "intensity": 1.0,
        "range": 20.0,
        "colour": "#FFB24D",
        "corona": {
          "sprite": "corona_orange01.png",
          "scale": 0.75,
          "range": 100.0
        },
        "dutyCycle": "DuskTillDawn()"
      }
    },
    {
      "parent": "/Far__x11_z11/Far__x11_z11_LFS/Far_SilosCranes/Pumpjack (11)/collider/%GROUP%_Mesh0072070001004F0F",
      "position": "(0,7.1,-1.55)",
      "rotation": "(-0.7071068,0,0,0.7071068)",
      "hash": "2CFC297A132C9B610:2CFB21811D2C9A560",
      "properties": {
        "type": "Point",
        "intensity": 1.0,
        "range": 20.0,
        "colour": "#FFB24D",
        "corona": {
          "sprite": "corona_orange01.png",
          "scale": 0.75,
          "range": 100.0
        },
        "dutyCycle": "DuskTillDawn()"
      }
    },
    {
      "parent": "/Far__x11_z11/Far__x11_z11_LFS/Far_SilosCranes/Pumpjack (11)/collider/%GROUP%_Mesh00615B0004007337",
      "position": "(0,7.1,-1.55)",
      "rotation": "(-0.7071068,0,0,0.7071068)",
      "hash": "2D18187A172C7F300:2D165A81212C7E470",
      "properties": {
        "type": "Point",
        "intensity": 1.0,
        "range": 20.0,
        "colour": "#FFB24D",
        "corona": {
          "sprite": "corona_orange01.png",
          "scale": 0.75,
          "range": 100.0
        },
        "dutyCycle": "DuskTillDawn()"
      }
    },
    {
      "parent": "/Far__x11_z11/Far__x11_z11_LFS/Far_SilosCranes/Pumpjack (11)/collider/%GROUP%_Mesh003D080001007150",
      "position": "(0,7.1,-1.55)",
      "rotation": "(-0.7071068,0,0,0.7071068)",
      "hash": "2D08627A132C5D5C0:2D0759811D2C5F020",
      "properties": {
        "type": "Point",
        "intensity": 1.0,
        "range": 20.0,
        "colour": "#FFB24D",
        "corona": {
          "sprite": "corona_orange01.png",
          "scale": 0.75,
          "range": 100.0
        },
        "dutyCycle": "DuskTillDawn()"
      }
    },
    {
      "parent": "/Far__x11_z11/Far__x11_z11_LFS/Far_SilosCranes/Pumpjack (11)/collider/%GROUP%_Mesh00180B0001006300",
      "position": "(0,7.1,-1.55)",
      "rotation": "(-0.7071068,0,0,0.7071068)",
      "hash": "2CED367A132C41060:2CEC2D811D2C42100",
      "properties": {
        "type": "Point",
        "intensity": 1.0,
        "range": 20.0,
        "colour": "#FFB24D",
        "corona": {
          "sprite": "corona_orange01.png",
          "scale": 0.75,
          "range": 100.0
        },
        "dutyCycle": "DuskTillDawn()"
      }
    },
    {
      "parent": "/Far__x11_z11/Far__x11_z11_LFS/Far_SilosCranes/Pumpjack (11)/collider/%GROUP%_Mesh000D0A0001005361",
      "position": "(0,7.1,-1.55)",
      "rotation": "(-0.7071068,0,0,0.7071068)",
      "hash": "2CD1507A132C24050:2CD048811D2C25110",
      "properties": {
        "type": "Point",
        "intensity": 1.0,
        "range": 20.0,
        "colour": "#FFB24D",
        "corona": {
          "sprite": "corona_orange01.png",
          "scale": 0.75,
          "range": 100.0
        },
        "dutyCycle": "DuskTillDawn()"
      }
    },
    {
      "parent": "/Far__x11_z11/Far__x11_z11_LFS/Far_SilosCranes/Pumpjack (11)/collider/%GROUP%_Mesh00630D0001005C32",
      "position": "(0,7.1,1.55)",
      "rotation": "(-0.7071068,0,0,0.7071068)",
      "hash": "2D031C7A132C89100:2D0216811D2C88020",
      "properties": {
        "type": "Point",
        "intensity": 1.0,
        "range": 20.0,
        "colour": "#DDEEFF",
        "corona": {
          "sprite": "corona_flare02.png",
          "scale": 1.0,
          "range": 100.0
        },
        "dutyCycle": "DuskTillDawn()"
      }
    },
    {
      "parent": "/Far__x11_z11/Far__x11_z11_LFS/Far_SilosCranes/Pumpjack (11)/collider/%GROUP%_Mesh00630D0001005C32",
      "position": "(0,7.1,-1.55)",
      "rotation": "(-0.7071068,0,0,0.7071068)",
      "hash": "2D031C7A132C89100:2D0422811D2C8A1D0",
      "properties": {
        "type": "Point",
        "intensity": 1.0,
        "range": 20.0,
        "colour": "#DDEEFF",
        "corona": {
          "sprite": "corona_flare02.png",
          "scale": 1.0,
          "range": 100.0
        },
        "dutyCycle": "DuskTillDawn()"
      }
    }
  ],
  "meshes": [
    {
      "parent": "/Far__x11_z11/Far__x11_z11_LFS/Far_SilosCranes/Pumpjack (11)/collider",
      "position": "(-399.703369,-0.106559753,189.589066)",
      "rotation": "(0,0.9304176,0,-0.366501182)",
      "hash": "2C88407A122C4F200:2DCC4C7A072D7C290",
      "properties": {
        "file": "meshes_lampposts.assetbundle",
        "mesh": "LampPostSmall_Floor"
      }
    },
    {
      "parent": "/Far__x11_z11/Far__x11_z11_LFS/Far_SilosCranes/Pumpjack (11)/collider",
      "position": "(-396.28952,-0.106559753,163.86441)",
      "rotation": "(0,-0.374606729,0,0.9271838)",
      "hash": "2C88407A122C4F200:2DB33C7A072D824C0",
      "properties": {
        "file": "meshes_lampposts.assetbundle",
        "mesh": "LampPostSmall_Floor"
      }
    },
    {
      "parent": "/Far__x11_z11/Far__x11_z11_LFS/Far_SilosCranes/Pumpjack (11)/collider",
      "position": "(-359.3366,-0.0455245972,148.950577)",
      "rotation": "(0,-0.390731215,0,0.920504868)",
      "hash": "2C88407A122C4F200:2D98077A0D2D65600",
      "properties": {
        "file": "meshes_lampposts.assetbundle",
        "mesh": "LampPostSmall_Floor"
      }
    },
    {
      "parent": "/Far__x11_z11/Far__x11_z11_LFS/Far_SilosCranes/Pumpjack (11)/collider",
      "position": "(-322.177979,0.0765533447,134.0851)",
      "rotation": "(0,-0.390731215,0,0.920504868)",
      "hash": "2C88407A122C4F200:2D7C327A1A2D485F0",
      "properties": {
        "file": "meshes_lampposts.assetbundle",
        "mesh": "LampPostSmall_Floor"
      }
    },
    {
      "parent": "/Far__x11_z11/Far__x11_z11_LFS/Far_SilosCranes/Pumpjack (11)/collider",
      "position": "(-306.2764,0.0765533447,105.197182)",
      "rotation": "(0,0.9848078,0,0.173648253)",
      "hash": "2C88407A122C4F200:2D5B4E7A1A2D44570",
      "properties": {
        "file": "meshes_lampposts.assetbundle",
        "mesh": "LampPostSmall_Floor"
      }
    },
    {
      "parent": "/Far__x11_z11/Far__x11_z11_LFS/Far_SilosCranes/Pumpjack (11)/collider",
      "position": "(-271.002472,0.0460357666,90.4761)",
      "rotation": "(0,0.927183867,0,0.3746066)",
      "hash": "2C88407A122C4F200:2D41047A172D29380",
      "properties": {
        "file": "meshes_lampposts.assetbundle",
        "mesh": "LampPostSmall_Floor"
      }
    },
    {
      "parent": "/Far__x11_z11/Far__x11_z11_LFS/Far_SilosCranes/Pumpjack (11)/collider",
      "position": "(-233.86319,0.0155181885,75.63021)",
      "rotation": "(0,0.9205048,0,0.390731215)",
      "hash": "2C88407A122C4F200:2D25327A132D0C370",
      "properties": {
        "file": "meshes_lampposts.assetbundle",
        "mesh": "LampPostDouble_Floor"
      }
    },
    {
      "parent": "/Far__x11_z11/Far__x11_z11_LFS/Far_SilosCranes/Pumpjack (11)/collider",
      "position": "(-211.379074,0.0155181885,66.52866)",
      "rotation": "(0,0.9205048,0,0.390731215)",
      "hash": "2C88407A122C4F200:2D14487A132CFB040",
      "properties": {
        "file": "meshes_lampposts.assetbundle",
        "mesh": "LampPostDouble_Floor"
      }
    },
    {
      "parent": "/Far__x11_z11/Far__x11_z11_LFS/Far_SilosCranes/Pumpjack (11)/collider",
      "position": "(-186.2105,0.0155181885,62.97467)",
      "rotation": "(0,0.9205048,0,0.390731215)",
      "hash": "2C88407A122C4F200:2D08097A132CE4610",
      "properties": {
        "file": "meshes_lampposts.assetbundle",
        "mesh": "LampPostSmall_Floor"
      }
    },
    {
      "parent": "/Far__x11_z11/Far__x11_z11_LFS/Far_SilosCranes/Pumpjack (11)/collider",
      "position": "(-168.461548,0.0155181885,55.77755)",
      "rotation": "(0,0.9135455,0,0.4067366)",
      "hash": "2C88407A122C4F200:2CFA547A132CD70F0",
      "properties": {
        "file": "meshes_lampposts.assetbundle",
        "mesh": "LampPostSmall_Floor"
      }
    },
    {
      "parent": "/Far__x11_z11/Far__x11_z11_LFS/Far_SilosCranes/Pumpjack (11)/collider",
      "position": "(-131.847672,0.0155181885,44.40175)",
      "rotation": "(0,0.6427876,0,0.7660445)",
      "hash": "2C88407A122C4F200:2CE2477A132CB9230",
      "properties": {
        "file": "meshes_lampposts.assetbundle",
        "mesh": "LampPostSmall_Floor"
      }
    },
    {
      "parent": "/Far__x11_z11/Far__x11_z11_LFS/Far_SilosCranes/Pumpjack (11)/collider",
      "position": "(-114.073776,0.0155181885,79.15383)",
      "rotation": "(0,0.37460658,0,0.927183867)",
      "hash": "2C88407A122C4F200:2CFC297A132C9B610",
      "properties": {
        "file": "meshes_lampposts.assetbundle",
        "mesh": "LampPostSmall_Floor"
      }
    },
    {
      "parent": "/Far__x11_z11/Far__x11_z11_LFS/Far_SilosCranes/Pumpjack (11)/collider",
      "position": "(-97.9129257,0.0460357666,115.557838)",
      "rotation": "(0,0.49999997,0,0.8660254)",
      "hash": "2C88407A122C4F200:2D18187A172C7F300",
      "properties": {
        "file": "meshes_lampposts.assetbundle",
        "mesh": "LampPostSmall_Floor"
      }
    },
    {
      "parent": "/Far__x11_z11/Far__x11_z11_LFS/Far_SilosCranes/Pumpjack (11)/collider",
      "position": "(-61.08584,0.0155181885,113.808586)",
      "rotation": "(0,0.923879564,0,0.382683456)",
      "hash": "2C88407A122C4F200:2D08627A132C5D5C0",
      "properties": {
        "file": "meshes_lampposts.assetbundle",
        "mesh": "LampPostSmall_Floor"
      }
    },
    {
      "parent": "/Far__x11_z11/Far__x11_z11_LFS/Far_SilosCranes/Pumpjack (11)/collider",
      "position": "(-24.118784,0.0155181885,99.0044)",
      "rotation": "(0,0.923879564,0,0.382683456)",
      "hash": "2C88407A122C4F200:2CED367A132C41060",
      "properties": {
        "file": "meshes_lampposts.assetbundle",
        "mesh": "LampPostSmall_Floor"
      }
    },
    {
      "parent": "/Far__x11_z11/Far__x11_z11_LFS/Far_SilosCranes/Pumpjack (11)/collider",
      "position": "(13.1038532,0.0155181885,83.97306)",
      "rotation": "(0,0.927183867,0,0.3746066)",
      "hash": "2C88407A122C4F200:2CD1507A132C24050",
      "properties": {
        "file": "meshes_lampposts.assetbundle",
        "mesh": "LampPostSmall_Floor"
      }
    },
    {
      "parent": "/Far__x11_z11/Far__x11_z11_LFS/Far_SilosCranes/Pumpjack (11)/collider",
      "position": "(-99.13779,0.0155181885,92.5004)",
      "rotation": "(0,0.9304176,0,-0.366501182)",
      "hash": "2C88407A122C4F200:2D031C7A132C89100",
      "properties": {
        "file": "meshes_lampposts.assetbundle",
        "mesh": "LampPostDouble_Floor"
      }
    }
  ],
  "decorations": []
}