{
  "version": 92,
  "enabled": true,
  "lights": [],
  "meshes": [],
  "decorations": [
    {
      "parent": "/Far__x9_z13/Far__x9_z13_LFS/Far_CivilBuildings/House_12 (1)",
      "hash": "24C75C771F35853E0:24C75C771F35853E0",
      "id": "WINDOWS_1:LIT",
      "properties": {
        "file": "meshes_decoration_lights.assetbundle",
        "mesh": "house_12_Windows",
        "assignMaterials": {
          "hideSourcePrefab": true,
          "assignments": []
        }
      },
      "dutyCycle": "DuskTillDawn()"
    },
    {
      "parent": "/Far__x9_z13/Far__x9_z13_LFS/Far_CivilBuildings/House_13#1",
      "hash": "24DB35771F357E090:24DB35771F357E090",
      "id": "WINDOWS_1:LIT",
      "properties": {
        "file": "meshes_decoration_lights.assetbundle",
        "mesh": "house_13_Windows",
        "assignMaterials": {
          "hideSourcePrefab": true,
          "assignments": []
        }
      },
      "dutyCycle": "DuskTillDawn()"
    },
    {
      "parent": "/Far__x9_z13/Far__x9_z13_LFS/Far_CivilBuildings/House_08",
      "hash": "251427771F356D3D0:251427771F356D3D0",
      "id": "WINDOWS_1:LIT",
      "properties": {
        "file": "meshes_decoration_lights.assetbundle",
        "mesh": "house_08_Windows",
        "assignMaterials": {
          "hideSourcePrefab": true,
          "assignments": []
        }
      },
      "dutyCycle": "DuskTillDawn()"
    },
    {
      "parent": "/Far__x9_z13/Far__x9_z13_LFS/Far_CivilBuildings/House_15",
      "hash": "251D07771F357E3F0:251D07771F357E3F0",
      "id": "WINDOWS_1:LIT",
      "properties": {
        "file": "meshes_decoration_lights.assetbundle",
        "mesh": "house_15_Windows",
        "assignMaterials": {
          "hideSourcePrefab": true,
          "assignments": []
        }
      },
      "dutyCycle": "DuskTillDawn()"
    },
    {
      "parent": "/Far__x9_z13/Far__x9_z13_LFS/Far_CivilBuildings/House_12",
      "hash": "257C4F771F356C080:257C4F771F356C080",
      "id": "WINDOWS_1:LIT",
      "properties": {
        "file": "meshes_decoration_lights.assetbundle",
        "mesh": "house_12_Windows",
        "assignMaterials": {
          "hideSourcePrefab": true,
          "assignments": []
        }
      },
      "dutyCycle": "DuskTillDawn()"
    },
    {
      "parent": "/Far__x9_z13/Far__x9_z13_LFS/Far_CivilBuildings/House_11",
      "hash": "25814B771F35544A0:25814B771F35544A0",
      "id": "WINDOWS_1:LIT",
      "properties": {
        "file": "meshes_decoration_lights.assetbundle",
        "mesh": "house_11_Windows",
        "assignMaterials": {
          "hideSourcePrefab": true,
          "assignments": []
        }
      },
      "dutyCycle": "DuskTillDawn()"
    },
    {
      "parent": "/Far__x9_z13/Far__x9_z13_LFS/Far_CivilBuildings/House_13#0",
      "hash": "256600771F3509460:256600771F3509460",
      "id": "WINDOWS_1:LIT",
      "properties": {
        "file": "meshes_decoration_lights.assetbundle",
        "mesh": "house_13_Windows",
        "assignMaterials": {
          "hideSourcePrefab": true,
          "assignments": []
        }
      },
      "dutyCycle": "DuskTillDawn()"
    },
    {
      "parent": "/Far__x9_z13/Far__x9_z13_LFS/Far_CivilBuildings/House_11 (1)",
      "hash": "255309771F34A9060:255309771F34A9060",
      "id": "WINDOWS_1:LIT",
      "properties": {
        "file": "meshes_decoration_lights.assetbundle",
        "mesh": "house_11_Windows",
        "assignMaterials": {
          "hideSourcePrefab": true,
          "assignments": []
        }
      },
      "dutyCycle": "DuskTillDawn()"
    },
    {
      "parent": "/Far__x9_z13/Far__x9_z13_LFS/Far_CivilBuildings/House_08 (1)",
      "hash": "24E956771F33DA020:24E956771F33DA020",
      "id": "WINDOWS_1:LIT",
      "properties": {
        "file": "meshes_decoration_lights.assetbundle",
        "mesh": "house_08_Windows",
        "assignMaterials": {
          "hideSourcePrefab": true,
          "assignments": []
        }
      },
      "dutyCycle": "DuskTillDawn()"
    },
    {
      "parent": "/Far__x9_z13/Far__x9_z13_LFS/Far_CivilBuildings/House_15 (1)",
      "hash": "24D73A771F33AA290:24D73A771F33AA290",
      "id": "WINDOWS_1:LIT",
      "properties": {
        "file": "meshes_decoration_lights.assetbundle",
        "mesh": "house_15_Windows",
        "assignMaterials": {
          "hideSourcePrefab": true,
          "assignments": []
        }
      },
      "dutyCycle": "DuskTillDawn()"
    },
    {
      "parent": "/Far__x9_z13/Far__x9_z13_LFS/Far_CivilBuildings/House_10 (3)",
      "hash": "24EC05771F3399620:24EC05771F3399620",
      "id": "WINDOWS_1:LIT",
      "properties": {
        "file": "meshes_decoration_lights.assetbundle",
        "mesh": "house_10_Windows",
        "assignMaterials": {
          "hideSourcePrefab": true,
          "assignments": []
        }
      },
      "dutyCycle": "DuskTillDawn()"
    },
    {
      "parent": "/Far__x9_z13/Far__x9_z13_LFS/Far_CivilBuildings/House_13 (1)",
      "hash": "24E434771F3386260:24E434771F3386260",
      "id": "WINDOWS_1:LIT",
      "properties": {
        "file": "meshes_decoration_lights.assetbundle",
        "mesh": "house_13_Windows",
        "assignMaterials": {
          "hideSourcePrefab": true,
          "assignments": []
        }
      },
      "dutyCycle": "DuskTillDawn()"
    },
    {
      "parent": "/Far__x9_z13/Far__x9_z13_LFS/Far_CivilBuildings/House_10 (2)",
      "hash": "24C717771F33823F0:24C717771F33823F0",
      "id": "WINDOWS_1:LIT",
      "properties": {
        "file": "meshes_decoration_lights.assetbundle",
        "mesh": "house_10_Windows",
        "assignMaterials": {
          "hideSourcePrefab": true,
          "assignments": []
        }
      },
      "dutyCycle": "DuskTillDawn()"
    },
    {
      "parent": "/Far__x9_z13/Far__x9_z13_LFS/Far_CivilBuildings/House_12 (4)",
      "hash": "242D5D771F3395570:242D5D771F3395570",
      "id": "WINDOWS_1:LIT",
      "properties": {
        "file": "meshes_decoration_lights.assetbundle",
        "mesh": "house_12_Windows",
        "assignMaterials": {
          "hideSourcePrefab": true,
          "assignments": []
        }
      },
      "dutyCycle": "DuskTillDawn()"
    },
    {
      "parent": "/Far__x9_z13/Far__x9_z13_LFS/Far_CivilBuildings/House_10 (1)",
      "hash": "243D07771F33B7460:243D07771F33B7460",
      "id": "WINDOWS_1:LIT",
      "properties": {
        "file": "meshes_decoration_lights.assetbundle",
        "mesh": "house_10_Windows",
        "assignMaterials": {
          "hideSourcePrefab": true,
          "assignments": []
        }
      },
      "dutyCycle": "DuskTillDawn()"
    },
    {
      "parent": "/Far__x9_z13/Far__x9_z13_LFS/Far_CivilBuildings/House_01",
      "hash": "244442771F33D3540:244442771F33D3540",
      "id": "WINDOWS_1:LIT",
      "properties": {
        "file": "meshes_decoration_lights.assetbundle",
        "mesh": "house_01_Windows",
        "assignMaterials": {
          "hideSourcePrefab": true,
          "assignments": []
        }
      },
      "dutyCycle": "DuskTillDawn()"
    },
    {
      "parent": "/Far__x9_z13/Far__x9_z13_LFS/Far_CivilBuildings/House_10",
      "hash": "24393A771F3405090:24393A771F3405090",
      "id": "WINDOWS_1:LIT",
      "properties": {
        "file": "meshes_decoration_lights.assetbundle",
        "mesh": "house_10_Windows",
        "assignMaterials": {
          "hideSourcePrefab": true,
          "assignments": []
        }
      },
      "dutyCycle": "DuskTillDawn()"
    },
    {
      "parent": "/Far__x9_z13/Far__x9_z13_LFS/Far_CivilBuildings/House_12 (2)",
      "hash": "243206771F33F1310:243206771F33F1310",
      "id": "WINDOWS_1:LIT",
      "properties": {
        "file": "meshes_decoration_lights.assetbundle",
        "mesh": "house_12_Windows",
        "assignMaterials": {
          "hideSourcePrefab": true,
          "assignments": []
        }
      },
      "dutyCycle": "DuskTillDawn()"
    },
    {
      "parent": "/Far__x9_z13/Far__x9_z13_LFS/Far_CivilBuildings/House_12 (5)",
      "hash": "240651771F3383450:240651771F3383450",
      "id": "WINDOWS_1:LIT",
      "properties": {
        "file": "meshes_decoration_lights.assetbundle",
        "mesh": "house_12_Windows",
        "assignMaterials": {
          "hideSourcePrefab": true,
          "assignments": []
        }
      },
      "dutyCycle": "DuskTillDawn()"
    },
    {
      "parent": "/Far__x9_z13/Far__x9_z13_LFS/Far_CivilBuildings/House_13 (3)",
      "hash": "245912771F3511150:245912771F3511150",
      "id": "WINDOWS_1:LIT",
      "properties": {
        "file": "meshes_decoration_lights.assetbundle",
        "mesh": "house_13_Windows",
        "assignMaterials": {
          "hideSourcePrefab": true,
          "assignments": []
        }
      },
      "dutyCycle": "DuskTillDawn()"
    },
    {
      "parent": "/Far__x9_z13/Far__x9_z13_LFS/Far_CivilBuildings/House_16",
      "hash": "256017771F3540290:256017771F3540290",
      "id": "WINDOWS_1:LIT",
      "properties": {
        "file": "meshes_decoration_lights.assetbundle",
        "mesh": "house_16_Windows",
        "assignMaterials": {
          "hideSourcePrefab": true,
          "assignments": []
        }
      },
      "dutyCycle": "DuskTillDawn()"
    },
    {
      "parent": "/Far__x9_z13/Far__x9_z13_LFS/Far_CivilBuildings/House_16 (2)",
      "hash": "255906771F352D4A0:255906771F352D4A0",
      "id": "WINDOWS_1:LIT",
      "properties": {
        "file": "meshes_decoration_lights.assetbundle",
        "mesh": "house_16_Windows",
        "assignMaterials": {
          "hideSourcePrefab": true,
          "assignments": []
        }
      },
      "dutyCycle": "DuskTillDawn()"
    },
    {
      "parent": "/Far__x9_z13/Far__x9_z13_LFS/Far_CivilBuildings/House_14",
      "hash": "241055771F343F3A0:241055771F343F3A0",
      "id": "WINDOWS_1:LIT",
      "properties": {
        "file": "meshes_decoration_lights.assetbundle",
        "mesh": "house_14_Windows",
        "assignMaterials": {
          "hideSourcePrefab": true,
          "assignments": []
        }
      },
      "dutyCycle": "DuskTillDawn()"
    }
  ]
}