{
  "version": 92,
  "enabled": true,
  "lights": [
    {
      "parent": "/Far__x9_z13/Far__x9_z13_LFS/Far_IndustryBuildings/FakeOffice_1/collider",
      "position": "(5.94514132,3.43460846,-6.016502)",
      "rotation": "(-0.7071068,0,0,0.7071068)",
      "hash": "24B73D751A3468330:24B416784634701A0",
      "properties": {
        "type": "Point",
        "intensity": 0.6,
        "range": 5.0,
        "colour": "#FFE5B2",
        "corona": null,
        "dutyCycle": "DuskTillDawn()"
      }
    },
    {
      "parent": "/Far__x9_z13/Far__x9_z13_LFS/Far_IndustryBuildings/FakeOffice_1/collider",
      "position": "(6.02073669,3.421402,-0.09050684)",
      "rotation": "(-0.7071068,0,0,0.7071068)",
      "hash": "24B73D751A3468330:24B2027844346A4C0",
      "properties": {
        "type": "Point",
        "intensity": 0.6,
        "range": 5.0,
        "colour": "#FFE5B2",
        "corona": null,
        "dutyCycle": "DuskTillDawn()"
      }
    },
    {
      "parent": "/Far__x9_z13/Far__x9_z13_LFS/Far_IndustryBuildings/FakeOffice_1/collider",
      "position": "(6.22132444,3.46604919,5.94312763)",
      "rotation": "(-0.7071068,0,0,0.7071068)",
      "hash": "24B73D751A3468330:24AF4378493465140",
      "properties": {
        "type": "Point",
        "intensity": 0.6,
        "range": 5.0,
        "colour": "#FFE5B2",
        "corona": null,
        "dutyCycle": "DuskTillDawn()"
      }
    }
  ],
  "meshes": [],
  "decorations": [
    {
      "parent": "/Far__x9_z13/Far__x9_z13_LFS/Far_IndustryBuildings/Factory_FlatLarge",
      "hash": "244705751A345E220:244705751A345E220",
      "id": "WINDOWS_1:LIT",
      "properties": {
        "file": "meshes_decoration_lights.assetbundle",
        "mesh": "Factory_FlatLarge_Windows1",
        "assignMaterials": {
          "hideSourcePrefab": true,
          "assignments": []
        }
      },
      "dutyCycle": "DuskTillDawn()"
    },
    {
      "parent": "/Far__x9_z13/Far__x9_z13_LFS/Far_IndustryBuildings/Factory_FlatLarge",
      "hash": "244705751A345E220:244705751A345E220",
      "id": "WINDOWS_5:LIT",
      "properties": {
        "file": "meshes_decoration_lights.assetbundle",
        "mesh": "Factory_FlatLarge_Windows5",
        "assignMaterials": {
          "hideSourcePrefab": true,
          "assignments": []
        }
      },
      "dutyCycle": "DuskTillDawn()"
    },
    {
      "parent": "/Far__x9_z13/Far__x9_z13_LFS/Far_IndustryBuildings/Factory_FlatLarge",
      "hash": "244705751A345E220:244705751A345E220",
      "id": "WINDOWS_3:LIT",
      "properties": {
        "file": "meshes_decoration_lights.assetbundle",
        "mesh": "Factory_FlatLarge_Windows3",
        "assignMaterials": {
          "hideSourcePrefab": true,
          "assignments": []
        }
      },
      "dutyCycle": "DuskTillDawn()"
    },
    {
      "parent": "/Far__x9_z13/Far__x9_z13_LFS/Far_IndustryBuildings/Factory_FlatLarge",
      "hash": "244705751A345E220:244705751A345E220",
      "id": "WINDOWS_2:LIT",
      "properties": {
        "file": "meshes_decoration_lights.assetbundle",
        "mesh": "Factory_FlatLarge_Windows2",
        "assignMaterials": {
          "hideSourcePrefab": true,
          "assignments": []
        }
      },
      "dutyCycle": "DuskTillDawn()"
    },
    {
      "parent": "/Far__x9_z13/Far__x9_z13_LFS/Far_IndustryBuildings/Factory_FlatLShaped",
      "hash": "246C0B751A34C02B0:246C0B751A34C02B0",
      "id": "WINDOWS_1:LIT",
      "properties": {
        "file": "meshes_decoration_lights.assetbundle",
        "mesh": "Factory_FlatL_Windows1",
        "assignMaterials": {
          "hideSourcePrefab": true,
          "assignments": []
        }
      },
      "dutyCycle": "DuskTillDawn()"
    },
    {
      "parent": "/Far__x9_z13/Far__x9_z13_LFS/Far_IndustryBuildings/Factory_FlatLShaped",
      "hash": "246C0B751A34C02B0:246C0B751A34C02B0",
      "id": "WINDOWS_4:LIT",
      "properties": {
        "file": "meshes_decoration_lights.assetbundle",
        "mesh": "Factory_FlatL_Windows4",
        "assignMaterials": {
          "hideSourcePrefab": true,
          "assignments": []
        }
      },
      "dutyCycle": "DuskTillDawn()"
    },
    {
      "parent": "/Far__x9_z13/Far__x9_z13_LFS/Far_IndustryBuildings/Factory_FlatLShaped",
      "hash": "246C0B751A34C02B0:246C0B751A34C02B0",
      "id": "WINDOWS_5:LIT",
      "properties": {
        "file": "meshes_decoration_lights.assetbundle",
        "mesh": "Factory_FlatL_Windows5",
        "assignMaterials": {
          "hideSourcePrefab": true,
          "assignments": []
        }
      },
      "dutyCycle": "DuskTillDawn()"
    },
    {
      "parent": "/Far__x9_z13/Far__x9_z13_LFS/Far_IndustryBuildings/Factory_Food",
      "hash": "248B17751A3517030:248B17751A3517030",
      "id": "WINDOWS_1:LIT",
      "properties": {
        "file": "meshes_decoration_lights.assetbundle",
        "mesh": "Factory_Food_Windows1",
        "assignMaterials": {
          "hideSourcePrefab": true,
          "assignments": []
        }
      },
      "dutyCycle": "DuskTillDawn()"
    },
    {
      "parent": "/Far__x9_z13/Far__x9_z13_LFS/Far_IndustryBuildings/Factory_Food",
      "hash": "248B17751A3517030:248B17751A3517030",
      "id": "WINDOWS_3:LIT",
      "properties": {
        "file": "meshes_decoration_lights.assetbundle",
        "mesh": "Factory_Food_Windows3",
        "assignMaterials": {
          "hideSourcePrefab": true,
          "assignments": []
        }
      },
      "dutyCycle": "DuskTillDawn()"
    },
    {
      "parent": "/Far__x9_z13/Far__x9_z13_LFS/Far_IndustryBuildings/Factory_Food",
      "hash": "248B17751A3517030:248B17751A3517030",
      "id": "WINDOWS_5:LIT",
      "properties": {
        "file": "meshes_decoration_lights.assetbundle",
        "mesh": "Factory_Food_Windows5",
        "assignMaterials": {
          "hideSourcePrefab": true,
          "assignments": []
        }
      },
      "dutyCycle": "DuskTillDawn()"
    },
    {
      "parent": "/Far__x9_z13/Far__x9_z13_LFS/Far_IndustryBuildings/Warehouse_MediumFlat",
      "hash": "249F4B751A35385D0:249F4B751A35385D0",
      "id": "WINDOWS_1:LIT",
      "properties": {
        "file": "meshes_decoration_lights.assetbundle",
        "mesh": "Warehouse_MediumFlat_Windows1",
        "assignMaterials": {
          "hideSourcePrefab": true,
          "assignments": []
        }
      },
      "dutyCycle": "DuskTillDawn()"
    },
    {
      "parent": "/Far__x9_z13/Far__x9_z13_LFS/Far_IndustryBuildings/Warehouse_MediumFlat",
      "hash": "249F4B751A35385D0:249F4B751A35385D0",
      "id": "WINDOWS_4:LIT",
      "properties": {
        "file": "meshes_decoration_lights.assetbundle",
        "mesh": "Warehouse_MediumFlat_Windows4",
        "assignMaterials": {
          "hideSourcePrefab": true,
          "assignments": []
        }
      },
      "dutyCycle": "DuskTillDawn()"
    },
    {
      "parent": "/Far__x9_z13/Far__x9_z13_LFS/Far_IndustryBuildings/Warehouse_MediumFlat (1)",
      "hash": "24B01F751A3553400:24B01F751A3553400",
      "id": "WINDOWS_2:LIT",
      "properties": {
        "file": "meshes_decoration_lights.assetbundle",
        "mesh": "Warehouse_MediumFlat_Windows2",
        "assignMaterials": {
          "hideSourcePrefab": true,
          "assignments": []
        }
      },
      "dutyCycle": "DuskTillDawn()"
    },
    {
      "parent": "/Far__x9_z13/Far__x9_z13_LFS/Far_IndustryBuildings/Warehouse_MediumFlat (1)",
      "hash": "24B01F751A3553400:24B01F751A3553400",
      "id": "WINDOWS_3:LIT",
      "properties": {
        "file": "meshes_decoration_lights.assetbundle",
        "mesh": "Warehouse_MediumFlat_Windows3",
        "assignMaterials": {
          "hideSourcePrefab": true,
          "assignments": []
        }
      },
      "dutyCycle": "DuskTillDawn()"
    },
    {
      "parent": "/Far__x9_z13/Far__x9_z13_LFS/Far_IndustryBuildings/Warehouse_MediumFlat (1)",
      "hash": "24B01F751A3553400:24B01F751A3553400",
      "id": "WINDOWS_5:LIT",
      "properties": {
        "file": "meshes_decoration_lights.assetbundle",
        "mesh": "Warehouse_MediumFlat_Windows5",
        "assignMaterials": {
          "hideSourcePrefab": true,
          "assignments": []
        }
      },
      "dutyCycle": "DuskTillDawn()"
    },
    {
      "parent": "/Far__x9_z13/Far__x9_z13_LFS/Far_IndustryBuildings/Warehouse_Truck (1)",
      "hash": "24C004751A34C1280:24C004751A34C1280",
      "id": "WINDOWS_1:LIT",
      "properties": {
        "file": "meshes_decoration_lights.assetbundle",
        "mesh": "Warehouse_Truck_Windows1",
        "assignMaterials": {
          "hideSourcePrefab": true,
          "assignments": []
        }
      },
      "dutyCycle": "DuskTillDawn()"
    },
    {
      "parent": "/Far__x9_z13/Far__x9_z13_LFS/Far_IndustryBuildings/Warehouse_Truck (1)",
      "hash": "24C004751A34C1280:24C004751A34C1280",
      "id": "WINDOWS_2:LIT",
      "properties": {
        "file": "meshes_decoration_lights.assetbundle",
        "mesh": "Warehouse_Truck_Windows2",
        "assignMaterials": {
          "hideSourcePrefab": true,
          "assignments": []
        }
      },
      "dutyCycle": "DuskTillDawn()"
    },
    {
      "parent": "/Far__x9_z13/Far__x9_z13_LFS/Far_IndustryBuildings/Warehouse_Truck",
      "hash": "24A90A751A3485420:24A90A751A3485420",
      "id": "WINDOWS_5:LIT",
      "properties": {
        "file": "meshes_decoration_lights.assetbundle",
        "mesh": "Warehouse_Truck_Windows5",
        "assignMaterials": {
          "hideSourcePrefab": true,
          "assignments": []
        }
      },
      "dutyCycle": "DuskTillDawn()"
    },
    {
      "parent": "/Far__x9_z13/Far__x9_z13_LFS/Far_IndustryBuildings/Warehouse_Truck",
      "hash": "24A90A751A3485420:24A90A751A3485420",
      "id": "WINDOWS_3:LIT",
      "properties": {
        "file": "meshes_decoration_lights.assetbundle",
        "mesh": "Warehouse_Truck_Windows3",
        "assignMaterials": {
          "hideSourcePrefab": true,
          "assignments": []
        }
      },
      "dutyCycle": "DuskTillDawn()"
    },
    {
      "parent": "/Far__x9_z13/Far__x9_z13_LFS/Far_IndustryBuildings/Warehouse_Truck",
      "hash": "24A90A751A3485420:24A90A751A3485420",
      "id": "WINDOWS_2:LIT",
      "properties": {
        "file": "meshes_decoration_lights.assetbundle",
        "mesh": "Warehouse_Truck_Windows2",
        "assignMaterials": {
          "hideSourcePrefab": true,
          "assignments": []
        }
      },
      "dutyCycle": "DuskTillDawn()"
    },
    {
      "parent": "/Far__x9_z13/Far__x9_z13_LFS/Far_IndustryBuildings/FakeOffice_1",
      "hash": "24B73D751A3468330:24B73D751A3468330",
      "id": "WINDOWS_1:LIT",
      "properties": {
        "file": "meshes_decoration_lights.assetbundle",
        "mesh": "FakeOffice_1_Windows1",
        "assignMaterials": {
          "hideSourcePrefab": true,
          "assignments": []
        }
      },
      "dutyCycle": "DuskTillDawn()"
    },
    {
      "parent": "/Far__x9_z13/Far__x9_z13_LFS/Far_IndustryBuildings/FakeOffice_1",
      "hash": "24B73D751A3468330:24B73D751A3468330",
      "id": "WINDOWS_5:LIT",
      "properties": {
        "file": "meshes_decoration_lights.assetbundle",
        "mesh": "FakeOffice_1_Windows5",
        "assignMaterials": {
          "hideSourcePrefab": true,
          "assignments": []
        }
      },
      "dutyCycle": "DuskTillDawn()"
    },
    {
      "parent": "/Far__x9_z13/Far__x9_z13_LFS/Far_IndustryBuildings/FakeOffice_1",
      "hash": "24B73D751A3468330:24B73D751A3468330",
      "id": "WINDOWS_3:LIT",
      "properties": {
        "file": "meshes_decoration_lights.assetbundle",
        "mesh": "FakeOffice_1_Windows3",
        "assignMaterials": {
          "hideSourcePrefab": true,
          "assignments": []
        }
      },
      "dutyCycle": "DuskTillDawn()"
    },
    {
      "parent": "/Far__x9_z13/Far__x9_z13_LFS/Far_IndustryBuildings/FakeOffice_1",
      "hash": "24B73D751A3468330:24B73D751A3468330",
      "id": "WINDOWS_2:LIT",
      "properties": {
        "file": "meshes_decoration_lights.assetbundle",
        "mesh": "FakeOffice_1_Windows2",
        "assignMaterials": {
          "hideSourcePrefab": true,
          "assignments": []
        }
      },
      "dutyCycle": "DuskTillDawn()"
    },
    {
      "parent": "/Far__x9_z13/Far__x9_z13_LFS/Far_IndustryBuildings/FakeOffice_6",
      "hash": "24E541751A34E3100:24E541751A34E3100",
      "id": "WINDOWS_1:LIT",
      "properties": {
        "file": "meshes_decoration_lights.assetbundle",
        "mesh": "FakeOffice_6_Windows1",
        "assignMaterials": {
          "hideSourcePrefab": true,
          "assignments": []
        }
      },
      "dutyCycle": "DuskTillDawn()"
    },
    {
      "parent": "/Far__x9_z13/Far__x9_z13_LFS/Far_IndustryBuildings/FakeOffice_7",
      "hash": "24CE36751A3564160:24CE36751A3564160",
      "id": "WINDOWS_1:LIT",
      "properties": {
        "file": "meshes_decoration_lights.assetbundle",
        "mesh": "FakeOffice_7_Windows1",
        "assignMaterials": {
          "hideSourcePrefab": true,
          "assignments": []
        }
      },
      "dutyCycle": "DuskTillDawn()"
    },
    {
      "parent": "/Far__x9_z13/Far__x9_z13_LFS/Far_IndustryBuildings/FakeOffice_1 (1)/FakeOffice_4",
      "hash": "25352F751A345E4A0:25352F751A345E4A0",
      "id": "WINDOWS_1:LIT",
      "properties": {
        "file": "meshes_decoration_lights.assetbundle",
        "mesh": "FakeOffice_4_Windows1",
        "assignMaterials": {
          "hideSourcePrefab": true,
          "assignments": []
        }
      },
      "dutyCycle": "DuskTillDawn()"
    },
    {
      "parent": "/Far__x9_z13/Far__x9_z13_LFS/Far_IndustryBuildings/FakeOffice_1 (1)",
      "hash": "25215F751A3460580:25215F751A3460580",
      "id": "WINDOWS_4:LIT",
      "properties": {
        "file": "meshes_decoration_lights.assetbundle",
        "mesh": "FakeOffice_1_Windows4",
        "assignMaterials": {
          "hideSourcePrefab": true,
          "assignments": []
        }
      },
      "dutyCycle": "DuskTillDawn()"
    },
    {
      "parent": "/Far__x9_z13/Far__x9_z13_LFS/Far_IndustryBuildings/FakeOffice_1 (1)",
      "hash": "25215F751A3460580:25215F751A3460580",
      "id": "WINDOWS_2:LIT",
      "properties": {
        "file": "meshes_decoration_lights.assetbundle",
        "mesh": "FakeOffice_1_Windows2",
        "assignMaterials": {
          "hideSourcePrefab": true,
          "assignments": []
        }
      },
      "dutyCycle": "DuskTillDawn()"
    }
  ]
}