{
  "version": 92,
  "enabled": true,
  "lights": [
    {
      "parent": "/Far__x9_z13/Far__x9_z13_LFS/Far_Roads/Flat_40x40 (2)/Collider",
      "position": "(3.27112579,3.28900146,-14.59082)",
      "rotation": "(0.341824085,0.6564773,-0.5037341,0.445472658)",
      "hash": "24FE3C771F3521230:25004E7A3C35300E0",
      "properties": {
        "type": "Point",
        "intensity": 0.6,
        "range": 15.0,
        "colour": "#DDFFDD",
        "corona": {
          "sprite": "corona_flare02.png",
          "scale": 1.1,
          "range": 100.0
        },
        "dutyCycle": "DuskTillDawn()"
      }
    },
    {
      "parent": "/Far__x9_z13/Far__x9_z13_LFS/Far_Roads/Flat_40x40 (2)/Collider",
      "position": "(3.309227,3.29123688,-10.5936279)",
      "rotation": "(0.341822743,0.6564785,-0.5037345,0.445471317)",
      "hash": "24FE3C771F3521230:24FF1F7A3D352C2A0",
      "properties": {
        "type": "Point",
        "intensity": 0.6,
        "range": 15.0,
        "colour": "#DDFFDD",
        "corona": {
          "sprite": "corona_flare02.png",
          "scale": 1.1,
          "range": 100.0
        },
        "dutyCycle": "DuskTillDawn()"
      }
    }
  ],
  "meshes": [],
  "decorations": []
}