{
  "version": 92,
  "enabled": true,
  "lights": [],
  "meshes": [],
  "decorations": [
    {
      "parent": "/Far__x9_z13/Far__x9_z13_LFS/Far_RussianBuildings/rus_build_9et_03a",
      "hash": "25A71A766335B33C0:25A71A766335B33C0",
      "id": "WINDOWS_1:LIT",
      "properties": {
        "file": "meshes_decoration_lights.assetbundle",
        "mesh": "rus_build_08_09_10_Windows",
        "assignMaterials": {
          "hideSourcePrefab": true,
          "assignments": [
            {
              "renderer": "Regroup13",
              "fromIndex": 0
            }
          ],
          "randomAlpha": 0.7
        }
      },
      "dutyCycle": "DuskTillDawn()"
    },
    {
      "parent": "/Far__x9_z13/Far__x9_z13_LFS/Far_RussianBuildings/rus_build_9et_03a",
      "hash": "25A71A766335B33C0:25A71A766335B33C0",
      "id": "WINDOWS_3:LIT",
      "properties": {
        "file": "meshes_decoration_lights.assetbundle",
        "mesh": "rus_build_08_09_10_Windows",
        "assignMaterials": {
          "hideSourcePrefab": true,
          "assignments": [
            {
              "renderer": "Regroup13",
              "fromIndex": 2
            }
          ],
          "randomAlpha": 0.7
        }
      },
      "dutyCycle": "DuskTillDawn()"
    },
    {
      "parent": "/Far__x9_z13/Far__x9_z13_LFS/Far_RussianBuildings/rus_build_9et_03a (1)",
      "hash": "25993F766335900D0:25993F766335900D0",
      "id": "WINDOWS_2:LIT",
      "properties": {
        "file": "meshes_decoration_lights.assetbundle",
        "mesh": "rus_build_08_09_10_Windows",
        "assignMaterials": {
          "hideSourcePrefab": true,
          "assignments": [
            {
              "renderer": "Regroup13",
              "fromIndex": 1
            }
          ],
          "randomAlpha": 0.7
        }
      },
      "dutyCycle": "DuskTillDawn()"
    },
    {
      "parent": "/Far__x9_z13/Far__x9_z13_LFS/Far_RussianBuildings/rus_build_9et_03a (1)",
      "hash": "25993F766335900D0:25993F766335900D0",
      "id": "WINDOWS_5:LIT",
      "properties": {
        "file": "meshes_decoration_lights.assetbundle",
        "mesh": "rus_build_08_09_10_Windows",
        "assignMaterials": {
          "hideSourcePrefab": true,
          "assignments": [
            {
              "renderer": "Regroup13",
              "fromIndex": 4
            }
          ],
          "randomAlpha": 0.7
        }
      },
      "dutyCycle": "DuskTillDawn()"
    },
    {
      "parent": "/Far__x9_z13/Far__x9_z13_LFS/Far_RussianBuildings/rus_build_4et_01a",
      "hash": "2573307713352A020:2573307713352A020",
      "id": "WINDOWS_1:LIT",
      "properties": {
        "file": "meshes_decoration_lights.assetbundle",
        "mesh": "rus_build_06_07_12_13_Windows",
        "assignMaterials": {
          "hideSourcePrefab": true,
          "assignments": [
            {
              "renderer": "Regroup13",
              "fromIndex": 0
            }
          ],
          "randomAlpha": 0.7
        }
      },
      "dutyCycle": "DuskTillDawn()"
    },
    {
      "parent": "/Far__x9_z13/Far__x9_z13_LFS/Far_RussianBuildings/rus_build_4et_01a",
      "hash": "2573307713352A020:2573307713352A020",
      "id": "WINDOWS_2:LIT",
      "properties": {
        "file": "meshes_decoration_lights.assetbundle",
        "mesh": "rus_build_06_07_12_13_Windows",
        "assignMaterials": {
          "hideSourcePrefab": true,
          "assignments": [
            {
              "renderer": "Regroup13",
              "fromIndex": 1
            }
          ],
          "randomAlpha": 0.7
        }
      },
      "dutyCycle": "DuskTillDawn()"
    },
    {
      "parent": "/Far__x9_z13/Far__x9_z13_LFS/Far_RussianBuildings/rus_build_4et_01a (1)",
      "hash": "253C53766334B4520:253C53766334B4520",
      "id": "WINDOWS_1:LIT",
      "properties": {
        "file": "meshes_decoration_lights.assetbundle",
        "mesh": "rus_build_06_07_12_13_Windows",
        "assignMaterials": {
          "hideSourcePrefab": true,
          "assignments": [
            {
              "renderer": "Regroup13",
              "fromIndex": 0
            }
          ],
          "randomAlpha": 0.7
        }
      },
      "dutyCycle": "DuskTillDawn()"
    },
    {
      "parent": "/Far__x9_z13/Far__x9_z13_LFS/Far_RussianBuildings/rus_build_4et_01a (1)",
      "hash": "253C53766334B4520:253C53766334B4520",
      "id": "WINDOWS_2:LIT",
      "properties": {
        "file": "meshes_decoration_lights.assetbundle",
        "mesh": "rus_build_06_07_12_13_Windows",
        "assignMaterials": {
          "hideSourcePrefab": true,
          "assignments": [
            {
              "renderer": "Regroup13",
              "fromIndex": 1
            }
          ],
          "randomAlpha": 0.7
        }
      },
      "dutyCycle": "DuskTillDawn()"
    },
    {
      "parent": "/Far__x9_z13/Far__x9_z13_LFS/Far_RussianBuildings/rus_build_4et_01a (2)",
      "hash": "25283E7663341F2C0:25283E7663341F2C0",
      "id": "WINDOWS_1:LIT",
      "properties": {
        "file": "meshes_decoration_lights.assetbundle",
        "mesh": "rus_build_06_07_12_13_Windows",
        "assignMaterials": {
          "hideSourcePrefab": true,
          "assignments": [
            {
              "renderer": "Regroup13",
              "fromIndex": 0
            }
          ],
          "randomAlpha": 0.7
        }
      },
      "dutyCycle": "DuskTillDawn()"
    },
    {
      "parent": "/Far__x9_z13/Far__x9_z13_LFS/Far_RussianBuildings/rus_build_4et_01a (2)",
      "hash": "25283E7663341F2C0:25283E7663341F2C0",
      "id": "WINDOWS_2:LIT",
      "properties": {
        "file": "meshes_decoration_lights.assetbundle",
        "mesh": "rus_build_06_07_12_13_Windows",
        "assignMaterials": {
          "hideSourcePrefab": true,
          "assignments": [
            {
              "renderer": "Regroup13",
              "fromIndex": 1
            }
          ],
          "randomAlpha": 0.7
        }
      },
      "dutyCycle": "DuskTillDawn()"
    },
    {
      "parent": "/Far__x9_z13/Far__x9_z13_LFS/Far_RussianBuildings/rus_build_4et_01a (2)",
      "hash": "25283E7663341F2C0:25283E7663341F2C0",
      "id": "WINDOWS_3:LIT",
      "properties": {
        "file": "meshes_decoration_lights.assetbundle",
        "mesh": "rus_build_06_07_12_13_Windows",
        "assignMaterials": {
          "hideSourcePrefab": true,
          "assignments": [
            {
              "renderer": "Regroup13",
              "fromIndex": 2
            }
          ],
          "randomAlpha": 0.7
        }
      },
      "dutyCycle": "DuskTillDawn()"
    },
    {
      "parent": "/Far__x9_z13/Far__x9_z13_LFS/Far_RussianBuildings/rus_build_4et_01#0",
      "hash": "251706766333F0380:251706766333F0380",
      "id": "WINDOWS_2:LIT",
      "properties": {
        "file": "meshes_decoration_lights.assetbundle",
        "mesh": "rus_build_06_07_12_13_Windows",
        "assignMaterials": {
          "hideSourcePrefab": true,
          "assignments": [
            {
              "renderer": "Regroup13",
              "fromIndex": 1
            }
          ],
          "randomAlpha": 0.7
        }
      },
      "dutyCycle": "DuskTillDawn()"
    },
    {
      "parent": "/Far__x9_z13/Far__x9_z13_LFS/Far_RussianBuildings/rus_build_4et_01#0",
      "hash": "251706766333F0380:251706766333F0380",
      "id": "WINDOWS_4:LIT",
      "properties": {
        "file": "meshes_decoration_lights.assetbundle",
        "mesh": "rus_build_06_07_12_13_Windows",
        "assignMaterials": {
          "hideSourcePrefab": true,
          "assignments": [
            {
              "renderer": "Regroup13",
              "fromIndex": 3
            }
          ],
          "randomAlpha": 0.7
        }
      },
      "dutyCycle": "DuskTillDawn()"
    },
    {
      "parent": "/Far__x9_z13/Far__x9_z13_LFS/Far_RussianBuildings/rus_build_4et_01#0",
      "hash": "251706766333F0380:251706766333F0380",
      "id": "WINDOWS_3:LIT",
      "properties": {
        "file": "meshes_decoration_lights.assetbundle",
        "mesh": "rus_build_06_07_12_13_Windows",
        "assignMaterials": {
          "hideSourcePrefab": true,
          "assignments": [
            {
              "renderer": "Regroup13",
              "fromIndex": 2
            }
          ],
          "randomAlpha": 0.7
        }
      },
      "dutyCycle": "DuskTillDawn()"
    },
    {
      "parent": "/Far__x9_z13/Far__x9_z13_LFS/Far_RussianBuildings/rus_build_4et_01#1",
      "hash": "25042A766333C0020:25042A766333C0020",
      "id": "WINDOWS_1:LIT",
      "properties": {
        "file": "meshes_decoration_lights.assetbundle",
        "mesh": "rus_build_06_07_12_13_Windows",
        "assignMaterials": {
          "hideSourcePrefab": true,
          "assignments": [
            {
              "renderer": "Regroup13",
              "fromIndex": 0
            }
          ],
          "randomAlpha": 0.7
        }
      },
      "dutyCycle": "DuskTillDawn()"
    },
    {
      "parent": "/Far__x9_z13/Far__x9_z13_LFS/Far_RussianBuildings/rus_build_4et_01#1",
      "hash": "25042A766333C0020:25042A766333C0020",
      "id": "WINDOWS_4:LIT",
      "properties": {
        "file": "meshes_decoration_lights.assetbundle",
        "mesh": "rus_build_06_07_12_13_Windows",
        "assignMaterials": {
          "hideSourcePrefab": true,
          "assignments": [
            {
              "renderer": "Regroup13",
              "fromIndex": 3
            }
          ],
          "randomAlpha": 0.7
        }
      },
      "dutyCycle": "DuskTillDawn()"
    },
    {
      "parent": "/Far__x9_z13/Far__x9_z13_LFS/Far_RussianBuildings/rus_build_4et_01#1",
      "hash": "25042A766333C0020:25042A766333C0020",
      "id": "WINDOWS_5:LIT",
      "properties": {
        "file": "meshes_decoration_lights.assetbundle",
        "mesh": "rus_build_06_07_12_13_Windows",
        "assignMaterials": {
          "hideSourcePrefab": true,
          "assignments": [
            {
              "renderer": "Regroup13",
              "fromIndex": 4
            }
          ],
          "randomAlpha": 0.7
        }
      },
      "dutyCycle": "DuskTillDawn()"
    },
    {
      "parent": "/Far__x9_z13/Far__x9_z13_LFS/Far_RussianBuildings/rus_build_9et_03a (2)",
      "hash": "241A11766333B60A0:241A11766333B60A0",
      "id": "WINDOWS_1:LIT",
      "properties": {
        "file": "meshes_decoration_lights.assetbundle",
        "mesh": "rus_build_08_09_10_Windows",
        "assignMaterials": {
          "hideSourcePrefab": true,
          "assignments": [
            {
              "renderer": "Regroup13",
              "fromIndex": 0
            }
          ],
          "randomAlpha": 0.7
        }
      },
      "dutyCycle": "DuskTillDawn()"
    },
    {
      "parent": "/Far__x9_z13/Far__x9_z13_LFS/Far_RussianBuildings/rus_build_9et_03a (2)",
      "hash": "241A11766333B60A0:241A11766333B60A0",
      "id": "WINDOWS_3:LIT",
      "properties": {
        "file": "meshes_decoration_lights.assetbundle",
        "mesh": "rus_build_08_09_10_Windows",
        "assignMaterials": {
          "hideSourcePrefab": true,
          "assignments": [
            {
              "renderer": "Regroup13",
              "fromIndex": 2
            }
          ],
          "randomAlpha": 0.7
        }
      },
      "dutyCycle": "DuskTillDawn()"
    },
    {
      "parent": "/Far__x9_z13/Far__x9_z13_LFS/Far_RussianBuildings/rus_build_9et_01",
      "hash": "241436766333FD590:241436766333FD590",
      "id": "WINDOWS_2:LIT",
      "properties": {
        "file": "meshes_decoration_lights.assetbundle",
        "mesh": "rus_build_08_09_10_Windows",
        "assignMaterials": {
          "hideSourcePrefab": true,
          "assignments": [
            {
              "renderer": "Regroup13",
              "fromIndex": 1
            }
          ],
          "randomAlpha": 0.7
        }
      },
      "dutyCycle": "DuskTillDawn()"
    },
    {
      "parent": "/Far__x9_z13/Far__x9_z13_LFS/Far_RussianBuildings/rus_build_9et_01",
      "hash": "241436766333FD590:241436766333FD590",
      "id": "WINDOWS_4:LIT",
      "properties": {
        "file": "meshes_decoration_lights.assetbundle",
        "mesh": "rus_build_08_09_10_Windows",
        "assignMaterials": {
          "hideSourcePrefab": true,
          "assignments": [
            {
              "renderer": "Regroup13",
              "fromIndex": 3
            }
          ],
          "randomAlpha": 0.7
        }
      },
      "dutyCycle": "DuskTillDawn()"
    },
    {
      "parent": "/Far__x9_z13/Far__x9_z13_LFS/Far_RussianBuildings/rus_build_9et_01",
      "hash": "241436766333FD590:241436766333FD590",
      "id": "WINDOWS_5:LIT",
      "properties": {
        "file": "meshes_decoration_lights.assetbundle",
        "mesh": "rus_build_08_09_10_Windows",
        "assignMaterials": {
          "hideSourcePrefab": true,
          "assignments": [
            {
              "renderer": "Regroup13",
              "fromIndex": 4
            }
          ],
          "randomAlpha": 0.7
        }
      },
      "dutyCycle": "DuskTillDawn()"
    },
    {
      "parent": "/Far__x9_z13/Far__x9_z13_LFS/Far_RussianBuildings/rus_build_9et_03a (3)",
      "hash": "23FB5E766333C0400:23FB5E766333C0400",
      "id": "WINDOWS_1:LIT",
      "properties": {
        "file": "meshes_decoration_lights.assetbundle",
        "mesh": "rus_build_08_09_10_Windows",
        "assignMaterials": {
          "hideSourcePrefab": true,
          "assignments": [
            {
              "renderer": "Regroup13",
              "fromIndex": 0
            }
          ],
          "randomAlpha": 0.7
        }
      },
      "dutyCycle": "DuskTillDawn()"
    },
    {
      "parent": "/Far__x9_z13/Far__x9_z13_LFS/Far_RussianBuildings/rus_build_9et_03a (3)",
      "hash": "23FB5E766333C0400:23FB5E766333C0400",
      "id": "WINDOWS_3:LIT",
      "properties": {
        "file": "meshes_decoration_lights.assetbundle",
        "mesh": "rus_build_08_09_10_Windows",
        "assignMaterials": {
          "hideSourcePrefab": true,
          "assignments": [
            {
              "renderer": "Regroup13",
              "fromIndex": 2
            }
          ],
          "randomAlpha": 0.7
        }
      },
      "dutyCycle": "DuskTillDawn()"
    },
    {
      "parent": "/Far__x9_z13/Far__x9_z13_LFS/Far_RussianBuildings/rus_build_5et_03 (1)",
      "hash": "23E13B766333CC5A0:23E13B766333CC5A0",
      "id": "WINDOWS_2:LIT",
      "properties": {
        "file": "meshes_decoration_lights.assetbundle",
        "mesh": "rus_build_01_02_03_04_05_Windows",
        "assignMaterials": {
          "hideSourcePrefab": true,
          "assignments": [
            {
              "renderer": "Regroup13",
              "fromIndex": 1
            }
          ],
          "randomAlpha": 0.7
        }
      },
      "dutyCycle": "DuskTillDawn()"
    },
    {
      "parent": "/Far__x9_z13/Far__x9_z13_LFS/Far_RussianBuildings/rus_build_5et_03 (1)",
      "hash": "23E13B766333CC5A0:23E13B766333CC5A0",
      "id": "WINDOWS_3:LIT",
      "properties": {
        "file": "meshes_decoration_lights.assetbundle",
        "mesh": "rus_build_01_02_03_04_05_Windows",
        "assignMaterials": {
          "hideSourcePrefab": true,
          "assignments": [
            {
              "renderer": "Regroup13",
              "fromIndex": 2
            }
          ],
          "randomAlpha": 0.7
        }
      },
      "dutyCycle": "DuskTillDawn()"
    },
    {
      "parent": "/Far__x9_z13/Far__x9_z13_LFS/Far_RussianBuildings/rus_build_5et_03",
      "hash": "24004E7663341E0C0:24004E7663341E0C0",
      "id": "WINDOWS_2:LIT",
      "properties": {
        "file": "meshes_decoration_lights.assetbundle",
        "mesh": "rus_build_01_02_03_04_05_Windows",
        "assignMaterials": {
          "hideSourcePrefab": true,
          "assignments": [
            {
              "renderer": "Regroup13",
              "fromIndex": 1
            }
          ],
          "randomAlpha": 0.7
        }
      },
      "dutyCycle": "DuskTillDawn()"
    },
    {
      "parent": "/Far__x9_z13/Far__x9_z13_LFS/Far_RussianBuildings/rus_build_5et_03",
      "hash": "24004E7663341E0C0:24004E7663341E0C0",
      "id": "WINDOWS_5:LIT",
      "properties": {
        "file": "meshes_decoration_lights.assetbundle",
        "mesh": "rus_build_01_02_03_04_05_Windows",
        "assignMaterials": {
          "hideSourcePrefab": true,
          "assignments": [
            {
              "renderer": "Regroup13",
              "fromIndex": 4
            }
          ],
          "randomAlpha": 0.7
        }
      },
      "dutyCycle": "DuskTillDawn()"
    },
    {
      "parent": "/Far__x9_z13/Far__x9_z13_LFS/Far_RussianBuildings/rus_build_5et_03",
      "hash": "24004E7663341E0C0:24004E7663341E0C0",
      "id": "WINDOWS_4:LIT",
      "properties": {
        "file": "meshes_decoration_lights.assetbundle",
        "mesh": "rus_build_01_02_03_04_05_Windows",
        "assignMaterials": {
          "hideSourcePrefab": true,
          "assignments": [
            {
              "renderer": "Regroup13",
              "fromIndex": 3
            }
          ],
          "randomAlpha": 0.7
        }
      },
      "dutyCycle": "DuskTillDawn()"
    },
    {
      "parent": "/Far__x9_z13/Far__x9_z13_LFS/Far_RussianBuildings/rus_build_2et_01",
      "hash": "24242F7663341C140:24242F7663341C140",
      "id": "WINDOWS_1:LIT",
      "properties": {
        "file": "meshes_decoration_lights.assetbundle",
        "mesh": "rus_build_15_Windows",
        "assignMaterials": {
          "hideSourcePrefab": true,
          "assignments": [
            {
              "renderer": "Regroup13",
              "fromIndex": 0
            }
          ],
          "randomAlpha": 0.5
        }
      },
      "dutyCycle": "DuskTillDawn()"
    },
    {
      "parent": "/Far__x9_z13/Far__x9_z13_LFS/Far_RussianBuildings/rus_build_2et_01",
      "hash": "24242F7663341C140:24242F7663341C140",
      "id": "WINDOWS_2:LIT",
      "properties": {
        "file": "meshes_decoration_lights.assetbundle",
        "mesh": "rus_build_15_Windows",
        "assignMaterials": {
          "hideSourcePrefab": true,
          "assignments": [
            {
              "renderer": "Regroup13",
              "fromIndex": 1
            }
          ],
          "randomAlpha": 0.5
        }
      },
      "dutyCycle": "DuskTillDawn()"
    },
    {
      "parent": "/Far__x9_z13/Far__x9_z13_LFS/Far_RussianBuildings/rus_build_2et_01",
      "hash": "24242F7663341C140:24242F7663341C140",
      "id": "WINDOWS_3:LIT",
      "properties": {
        "file": "meshes_decoration_lights.assetbundle",
        "mesh": "rus_build_15_Windows",
        "assignMaterials": {
          "hideSourcePrefab": true,
          "assignments": [
            {
              "renderer": "Regroup13",
              "fromIndex": 2
            }
          ],
          "randomAlpha": 0.5
        }
      },
      "dutyCycle": "DuskTillDawn()"
    },
    {
      "parent": "/Far__x9_z13/Far__x9_z13_LFS/Far_RussianBuildings/rus_build_2et_01",
      "hash": "24242F7663341C140:24242F7663341C140",
      "id": "WINDOWS_4:LIT",
      "properties": {
        "file": "meshes_decoration_lights.assetbundle",
        "mesh": "rus_build_15_Windows",
        "assignMaterials": {
          "hideSourcePrefab": true,
          "assignments": [
            {
              "renderer": "Regroup13",
              "fromIndex": 3
            }
          ],
          "randomAlpha": 0.5
        }
      },
      "dutyCycle": "DuskTillDawn()"
    },
    {
      "parent": "/Far__x9_z13/Far__x9_z13_LFS/Far_RussianBuildings/rus_build_5et_03 (3)",
      "hash": "2465107663353F240:2465107663353F240",
      "id": "WINDOWS_1:LIT",
      "properties": {
        "file": "meshes_decoration_lights.assetbundle",
        "mesh": "rus_build_01_02_03_04_05_Windows",
        "assignMaterials": {
          "hideSourcePrefab": true,
          "assignments": [
            {
              "renderer": "Regroup13",
              "fromIndex": 0
            }
          ],
          "randomAlpha": 0.7
        }
      },
      "dutyCycle": "DuskTillDawn()"
    },
    {
      "parent": "/Far__x9_z13/Far__x9_z13_LFS/Far_RussianBuildings/rus_build_5et_03 (3)",
      "hash": "2465107663353F240:2465107663353F240",
      "id": "WINDOWS_2:LIT",
      "properties": {
        "file": "meshes_decoration_lights.assetbundle",
        "mesh": "rus_build_01_02_03_04_05_Windows",
        "assignMaterials": {
          "hideSourcePrefab": true,
          "assignments": [
            {
              "renderer": "Regroup13",
              "fromIndex": 1
            }
          ],
          "randomAlpha": 0.7
        }
      },
      "dutyCycle": "DuskTillDawn()"
    },
    {
      "parent": "/Far__x9_z13/Far__x9_z13_LFS/Far_RussianBuildings/rus_build_5et_03 (2)",
      "hash": "247834766335714D0:247834766335714D0",
      "id": "WINDOWS_3:LIT",
      "properties": {
        "file": "meshes_decoration_lights.assetbundle",
        "mesh": "rus_build_01_02_03_04_05_Windows",
        "assignMaterials": {
          "hideSourcePrefab": true,
          "assignments": [
            {
              "renderer": "Regroup13",
              "fromIndex": 2
            }
          ],
          "randomAlpha": 0.7
        }
      },
      "dutyCycle": "DuskTillDawn()"
    },
    {
      "parent": "/Far__x9_z13/Far__x9_z13_LFS/Far_RussianBuildings/rus_build_5et_03 (2)",
      "hash": "247834766335714D0:247834766335714D0",
      "id": "WINDOWS_4:LIT",
      "properties": {
        "file": "meshes_decoration_lights.assetbundle",
        "mesh": "rus_build_01_02_03_04_05_Windows",
        "assignMaterials": {
          "hideSourcePrefab": true,
          "assignments": [
            {
              "renderer": "Regroup13",
              "fromIndex": 3
            }
          ],
          "randomAlpha": 0.7
        }
      },
      "dutyCycle": "DuskTillDawn()"
    },
    {
      "parent": "/Far__x9_z13/Far__x9_z13_LFS/Far_RussianBuildings/rus_build_5et_03 (2)",
      "hash": "247834766335714D0:247834766335714D0",
      "id": "WINDOWS_5:LIT",
      "properties": {
        "file": "meshes_decoration_lights.assetbundle",
        "mesh": "rus_build_01_02_03_04_05_Windows",
        "assignMaterials": {
          "hideSourcePrefab": true,
          "assignments": [
            {
              "renderer": "Regroup13",
              "fromIndex": 4
            }
          ],
          "randomAlpha": 0.7
        }
      },
      "dutyCycle": "DuskTillDawn()"
    }
  ]
}