{
  "version": 92,
  "enabled": true,
  "lights": [
    {
      "parent": "/Far__x9_z13/Far__x9_z13_LFS/Far_PassengerPlatform/Railway_Platform_RoofWide/Collider/%GROUP%_Mesh0002130708000763",
      "position": "(0,0.25,0.5)",
      "rotation": "(0.5329462,-0.431993157,0.366209149,0.6286821)",
      "hash": "25115F7E28347D330:25120C7E0F347D620",
      "properties": {
        "type": "Point",
        "intensity": 0.5,
        "range": 10.0,
        "colour": "#FFFFFF",
        "corona": null,
        "dutyCycle": "Always()"
      }
    },
    {
      "parent": "/Far__x9_z13/Far__x9_z13_LFS/Far_PassengerPlatform/Railway_Platform_RoofWide/Collider/%GROUP%_Mesh0002130708000763",
      "position": "(0,0.25,-0.5)",
      "rotation": "(0.5329462,-0.431993157,0.366209149,0.6286821)",
      "hash": "25115F7E28347D330:25114E7E0F347D040",
      "properties": {
        "type": "Point",
        "intensity": 0.5,
        "range": 10.0,
        "colour": "#FFFFFF",
        "corona": null,
        "dutyCycle": "Always()"
      }
    },
    {
      "parent": "/Far__x9_z13/Far__x9_z13_LFS/Far_PassengerPlatform/Railway_Platform_RoofWide/Collider/%GROUP%_Mesh0002130708000762",
      "position": "(0,0.25,0.5)",
      "rotation": "(0.366209239,0.628682,-0.532946348,0.431993127)",
      "hash": "2516057E28347B5D0:2516167E0F347C280",
      "properties": {
        "type": "Point",
        "intensity": 0.5,
        "range": 10.0,
        "colour": "#FFFFFF",
        "corona": null,
        "dutyCycle": "Always()"
      }
    },
    {
      "parent": "/Far__x9_z13/Far__x9_z13_LFS/Far_PassengerPlatform/Railway_Platform_RoofWide/Collider/%GROUP%_Mesh0002130708000762",
      "position": "(0,0.25,-0.5)",
      "rotation": "(0.366209239,0.628682,-0.532946348,0.431993127)",
      "hash": "2516057E28347B5D0:2515587E0F347B2E0",
      "properties": {
        "type": "Point",
        "intensity": 0.5,
        "range": 10.0,
        "colour": "#FFFFFF",
        "corona": null,
        "dutyCycle": "Always()"
      }
    },
    {
      "parent": "/Far__x9_z13/Far__x9_z13_LFS/Far_PassengerPlatform/Railway_Platform_RoofWide/Collider/%GROUP%_Mesh0002110708000761",
      "position": "(0,0.25,0.5)",
      "rotation": "(0.366209239,0.628682,-0.532946348,0.431993127)",
      "hash": "25101F7E28346D040:25100D7E0F346C390",
      "properties": {
        "type": "Point",
        "intensity": 0.5,
        "range": 10.0,
        "colour": "#FFFFFF",
        "corona": null,
        "dutyCycle": "Always()"
      }
    },
    {
      "parent": "/Far__x9_z13/Far__x9_z13_LFS/Far_PassengerPlatform/Railway_Platform_RoofWide/Collider/%GROUP%_Mesh0002110708000761",
      "position": "(0,0.25,-0.5)",
      "rotation": "(0.366209239,0.628682,-0.532946348,0.431993127)",
      "hash": "25101F7E28346D040:2510307E0F346D320",
      "properties": {
        "type": "Point",
        "intensity": 0.5,
        "range": 10.0,
        "colour": "#FFFFFF",
        "corona": null,
        "dutyCycle": "Always()"
      }
    },
    {
      "parent": "/Far__x9_z13/Far__x9_z13_LFS/Far_PassengerPlatform/Railway_Platform_RoofWide/Collider/%GROUP%_Mesh000212070800075F",
      "position": "(0,0.25,0.5)",
      "rotation": "(0.5329462,-0.431993157,0.366209149,0.6286821)",
      "hash": "250C187E28346E3E0:250C067E0F346E100",
      "properties": {
        "type": "Point",
        "intensity": 0.5,
        "range": 10.0,
        "colour": "#FFFFFF",
        "corona": null,
        "dutyCycle": "Always()"
      }
    },
    {
      "parent": "/Far__x9_z13/Far__x9_z13_LFS/Far_PassengerPlatform/Railway_Platform_RoofWide/Collider/%GROUP%_Mesh000212070800075F",
      "position": "(0,0.25,-0.5)",
      "rotation": "(0.5329462,-0.431993157,0.366209149,0.6286821)",
      "hash": "250C187E28346E3E0:250C2A7E0F346F090",
      "properties": {
        "type": "Point",
        "intensity": 0.5,
        "range": 10.0,
        "colour": "#FFFFFF",
        "corona": null,
        "dutyCycle": "Always()"
      }
    },
    {
      "parent": "/Far__x9_z13/Far__x9_z13_LFS/Far_PassengerPlatform/Railway_Platform_RoofWide (1)/Collider/%GROUP%_Mesh000216070800075C",
      "position": "(0,0.25,0.5)",
      "rotation": "(0.5329462,-0.431993157,0.366209149,0.6286821)",
      "hash": "25234D7E283487490:25235F7E0F3488140",
      "properties": {
        "type": "Point",
        "intensity": 0.5,
        "range": 10.0,
        "colour": "#FFFFFF",
        "corona": null,
        "dutyCycle": "Always()"
      }
    },
    {
      "parent": "/Far__x9_z13/Far__x9_z13_LFS/Far_PassengerPlatform/Railway_Platform_RoofWide (1)/Collider/%GROUP%_Mesh000216070800075C",
      "position": "(0,0.25,-0.5)",
      "rotation": "(0.5329462,-0.431993157,0.366209149,0.6286821)",
      "hash": "25234D7E283487490:25233B7E0F34871B0",
      "properties": {
        "type": "Point",
        "intensity": 0.5,
        "range": 10.0,
        "colour": "#FFFFFF",
        "corona": null,
        "dutyCycle": "Always()"
      }
    },
    {
      "parent": "/Far__x9_z13/Far__x9_z13_LFS/Far_PassengerPlatform/Railway_Platform_RoofWide (1)/Collider/%GROUP%_Mesh000210070700075E",
      "position": "(0,0.25,0.5)",
      "rotation": "(0.366209239,0.628682,-0.532946348,0.431993127)",
      "hash": "2527587E273486120:2528067E0E3486400",
      "properties": {
        "type": "Point",
        "intensity": 0.5,
        "range": 10.0,
        "colour": "#FFFFFF",
        "corona": null,
        "dutyCycle": "Always()"
      }
    },
    {
      "parent": "/Far__x9_z13/Far__x9_z13_LFS/Far_PassengerPlatform/Railway_Platform_RoofWide (1)/Collider/%GROUP%_Mesh000210070700075E",
      "position": "(0,0.25,-0.5)",
      "rotation": "(0.366209239,0.628682,-0.532946348,0.431993127)",
      "hash": "2527587E273486120:2527457E0E3485470",
      "properties": {
        "type": "Point",
        "intensity": 0.5,
        "range": 10.0,
        "colour": "#FFFFFF",
        "corona": null,
        "dutyCycle": "Always()"
      }
    },
    {
      "parent": "/Far__x9_z13/Far__x9_z13_LFS/Far_PassengerPlatform/Railway_Platform_RoofWide (1)/Collider/%GROUP%_Mesh0002130708000755",
      "position": "(0,0.25,0.5)",
      "rotation": "(0.366209239,0.628682,-0.532946348,0.431993127)",
      "hash": "2522187E2834772A0:2522077E0F34765E0",
      "properties": {
        "type": "Point",
        "intensity": 0.5,
        "range": 10.0,
        "colour": "#FFFFFF",
        "corona": null,
        "dutyCycle": "Always()"
      }
    },
    {
      "parent": "/Far__x9_z13/Far__x9_z13_LFS/Far_PassengerPlatform/Railway_Platform_RoofWide (1)/Collider/%GROUP%_Mesh0002130708000755",
      "position": "(0,0.25,-0.5)",
      "rotation": "(0.366209239,0.628682,-0.532946348,0.431993127)",
      "hash": "2522187E2834772A0:2522287E0F3477590",
      "properties": {
        "type": "Point",
        "intensity": 0.5,
        "range": 10.0,
        "colour": "#FFFFFF",
        "corona": null,
        "dutyCycle": "Always()"
      }
    },
    {
      "parent": "/Far__x9_z13/Far__x9_z13_LFS/Far_PassengerPlatform/Railway_Platform_RoofWide (1)/Collider/%GROUP%_Mesh0002120708000759",
      "position": "(0,0.25,0.5)",
      "rotation": "(0.5329462,-0.431993157,0.366209149,0.6286821)",
      "hash": "251E0E7E2834785F0:251D607E0F3478300",
      "properties": {
        "type": "Point",
        "intensity": 0.5,
        "range": 10.0,
        "colour": "#FFFFFF",
        "corona": null,
        "dutyCycle": "Always()"
      }
    },
    {
      "parent": "/Far__x9_z13/Far__x9_z13_LFS/Far_PassengerPlatform/Railway_Platform_RoofWide (1)/Collider/%GROUP%_Mesh0002120708000759",
      "position": "(0,0.25,-0.5)",
      "rotation": "(0.5329462,-0.431993157,0.366209149,0.6286821)",
      "hash": "251E0E7E2834785F0:251E207E0F3479290",
      "properties": {
        "type": "Point",
        "intensity": 0.5,
        "range": 10.0,
        "colour": "#FFFFFF",
        "corona": null,
        "dutyCycle": "Always()"
      }
    },
    {
      "parent": "/Far__x9_z13/Far__x9_z13_LFS/Far_PassengerPlatform/Railway_PlatformWide_1 (1)/Collider/collider/%GROUP%_Mesh0000030100002C4F",
      "position": "(0,7.1,1.55)",
      "rotation": "(-0.7071068,0,0,0.7071068)",
      "hash": "251B0E781F348F140:2519457F29348F4C0",
      "properties": {
        "type": "Point",
        "intensity": 1.0,
        "range": 20.0,
        "colour": "#FFB24D",
        "corona": {
          "sprite": "corona_orange01.png",
          "scale": 0.75,
          "range": 100.0
        },
        "dutyCycle": "DuskTillDawn()"
      }
    },
    {
      "parent": "/Far__x9_z13/Far__x9_z13_LFS/Far_PassengerPlatform/Railway_PlatformWide_1 (1)/Collider/collider/%GROUP%_Mesh0000030100002C4F",
      "position": "(0,7.1,-1.55)",
      "rotation": "(-0.7071068,0,0,0.7071068)",
      "hash": "251B0E781F348F140:251C3A7F29348E400",
      "properties": {
        "type": "Point",
        "intensity": 1.0,
        "range": 20.0,
        "colour": "#FFB24D",
        "corona": {
          "sprite": "corona_orange01.png",
          "scale": 0.75,
          "range": 100.0
        },
        "dutyCycle": "DuskTillDawn()"
      }
    },
    {
      "parent": "/Far__x9_z13/Far__x9_z13_LFS/Far_PassengerPlatform/Railway_PlatformWide_1/Collider/collider/%GROUP%_Mesh0000010100000115",
      "position": "(0,7.1,1.55)",
      "rotation": "(-0.7071068,0,0,0.7071068)",
      "hash": "25173C781F3461570:2519057F2934611F0",
      "properties": {
        "type": "Point",
        "intensity": 1.0,
        "range": 20.0,
        "colour": "#FFB24D",
        "corona": {
          "sprite": "corona_orange01.png",
          "scale": 0.75,
          "range": 100.0
        },
        "dutyCycle": "DuskTillDawn()"
      }
    },
    {
      "parent": "/Far__x9_z13/Far__x9_z13_LFS/Far_PassengerPlatform/Railway_PlatformWide_1/Collider/collider/%GROUP%_Mesh0000010100000115",
      "position": "(0,7.1,-1.55)",
      "rotation": "(-0.7071068,0,0,0.7071068)",
      "hash": "25173C781F3461570:25160F7F2934622A0",
      "properties": {
        "type": "Point",
        "intensity": 1.0,
        "range": 20.0,
        "colour": "#FFB24D",
        "corona": {
          "sprite": "corona_orange01.png",
          "scale": 0.75,
          "range": 100.0
        },
        "dutyCycle": "DuskTillDawn()"
      }
    },
    {
      "parent": "/Far__x9_z13/Far__x9_z13_LFS/Far_PassengerPlatform/Railway_PlatformWide_1/Collider/collider/%GROUP%_Mesh000003010000222C",
      "position": "(0,7.1,1.55)",
      "rotation": "(-0.7071068,0,0,0.7071068)",
      "hash": "250A56781F3440390:250C1E7F293440010",
      "properties": {
        "type": "Point",
        "intensity": 1.0,
        "range": 20.0,
        "colour": "#FFB24D",
        "corona": {
          "sprite": "corona_orange01.png",
          "scale": 0.75,
          "range": 100.0
        },
        "dutyCycle": "DuskTillDawn()"
      }
    },
    {
      "parent": "/Far__x9_z13/Far__x9_z13_LFS/Far_PassengerPlatform/Railway_PlatformWide_1/Collider/collider/%GROUP%_Mesh000003010000222C",
      "position": "(0,7.1,-1.55)",
      "rotation": "(-0.7071068,0,0,0.7071068)",
      "hash": "250A56781F3440390:2509297F2934410C0",
      "properties": {
        "type": "Point",
        "intensity": 1.0,
        "range": 20.0,
        "colour": "#FFB24D",
        "corona": {
          "sprite": "corona_orange01.png",
          "scale": 0.75,
          "range": 100.0
        },
        "dutyCycle": "DuskTillDawn()"
      }
    },
    {
      "parent": "/Far__x9_z13/Far__x9_z13_LFS/Far_PassengerPlatform/Railway_PlatformWide_1 (1)/Collider/collider/%GROUP%_Mesh000007010000222F",
      "position": "(0,7.1,1.55)",
      "rotation": "(-0.7071068,0,0,0.7071068)",
      "hash": "24FE3D781F3445180:2500057F293444420",
      "properties": {
        "type": "Point",
        "intensity": 1.0,
        "range": 20.0,
        "colour": "#FFB24D",
        "corona": {
          "sprite": "corona_orange01.png",
          "scale": 0.75,
          "range": 100.0
        },
        "dutyCycle": "DuskTillDawn()"
      }
    },
    {
      "parent": "/Far__x9_z13/Far__x9_z13_LFS/Far_PassengerPlatform/Railway_PlatformWide_1 (1)/Collider/collider/%GROUP%_Mesh000007010000222F",
      "position": "(0,7.1,-1.55)",
      "rotation": "(-0.7071068,0,0,0.7071068)",
      "hash": "24FE3D781F3445180:24FD127F293445520",
      "properties": {
        "type": "Point",
        "intensity": 1.0,
        "range": 20.0,
        "colour": "#FFB24D",
        "corona": {
          "sprite": "corona_orange01.png",
          "scale": 0.75,
          "range": 100.0
        },
        "dutyCycle": "DuskTillDawn()"
      }
    },
    {
      "parent": "/Far__x9_z13/Far__x9_z13_LFS/Far_PassengerPlatform/Railway_Platform_RoofWide/Collider/%GROUP%_Mesh0000010648001402",
      "position": "(0,0.285,0)",
      "rotation": "(0.366209239,0.628682,-0.532946348,0.431993127)",
      "hash": "2509617E043462380:2509617D4B3462380",
      "properties": {
        "type": "Point",
        "intensity": 1.0,
        "range": 20.0,
        "colour": "#FFB24D",
        "corona": {
          "sprite": "corona_orange01.png",
          "scale": 0.75,
          "range": 100.0
        },
        "dutyCycle": "DuskTillDawn()"
      }
    },
    {
      "parent": "/Far__x9_z13/Far__x9_z13_LFS/Far_Roads/Road_60x8 (18)/Collider/%GROUP%_Mesh00D045000E00724A",
      "position": "(0.75,12.25,0)",
      "rotation": "(-0.7071068,0,0,0.7071068)",
      "hash": "24EB5377113414630:24EC35832A3414460",
      "properties": {
        "type": "Point",
        "intensity": 1.0,
        "range": 30.0,
        "colour": "#FFFFFF",
        "corona": {
          "sprite": "corona_white01.png",
          "scale": 1.0,
          "range": 100.0
        },
        "dutyCycle": "DuskTillDawn()"
      }
    },
    {
      "parent": "/Far__x9_z13/Far__x9_z13_LFS/Far_Roads/Road_60x8 (18)/Collider/%GROUP%_Mesh00D045000E00724A",
      "position": "(0,12.25,0.75)",
      "rotation": "(-0.7071068,0,0,0.7071068)",
      "hash": "24EB5377113414630:24EC0C832A3415440",
      "properties": {
        "type": "Point",
        "intensity": 1.0,
        "range": 30.0,
        "colour": "#FFFFFF",
        "corona": {
          "sprite": "corona_white01.png",
          "scale": 1.0,
          "range": 100.0
        },
        "dutyCycle": "DuskTillDawn()"
      }
    },
    {
      "parent": "/Far__x9_z13/Far__x9_z13_LFS/Far_Roads/Road_60x8 (18)/Collider/%GROUP%_Mesh00D045000E00724A",
      "position": "(-0.75,12.25,0)",
      "rotation": "(-0.7071068,0,0,0.7071068)",
      "hash": "24EB5377113414630:24EB0E832A34151B0",
      "properties": {
        "type": "Point",
        "intensity": 1.0,
        "range": 30.0,
        "colour": "#FFFFFF",
        "corona": {
          "sprite": "corona_white01.png",
          "scale": 1.0,
          "range": 100.0
        },
        "dutyCycle": "DuskTillDawn()"
      }
    },
    {
      "parent": "/Far__x9_z13/Far__x9_z13_LFS/Far_Roads/Road_60x8 (18)/Collider/%GROUP%_Mesh00D045000E00724A",
      "position": "(0,12.25,-0.75)",
      "rotation": "(-0.7071068,0,0,0.7071068)",
      "hash": "24EB5377113414630:24EB37832A34141D0",
      "properties": {
        "type": "Point",
        "intensity": 1.0,
        "range": 30.0,
        "colour": "#FFFFFF",
        "corona": {
          "sprite": "corona_white01.png",
          "scale": 1.0,
          "range": 100.0
        },
        "dutyCycle": "DuskTillDawn()"
      }
    },
    {
      "parent": "/Far__x9_z13/Far__x9_z13_LFS/Far_Roads/Road_60x8 (18)/Collider/%GROUP%_Mesh00BA51000E012944",
      "position": "(0.75,12.25,0)",
      "rotation": "(-0.7071068,0,0,0.7071068)",
      "hash": "251900771134C73C0:25181D832A34C7570",
      "properties": {
        "type": "Point",
        "intensity": 1.0,
        "range": 30.0,
        "colour": "#FFFFFF",
        "corona": {
          "sprite": "corona_white01.png",
          "scale": 1.0,
          "range": 100.0
        },
        "dutyCycle": "DuskTillDawn()"
      }
    },
    {
      "parent": "/Far__x9_z13/Far__x9_z13_LFS/Far_Roads/Road_60x8 (18)/Collider/%GROUP%_Mesh00BA51000E012944",
      "position": "(0,12.25,0.75)",
      "rotation": "(-0.7071068,0,0,0.7071068)",
      "hash": "251900771134C73C0:251849832A34C65A0",
      "properties": {
        "type": "Point",
        "intensity": 1.0,
        "range": 30.0,
        "colour": "#FFFFFF",
        "corona": {
          "sprite": "corona_white01.png",
          "scale": 1.0,
          "range": 100.0
        },
        "dutyCycle": "DuskTillDawn()"
      }
    },
    {
      "parent": "/Far__x9_z13/Far__x9_z13_LFS/Far_Roads/Road_60x8 (18)/Collider/%GROUP%_Mesh00BA51000E012944",
      "position": "(-0.75,12.25,0)",
      "rotation": "(-0.7071068,0,0,0.7071068)",
      "hash": "251900771134C73C0:251946832A34C7210",
      "properties": {
        "type": "Point",
        "intensity": 1.0,
        "range": 30.0,
        "colour": "#FFFFFF",
        "corona": {
          "sprite": "corona_white01.png",
          "scale": 1.0,
          "range": 100.0
        },
        "dutyCycle": "DuskTillDawn()"
      }
    },
    {
      "parent": "/Far__x9_z13/Far__x9_z13_LFS/Far_Roads/Road_60x8 (18)/Collider/%GROUP%_Mesh00BA51000E012944",
      "position": "(0,12.25,-0.75)",
      "rotation": "(-0.7071068,0,0,0.7071068)",
      "hash": "251900771134C73C0:25191A832A34C81E0",
      "properties": {
        "type": "Point",
        "intensity": 1.0,
        "range": 30.0,
        "colour": "#FFFFFF",
        "corona": {
          "sprite": "corona_white01.png",
          "scale": 1.0,
          "range": 100.0
        },
        "dutyCycle": "DuskTillDawn()"
      }
    }
  ],
  "meshes": [
    {
      "parent": "/Far__x9_z13/Far__x9_z13_LFS/Far_PassengerPlatform/Railway_Platform_RoofWide/Collider",
      "position": "(2.196762,7.084503,-7.99346161)",
      "rotation": "(0.173648164,0,0.9848078,0)",
      "hash": "25110E771F34751A0:25115F7E28347D330",
      "properties": {
        "file": "meshes_lampposts.assetbundle",
        "mesh": "IndustrialLamp_Ceiling"
      }
    },
    {
      "parent": "/Far__x9_z13/Far__x9_z13_LFS/Far_PassengerPlatform/Railway_Platform_RoofWide/Collider",
      "position": "(-2.19967651,7.08496857,-7.98629761)",
      "rotation": "(0.173648164,0,0.9848078,0)",
      "hash": "25110E771F34751A0:2516057E28347B5D0",
      "properties": {
        "file": "meshes_lampposts.assetbundle",
        "mesh": "IndustrialLamp_Ceiling"
      }
    },
    {
      "parent": "/Far__x9_z13/Far__x9_z13_LFS/Far_PassengerPlatform/Railway_Platform_RoofWide/Collider",
      "position": "(-2.17404175,7.080742,7.975792)",
      "rotation": "(0.9832549,0,-0.1822355,0)",
      "hash": "25110E771F34751A0:25101F7E28346D040",
      "properties": {
        "file": "meshes_lampposts.assetbundle",
        "mesh": "IndustrialLamp_Ceiling"
      }
    },
    {
      "parent": "/Far__x9_z13/Far__x9_z13_LFS/Far_PassengerPlatform/Railway_Platform_RoofWide/Collider",
      "position": "(2.1869812,7.083023,7.95188141)",
      "rotation": "(0.9832549,0,-0.1822355,0)",
      "hash": "25110E771F34751A0:250C187E28346E3E0",
      "properties": {
        "file": "meshes_lampposts.assetbundle",
        "mesh": "IndustrialLamp_Ceiling"
      }
    },
    {
      "parent": "/Far__x9_z13/Far__x9_z13_LFS/Far_PassengerPlatform/Railway_Platform_RoofWide (1)/Collider",
      "position": "(2.22312927,7.08885956,-7.925049)",
      "rotation": "(0.182235539,0,0.9832549,0)",
      "hash": "252301771F347F360:25234D7E283487490",
      "properties": {
        "file": "meshes_lampposts.assetbundle",
        "mesh": "IndustrialLamp_Ceiling"
      }
    },
    {
      "parent": "/Far__x9_z13/Far__x9_z13_LFS/Far_PassengerPlatform/Railway_Platform_RoofWide (1)/Collider",
      "position": "(-2.16384888,7.07920837,-7.942505)",
      "rotation": "(0.190809,0,0.9816272,0)",
      "hash": "252301771F347F360:2527587E273486120",
      "properties": {
        "file": "meshes_lampposts.assetbundle",
        "mesh": "IndustrialLamp_Ceiling"
      }
    },
    {
      "parent": "/Far__x9_z13/Far__x9_z13_LFS/Far_PassengerPlatform/Railway_Platform_RoofWide (1)/Collider",
      "position": "(-2.190689,7.0835495,7.859253)",
      "rotation": "(0.9862856,0,-0.165047526,0)",
      "hash": "252301771F347F360:2522187E2834772A0",
      "properties": {
        "file": "meshes_lampposts.assetbundle",
        "mesh": "IndustrialLamp_Ceiling"
      }
    },
    {
      "parent": "/Far__x9_z13/Far__x9_z13_LFS/Far_PassengerPlatform/Railway_Platform_RoofWide (1)/Collider",
      "position": "(2.18321228,7.08229828,7.89991)",
      "rotation": "(0.9832549,0,-0.1822355,0)",
      "hash": "252301771F347F360:251E0E7E2834785F0",
      "properties": {
        "file": "meshes_lampposts.assetbundle",
        "mesh": "IndustrialLamp_Ceiling"
      }
    },
    {
      "parent": "/Far__x9_z13/Far__x9_z13_LFS/Far_PassengerPlatform/Railway_PlatformWide_1 (1)/Collider/collider",
      "position": "(-0.0372161865,1,-44.7987442)",
      "rotation": "(0,-0.566406369,0,0.8241262)",
      "hash": "250B04771F3465270:251B0E781F348F140",
      "properties": {
        "file": "meshes_lampposts.assetbundle",
        "mesh": "LampPostDouble_Floor"
      }
    },
    {
      "parent": "/Far__x9_z13/Far__x9_z13_LFS/Far_PassengerPlatform/Railway_PlatformWide_1/Collider/collider",
      "position": "(0.0111236572,1,-1.21250916)",
      "rotation": "(0,0.8241262,0,0.56640625)",
      "hash": "251712771F3460490:25173C781F3461570",
      "properties": {
        "file": "meshes_lampposts.assetbundle",
        "mesh": "LampPostDouble_Floor"
      }
    },
    {
      "parent": "/Far__x9_z13/Far__x9_z13_LFS/Far_PassengerPlatform/Railway_PlatformWide_1/Collider/collider",
      "position": "(-0.0319213867,1,34.4435349)",
      "rotation": "(0,0.8241262,0,0.56640625)",
      "hash": "251712771F3460490:250A56781F3440390",
      "properties": {
        "file": "meshes_lampposts.assetbundle",
        "mesh": "LampPostDouble_Floor"
      }
    },
    {
      "parent": "/Far__x9_z13/Far__x9_z13_LFS/Far_PassengerPlatform/Railway_PlatformWide_1 (1)/Collider/collider",
      "position": "(0.0716247559,1,34.47384)",
      "rotation": "(0,0.829037547,0,0.559192955)",
      "hash": "250B04771F3465270:24FE3D781F3445180",
      "properties": {
        "file": "meshes_lampposts.assetbundle",
        "mesh": "LampPostDouble_Floor"
      }
    },
    {
      "parent": "/Far__x9_z13/Far__x9_z13_LFS/Far_PassengerPlatform/Railway_Platform_RoofWide/Collider",
      "position": "(-0.0122680664,6.722,20.026741)",
      "rotation": "(0.20791173,0,0.9781476,0)",
      "hash": "25110E771F34751A0:2509617E043462380",
      "properties": {
        "file": "meshes_lampposts.assetbundle",
        "mesh": "FloodLight_Ceiling"
      }
    },
    {
      "parent": "/Far__x9_z13/Far__x9_z13_LFS/Far_Roads/Road_60x8 (18)/Collider",
      "position": "(-208.699112,-0.140922546,-114.749481)",
      "rotation": "(0,0.190809,0,0.9816272)",
      "hash": "23FF57771F33F4450:24EB5377113414630",
      "properties": {
        "file": "meshes_lampposts.assetbundle",
        "mesh": "YardLamp_Floor"
      }
    },
    {
      "parent": "/Far__x9_z13/Far__x9_z13_LFS/Far_Roads/Road_60x8 (18)/Collider",
      "position": "(-186.814972,-0.140922546,-297.68103)",
      "rotation": "(0,0.9832549,0,-0.1822355)",
      "hash": "23FF57771F33F4450:251900771134C73C0",
      "properties": {
        "file": "meshes_lampposts.assetbundle",
        "mesh": "YardLamp_Floor"
      }
    }
  ],
  "decorations": []
}