{
  "version": 92,
  "enabled": true,
  "priority": "High",
  "lights": [
    {
      "parent": "/Far__x9_z13/Far__x9_z13_LFS/Far_Roads/Road_60x8 (18)/Collider/%GROUP%_Mesh00A512000E01CA29",
      "position": "(0.75,12.25,0)",
      "rotation": "(-0.7071068,0,0,0.7071068)",
      "hash": "253E2B77113565280:253D49832A3565420",
      "properties": {
        "type": "Point",
        "intensity": 1.0,
        "range": 30.0,
        "colour": "#FFFFFF",
        "corona": {
          "sprite": "corona_white01.png",
          "scale": 1.0,
          "range": 100.0
        },
        "dutyCycle": "DuskTillDawn()"
      }
    },
    {
      "parent": "/Far__x9_z13/Far__x9_z13_LFS/Far_Roads/Road_60x8 (18)/Collider/%GROUP%_Mesh00A512000E01CA29",
      "position": "(0,12.25,0.75)",
      "rotation": "(-0.7071068,0,0,0.7071068)",
      "hash": "253E2B77113565280:253E11832A3564460",
      "properties": {
        "type": "Point",
        "intensity": 1.0,
        "range": 30.0,
        "colour": "#FFFFFF",
        "corona": {
          "sprite": "corona_white01.png",
          "scale": 1.0,
          "range": 100.0
        },
        "dutyCycle": "DuskTillDawn()"
      }
    },
    {
      "parent": "/Far__x9_z13/Far__x9_z13_LFS/Far_Roads/Road_60x8 (18)/Collider/%GROUP%_Mesh00A512000E01CA29",
      "position": "(-0.75,12.25,0)",
      "rotation": "(-0.7071068,0,0,0.7071068)",
      "hash": "253E2B77113565280:253F0E832A35650F0",
      "properties": {
        "type": "Point",
        "intensity": 1.0,
        "range": 30.0,
        "colour": "#FFFFFF",
        "corona": {
          "sprite": "corona_white01.png",
          "scale": 1.0,
          "range": 100.0
        },
        "dutyCycle": "DuskTillDawn()"
      }
    },
    {
      "parent": "/Far__x9_z13/Far__x9_z13_LFS/Far_Roads/Road_60x8 (18)/Collider/%GROUP%_Mesh00A512000E01CA29",
      "position": "(0,12.25,-0.75)",
      "rotation": "(-0.7071068,0,0,0.7071068)",
      "hash": "253E2B77113565280:253E45832A35660B0",
      "properties": {
        "type": "Point",
        "intensity": 1.0,
        "range": 30.0,
        "colour": "#FFFFFF",
        "corona": {
          "sprite": "corona_white01.png",
          "scale": 1.0,
          "range": 100.0
        },
        "dutyCycle": "DuskTillDawn()"
      }
    },
    {
      "parent": "/Far__x9_z13/Far__x9_z13_LFS/Far_Roads/Road_60x8 (18)/Collider/%GROUP%_Mesh00A51D000E01A23B",
      "position": "(0.75,12.25,0)",
      "rotation": "(-0.7071068,0,0,0.7071068)",
      "hash": "25301A77113540130:252F38832A35402E0",
      "properties": {
        "type": "Point",
        "intensity": 1.0,
        "range": 30.0,
        "colour": "#FFFFFF",
        "corona": {
          "sprite": "corona_white01.png",
          "scale": 1.0,
          "range": 100.0
        },
        "dutyCycle": "DuskTillDawn()"
      }
    },
    {
      "parent": "/Far__x9_z13/Far__x9_z13_LFS/Far_Roads/Road_60x8 (18)/Collider/%GROUP%_Mesh00A51D000E01A23B",
      "position": "(0,12.25,0.75)",
      "rotation": "(-0.7071068,0,0,0.7071068)",
      "hash": "25301A77113540130:252F63832A353F310",
      "properties": {
        "type": "Point",
        "intensity": 1.0,
        "range": 30.0,
        "colour": "#FFFFFF",
        "corona": {
          "sprite": "corona_white01.png",
          "scale": 1.0,
          "range": 100.0
        },
        "dutyCycle": "DuskTillDawn()"
      }
    },
    {
      "parent": "/Far__x9_z13/Far__x9_z13_LFS/Far_Roads/Road_60x8 (18)/Collider/%GROUP%_Mesh00A51D000E01A23B",
      "position": "(-0.75,12.25,0)",
      "rotation": "(-0.7071068,0,0,0.7071068)",
      "hash": "25301A77113540130:253060832A353F5C0",
      "properties": {
        "type": "Point",
        "intensity": 1.0,
        "range": 30.0,
        "colour": "#FFFFFF",
        "corona": {
          "sprite": "corona_white01.png",
          "scale": 1.0,
          "range": 100.0
        },
        "dutyCycle": "DuskTillDawn()"
      }
    },
    {
      "parent": "/Far__x9_z13/Far__x9_z13_LFS/Far_Roads/Road_60x8 (18)/Collider/%GROUP%_Mesh00A51D000E01A23B",
      "position": "(0,12.25,-0.75)",
      "rotation": "(-0.7071068,0,0,0.7071068)",
      "hash": "25301A77113540130:253035832A3540590",
      "properties": {
        "type": "Point",
        "intensity": 1.0,
        "range": 30.0,
        "colour": "#FFFFFF",
        "corona": {
          "sprite": "corona_white01.png",
          "scale": 1.0,
          "range": 100.0
        },
        "dutyCycle": "DuskTillDawn()"
      }
    },
    {
      "parent": "/Far__x9_z13/Far__x9_z13_LFS/Far_Roads/Road_60x8 (18)/Collider/%GROUP%_Mesh00A51F000E017A40",
      "position": "(0.75,12.25,0)",
      "rotation": "(-0.7071068,0,0,0.7071068)",
      "hash": "25215F7711351A590:252119832A351B100",
      "properties": {
        "type": "Point",
        "intensity": 1.0,
        "range": 30.0,
        "colour": "#FFFFFF",
        "corona": {
          "sprite": "corona_white01.png",
          "scale": 1.0,
          "range": 100.0
        },
        "dutyCycle": "DuskTillDawn()"
      }
    },
    {
      "parent": "/Far__x9_z13/Far__x9_z13_LFS/Far_Roads/Road_60x8 (18)/Collider/%GROUP%_Mesh00A51F000E017A40",
      "position": "(0,12.25,0.75)",
      "rotation": "(-0.7071068,0,0,0.7071068)",
      "hash": "25215F7711351A590:252145832A351A130",
      "properties": {
        "type": "Point",
        "intensity": 1.0,
        "range": 30.0,
        "colour": "#FFFFFF",
        "corona": {
          "sprite": "corona_white01.png",
          "scale": 1.0,
          "range": 100.0
        },
        "dutyCycle": "DuskTillDawn()"
      }
    },
    {
      "parent": "/Far__x9_z13/Far__x9_z13_LFS/Far_Roads/Road_60x8 (18)/Collider/%GROUP%_Mesh00A51F000E017A40",
      "position": "(-0.75,12.25,0)",
      "rotation": "(-0.7071068,0,0,0.7071068)",
      "hash": "25215F7711351A590:252242832A351A3E0",
      "properties": {
        "type": "Point",
        "intensity": 1.0,
        "range": 30.0,
        "colour": "#FFFFFF",
        "corona": {
          "sprite": "corona_white01.png",
          "scale": 1.0,
          "range": 100.0
        },
        "dutyCycle": "DuskTillDawn()"
      }
    },
    {
      "parent": "/Far__x9_z13/Far__x9_z13_LFS/Far_Roads/Road_60x8 (18)/Collider/%GROUP%_Mesh00A51F000E017A40",
      "position": "(0,12.25,-0.75)",
      "rotation": "(-0.7071068,0,0,0.7071068)",
      "hash": "25215F7711351A590:252216832A351B3B0",
      "properties": {
        "type": "Point",
        "intensity": 1.0,
        "range": 30.0,
        "colour": "#FFFFFF",
        "corona": {
          "sprite": "corona_white01.png",
          "scale": 1.0,
          "range": 100.0
        },
        "dutyCycle": "DuskTillDawn()"
      }
    },
    {
      "parent": "/Far__x9_z13/Far__x9_z13_LFS/Far_Roads/Road_60x8 (18)/Collider/%GROUP%_Mesh00A52A000E015217",
      "position": "(0.75,12.25,0)",
      "rotation": "(-0.7071068,0,0,0.7071068)",
      "hash": "251339771134F50C0:251257832A34F5290",
      "properties": {
        "type": "Point",
        "intensity": 1.0,
        "range": 30.0,
        "colour": "#FFFFFF",
        "corona": {
          "sprite": "corona_white01.png",
          "scale": 1.0,
          "range": 100.0
        },
        "dutyCycle": "DuskTillDawn()"
      }
    },
    {
      "parent": "/Far__x9_z13/Far__x9_z13_LFS/Far_Roads/Road_60x8 (18)/Collider/%GROUP%_Mesh00A52A000E015217",
      "position": "(0,12.25,0.75)",
      "rotation": "(-0.7071068,0,0,0.7071068)",
      "hash": "251339771134F50C0:25131D832A34F42B0",
      "properties": {
        "type": "Point",
        "intensity": 1.0,
        "range": 30.0,
        "colour": "#FFFFFF",
        "corona": {
          "sprite": "corona_white01.png",
          "scale": 1.0,
          "range": 100.0
        },
        "dutyCycle": "DuskTillDawn()"
      }
    },
    {
      "parent": "/Far__x9_z13/Far__x9_z13_LFS/Far_Roads/Road_60x8 (18)/Collider/%GROUP%_Mesh00A52A000E015217",
      "position": "(-0.75,12.25,0)",
      "rotation": "(-0.7071068,0,0,0.7071068)",
      "hash": "251339771134F50C0:25141A832A34F4540",
      "properties": {
        "type": "Point",
        "intensity": 1.0,
        "range": 30.0,
        "colour": "#FFFFFF",
        "corona": {
          "sprite": "corona_white01.png",
          "scale": 1.0,
          "range": 100.0
        },
        "dutyCycle": "DuskTillDawn()"
      }
    },
    {
      "parent": "/Far__x9_z13/Far__x9_z13_LFS/Far_Roads/Road_60x8 (18)/Collider/%GROUP%_Mesh00A52A000E015217",
      "position": "(0,12.25,-0.75)",
      "rotation": "(-0.7071068,0,0,0.7071068)",
      "hash": "251339771134F50C0:251355832A34F5520",
      "properties": {
        "type": "Point",
        "intensity": 1.0,
        "range": 30.0,
        "colour": "#FFFFFF",
        "corona": {
          "sprite": "corona_white01.png",
          "scale": 1.0,
          "range": 100.0
        },
        "dutyCycle": "DuskTillDawn()"
      }
    },
    {
      "parent": "/Far__x9_z13/Far__x9_z13_LFS/Far_Roads/Road_60x8 (18)/Collider/%GROUP%_Mesh00A525000E012A2B",
      "position": "(0.75,12.25,0)",
      "rotation": "(-0.7071068,0,0,0.7071068)",
      "hash": "250519771134CF630:250437832A34D01B0",
      "properties": {
        "type": "Point",
        "intensity": 1.0,
        "range": 30.0,
        "colour": "#FFFFFF",
        "corona": {
          "sprite": "corona_white01.png",
          "scale": 1.0,
          "range": 100.0
        },
        "dutyCycle": "DuskTillDawn()"
      }
    },
    {
      "parent": "/Far__x9_z13/Far__x9_z13_LFS/Far_Roads/Road_60x8 (18)/Collider/%GROUP%_Mesh00A525000E012A2B",
      "position": "(0,12.25,0.75)",
      "rotation": "(-0.7071068,0,0,0.7071068)",
      "hash": "250519771134CF630:250461832A34CF1E0",
      "properties": {
        "type": "Point",
        "intensity": 1.0,
        "range": 30.0,
        "colour": "#FFFFFF",
        "corona": {
          "sprite": "corona_white01.png",
          "scale": 1.0,
          "range": 100.0
        },
        "dutyCycle": "DuskTillDawn()"
      }
    },
    {
      "parent": "/Far__x9_z13/Far__x9_z13_LFS/Far_Roads/Road_60x8 (18)/Collider/%GROUP%_Mesh00A525000E012A2B",
      "position": "(-0.75,12.25,0)",
      "rotation": "(-0.7071068,0,0,0.7071068)",
      "hash": "250519771134CF630:25055E832A34CF470",
      "properties": {
        "type": "Point",
        "intensity": 1.0,
        "range": 30.0,
        "colour": "#FFFFFF",
        "corona": {
          "sprite": "corona_white01.png",
          "scale": 1.0,
          "range": 100.0
        },
        "dutyCycle": "DuskTillDawn()"
      }
    },
    {
      "parent": "/Far__x9_z13/Far__x9_z13_LFS/Far_Roads/Road_60x8 (18)/Collider/%GROUP%_Mesh00A525000E012A2B",
      "position": "(0,12.25,-0.75)",
      "rotation": "(-0.7071068,0,0,0.7071068)",
      "hash": "250519771134CF630:250535832A34D0450",
      "properties": {
        "type": "Point",
        "intensity": 1.0,
        "range": 30.0,
        "colour": "#FFFFFF",
        "corona": {
          "sprite": "corona_white01.png",
          "scale": 1.0,
          "range": 100.0
        },
        "dutyCycle": "DuskTillDawn()"
      }
    },
    {
      "parent": "/Far__x9_z13/Far__x9_z13_LFS/Far_Roads/Road_60x8 (18)/Collider/%GROUP%_Mesh00A523000E010229",
      "position": "(0.75,12.25,0)",
      "rotation": "(-0.7071068,0,0,0.7071068)",
      "hash": "24F658771134AA400:24F612832A34AA5C0",
      "properties": {
        "type": "Point",
        "intensity": 1.0,
        "range": 30.0,
        "colour": "#FFFFFF",
        "corona": {
          "sprite": "corona_white01.png",
          "scale": 1.0,
          "range": 100.0
        },
        "dutyCycle": "DuskTillDawn()"
      }
    },
    {
      "parent": "/Far__x9_z13/Far__x9_z13_LFS/Far_Roads/Road_60x8 (18)/Collider/%GROUP%_Mesh00A523000E010229",
      "position": "(0,12.25,0.75)",
      "rotation": "(-0.7071068,0,0,0.7071068)",
      "hash": "24F658771134AA400:24F63C832A34A95E0",
      "properties": {
        "type": "Point",
        "intensity": 1.0,
        "range": 30.0,
        "colour": "#FFFFFF",
        "corona": {
          "sprite": "corona_white01.png",
          "scale": 1.0,
          "range": 100.0
        },
        "dutyCycle": "DuskTillDawn()"
      }
    },
    {
      "parent": "/Far__x9_z13/Far__x9_z13_LFS/Far_Roads/Road_60x8 (18)/Collider/%GROUP%_Mesh00A523000E010229",
      "position": "(-0.75,12.25,0)",
      "rotation": "(-0.7071068,0,0,0.7071068)",
      "hash": "24F658771134AA400:24F73A832A34AA240",
      "properties": {
        "type": "Point",
        "intensity": 1.0,
        "range": 30.0,
        "colour": "#FFFFFF",
        "corona": {
          "sprite": "corona_white01.png",
          "scale": 1.0,
          "range": 100.0
        },
        "dutyCycle": "DuskTillDawn()"
      }
    },
    {
      "parent": "/Far__x9_z13/Far__x9_z13_LFS/Far_Roads/Road_60x8 (18)/Collider/%GROUP%_Mesh00A523000E010229",
      "position": "(0,12.25,-0.75)",
      "rotation": "(-0.7071068,0,0,0.7071068)",
      "hash": "24F658771134AA400:24F710832A34AB210",
      "properties": {
        "type": "Point",
        "intensity": 1.0,
        "range": 30.0,
        "colour": "#FFFFFF",
        "corona": {
          "sprite": "corona_white01.png",
          "scale": 1.0,
          "range": 100.0
        },
        "dutyCycle": "DuskTillDawn()"
      }
    },
    {
      "parent": "/Far__x9_z13/Far__x9_z13_LFS/Far_Roads/Road_60x8 (18)/Collider/%GROUP%_Mesh00A528000E00DA20",
      "position": "(0.75,12.25,0)",
      "rotation": "(-0.7071068,0,0,0.7071068)",
      "hash": "24E83877113485140:24E756832A34852F0",
      "properties": {
        "type": "Point",
        "intensity": 1.0,
        "range": 30.0,
        "colour": "#FFFFFF",
        "corona": {
          "sprite": "corona_white01.png",
          "scale": 1.0,
          "range": 100.0
        },
        "dutyCycle": "DuskTillDawn()"
      }
    },
    {
      "parent": "/Far__x9_z13/Far__x9_z13_LFS/Far_Roads/Road_60x8 (18)/Collider/%GROUP%_Mesh00A528000E00DA20",
      "position": "(0,12.25,0.75)",
      "rotation": "(-0.7071068,0,0,0.7071068)",
      "hash": "24E83877113485140:24E81D832A3484320",
      "properties": {
        "type": "Point",
        "intensity": 1.0,
        "range": 30.0,
        "colour": "#FFFFFF",
        "corona": {
          "sprite": "corona_white01.png",
          "scale": 1.0,
          "range": 100.0
        },
        "dutyCycle": "DuskTillDawn()"
      }
    },
    {
      "parent": "/Far__x9_z13/Far__x9_z13_LFS/Far_Roads/Road_60x8 (18)/Collider/%GROUP%_Mesh00A528000E00DA20",
      "position": "(-0.75,12.25,0)",
      "rotation": "(-0.7071068,0,0,0.7071068)",
      "hash": "24E83877113485140:24E91A832A34845D0",
      "properties": {
        "type": "Point",
        "intensity": 1.0,
        "range": 30.0,
        "colour": "#FFFFFF",
        "corona": {
          "sprite": "corona_white01.png",
          "scale": 1.0,
          "range": 100.0
        },
        "dutyCycle": "DuskTillDawn()"
      }
    },
    {
      "parent": "/Far__x9_z13/Far__x9_z13_LFS/Far_Roads/Road_60x8 (18)/Collider/%GROUP%_Mesh00A528000E00DA20",
      "position": "(0,12.25,-0.75)",
      "rotation": "(-0.7071068,0,0,0.7071068)",
      "hash": "24E83877113485140:24E853832A34855A0",
      "properties": {
        "type": "Point",
        "intensity": 1.0,
        "range": 30.0,
        "colour": "#FFFFFF",
        "corona": {
          "sprite": "corona_white01.png",
          "scale": 1.0,
          "range": 100.0
        },
        "dutyCycle": "DuskTillDawn()"
      }
    },
    {
      "parent": "/Far__x9_z13/Far__x9_z13_LFS/Far_Roads/Road_60x8 (18)/Collider/%GROUP%_Mesh00A527000E00B225",
      "position": "(0.75,12.25,0)",
      "rotation": "(-0.7071068,0,0,0.7071068)",
      "hash": "24DA177711345F5B0:24D935832A3460110",
      "properties": {
        "type": "Point",
        "intensity": 1.0,
        "range": 30.0,
        "colour": "#FFFFFF",
        "corona": {
          "sprite": "corona_white01.png",
          "scale": 1.0,
          "range": 100.0
        },
        "dutyCycle": "DuskTillDawn()"
      }
    },
    {
      "parent": "/Far__x9_z13/Far__x9_z13_LFS/Far_Roads/Road_60x8 (18)/Collider/%GROUP%_Mesh00A527000E00B225",
      "position": "(0,12.25,0.75)",
      "rotation": "(-0.7071068,0,0,0.7071068)",
      "hash": "24DA177711345F5B0:24D960832A345F150",
      "properties": {
        "type": "Point",
        "intensity": 1.0,
        "range": 30.0,
        "colour": "#FFFFFF",
        "corona": {
          "sprite": "corona_white01.png",
          "scale": 1.0,
          "range": 100.0
        },
        "dutyCycle": "DuskTillDawn()"
      }
    },
    {
      "parent": "/Far__x9_z13/Far__x9_z13_LFS/Far_Roads/Road_60x8 (18)/Collider/%GROUP%_Mesh00A527000E00B225",
      "position": "(-0.75,12.25,0)",
      "rotation": "(-0.7071068,0,0,0.7071068)",
      "hash": "24DA177711345F5B0:24DA5D832A345F400",
      "properties": {
        "type": "Point",
        "intensity": 1.0,
        "range": 30.0,
        "colour": "#FFFFFF",
        "corona": {
          "sprite": "corona_white01.png",
          "scale": 1.0,
          "range": 100.0
        },
        "dutyCycle": "DuskTillDawn()"
      }
    },
    {
      "parent": "/Far__x9_z13/Far__x9_z13_LFS/Far_Roads/Road_60x8 (18)/Collider/%GROUP%_Mesh00A527000E00B225",
      "position": "(0,12.25,-0.75)",
      "rotation": "(-0.7071068,0,0,0.7071068)",
      "hash": "24DA177711345F5B0:24DA31832A34603D0",
      "properties": {
        "type": "Point",
        "intensity": 1.0,
        "range": 30.0,
        "colour": "#FFFFFF",
        "corona": {
          "sprite": "corona_white01.png",
          "scale": 1.0,
          "range": 100.0
        },
        "dutyCycle": "DuskTillDawn()"
      }
    },
    {
      "parent": "/Far__x9_z13/Far__x9_z13_LFS/Far_Roads/Road_60x8 (18)/Collider/%GROUP%_Mesh00A524000E008A13",
      "position": "(0.75,12.25,0)",
      "rotation": "(-0.7071068,0,0,0.7071068)",
      "hash": "24CB4F7711343A290:24CB0A832A343A450",
      "properties": {
        "type": "Point",
        "intensity": 1.0,
        "range": 30.0,
        "colour": "#FFFFFF",
        "corona": {
          "sprite": "corona_white01.png",
          "scale": 1.0,
          "range": 100.0
        },
        "dutyCycle": "DuskTillDawn()"
      }
    },
    {
      "parent": "/Far__x9_z13/Far__x9_z13_LFS/Far_Roads/Road_60x8 (18)/Collider/%GROUP%_Mesh00A524000E008A13",
      "position": "(0,12.25,0.75)",
      "rotation": "(-0.7071068,0,0,0.7071068)",
      "hash": "24CB4F7711343A290:24CB33832A3439470",
      "properties": {
        "type": "Point",
        "intensity": 1.0,
        "range": 30.0,
        "colour": "#FFFFFF",
        "corona": {
          "sprite": "corona_white01.png",
          "scale": 1.0,
          "range": 100.0
        },
        "dutyCycle": "DuskTillDawn()"
      }
    },
    {
      "parent": "/Far__x9_z13/Far__x9_z13_LFS/Far_Roads/Road_60x8 (18)/Collider/%GROUP%_Mesh00A524000E008A13",
      "position": "(-0.75,12.25,0)",
      "rotation": "(-0.7071068,0,0,0.7071068)",
      "hash": "24CB4F7711343A290:24CC31832A343A0D0",
      "properties": {
        "type": "Point",
        "intensity": 1.0,
        "range": 30.0,
        "colour": "#FFFFFF",
        "corona": {
          "sprite": "corona_white01.png",
          "scale": 1.0,
          "range": 100.0
        },
        "dutyCycle": "DuskTillDawn()"
      }
    },
    {
      "parent": "/Far__x9_z13/Far__x9_z13_LFS/Far_Roads/Road_60x8 (18)/Collider/%GROUP%_Mesh00A524000E008A13",
      "position": "(0,12.25,-0.75)",
      "rotation": "(-0.7071068,0,0,0.7071068)",
      "hash": "24CB4F7711343A290:24CC07832A343B0A0",
      "properties": {
        "type": "Point",
        "intensity": 1.0,
        "range": 30.0,
        "colour": "#FFFFFF",
        "corona": {
          "sprite": "corona_white01.png",
          "scale": 1.0,
          "range": 100.0
        },
        "dutyCycle": "DuskTillDawn()"
      }
    },
    {
      "parent": "/Far__x9_z13/Far__x9_z13_LFS/Far_Roads/Road_60x8 (18)/Collider/%GROUP%_Mesh00A529000E006247",
      "position": "(0.75,12.25,0)",
      "rotation": "(-0.7071068,0,0,0.7071068)",
      "hash": "24BD4477113415360:24BC61832A3415500",
      "properties": {
        "type": "Point",
        "intensity": 1.0,
        "range": 30.0,
        "colour": "#FFFFFF",
        "corona": {
          "sprite": "corona_white01.png",
          "scale": 1.0,
          "range": 100.0
        },
        "dutyCycle": "DuskTillDawn()"
      }
    },
    {
      "parent": "/Far__x9_z13/Far__x9_z13_LFS/Far_Roads/Road_60x8 (18)/Collider/%GROUP%_Mesh00A529000E006247",
      "position": "(0,12.25,0.75)",
      "rotation": "(-0.7071068,0,0,0.7071068)",
      "hash": "24BD4477113415360:24BD2A832A3414530",
      "properties": {
        "type": "Point",
        "intensity": 1.0,
        "range": 30.0,
        "colour": "#FFFFFF",
        "corona": {
          "sprite": "corona_white01.png",
          "scale": 1.0,
          "range": 100.0
        },
        "dutyCycle": "DuskTillDawn()"
      }
    },
    {
      "parent": "/Far__x9_z13/Far__x9_z13_LFS/Far_Roads/Road_60x8 (18)/Collider/%GROUP%_Mesh00A529000E006247",
      "position": "(-0.75,12.25,0)",
      "rotation": "(-0.7071068,0,0,0.7071068)",
      "hash": "24BD4477113415360:24BE26832A34151C0",
      "properties": {
        "type": "Point",
        "intensity": 1.0,
        "range": 30.0,
        "colour": "#FFFFFF",
        "corona": {
          "sprite": "corona_white01.png",
          "scale": 1.0,
          "range": 100.0
        },
        "dutyCycle": "DuskTillDawn()"
      }
    },
    {
      "parent": "/Far__x9_z13/Far__x9_z13_LFS/Far_Roads/Road_60x8 (18)/Collider/%GROUP%_Mesh00A529000E006247",
      "position": "(0,12.25,-0.75)",
      "rotation": "(-0.7071068,0,0,0.7071068)",
      "hash": "24BD4477113415360:24BD5E832A3416180",
      "properties": {
        "type": "Point",
        "intensity": 1.0,
        "range": 30.0,
        "colour": "#FFFFFF",
        "corona": {
          "sprite": "corona_white01.png",
          "scale": 1.0,
          "range": 100.0
        },
        "dutyCycle": "DuskTillDawn()"
      }
    },
    {
      "parent": "/Near__x8_z12/Near__x8_z12_LFS/Near_BoxCollider#1/%GROUP%_Mesh00A14D0D2E015533",
      "position": "(0.75,12.25,0)",
      "rotation": "(-0.7071068,0,0,0.7071068)",
      "hash": "24AF2E771133F0530:24AE4C832A33F10A0",
      "properties": {
        "type": "Point",
        "intensity": 1.0,
        "range": 30.0,
        "colour": "#FFFFFF",
        "corona": {
          "sprite": "corona_white01.png",
          "scale": 1.0,
          "range": 100.0
        },
        "dutyCycle": "DuskTillDawn()"
      }
    },
    {
      "parent": "/Near__x8_z12/Near__x8_z12_LFS/Near_BoxCollider#1/%GROUP%_Mesh00A14D0D2E015533",
      "position": "(0,12.25,0.75)",
      "rotation": "(-0.7071068,0,0,0.7071068)",
      "hash": "24AF2E771133F0530:24AF13832A33F00D0",
      "properties": {
        "type": "Point",
        "intensity": 1.0,
        "range": 30.0,
        "colour": "#FFFFFF",
        "corona": {
          "sprite": "corona_white01.png",
          "scale": 1.0,
          "range": 100.0
        },
        "dutyCycle": "DuskTillDawn()"
      }
    },
    {
      "parent": "/Near__x8_z12/Near__x8_z12_LFS/Near_BoxCollider#1/%GROUP%_Mesh00A14D0D2E015533",
      "position": "(-0.75,12.25,0)",
      "rotation": "(-0.7071068,0,0,0.7071068)",
      "hash": "24AF2E771133F0530:24B010832A33F0380",
      "properties": {
        "type": "Point",
        "intensity": 1.0,
        "range": 30.0,
        "colour": "#FFFFFF",
        "corona": {
          "sprite": "corona_white01.png",
          "scale": 1.0,
          "range": 100.0
        },
        "dutyCycle": "DuskTillDawn()"
      }
    },
    {
      "parent": "/Near__x8_z12/Near__x8_z12_LFS/Near_BoxCollider#1/%GROUP%_Mesh00A14D0D2E015533",
      "position": "(0,12.25,-0.75)",
      "rotation": "(-0.7071068,0,0,0.7071068)",
      "hash": "24AF2E771133F0530:24AF49832A33F1350",
      "properties": {
        "type": "Point",
        "intensity": 1.0,
        "range": 30.0,
        "colour": "#FFFFFF",
        "corona": {
          "sprite": "corona_white01.png",
          "scale": 1.0,
          "range": 100.0
        },
        "dutyCycle": "DuskTillDawn()"
      }
    },
    {
      "parent": "/Far__x8_z12/Far__x8_z12_LFS/Far_BoxCollider(Clone)#1/%GROUP%_Mesh00C0500C11013547",
      "position": "(0.75,12.25,0)",
      "rotation": "(-0.7071068,0,0,0.7071068)",
      "hash": "24853F771133FF570:24845D832A34000E0",
      "properties": {
        "type": "Point",
        "intensity": 1.0,
        "range": 30.0,
        "colour": "#FFFFFF",
        "corona": {
          "sprite": "corona_white01.png",
          "scale": 1.0,
          "range": 100.0
        },
        "dutyCycle": "DuskTillDawn()"
      }
    },
    {
      "parent": "/Far__x8_z12/Far__x8_z12_LFS/Far_BoxCollider(Clone)#1/%GROUP%_Mesh00C0500C11013547",
      "position": "(0,12.25,0.75)",
      "rotation": "(-0.7071068,0,0,0.7071068)",
      "hash": "24853F771133FF570:248525832A33FF110",
      "properties": {
        "type": "Point",
        "intensity": 1.0,
        "range": 30.0,
        "colour": "#FFFFFF",
        "corona": {
          "sprite": "corona_white01.png",
          "scale": 1.0,
          "range": 100.0
        },
        "dutyCycle": "DuskTillDawn()"
      }
    },
    {
      "parent": "/Far__x8_z12/Far__x8_z12_LFS/Far_BoxCollider(Clone)#1/%GROUP%_Mesh00C0500C11013547",
      "position": "(-0.75,12.25,0)",
      "rotation": "(-0.7071068,0,0,0.7071068)",
      "hash": "24853F771133FF570:248621832A33FF3D0",
      "properties": {
        "type": "Point",
        "intensity": 1.0,
        "range": 30.0,
        "colour": "#FFFFFF",
        "corona": {
          "sprite": "corona_white01.png",
          "scale": 1.0,
          "range": 100.0
        },
        "dutyCycle": "DuskTillDawn()"
      }
    },
    {
      "parent": "/Far__x8_z12/Far__x8_z12_LFS/Far_BoxCollider(Clone)#1/%GROUP%_Mesh00C0500C11013547",
      "position": "(0,12.25,-0.75)",
      "rotation": "(-0.7071068,0,0,0.7071068)",
      "hash": "24853F771133FF570:24855A832A34003A0",
      "properties": {
        "type": "Point",
        "intensity": 1.0,
        "range": 30.0,
        "colour": "#FFFFFF",
        "corona": {
          "sprite": "corona_white01.png",
          "scale": 1.0,
          "range": 100.0
        },
        "dutyCycle": "DuskTillDawn()"
      }
    },
    {
      "parent": "/Far__x9_z13/Far__x9_z13_LFS/Far_Roads/Road_60x8 (18)/Collider/%GROUP%_Mesh004B29000E003A1D",
      "position": "(0.75,12.25,0)",
      "rotation": "(-0.7071068,0,0,0.7071068)",
      "hash": "245B1177113410070:245B57832A340F500",
      "properties": {
        "type": "Point",
        "intensity": 1.0,
        "range": 30.0,
        "colour": "#FFFFFF",
        "corona": {
          "sprite": "corona_white01.png",
          "scale": 1.0,
          "range": 100.0
        },
        "dutyCycle": "DuskTillDawn()"
      }
    },
    {
      "parent": "/Far__x9_z13/Far__x9_z13_LFS/Far_Roads/Road_60x8 (18)/Collider/%GROUP%_Mesh004B29000E003A1D",
      "position": "(0,12.25,0.75)",
      "rotation": "(-0.7071068,0,0,0.7071068)",
      "hash": "245B1177113410070:245B2C832A34104D0",
      "properties": {
        "type": "Point",
        "intensity": 1.0,
        "range": 30.0,
        "colour": "#FFFFFF",
        "corona": {
          "sprite": "corona_white01.png",
          "scale": 1.0,
          "range": 100.0
        },
        "dutyCycle": "DuskTillDawn()"
      }
    },
    {
      "parent": "/Far__x9_z13/Far__x9_z13_LFS/Far_Roads/Road_60x8 (18)/Collider/%GROUP%_Mesh004B29000E003A1D",
      "position": "(-0.75,12.25,0)",
      "rotation": "(-0.7071068,0,0,0.7071068)",
      "hash": "245B1177113410070:245A2F832A3410220",
      "properties": {
        "type": "Point",
        "intensity": 1.0,
        "range": 30.0,
        "colour": "#FFFFFF",
        "corona": {
          "sprite": "corona_white01.png",
          "scale": 1.0,
          "range": 100.0
        },
        "dutyCycle": "DuskTillDawn()"
      }
    },
    {
      "parent": "/Far__x9_z13/Far__x9_z13_LFS/Far_Roads/Road_60x8 (18)/Collider/%GROUP%_Mesh004B29000E003A1D",
      "position": "(0,12.25,-0.75)",
      "rotation": "(-0.7071068,0,0,0.7071068)",
      "hash": "245B1177113410070:245A5A832A340F250",
      "properties": {
        "type": "Point",
        "intensity": 1.0,
        "range": 30.0,
        "colour": "#FFFFFF",
        "corona": {
          "sprite": "corona_white01.png",
          "scale": 1.0,
          "range": 100.0
        },
        "dutyCycle": "DuskTillDawn()"
      }
    },
    {
      "parent": "/Far__x9_z13/Far__x9_z13_LFS/Far_Roads/Road_60x8 (18)/Collider/%GROUP%_Mesh004B3E000E006226",
      "position": "(0.75,12.25,0)",
      "rotation": "(-0.7071068,0,0,0.7071068)",
      "hash": "24694A771134352B0:246A2B832A34350F0",
      "properties": {
        "type": "Point",
        "intensity": 1.0,
        "range": 30.0,
        "colour": "#FFFFFF",
        "corona": {
          "sprite": "corona_white01.png",
          "scale": 1.0,
          "range": 100.0
        },
        "dutyCycle": "DuskTillDawn()"
      }
    },
    {
      "parent": "/Far__x9_z13/Far__x9_z13_LFS/Far_Roads/Road_60x8 (18)/Collider/%GROUP%_Mesh004B3E000E006226",
      "position": "(0,12.25,0.75)",
      "rotation": "(-0.7071068,0,0,0.7071068)",
      "hash": "24694A771134352B0:246A02832A34360C0",
      "properties": {
        "type": "Point",
        "intensity": 1.0,
        "range": 30.0,
        "colour": "#FFFFFF",
        "corona": {
          "sprite": "corona_white01.png",
          "scale": 1.0,
          "range": 100.0
        },
        "dutyCycle": "DuskTillDawn()"
      }
    },
    {
      "parent": "/Far__x9_z13/Far__x9_z13_LFS/Far_Roads/Road_60x8 (18)/Collider/%GROUP%_Mesh004B3E000E006226",
      "position": "(-0.75,12.25,0)",
      "rotation": "(-0.7071068,0,0,0.7071068)",
      "hash": "24694A771134352B0:246904832A3435470",
      "properties": {
        "type": "Point",
        "intensity": 1.0,
        "range": 30.0,
        "colour": "#FFFFFF",
        "corona": {
          "sprite": "corona_white01.png",
          "scale": 1.0,
          "range": 100.0
        },
        "dutyCycle": "DuskTillDawn()"
      }
    },
    {
      "parent": "/Far__x9_z13/Far__x9_z13_LFS/Far_Roads/Road_60x8 (18)/Collider/%GROUP%_Mesh004B3E000E006226",
      "position": "(0,12.25,-0.75)",
      "rotation": "(-0.7071068,0,0,0.7071068)",
      "hash": "24694A771134352B0:24692E832A3434490",
      "properties": {
        "type": "Point",
        "intensity": 1.0,
        "range": 30.0,
        "colour": "#FFFFFF",
        "corona": {
          "sprite": "corona_white01.png",
          "scale": 1.0,
          "range": 100.0
        },
        "dutyCycle": "DuskTillDawn()"
      }
    },
    {
      "parent": "/Far__x9_z13/Far__x9_z13_LFS/Far_Roads/Road_60x8 (18)/Collider/%GROUP%_Mesh004C4B000E008A21",
      "position": "(0.75,12.25,0)",
      "rotation": "(-0.7071068,0,0,0.7071068)",
      "hash": "24790C7711345A1F0:247951832A345A020",
      "properties": {
        "type": "Point",
        "intensity": 1.0,
        "range": 30.0,
        "colour": "#FFFFFF",
        "corona": {
          "sprite": "corona_white01.png",
          "scale": 1.0,
          "range": 100.0
        },
        "dutyCycle": "DuskTillDawn()"
      }
    },
    {
      "parent": "/Far__x9_z13/Far__x9_z13_LFS/Far_Roads/Road_60x8 (18)/Collider/%GROUP%_Mesh004C4B000E008A21",
      "position": "(0,12.25,0.75)",
      "rotation": "(-0.7071068,0,0,0.7071068)",
      "hash": "24790C7711345A1F0:247929832A345B000",
      "properties": {
        "type": "Point",
        "intensity": 1.0,
        "range": 30.0,
        "colour": "#FFFFFF",
        "corona": {
          "sprite": "corona_white01.png",
          "scale": 1.0,
          "range": 100.0
        },
        "dutyCycle": "DuskTillDawn()"
      }
    },
    {
      "parent": "/Far__x9_z13/Far__x9_z13_LFS/Far_Roads/Road_60x8 (18)/Collider/%GROUP%_Mesh004C4B000E008A21",
      "position": "(-0.75,12.25,0)",
      "rotation": "(-0.7071068,0,0,0.7071068)",
      "hash": "24790C7711345A1F0:24782A832A345A3C0",
      "properties": {
        "type": "Point",
        "intensity": 1.0,
        "range": 30.0,
        "colour": "#FFFFFF",
        "corona": {
          "sprite": "corona_white01.png",
          "scale": 1.0,
          "range": 100.0
        },
        "dutyCycle": "DuskTillDawn()"
      }
    },
    {
      "parent": "/Far__x9_z13/Far__x9_z13_LFS/Far_Roads/Road_60x8 (18)/Collider/%GROUP%_Mesh004C4B000E008A21",
      "position": "(0,12.25,-0.75)",
      "rotation": "(-0.7071068,0,0,0.7071068)",
      "hash": "24790C7711345A1F0:247852832A34593E0",
      "properties": {
        "type": "Point",
        "intensity": 1.0,
        "range": 30.0,
        "colour": "#FFFFFF",
        "corona": {
          "sprite": "corona_white01.png",
          "scale": 1.0,
          "range": 100.0
        },
        "dutyCycle": "DuskTillDawn()"
      }
    },
    {
      "parent": "/Far__x9_z13/Far__x9_z13_LFS/Far_Roads/Road_60x8 (18)/Collider/%GROUP%_Mesh004C5C000E00B226",
      "position": "(0,7.1,1.55)",
      "rotation": "(-0.7071068,0,0,0.7071068)",
      "hash": "2487407711347F400:2488167E1B3481080",
      "properties": {
        "type": "Point",
        "intensity": 1.0,
        "range": 20.0,
        "colour": "#DDEEFF",
        "corona": {
          "sprite": "corona_flare02.png",
          "scale": 1.0,
          "range": 100.0
        },
        "dutyCycle": "DuskTillDawn()"
      }
    },
    {
      "parent": "/Far__x9_z13/Far__x9_z13_LFS/Far_Roads/Road_60x8 (18)/Collider/%GROUP%_Mesh004C5C000E00B226",
      "position": "(0,7.1,-1.55)",
      "rotation": "(-0.7071068,0,0,0.7071068)",
      "hash": "2487407711347F400:2487057E1B347E140",
      "properties": {
        "type": "Point",
        "intensity": 1.0,
        "range": 20.0,
        "colour": "#DDEEFF",
        "corona": {
          "sprite": "corona_flare02.png",
          "scale": 1.0,
          "range": 100.0
        },
        "dutyCycle": "DuskTillDawn()"
      }
    },
    {
      "parent": "/Far__x9_z13/Far__x9_z13_LFS/Far_Roads/Road_60x8 (18)/Collider/%GROUP%_Mesh004D04000E00DA26",
      "position": "(0,7.1,1.55)",
      "rotation": "(-0.7071068,0,0,0.7071068)",
      "hash": "249609771134A45E0:2496417E1B34A6270",
      "properties": {
        "type": "Point",
        "intensity": 1.0,
        "range": 20.0,
        "colour": "#DDEEFF",
        "corona": {
          "sprite": "corona_flare02.png",
          "scale": 1.0,
          "range": 100.0
        },
        "dutyCycle": "DuskTillDawn()"
      }
    },
    {
      "parent": "/Far__x9_z13/Far__x9_z13_LFS/Far_Roads/Road_60x8 (18)/Collider/%GROUP%_Mesh004D04000E00DA26",
      "position": "(0,7.1,-1.55)",
      "rotation": "(-0.7071068,0,0,0.7071068)",
      "hash": "249609771134A45E0:2495367E1B34A3310",
      "properties": {
        "type": "Point",
        "intensity": 1.0,
        "range": 20.0,
        "colour": "#DDEEFF",
        "corona": {
          "sprite": "corona_flare02.png",
          "scale": 1.0,
          "range": 100.0
        },
        "dutyCycle": "DuskTillDawn()"
      }
    },
    {
      "parent": "/Far__x9_z13/Far__x9_z13_LFS/Far_Roads/Road_60x8 (18)/Collider/%GROUP%_Mesh004D04000E010161",
      "position": "(0,7.1,1.55)",
      "rotation": "(-0.7071068,0,0,0.7071068)",
      "hash": "24A41C771134C9590:24A4547E1B34CB220",
      "properties": {
        "type": "Point",
        "intensity": 1.0,
        "range": 20.0,
        "colour": "#DDEEFF",
        "corona": {
          "sprite": "corona_flare02.png",
          "scale": 1.0,
          "range": 100.0
        },
        "dutyCycle": "DuskTillDawn()"
      }
    },
    {
      "parent": "/Far__x9_z13/Far__x9_z13_LFS/Far_Roads/Road_60x8 (18)/Collider/%GROUP%_Mesh004D04000E010161",
      "position": "(0,7.1,-1.55)",
      "rotation": "(-0.7071068,0,0,0.7071068)",
      "hash": "24A41C771134C9590:24A3497E1B34C82D0",
      "properties": {
        "type": "Point",
        "intensity": 1.0,
        "range": 20.0,
        "colour": "#DDEEFF",
        "corona": {
          "sprite": "corona_flare02.png",
          "scale": 1.0,
          "range": 100.0
        },
        "dutyCycle": "DuskTillDawn()"
      }
    },
    {
      "parent": "/Far__x9_z13/Far__x9_z13_LFS/Far_Roads/Road_60x8 (18)/Collider/%GROUP%_Mesh004D11000E012A21",
      "position": "(0,7.1,1.55)",
      "rotation": "(-0.7071068,0,0,0.7071068)",
      "hash": "24B258771134EF340:24B32C7E1B34F0600",
      "properties": {
        "type": "Point",
        "intensity": 1.0,
        "range": 20.0,
        "colour": "#DDEEFF",
        "corona": {
          "sprite": "corona_flare02.png",
          "scale": 1.0,
          "range": 100.0
        },
        "dutyCycle": "DuskTillDawn()"
      }
    },
    {
      "parent": "/Far__x9_z13/Far__x9_z13_LFS/Far_Roads/Road_60x8 (18)/Collider/%GROUP%_Mesh004D11000E012A21",
      "position": "(0,7.1,-1.55)",
      "rotation": "(-0.7071068,0,0,0.7071068)",
      "hash": "24B258771134EF340:24B2217E1B34EE070",
      "properties": {
        "type": "Point",
        "intensity": 1.0,
        "range": 20.0,
        "colour": "#DDEEFF",
        "corona": {
          "sprite": "corona_flare02.png",
          "scale": 1.0,
          "range": 100.0
        },
        "dutyCycle": "DuskTillDawn()"
      }
    },
    {
      "parent": "/Far__x9_z13/Far__x9_z13_LFS/Far_Roads/Road_60x8 (18)/Collider/%GROUP%_Mesh004D18000E01515C",
      "position": "(0,7.1,1.55)",
      "rotation": "(-0.7071068,0,0,0.7071068)",
      "hash": "24C10E771135142E0:24C1467E1B35155A0",
      "properties": {
        "type": "Point",
        "intensity": 1.0,
        "range": 20.0,
        "colour": "#DDEEFF",
        "corona": {
          "sprite": "corona_flare02.png",
          "scale": 1.0,
          "range": 100.0
        },
        "dutyCycle": "DuskTillDawn()"
      }
    },
    {
      "parent": "/Far__x9_z13/Far__x9_z13_LFS/Far_Roads/Road_60x8 (18)/Collider/%GROUP%_Mesh004D18000E01515C",
      "position": "(0,7.1,-1.55)",
      "rotation": "(-0.7071068,0,0,0.7071068)",
      "hash": "24C10E771135142E0:24C03B7E1B3513010",
      "properties": {
        "type": "Point",
        "intensity": 1.0,
        "range": 20.0,
        "colour": "#DDEEFF",
        "corona": {
          "sprite": "corona_flare02.png",
          "scale": 1.0,
          "range": 100.0
        },
        "dutyCycle": "DuskTillDawn()"
      }
    },
    {
      "parent": "/Far__x9_z13/Far__x9_z13_LFS/Far_Roads/Road_60x8 (18)/Collider/%GROUP%_Mesh004C51000E017A2B",
      "position": "(0.75,12.25,0)",
      "rotation": "(-0.7071068,0,0,0.7071068)",
      "hash": "24CF1A7711353A2A0:24CF60832A353A110",
      "properties": {
        "type": "Point",
        "intensity": 1.0,
        "range": 30.0,
        "colour": "#FFFFFF",
        "corona": {
          "sprite": "corona_white01.png",
          "scale": 1.0,
          "range": 100.0
        },
        "dutyCycle": "DuskTillDawn()"
      }
    },
    {
      "parent": "/Far__x9_z13/Far__x9_z13_LFS/Far_Roads/Road_60x8 (18)/Collider/%GROUP%_Mesh004C51000E017A2B",
      "position": "(0,12.25,0.75)",
      "rotation": "(-0.7071068,0,0,0.7071068)",
      "hash": "24CF1A7711353A2A0:24CF34832A353B0D0",
      "properties": {
        "type": "Point",
        "intensity": 1.0,
        "range": 30.0,
        "colour": "#FFFFFF",
        "corona": {
          "sprite": "corona_white01.png",
          "scale": 1.0,
          "range": 100.0
        },
        "dutyCycle": "DuskTillDawn()"
      }
    },
    {
      "parent": "/Far__x9_z13/Far__x9_z13_LFS/Far_Roads/Road_60x8 (18)/Collider/%GROUP%_Mesh004C51000E017A2B",
      "position": "(-0.75,12.25,0)",
      "rotation": "(-0.7071068,0,0,0.7071068)",
      "hash": "24CF1A7711353A2A0:24CE37832A353A440",
      "properties": {
        "type": "Point",
        "intensity": 1.0,
        "range": 30.0,
        "colour": "#FFFFFF",
        "corona": {
          "sprite": "corona_white01.png",
          "scale": 1.0,
          "range": 100.0
        },
        "dutyCycle": "DuskTillDawn()"
      }
    },
    {
      "parent": "/Far__x9_z13/Far__x9_z13_LFS/Far_Roads/Road_60x8 (18)/Collider/%GROUP%_Mesh004C51000E017A2B",
      "position": "(0,12.25,-0.75)",
      "rotation": "(-0.7071068,0,0,0.7071068)",
      "hash": "24CF1A7711353A2A0:24CF00832A3539480",
      "properties": {
        "type": "Point",
        "intensity": 1.0,
        "range": 30.0,
        "colour": "#FFFFFF",
        "corona": {
          "sprite": "corona_white01.png",
          "scale": 1.0,
          "range": 100.0
        },
        "dutyCycle": "DuskTillDawn()"
      }
    },
    {
      "parent": "/Far__x9_z13/Far__x9_z13_LFS/Far_Roads/Road_60x8 (18)/Collider/%GROUP%_Mesh006D24000E017957",
      "position": "(0.75,12.25,0)",
      "rotation": "(-0.7071068,0,0,0.7071068)",
      "hash": "24ED2D7711352E170:24ED12832A352D350",
      "properties": {
        "type": "Point",
        "intensity": 1.0,
        "range": 30.0,
        "colour": "#FFFFFF",
        "corona": {
          "sprite": "corona_white01.png",
          "scale": 1.0,
          "range": 100.0
        },
        "dutyCycle": "DuskTillDawn()"
      }
    },
    {
      "parent": "/Far__x9_z13/Far__x9_z13_LFS/Far_Roads/Road_60x8 (18)/Collider/%GROUP%_Mesh006D24000E017957",
      "position": "(0,12.25,0.75)",
      "rotation": "(-0.7071068,0,0,0.7071068)",
      "hash": "24ED2D7711352E170:24EE0F832A352D600",
      "properties": {
        "type": "Point",
        "intensity": 1.0,
        "range": 30.0,
        "colour": "#FFFFFF",
        "corona": {
          "sprite": "corona_white01.png",
          "scale": 1.0,
          "range": 100.0
        },
        "dutyCycle": "DuskTillDawn()"
      }
    },
    {
      "parent": "/Far__x9_z13/Far__x9_z13_LFS/Far_Roads/Road_60x8 (18)/Collider/%GROUP%_Mesh006D24000E017957",
      "position": "(-0.75,12.25,0)",
      "rotation": "(-0.7071068,0,0,0.7071068)",
      "hash": "24ED2D7711352E170:24ED48832A352E5D0",
      "properties": {
        "type": "Point",
        "intensity": 1.0,
        "range": 30.0,
        "colour": "#FFFFFF",
        "corona": {
          "sprite": "corona_white01.png",
          "scale": 1.0,
          "range": 100.0
        },
        "dutyCycle": "DuskTillDawn()"
      }
    },
    {
      "parent": "/Far__x9_z13/Far__x9_z13_LFS/Far_Roads/Road_60x8 (18)/Collider/%GROUP%_Mesh006D24000E017957",
      "position": "(0,12.25,-0.75)",
      "rotation": "(-0.7071068,0,0,0.7071068)",
      "hash": "24ED2D7711352E170:24EC4B832A352E320",
      "properties": {
        "type": "Point",
        "intensity": 1.0,
        "range": 30.0,
        "colour": "#FFFFFF",
        "corona": {
          "sprite": "corona_white01.png",
          "scale": 1.0,
          "range": 100.0
        },
        "dutyCycle": "DuskTillDawn()"
      }
    },
    {
      "parent": "/Far__x9_z13/Far__x9_z13_LFS/Far_Roads/Flat_40x10 (2)/Collider/%GROUP%_Mesh0000200005001B4F",
      "position": "(0,7.1,-1.55)",
      "rotation": "(-0.7071068,0,0,0.7071068)",
      "hash": "24BC06771A34590A0:24BD327E243458340",
      "properties": {
        "type": "Point",
        "intensity": 1.0,
        "range": 20.0,
        "colour": "#DDEEFF",
        "corona": {
          "sprite": "corona_flare02.png",
          "scale": 1.0,
          "range": 100.0
        },
        "dutyCycle": "DuskTillDawn()"
      }
    },
    {
      "parent": "/Far__x9_z13/Far__x9_z13_LFS/Far_Roads/Flat_40x10 (1)/Collider/%GROUP%_Mesh0000100005002551",
      "position": "(0,7.1,-1.55)",
      "rotation": "(-0.7071068,0,0,0.7071068)",
      "hash": "24C660771A3475030:24C8287E2434742D0",
      "properties": {
        "type": "Point",
        "intensity": 1.0,
        "range": 20.0,
        "colour": "#DDEEFF",
        "corona": {
          "sprite": "corona_flare02.png",
          "scale": 1.0,
          "range": 100.0
        },
        "dutyCycle": "DuskTillDawn()"
      }
    },
    {
      "parent": "/Far__x9_z13/Far__x9_z13_LFS/Far_Roads/Flat_40x10 (1)/Collider/%GROUP%_Mesh00000F000500074A",
      "position": "(0,7.1,-1.55)",
      "rotation": "(-0.7071068,0,0,0.7071068)",
      "hash": "24D14B771A34910A0:24D3137E243490340",
      "properties": {
        "type": "Point",
        "intensity": 1.0,
        "range": 20.0,
        "colour": "#DDEEFF",
        "corona": {
          "sprite": "corona_flare02.png",
          "scale": 1.0,
          "range": 100.0
        },
        "dutyCycle": "DuskTillDawn()"
      }
    },
    {
      "parent": "/Far__x9_z13/Far__x9_z13_LFS/Far_Roads/Flat_40x10/Collider/%GROUP%_Mesh0000110005001148",
      "position": "(0,7.1,-1.55)",
      "rotation": "(-0.7071068,0,0,0.7071068)",
      "hash": "24DC31771A34AD0C0:24DD5D7E2434AC360",
      "properties": {
        "type": "Point",
        "intensity": 1.0,
        "range": 20.0,
        "colour": "#DDEEFF",
        "corona": {
          "sprite": "corona_flare02.png",
          "scale": 1.0,
          "range": 100.0
        },
        "dutyCycle": "DuskTillDawn()"
      }
    },
    {
      "parent": "/Far__x9_z13/Far__x9_z13_LFS/Far_SilosCranes/Portal_Crane/collider (1)/%GROUP%_Mesh0000010F4000034E",
      "position": "(0,1.245,-0.188)",
      "rotation": "(0,0.8241809,0,0.5663267)",
      "hash": "249A5F866034D91E0:249C0B864E34D8560",
      "properties": {
        "type": "Point",
        "intensity": 1.0,
        "range": 30.0,
        "colour": "#FFFFFF",
        "corona": {
          "sprite": "corona_white01.png",
          "scale": 1.0,
          "range": 100.0
        },
        "dutyCycle": "DuskTillDawn()"
      }
    },
    {
      "parent": "/Far__x9_z13/Far__x9_z13_LFS/Far_SilosCranes/Portal_Crane/collider (1)/%GROUP%_Mesh0000010F4000034E",
      "position": "(-0.705,0.867,-0.153)",
      "rotation": "(0,0.8241809,0,0.5663267)",
      "hash": "249A5F866034D91E0:249B32865134D8210",
      "properties": {
        "type": "Point",
        "intensity": 1.0,
        "range": 30.0,
        "colour": "#FFFFFF",
        "corona": {
          "sprite": "corona_white01.png",
          "scale": 1.0,
          "range": 100.0
        },
        "dutyCycle": "DuskTillDawn()"
      }
    },
    {
      "parent": "/Far__x9_z13/Far__x9_z13_LFS/Far_SilosCranes/Portal_Crane/collider (1)/%GROUP%_Mesh0000010F4000034E",
      "position": "(0.705,0.867,-0.153)",
      "rotation": "(0,0.8241809,0,0.5663267)",
      "hash": "249A5F866034D91E0:249C01865134D9410",
      "properties": {
        "type": "Point",
        "intensity": 1.0,
        "range": 30.0,
        "colour": "#FFFFFF",
        "corona": {
          "sprite": "corona_white01.png",
          "scale": 1.0,
          "range": 100.0
        },
        "dutyCycle": "DuskTillDawn()"
      }
    }
  ],
  "meshes": [
    {
      "parent": "/Far__x9_z13/Far__x9_z13_LFS/Far_Roads/Road_60x8 (18)/Collider",
      "position": "(-165.182388,-0.140922546,-458.413269)",
      "rotation": "(0,0.9848078,0,-0.173648223)",
      "hash": "23FF57771F33F4450:253E2B77113565280",
      "properties": {
        "file": "meshes_lampposts.assetbundle",
        "mesh": "YardLamp_Floor"
      }
    },
    {
      "parent": "/Far__x9_z13/Far__x9_z13_LFS/Far_Roads/Road_60x8 (18)/Collider",
      "position": "(-165.2955,-0.140922546,-418.595459)",
      "rotation": "(0,0.9832549,0,-0.1822355)",
      "hash": "23FF57771F33F4450:25301A77113540130",
      "properties": {
        "file": "meshes_lampposts.assetbundle",
        "mesh": "YardLamp_Floor"
      }
    },
    {
      "parent": "/Far__x9_z13/Far__x9_z13_LFS/Far_Roads/Road_60x8 (18)/Collider",
      "position": "(-165.31662,-0.140922546,-378.644)",
      "rotation": "(0,0.9832549,0,-0.1822355)",
      "hash": "23FF57771F33F4450:25215F7711351A590",
      "properties": {
        "file": "meshes_lampposts.assetbundle",
        "mesh": "YardLamp_Floor"
      }
    },
    {
      "parent": "/Far__x9_z13/Far__x9_z13_LFS/Far_Roads/Road_60x8 (18)/Collider",
      "position": "(-165.426788,-0.140922546,-338.231934)",
      "rotation": "(0,0.9816272,0,-0.190809041)",
      "hash": "23FF57771F33F4450:251339771134F50C0",
      "properties": {
        "file": "meshes_lampposts.assetbundle",
        "mesh": "YardLamp_Floor"
      }
    },
    {
      "parent": "/Far__x9_z13/Far__x9_z13_LFS/Far_Roads/Road_60x8 (18)/Collider",
      "position": "(-165.371521,-0.140922546,-298.433167)",
      "rotation": "(0,0.9816272,0,-0.190809041)",
      "hash": "23FF57771F33F4450:250519771134CF630",
      "properties": {
        "file": "meshes_lampposts.assetbundle",
        "mesh": "YardLamp_Floor"
      }
    },
    {
      "parent": "/Far__x9_z13/Far__x9_z13_LFS/Far_Roads/Road_60x8 (18)/Collider",
      "position": "(-165.3525,-0.140922546,-258.411926)",
      "rotation": "(0,0.9816272,0,-0.190809041)",
      "hash": "23FF57771F33F4450:24F658771134AA400",
      "properties": {
        "file": "meshes_lampposts.assetbundle",
        "mesh": "YardLamp_Floor"
      }
    },
    {
      "parent": "/Far__x9_z13/Far__x9_z13_LFS/Far_Roads/Road_60x8 (18)/Collider",
      "position": "(-165.405518,-0.140922546,-218.328354)",
      "rotation": "(0,0.9832549,0,-0.1822355)",
      "hash": "23FF57771F33F4450:24E83877113485140",
      "properties": {
        "file": "meshes_lampposts.assetbundle",
        "mesh": "YardLamp_Floor"
      }
    },
    {
      "parent": "/Far__x9_z13/Far__x9_z13_LFS/Far_Roads/Road_60x8 (18)/Collider",
      "position": "(-165.39798,-0.140922546,-178.3753)",
      "rotation": "(0,0.9832549,0,-0.1822355)",
      "hash": "23FF57771F33F4450:24DA177711345F5B0",
      "properties": {
        "file": "meshes_lampposts.assetbundle",
        "mesh": "YardLamp_Floor"
      }
    },
    {
      "parent": "/Far__x9_z13/Far__x9_z13_LFS/Far_Roads/Road_60x8 (18)/Collider",
      "position": "(-165.367554,-0.140922546,-138.195877)",
      "rotation": "(0,0.9816272,0,-0.190809041)",
      "hash": "23FF57771F33F4450:24CB4F7711343A290",
      "properties": {
        "file": "meshes_lampposts.assetbundle",
        "mesh": "YardLamp_Floor"
      }
    },
    {
      "parent": "/Far__x9_z13/Far__x9_z13_LFS/Far_Roads/Road_60x8 (18)/Collider",
      "position": "(-165.413147,-0.140922546,-98.7172546)",
      "rotation": "(0,0.9848078,0,-0.173648223)",
      "hash": "23FF57771F33F4450:24BD4477113415360",
      "properties": {
        "file": "meshes_lampposts.assetbundle",
        "mesh": "YardLamp_Floor"
      }
    },
    {
      "parent": "/Near__x8_z12/Near__x8_z12_LFS/Near_BoxCollider#1",
      "position": "(-161.7766,13.4669895,341.5178)",
      "rotation": "(0,0.9832549,0,-0.1822355)",
      "hash": "23BB2B773632CF610:24AF2E771133F0530",
      "properties": {
        "file": "meshes_lampposts.assetbundle",
        "mesh": "YardLamp_Floor"
      }
    },
    {
      "parent": "/Far__x8_z12/Far__x8_z12_LFS/Far_BoxCollider(Clone)#1",
      "position": "(-192.8022,12.1784582,309.7124)",
      "rotation": "(0,0.9832549,0,-0.1822355)",
      "hash": "23BB2B773632CF610:24853F771133FF570",
      "properties": {
        "file": "meshes_lampposts.assetbundle",
        "mesh": "YardLamp_Floor"
      }
    },
    {
      "parent": "/Far__x9_z13/Far__x9_z13_LFS/Far_Roads/Road_60x8 (18)/Collider",
      "position": "(-75.41441,-0.140922546,-58.29313)",
      "rotation": "(0,0.182235539,0,0.9832549)",
      "hash": "23FF57771F33F4450:245B1177113410070",
      "properties": {
        "file": "meshes_lampposts.assetbundle",
        "mesh": "YardLamp_Floor"
      }
    },
    {
      "parent": "/Far__x9_z13/Far__x9_z13_LFS/Far_Roads/Road_60x8 (18)/Collider",
      "position": "(-75.62053,-0.140922546,-98.38834)",
      "rotation": "(0,0.190809,0,0.9816272)",
      "hash": "23FF57771F33F4450:24694A771134352B0",
      "properties": {
        "file": "meshes_lampposts.assetbundle",
        "mesh": "YardLamp_Floor"
      }
    },
    {
      "parent": "/Far__x9_z13/Far__x9_z13_LFS/Far_Roads/Road_60x8 (18)/Collider",
      "position": "(-76.75128,-0.140922546,-138.331329)",
      "rotation": "(0,0.199367926,0,0.9799247)",
      "hash": "23FF57771F33F4450:24790C7711345A1F0",
      "properties": {
        "file": "meshes_lampposts.assetbundle",
        "mesh": "YardLamp_Floor"
      }
    },
    {
      "parent": "/Far__x9_z13/Far__x9_z13_LFS/Far_Roads/Road_60x8 (18)/Collider",
      "position": "(-76.92041,-0.140922546,-178.389343)",
      "rotation": "(0,0.190809,0,0.9816272)",
      "hash": "23FF57771F33F4450:2487407711347F400",
      "properties": {
        "file": "meshes_lampposts.assetbundle",
        "mesh": "LampPostDouble_Floor"
      }
    },
    {
      "parent": "/Far__x9_z13/Far__x9_z13_LFS/Far_Roads/Road_60x8 (18)/Collider",
      "position": "(-77.04178,-0.140922546,-218.389252)",
      "rotation": "(0,0.182235539,0,0.9832549)",
      "hash": "23FF57771F33F4450:249609771134A45E0",
      "properties": {
        "file": "meshes_lampposts.assetbundle",
        "mesh": "LampPostDouble_Floor"
      }
    },
    {
      "parent": "/Far__x9_z13/Far__x9_z13_LFS/Far_Roads/Road_60x8 (18)/Collider",
      "position": "(-77.04173,-0.140922546,-257.975342)",
      "rotation": "(0,0.182235539,0,0.9832549)",
      "hash": "23FF57771F33F4450:24A41C771134C9590",
      "properties": {
        "file": "meshes_lampposts.assetbundle",
        "mesh": "LampPostDouble_Floor"
      }
    },
    {
      "parent": "/Far__x9_z13/Far__x9_z13_LFS/Far_Roads/Road_60x8 (18)/Collider",
      "position": "(-77.17834,-0.140922546,-298.3305)",
      "rotation": "(0,0.182235539,0,0.9832549)",
      "hash": "23FF57771F33F4450:24B258771134EF340",
      "properties": {
        "file": "meshes_lampposts.assetbundle",
        "mesh": "LampPostDouble_Floor"
      }
    },
    {
      "parent": "/Far__x9_z13/Far__x9_z13_LFS/Far_Roads/Road_60x8 (18)/Collider",
      "position": "(-77.24882,-0.140922546,-337.929)",
      "rotation": "(0,0.182235539,0,0.9832549)",
      "hash": "23FF57771F33F4450:24C10E771135142E0",
      "properties": {
        "file": "meshes_lampposts.assetbundle",
        "mesh": "LampPostDouble_Floor"
      }
    },
    {
      "parent": "/Far__x9_z13/Far__x9_z13_LFS/Far_Roads/Road_60x8 (18)/Collider",
      "position": "(-76.81308,-0.140922546,-378.431519)",
      "rotation": "(0,0.173648164,0,0.9848078)",
      "hash": "23FF57771F33F4450:24CF1A7711353A2A0",
      "properties": {
        "file": "meshes_lampposts.assetbundle",
        "mesh": "YardLamp_Floor"
      }
    },
    {
      "parent": "/Far__x9_z13/Far__x9_z13_LFS/Far_Roads/Road_60x8 (18)/Collider",
      "position": "(-109.366493,-0.140922546,-377.874969)",
      "rotation": "(0,0.8241262,0,0.56640625)",
      "hash": "23FF57771F33F4450:24ED2D7711352E170",
      "properties": {
        "file": "meshes_lampposts.assetbundle",
        "mesh": "YardLamp_Floor"
      }
    },
    {
      "parent": "/Far__x9_z13/Far__x9_z13_LFS/Far_Roads/Flat_40x10 (2)/Collider",
      "position": "(0.323280334,-0.05000305,27.7910233)",
      "rotation": "(0,-0.559193,0,0.8290375)",
      "hash": "24C621771F34725D0:24BC06771A34590A0",
      "properties": {
        "file": "meshes_lampposts.assetbundle",
        "mesh": "LampPostSmall_Floor"
      }
    },
    {
      "parent": "/Far__x9_z13/Far__x9_z13_LFS/Far_Roads/Flat_40x10 (1)/Collider",
      "position": "(0.160087585,-0.05000305,37.8115)",
      "rotation": "(0,-0.559193,0,0.8290375)",
      "hash": "24D443771F34981B0:24C660771A3475030",
      "properties": {
        "file": "meshes_lampposts.assetbundle",
        "mesh": "LampPostSmall_Floor"
      }
    },
    {
      "parent": "/Far__x9_z13/Far__x9_z13_LFS/Far_Roads/Flat_40x10 (1)/Collider",
      "position": "(0.152137756,-0.05000305,7.740959)",
      "rotation": "(0,-0.559193,0,0.8290375)",
      "hash": "24D443771F34981B0:24D14B771A34910A0",
      "properties": {
        "file": "meshes_lampposts.assetbundle",
        "mesh": "LampPostSmall_Floor"
      }
    },
    {
      "parent": "/Far__x9_z13/Far__x9_z13_LFS/Far_Roads/Flat_40x10/Collider",
      "position": "(0.173477173,-0.05000305,17.7277)",
      "rotation": "(0,-0.559193,0,0.8290375)",
      "hash": "24E301771F34BD3D0:24DC31771A34AD0C0",
      "properties": {
        "file": "meshes_lampposts.assetbundle",
        "mesh": "LampPostSmall_Floor"
      }
    },
    {
      "parent": "/Far__x9_z13/Far__x9_z13_LFS/Far_SilosCranes/Portal_Crane/collider (1)",
      "position": "(-0.0116472244,15.6490917,-3.78108025)",
      "rotation": "(-0.582783937,-0.400453448,-0.400453448,0.5827839)",
      "hash": "249E2F771F34D75E0:249A5F866034D91E0",
      "properties": {
        "file": "meshes_lampposts.assetbundle",
        "mesh": "YardLamp_Wall"
      }
    }
  ],
  "decorations": []
}