{
  "version": 92,
  "enabled": true,
  "priority": "Low",
  "lights": [
    {
      "parent": "/Far__x12_z14/Far__x12_z14_LFS/Far_MilitaryBase-old/MilitaryDepot/MilitaryUndergroundDepot/MilitaryDepot_LOD0",
      "position": "(-2.00208664,8.249495,2.69473267)",
      "rotation": "(0.342198849,0.5955296,-0.310005277,0.657374442)",
      "hash": "301F24D726398C330:301C57DF3F398A190",
      "properties": {
        "type": "Point",
        "intensity": 1.0,
        "range": 20.0,
        "colour": "#DDEEFF",
        "corona": {
          "sprite": "corona_flare02.png",
          "scale": 1.0,
          "range": 100.0
        },
        "dutyCycle": "DuskTillDawn()"
      }
    },
    {
      "parent": "/Far__x12_z14/Far__x12_z14_LFS/Far_MilitaryBase-old/MilitaryDepot/MilitaryUndergroundDepot/MilitaryDepot_LOD0",
      "position": "(1.95622253,8.259413,2.68081665)",
      "rotation": "(0.342198849,0.5955296,-0.310005277,0.657374442)",
      "hash": "301F24D726398C330:301C32DF40398E140",
      "properties": {
        "type": "Point",
        "intensity": 1.0,
        "range": 20.0,
        "colour": "#DDEEFF",
        "corona": {
          "sprite": "corona_flare02.png",
          "scale": 1.0,
          "range": 100.0
        },
        "dutyCycle": "DuskTillDawn()"
      }
    },
    {
      "parent": "/Far__x12_z14/Far__x12_z14_LFS/Far_SilosCranes/MilitaryStorage (1)/Collider/%GROUP%_Mesh00081E0456000007",
      "position": "(0,0.253,-0.032)",
      "hash": "306D34DB613970470:306D32DB5E3970600",
      "properties": {
        "type": "Point",
        "intensity": 0.5,
        "range": 10.0,
        "colour": "#FFFFFF",
        "corona": {
          "sprite": "corona_flare02.png",
          "scale": 0.87,
          "range": 100.0
        },
        "dutyCycle": "DuskTillDawn()"
      }
    },
    {
      "parent": "/Far__x12_z14/Far__x12_z14_LFS/Far_SilosCranes/MilitaryStorage (2)/Collider/%GROUP%_Mesh00081E0453000005",
      "position": "(0,0.253,-0.032)",
      "hash": "308B28DB5E3973430:308B25DB5B39735C0",
      "properties": {
        "type": "Point",
        "intensity": 0.5,
        "range": 10.0,
        "colour": "#FFFFFF",
        "corona": {
          "sprite": "corona_flare02.png",
          "scale": 0.87,
          "range": 100.0
        },
        "dutyCycle": "DuskTillDawn()"
      }
    },
    {
      "parent": "/Far__x12_z14/Far__x12_z14_LFS/Far_SilosCranes/MilitaryStorage (3)/Collider/%GROUP%_Mesh00081E0450000004",
      "position": "(0,0.253,-0.032)",
      "hash": "30A91ADB5C39763E0:30A917DB593976570",
      "properties": {
        "type": "Point",
        "intensity": 0.5,
        "range": 10.0,
        "colour": "#FFFFFF",
        "corona": {
          "sprite": "corona_flare02.png",
          "scale": 0.87,
          "range": 100.0
        },
        "dutyCycle": "DuskTillDawn()"
      }
    },
    {
      "parent": "/Far__x12_z14/Far__x12_z14_LFS/Far_SilosCranes/MilitaryStorage/Collider/%GROUP%_Mesh00081E0451000002",
      "position": "(0,0.253,-0.032)",
      "hash": "30C90DDB5C39794E0:30C90ADB59397A030",
      "properties": {
        "type": "Point",
        "intensity": 0.5,
        "range": 10.0,
        "colour": "#FFFFFF",
        "corona": {
          "sprite": "corona_flare02.png",
          "scale": 0.87,
          "range": 100.0
        },
        "dutyCycle": "DuskTillDawn()"
      }
    }
  ],
  "meshes": [
    {
      "parent": "/Far__x12_z14/Far__x12_z14_LFS/Far_SilosCranes/MilitaryStorage (1)/Collider",
      "position": "(-8.304726,4.860696,-0.07406616)",
      "rotation": "(-0.0348611549,0.706247,0.706247,0.0348611549)",
      "hash": "306E29D70B39682D0:306D34DB613970470",
      "properties": {
        "file": "meshes_lampposts.assetbundle",
        "mesh": "FloodLight_Wall"
      }
    },
    {
      "parent": "/Far__x12_z14/Far__x12_z14_LFS/Far_SilosCranes/MilitaryStorage (2)/Collider",
      "position": "(-8.305031,4.83156633,-0.0511322021)",
      "rotation": "(-0.0348611549,0.706247,0.706247,0.0348611549)",
      "hash": "308C1BD70B396B290:308B28DB5E3973430",
      "properties": {
        "file": "meshes_lampposts.assetbundle",
        "mesh": "FloodLight_Wall"
      }
    },
    {
      "parent": "/Far__x12_z14/Far__x12_z14_LFS/Far_SilosCranes/MilitaryStorage (3)/Collider",
      "position": "(-8.30530548,4.80828142,-0.0478286743)",
      "rotation": "(-0.0348611549,0.706247,0.706247,0.0348611549)",
      "hash": "30AA0CD70B396E240:30A91ADB5C39763E0",
      "properties": {
        "file": "meshes_lampposts.assetbundle",
        "mesh": "FloodLight_Wall"
      }
    },
    {
      "parent": "/Far__x12_z14/Far__x12_z14_LFS/Far_SilosCranes/MilitaryStorage/Collider",
      "position": "(-8.305431,4.811638,-0.0200538635)",
      "rotation": "(-0.0348611549,0.706247,0.706247,0.0348611549)",
      "hash": "30C961D70B3971330:30C90DDB5C39794E0",
      "properties": {
        "file": "meshes_lampposts.assetbundle",
        "mesh": "FloodLight_Wall"
      }
    }
  ],
  "decorations": []
}