{
  "version": 92,
  "enabled": true,
  "priority": "High",
  "lights": [
    {
      "parent": "/Far__x12_z14/Far__x12_z14_LFS/Far_Roads/Flat_40x40/Collider/%GROUP%_Mesh00334E000A003343",
      "position": "(0.75,12.25,0)",
      "rotation": "(-0.7071068,0,0,0.7071068)",
      "hash": "305A4BD7223993330:305A44E33B39941A0",
      "properties": {
        "type": "Point",
        "intensity": 1.0,
        "range": 30.0,
        "colour": "#FFFFFF",
        "corona": {
          "sprite": "corona_white01.png",
          "scale": 1.0,
          "range": 100.0
        },
        "dutyCycle": "DuskTillDawn()"
      }
    },
    {
      "parent": "/Far__x12_z14/Far__x12_z14_LFS/Far_Roads/Flat_40x40/Collider/%GROUP%_Mesh00334E000A003343",
      "position": "(0,12.25,0.75)",
      "rotation": "(-0.7071068,0,0,0.7071068)",
      "hash": "305A4BD7223993330:305A00E33B39932D0",
      "properties": {
        "type": "Point",
        "intensity": 1.0,
        "range": 30.0,
        "colour": "#FFFFFF",
        "corona": {
          "sprite": "corona_white01.png",
          "scale": 1.0,
          "range": 100.0
        },
        "dutyCycle": "DuskTillDawn()"
      }
    },
    {
      "parent": "/Far__x12_z14/Far__x12_z14_LFS/Far_Roads/Flat_40x40/Collider/%GROUP%_Mesh00334E000A003343",
      "position": "(-0.75,12.25,0)",
      "rotation": "(-0.7071068,0,0,0.7071068)",
      "hash": "305A4BD7223993330:305A51E33B39924C0",
      "properties": {
        "type": "Point",
        "intensity": 1.0,
        "range": 30.0,
        "colour": "#FFFFFF",
        "corona": {
          "sprite": "corona_white01.png",
          "scale": 1.0,
          "range": 100.0
        },
        "dutyCycle": "DuskTillDawn()"
      }
    },
    {
      "parent": "/Far__x12_z14/Far__x12_z14_LFS/Far_Roads/Flat_40x40/Collider/%GROUP%_Mesh00334E000A003343",
      "position": "(0,12.25,-0.75)",
      "rotation": "(-0.7071068,0,0,0.7071068)",
      "hash": "305A4BD7223993330:305B32E33B39933A0",
      "properties": {
        "type": "Point",
        "intensity": 1.0,
        "range": 30.0,
        "colour": "#FFFFFF",
        "corona": {
          "sprite": "corona_white01.png",
          "scale": 1.0,
          "range": 100.0
        },
        "dutyCycle": "DuskTillDawn()"
      }
    },
    {
      "parent": "/Far__x12_z14/Far__x12_z14_LFS/Far_SilosCranes/GuardTower/Collider/%GROUP%_Mesh0000050854000227",
      "position": "(0,1.245,-0.188)",
      "hash": "309149E00E39AF590:30915FDF5F39AE430",
      "properties": {
        "type": "Point",
        "intensity": 1.0,
        "range": 30.0,
        "colour": "#FFFFFF",
        "corona": {
          "sprite": "corona_white01.png",
          "scale": 1.0,
          "range": 100.0
        },
        "dutyCycle": "DuskTillDawn()"
      }
    },
    {
      "parent": "/Far__x12_z14/Far__x12_z14_LFS/Far_SilosCranes/GuardTower/Collider/%GROUP%_Mesh0000050854000227",
      "position": "(-0.705,0.867,-0.153)",
      "hash": "309149E00E39AF590:309113DF6339AE5B0",
      "properties": {
        "type": "Point",
        "intensity": 1.0,
        "range": 30.0,
        "colour": "#FFFFFF",
        "corona": {
          "sprite": "corona_white01.png",
          "scale": 1.0,
          "range": 100.0
        },
        "dutyCycle": "DuskTillDawn()"
      }
    },
    {
      "parent": "/Far__x12_z14/Far__x12_z14_LFS/Far_SilosCranes/GuardTower/Collider/%GROUP%_Mesh0000050854000227",
      "position": "(0.705,0.867,-0.153)",
      "hash": "309149E00E39AF590:30923ADF6339AF110",
      "properties": {
        "type": "Point",
        "intensity": 1.0,
        "range": 30.0,
        "colour": "#FFFFFF",
        "corona": {
          "sprite": "corona_white01.png",
          "scale": 1.0,
          "range": 100.0
        },
        "dutyCycle": "DuskTillDawn()"
      }
    },
    {
      "parent": "/Far__x12_z14/Far__x12_z14_LFS/Far_SilosCranes/GuardTower (1)/Collider/%GROUP%_Mesh0000030854000228",
      "position": "(0,1.245,-0.188)",
      "hash": "31C94FDE2F39CF620:31C95CDE1D39CE4A0",
      "properties": {
        "type": "Point",
        "intensity": 1.0,
        "range": 30.0,
        "colour": "#FFFFFF",
        "corona": {
          "sprite": "corona_white01.png",
          "scale": 1.0,
          "range": 100.0
        },
        "dutyCycle": "DuskTillDawn()"
      }
    },
    {
      "parent": "/Far__x12_z14/Far__x12_z14_LFS/Far_SilosCranes/GuardTower (1)/Collider/%GROUP%_Mesh0000030854000228",
      "position": "(-0.705,0.867,-0.153)",
      "hash": "31C94FDE2F39CF620:31C912DE2039CF040",
      "properties": {
        "type": "Point",
        "intensity": 1.0,
        "range": 30.0,
        "colour": "#FFFFFF",
        "corona": {
          "sprite": "corona_white01.png",
          "scale": 1.0,
          "range": 100.0
        },
        "dutyCycle": "DuskTillDawn()"
      }
    },
    {
      "parent": "/Far__x12_z14/Far__x12_z14_LFS/Far_SilosCranes/GuardTower (1)/Collider/%GROUP%_Mesh0000030854000228",
      "position": "(0.705,0.867,-0.153)",
      "hash": "31C94FDE2F39CF620:31CA3ADE2039CF130",
      "properties": {
        "type": "Point",
        "intensity": 1.0,
        "range": 30.0,
        "colour": "#FFFFFF",
        "corona": {
          "sprite": "corona_white01.png",
          "scale": 1.0,
          "range": 100.0
        },
        "dutyCycle": "DuskTillDawn()"
      }
    },
    {
      "parent": "/Far__x12_z14/Far__x12_z14_LFS/Far_Roads/Road_Helipad/Collider/%GROUP%_Mesh005B4F0006000E0C",
      "position": "(0.75,12.25,0)",
      "rotation": "(-0.7071068,0,0,0.7071068)",
      "hash": "320D44D72539A04B0:320D41E33E39A1320",
      "properties": {
        "type": "Point",
        "intensity": 1.0,
        "range": 30.0,
        "colour": "#FFFFFF",
        "corona": {
          "sprite": "corona_white01.png",
          "scale": 1.0,
          "range": 100.0
        },
        "dutyCycle": "DuskTillDawn()"
      }
    },
    {
      "parent": "/Far__x12_z14/Far__x12_z14_LFS/Far_Roads/Road_Helipad/Collider/%GROUP%_Mesh005B4F0006000E0C",
      "position": "(0,12.25,0.75)",
      "rotation": "(-0.7071068,0,0,0.7071068)",
      "hash": "320D44D72539A04B0:320C5DE33E39A0490",
      "properties": {
        "type": "Point",
        "intensity": 1.0,
        "range": 30.0,
        "colour": "#FFFFFF",
        "corona": {
          "sprite": "corona_white01.png",
          "scale": 1.0,
          "range": 100.0
        },
        "dutyCycle": "DuskTillDawn()"
      }
    },
    {
      "parent": "/Far__x12_z14/Far__x12_z14_LFS/Far_Roads/Road_Helipad/Collider/%GROUP%_Mesh005B4F0006000E0C",
      "position": "(-0.75,12.25,0)",
      "rotation": "(-0.7071068,0,0,0.7071068)",
      "hash": "320D44D72539A04B0:320D46E33E39A0000",
      "properties": {
        "type": "Point",
        "intensity": 1.0,
        "range": 30.0,
        "colour": "#FFFFFF",
        "corona": {
          "sprite": "corona_white01.png",
          "scale": 1.0,
          "range": 100.0
        },
        "dutyCycle": "DuskTillDawn()"
      }
    },
    {
      "parent": "/Far__x12_z14/Far__x12_z14_LFS/Far_Roads/Road_Helipad/Collider/%GROUP%_Mesh005B4F0006000E0C",
      "position": "(0,12.25,-0.75)",
      "rotation": "(-0.7071068,0,0,0.7071068)",
      "hash": "320D44D72539A04B0:320E2BE33E39A04E0",
      "properties": {
        "type": "Point",
        "intensity": 1.0,
        "range": 30.0,
        "colour": "#FFFFFF",
        "corona": {
          "sprite": "corona_white01.png",
          "scale": 1.0,
          "range": 100.0
        },
        "dutyCycle": "DuskTillDawn()"
      }
    },
    {
      "parent": "/Far__x12_z14/Far__x12_z14_LFS/Far_Roads/Flat_40x40/Collider/%GROUP%_Mesh001A3D002201B525",
      "position": "(0.75,12.25,0)",
      "rotation": "(-0.7071068,0,0,0.7071068)",
      "hash": "31DD06D70A39A02D0:31DC5EE32339A1130",
      "properties": {
        "type": "Point",
        "intensity": 1.0,
        "range": 30.0,
        "colour": "#FFFFFF",
        "corona": {
          "sprite": "corona_white01.png",
          "scale": 1.0,
          "range": 100.0
        },
        "dutyCycle": "DuskTillDawn()"
      }
    },
    {
      "parent": "/Far__x12_z14/Far__x12_z14_LFS/Far_Roads/Flat_40x40/Collider/%GROUP%_Mesh001A3D002201B525",
      "position": "(0,12.25,0.75)",
      "rotation": "(-0.7071068,0,0,0.7071068)",
      "hash": "31DD06D70A39A02D0:31DC20E32339A0210",
      "properties": {
        "type": "Point",
        "intensity": 1.0,
        "range": 30.0,
        "colour": "#FFFFFF",
        "corona": {
          "sprite": "corona_white01.png",
          "scale": 1.0,
          "range": 100.0
        },
        "dutyCycle": "DuskTillDawn()"
      }
    },
    {
      "parent": "/Far__x12_z14/Far__x12_z14_LFS/Far_Roads/Flat_40x40/Collider/%GROUP%_Mesh001A3D002201B525",
      "position": "(-0.75,12.25,0)",
      "rotation": "(-0.7071068,0,0,0.7071068)",
      "hash": "31DD06D70A39A02D0:31DD11E323399F470",
      "properties": {
        "type": "Point",
        "intensity": 1.0,
        "range": 30.0,
        "colour": "#FFFFFF",
        "corona": {
          "sprite": "corona_white01.png",
          "scale": 1.0,
          "range": 100.0
        },
        "dutyCycle": "DuskTillDawn()"
      }
    },
    {
      "parent": "/Far__x12_z14/Far__x12_z14_LFS/Far_Roads/Flat_40x40/Collider/%GROUP%_Mesh001A3D002201B525",
      "position": "(0,12.25,-0.75)",
      "rotation": "(-0.7071068,0,0,0.7071068)",
      "hash": "31DD06D70A39A02D0:31DD50E32339A0380",
      "properties": {
        "type": "Point",
        "intensity": 1.0,
        "range": 30.0,
        "colour": "#FFFFFF",
        "corona": {
          "sprite": "corona_white01.png",
          "scale": 1.0,
          "range": 100.0
        },
        "dutyCycle": "DuskTillDawn()"
      }
    },
    {
      "parent": "/Far__x12_z14/Far__x12_z14_LFS/Far_Roads/Flat_40x40/Collider/%GROUP%_Mesh002E57000A005A40",
      "position": "(0.75,12.25,0)",
      "rotation": "(-0.7071068,0,0,0.7071068)",
      "hash": "308202D72239922E0:308207E33B3991470",
      "properties": {
        "type": "Point",
        "intensity": 1.0,
        "range": 30.0,
        "colour": "#FFFFFF",
        "corona": {
          "sprite": "corona_white01.png",
          "scale": 1.0,
          "range": 100.0
        },
        "dutyCycle": "DuskTillDawn()"
      }
    },
    {
      "parent": "/Far__x12_z14/Far__x12_z14_LFS/Far_Roads/Flat_40x40/Collider/%GROUP%_Mesh002E57000A005A40",
      "position": "(0,12.25,0.75)",
      "rotation": "(-0.7071068,0,0,0.7071068)",
      "hash": "308202D72239922E0:30824DE33B3992330",
      "properties": {
        "type": "Point",
        "intensity": 1.0,
        "range": 30.0,
        "colour": "#FFFFFF",
        "corona": {
          "sprite": "corona_white01.png",
          "scale": 1.0,
          "range": 100.0
        },
        "dutyCycle": "DuskTillDawn()"
      }
    },
    {
      "parent": "/Far__x12_z14/Far__x12_z14_LFS/Far_Roads/Flat_40x40/Collider/%GROUP%_Mesh002E57000A005A40",
      "position": "(-0.75,12.25,0)",
      "rotation": "(-0.7071068,0,0,0.7071068)",
      "hash": "308202D72239922E0:308161E33B3993150",
      "properties": {
        "type": "Point",
        "intensity": 1.0,
        "range": 30.0,
        "colour": "#FFFFFF",
        "corona": {
          "sprite": "corona_white01.png",
          "scale": 1.0,
          "range": 100.0
        },
        "dutyCycle": "DuskTillDawn()"
      }
    },
    {
      "parent": "/Far__x12_z14/Far__x12_z14_LFS/Far_Roads/Flat_40x40/Collider/%GROUP%_Mesh002E57000A005A40",
      "position": "(0,12.25,-0.75)",
      "rotation": "(-0.7071068,0,0,0.7071068)",
      "hash": "308202D72239922E0:30811BE33B3992290",
      "properties": {
        "type": "Point",
        "intensity": 1.0,
        "range": 30.0,
        "colour": "#FFFFFF",
        "corona": {
          "sprite": "corona_white01.png",
          "scale": 1.0,
          "range": 100.0
        },
        "dutyCycle": "DuskTillDawn()"
      }
    },
    {
      "parent": "/Far__x12_z14/Far__x12_z14_LFS/Far_Roads/Flat_40x40/Collider/%GROUP%_Mesh002E3D000A007907",
      "position": "(0.75,12.25,0)",
      "rotation": "(-0.7071068,0,0,0.7071068)",
      "hash": "30A020D7223995140:30A027E33B39942E0",
      "properties": {
        "type": "Point",
        "intensity": 1.0,
        "range": 30.0,
        "colour": "#FFFFFF",
        "corona": {
          "sprite": "corona_white01.png",
          "scale": 1.0,
          "range": 100.0
        },
        "dutyCycle": "DuskTillDawn()"
      }
    },
    {
      "parent": "/Far__x12_z14/Far__x12_z14_LFS/Far_Roads/Flat_40x40/Collider/%GROUP%_Mesh002E3D000A007907",
      "position": "(0,12.25,0.75)",
      "rotation": "(-0.7071068,0,0,0.7071068)",
      "hash": "30A020D7223995140:30A107E33B39951B0",
      "properties": {
        "type": "Point",
        "intensity": 1.0,
        "range": 30.0,
        "colour": "#FFFFFF",
        "corona": {
          "sprite": "corona_white01.png",
          "scale": 1.0,
          "range": 100.0
        },
        "dutyCycle": "DuskTillDawn()"
      }
    },
    {
      "parent": "/Far__x12_z14/Far__x12_z14_LFS/Far_Roads/Flat_40x40/Collider/%GROUP%_Mesh002E3D000A007907",
      "position": "(-0.75,12.25,0)",
      "rotation": "(-0.7071068,0,0,0.7071068)",
      "hash": "30A020D7223995140:30A019E33B39955F0",
      "properties": {
        "type": "Point",
        "intensity": 1.0,
        "range": 30.0,
        "colour": "#FFFFFF",
        "corona": {
          "sprite": "corona_white01.png",
          "scale": 1.0,
          "range": 100.0
        },
        "dutyCycle": "DuskTillDawn()"
      }
    },
    {
      "parent": "/Far__x12_z14/Far__x12_z14_LFS/Far_Roads/Flat_40x40/Collider/%GROUP%_Mesh002E3D000A007907",
      "position": "(0,12.25,-0.75)",
      "rotation": "(-0.7071068,0,0,0.7071068)",
      "hash": "30A020D7223995140:309F39E33B39950E0",
      "properties": {
        "type": "Point",
        "intensity": 1.0,
        "range": 30.0,
        "colour": "#FFFFFF",
        "corona": {
          "sprite": "corona_white01.png",
          "scale": 1.0,
          "range": 100.0
        },
        "dutyCycle": "DuskTillDawn()"
      }
    },
    {
      "parent": "/Far__x12_z14/Far__x12_z14_LFS/Far_Roads/Flat_40x40/Collider/%GROUP%_Mesh002E0F000A009658",
      "position": "(0.75,12.25,0)",
      "rotation": "(-0.7071068,0,0,0.7071068)",
      "hash": "30BE04D7223997440:30BE0AE33B39965D0",
      "properties": {
        "type": "Point",
        "intensity": 1.0,
        "range": 30.0,
        "colour": "#FFFFFF",
        "corona": {
          "sprite": "corona_white01.png",
          "scale": 1.0,
          "range": 100.0
        },
        "dutyCycle": "DuskTillDawn()"
      }
    },
    {
      "parent": "/Far__x12_z14/Far__x12_z14_LFS/Far_Roads/Flat_40x40/Collider/%GROUP%_Mesh002E0F000A009658",
      "position": "(0,12.25,0.75)",
      "rotation": "(-0.7071068,0,0,0.7071068)",
      "hash": "30BE04D7223997440:30BE4FE33B39974A0",
      "properties": {
        "type": "Point",
        "intensity": 1.0,
        "range": 30.0,
        "colour": "#FFFFFF",
        "corona": {
          "sprite": "corona_white01.png",
          "scale": 1.0,
          "range": 100.0
        },
        "dutyCycle": "DuskTillDawn()"
      }
    },
    {
      "parent": "/Far__x12_z14/Far__x12_z14_LFS/Far_Roads/Flat_40x40/Collider/%GROUP%_Mesh002E0F000A009658",
      "position": "(-0.75,12.25,0)",
      "rotation": "(-0.7071068,0,0,0.7071068)",
      "hash": "30BE04D7223997440:30BD61E33B39982A0",
      "properties": {
        "type": "Point",
        "intensity": 1.0,
        "range": 30.0,
        "colour": "#FFFFFF",
        "corona": {
          "sprite": "corona_white01.png",
          "scale": 1.0,
          "range": 100.0
        },
        "dutyCycle": "DuskTillDawn()"
      }
    },
    {
      "parent": "/Far__x12_z14/Far__x12_z14_LFS/Far_Roads/Flat_40x40/Collider/%GROUP%_Mesh002E0F000A009658",
      "position": "(0,12.25,-0.75)",
      "rotation": "(-0.7071068,0,0,0.7071068)",
      "hash": "30BE04D7223997440:30BD1DE33B39973D0",
      "properties": {
        "type": "Point",
        "intensity": 1.0,
        "range": 30.0,
        "colour": "#FFFFFF",
        "corona": {
          "sprite": "corona_white01.png",
          "scale": 1.0,
          "range": 100.0
        },
        "dutyCycle": "DuskTillDawn()"
      }
    },
    {
      "parent": "/Far__x12_z14/Far__x12_z14_LFS/Far_Roads/Flat_40x40/Collider/%GROUP%_Mesh002D4B000A00B436",
      "position": "(0.75,12.25,0)",
      "rotation": "(-0.7071068,0,0,0.7071068)",
      "hash": "30DB3BD722399A140:30DB40E33B39992E0",
      "properties": {
        "type": "Point",
        "intensity": 1.0,
        "range": 30.0,
        "colour": "#FFFFFF",
        "corona": {
          "sprite": "corona_white01.png",
          "scale": 1.0,
          "range": 100.0
        },
        "dutyCycle": "DuskTillDawn()"
      }
    },
    {
      "parent": "/Far__x12_z14/Far__x12_z14_LFS/Far_Roads/Flat_40x40/Collider/%GROUP%_Mesh002D4B000A00B436",
      "position": "(0,12.25,0.75)",
      "rotation": "(-0.7071068,0,0,0.7071068)",
      "hash": "30DB3BD722399A140:30DC22E33B399A1A0",
      "properties": {
        "type": "Point",
        "intensity": 1.0,
        "range": 30.0,
        "colour": "#FFFFFF",
        "corona": {
          "sprite": "corona_white01.png",
          "scale": 1.0,
          "range": 100.0
        },
        "dutyCycle": "DuskTillDawn()"
      }
    },
    {
      "parent": "/Far__x12_z14/Far__x12_z14_LFS/Far_Roads/Flat_40x40/Collider/%GROUP%_Mesh002D4B000A00B436",
      "position": "(-0.75,12.25,0)",
      "rotation": "(-0.7071068,0,0,0.7071068)",
      "hash": "30DB3BD722399A140:30DB36E33B399A5F0",
      "properties": {
        "type": "Point",
        "intensity": 1.0,
        "range": 30.0,
        "colour": "#FFFFFF",
        "corona": {
          "sprite": "corona_white01.png",
          "scale": 1.0,
          "range": 100.0
        },
        "dutyCycle": "DuskTillDawn()"
      }
    },
    {
      "parent": "/Far__x12_z14/Far__x12_z14_LFS/Far_Roads/Flat_40x40/Collider/%GROUP%_Mesh002D4B000A00B436",
      "position": "(0,12.25,-0.75)",
      "rotation": "(-0.7071068,0,0,0.7071068)",
      "hash": "30DB3BD722399A140:30DA54E33B399A0F0",
      "properties": {
        "type": "Point",
        "intensity": 1.0,
        "range": 30.0,
        "colour": "#FFFFFF",
        "corona": {
          "sprite": "corona_white01.png",
          "scale": 1.0,
          "range": 100.0
        },
        "dutyCycle": "DuskTillDawn()"
      }
    },
    {
      "parent": "/Far__x12_z14/Far__x12_z14_LFS/Far_Roads/Flat_40x40/Collider/%GROUP%_Mesh002D22000A00D241",
      "position": "(0.75,12.25,0)",
      "rotation": "(-0.7071068,0,0,0.7071068)",
      "hash": "30F93BD722399C4C0:30F940E33B399C010",
      "properties": {
        "type": "Point",
        "intensity": 1.0,
        "range": 30.0,
        "colour": "#FFFFFF",
        "corona": {
          "sprite": "corona_white01.png",
          "scale": 1.0,
          "range": 100.0
        },
        "dutyCycle": "DuskTillDawn()"
      }
    },
    {
      "parent": "/Far__x12_z14/Far__x12_z14_LFS/Far_Roads/Flat_40x40/Collider/%GROUP%_Mesh002D22000A00D241",
      "position": "(0,12.25,0.75)",
      "rotation": "(-0.7071068,0,0,0.7071068)",
      "hash": "30F93BD722399C4C0:30FA22E33B399C510",
      "properties": {
        "type": "Point",
        "intensity": 1.0,
        "range": 30.0,
        "colour": "#FFFFFF",
        "corona": {
          "sprite": "corona_white01.png",
          "scale": 1.0,
          "range": 100.0
        },
        "dutyCycle": "DuskTillDawn()"
      }
    },
    {
      "parent": "/Far__x12_z14/Far__x12_z14_LFS/Far_Roads/Flat_40x40/Collider/%GROUP%_Mesh002D22000A00D241",
      "position": "(-0.75,12.25,0)",
      "rotation": "(-0.7071068,0,0,0.7071068)",
      "hash": "30F93BD722399C4C0:30F936E33B399D320",
      "properties": {
        "type": "Point",
        "intensity": 1.0,
        "range": 30.0,
        "colour": "#FFFFFF",
        "corona": {
          "sprite": "corona_white01.png",
          "scale": 1.0,
          "range": 100.0
        },
        "dutyCycle": "DuskTillDawn()"
      }
    },
    {
      "parent": "/Far__x12_z14/Far__x12_z14_LFS/Far_Roads/Flat_40x40/Collider/%GROUP%_Mesh002D22000A00D241",
      "position": "(0,12.25,-0.75)",
      "rotation": "(-0.7071068,0,0,0.7071068)",
      "hash": "30F93BD722399C4C0:30F854E33B399C460",
      "properties": {
        "type": "Point",
        "intensity": 1.0,
        "range": 30.0,
        "colour": "#FFFFFF",
        "corona": {
          "sprite": "corona_white01.png",
          "scale": 1.0,
          "range": 100.0
        },
        "dutyCycle": "DuskTillDawn()"
      }
    },
    {
      "parent": "/Far__x12_z14/Far__x12_z14_LFS/Far_Roads/Flat_40x40/Collider/%GROUP%_Mesh002C5E000A00F046",
      "position": "(0.75,12.25,0)",
      "rotation": "(-0.7071068,0,0,0.7071068)",
      "hash": "311736D722399F210:31173EE33B399E3A0",
      "properties": {
        "type": "Point",
        "intensity": 1.0,
        "range": 30.0,
        "colour": "#FFFFFF",
        "corona": {
          "sprite": "corona_white01.png",
          "scale": 1.0,
          "range": 100.0
        },
        "dutyCycle": "DuskTillDawn()"
      }
    },
    {
      "parent": "/Far__x12_z14/Far__x12_z14_LFS/Far_Roads/Flat_40x40/Collider/%GROUP%_Mesh002C5E000A00F046",
      "position": "(0,12.25,0.75)",
      "rotation": "(-0.7071068,0,0,0.7071068)",
      "hash": "311736D722399F210:31181CE33B399F280",
      "properties": {
        "type": "Point",
        "intensity": 1.0,
        "range": 30.0,
        "colour": "#FFFFFF",
        "corona": {
          "sprite": "corona_white01.png",
          "scale": 1.0,
          "range": 100.0
        },
        "dutyCycle": "DuskTillDawn()"
      }
    },
    {
      "parent": "/Far__x12_z14/Far__x12_z14_LFS/Far_Roads/Flat_40x40/Collider/%GROUP%_Mesh002C5E000A00F046",
      "position": "(-0.75,12.25,0)",
      "rotation": "(-0.7071068,0,0,0.7071068)",
      "hash": "311736D722399F210:31172EE33B39A0070",
      "properties": {
        "type": "Point",
        "intensity": 1.0,
        "range": 30.0,
        "colour": "#FFFFFF",
        "corona": {
          "sprite": "corona_white01.png",
          "scale": 1.0,
          "range": 100.0
        },
        "dutyCycle": "DuskTillDawn()"
      }
    },
    {
      "parent": "/Far__x12_z14/Far__x12_z14_LFS/Far_Roads/Flat_40x40/Collider/%GROUP%_Mesh002C5E000A00F046",
      "position": "(0,12.25,-0.75)",
      "rotation": "(-0.7071068,0,0,0.7071068)",
      "hash": "311736D722399F210:31164FE33B399F190",
      "properties": {
        "type": "Point",
        "intensity": 1.0,
        "range": 30.0,
        "colour": "#FFFFFF",
        "corona": {
          "sprite": "corona_white01.png",
          "scale": 1.0,
          "range": 100.0
        },
        "dutyCycle": "DuskTillDawn()"
      }
    },
    {
      "parent": "/Far__x12_z14/Far__x12_z14_LFS/Far_Roads/Flat_40x40/Collider/%GROUP%_Mesh002C350025010F05",
      "position": "(0.75,12.25,0)",
      "rotation": "(-0.7071068,0,0,0.7071068)",
      "hash": "31354FD70739A15A0:313554E32039A10F0",
      "properties": {
        "type": "Point",
        "intensity": 1.0,
        "range": 30.0,
        "colour": "#FFFFFF",
        "corona": {
          "sprite": "corona_white01.png",
          "scale": 1.0,
          "range": 100.0
        },
        "dutyCycle": "DuskTillDawn()"
      }
    },
    {
      "parent": "/Far__x12_z14/Far__x12_z14_LFS/Far_Roads/Flat_40x40/Collider/%GROUP%_Mesh002C350025010F05",
      "position": "(0,12.25,0.75)",
      "rotation": "(-0.7071068,0,0,0.7071068)",
      "hash": "31354FD70739A15A0:313635E32039A15F0",
      "properties": {
        "type": "Point",
        "intensity": 1.0,
        "range": 30.0,
        "colour": "#FFFFFF",
        "corona": {
          "sprite": "corona_white01.png",
          "scale": 1.0,
          "range": 100.0
        },
        "dutyCycle": "DuskTillDawn()"
      }
    },
    {
      "parent": "/Far__x12_z14/Far__x12_z14_LFS/Far_Roads/Flat_40x40/Collider/%GROUP%_Mesh002C350025010F05",
      "position": "(-0.75,12.25,0)",
      "rotation": "(-0.7071068,0,0,0.7071068)",
      "hash": "31354FD70739A15A0:313549E32039A2410",
      "properties": {
        "type": "Point",
        "intensity": 1.0,
        "range": 30.0,
        "colour": "#FFFFFF",
        "corona": {
          "sprite": "corona_white01.png",
          "scale": 1.0,
          "range": 100.0
        },
        "dutyCycle": "DuskTillDawn()"
      }
    },
    {
      "parent": "/Far__x12_z14/Far__x12_z14_LFS/Far_Roads/Flat_40x40/Collider/%GROUP%_Mesh002C350025010F05",
      "position": "(0,12.25,-0.75)",
      "rotation": "(-0.7071068,0,0,0.7071068)",
      "hash": "31354FD70739A15A0:313504E32039A1550",
      "properties": {
        "type": "Point",
        "intensity": 1.0,
        "range": 30.0,
        "colour": "#FFFFFF",
        "corona": {
          "sprite": "corona_white01.png",
          "scale": 1.0,
          "range": 100.0
        },
        "dutyCycle": "DuskTillDawn()"
      }
    },
    {
      "parent": "/Far__x12_z14/Far__x12_z14_LFS/Far_Roads/Flat_40x40/Collider/%GROUP%_Mesh002C090028012C04",
      "position": "(0.75,12.25,0)",
      "rotation": "(-0.7071068,0,0,0.7071068)",
      "hash": "315243D70339A4200:31524CE31C39A33A0",
      "properties": {
        "type": "Point",
        "intensity": 1.0,
        "range": 30.0,
        "colour": "#FFFFFF",
        "corona": {
          "sprite": "corona_white01.png",
          "scale": 1.0,
          "range": 100.0
        },
        "dutyCycle": "DuskTillDawn()"
      }
    },
    {
      "parent": "/Far__x12_z14/Far__x12_z14_LFS/Far_Roads/Flat_40x40/Collider/%GROUP%_Mesh002C090028012C04",
      "position": "(0,12.25,0.75)",
      "rotation": "(-0.7071068,0,0,0.7071068)",
      "hash": "315243D70339A4200:315329E31C39A4290",
      "properties": {
        "type": "Point",
        "intensity": 1.0,
        "range": 30.0,
        "colour": "#FFFFFF",
        "corona": {
          "sprite": "corona_white01.png",
          "scale": 1.0,
          "range": 100.0
        },
        "dutyCycle": "DuskTillDawn()"
      }
    },
    {
      "parent": "/Far__x12_z14/Far__x12_z14_LFS/Far_Roads/Flat_40x40/Collider/%GROUP%_Mesh002C090028012C04",
      "position": "(-0.75,12.25,0)",
      "rotation": "(-0.7071068,0,0,0.7071068)",
      "hash": "315243D70339A4200:31523AE31C39A5070",
      "properties": {
        "type": "Point",
        "intensity": 1.0,
        "range": 30.0,
        "colour": "#FFFFFF",
        "corona": {
          "sprite": "corona_white01.png",
          "scale": 1.0,
          "range": 100.0
        },
        "dutyCycle": "DuskTillDawn()"
      }
    },
    {
      "parent": "/Far__x12_z14/Far__x12_z14_LFS/Far_Roads/Flat_40x40/Collider/%GROUP%_Mesh002C090028012C04",
      "position": "(0,12.25,-0.75)",
      "rotation": "(-0.7071068,0,0,0.7071068)",
      "hash": "315243D70339A4200:31515DE31C39A4170",
      "properties": {
        "type": "Point",
        "intensity": 1.0,
        "range": 30.0,
        "colour": "#FFFFFF",
        "corona": {
          "sprite": "corona_white01.png",
          "scale": 1.0,
          "range": 100.0
        },
        "dutyCycle": "DuskTillDawn()"
      }
    },
    {
      "parent": "/Far__x12_z14/Far__x12_z14_LFS/Far_Roads/Flat_40x40/Collider/%GROUP%_Mesh002B3F0022014837",
      "position": "(0.75,12.25,0)",
      "rotation": "(-0.7071068,0,0,0.7071068)",
      "hash": "316F09D70A39A6430:316F11E32339A55C0",
      "properties": {
        "type": "Point",
        "intensity": 1.0,
        "range": 30.0,
        "colour": "#FFFFFF",
        "corona": {
          "sprite": "corona_white01.png",
          "scale": 1.0,
          "range": 100.0
        },
        "dutyCycle": "DuskTillDawn()"
      }
    },
    {
      "parent": "/Far__x12_z14/Far__x12_z14_LFS/Far_Roads/Flat_40x40/Collider/%GROUP%_Mesh002B3F0022014837",
      "position": "(0,12.25,0.75)",
      "rotation": "(-0.7071068,0,0,0.7071068)",
      "hash": "316F09D70A39A6430:316F53E32339A64B0",
      "properties": {
        "type": "Point",
        "intensity": 1.0,
        "range": 30.0,
        "colour": "#FFFFFF",
        "corona": {
          "sprite": "corona_white01.png",
          "scale": 1.0,
          "range": 100.0
        },
        "dutyCycle": "DuskTillDawn()"
      }
    },
    {
      "parent": "/Far__x12_z14/Far__x12_z14_LFS/Far_Roads/Flat_40x40/Collider/%GROUP%_Mesh002B3F0022014837",
      "position": "(-0.75,12.25,0)",
      "rotation": "(-0.7071068,0,0,0.7071068)",
      "hash": "316F09D70A39A6430:316F01E32339A7290",
      "properties": {
        "type": "Point",
        "intensity": 1.0,
        "range": 30.0,
        "colour": "#FFFFFF",
        "corona": {
          "sprite": "corona_white01.png",
          "scale": 1.0,
          "range": 100.0
        },
        "dutyCycle": "DuskTillDawn()"
      }
    },
    {
      "parent": "/Far__x12_z14/Far__x12_z14_LFS/Far_Roads/Flat_40x40/Collider/%GROUP%_Mesh002B3F0022014837",
      "position": "(0,12.25,-0.75)",
      "rotation": "(-0.7071068,0,0,0.7071068)",
      "hash": "316F09D70A39A6430:316E22E32339A63B0",
      "properties": {
        "type": "Point",
        "intensity": 1.0,
        "range": 30.0,
        "colour": "#FFFFFF",
        "corona": {
          "sprite": "corona_white01.png",
          "scale": 1.0,
          "range": 100.0
        },
        "dutyCycle": "DuskTillDawn()"
      }
    },
    {
      "parent": "/Far__x12_z14/Far__x12_z14_LFS/Far_Roads/Flat_40x40/Collider/%GROUP%_Mesh002B1B001C016823",
      "position": "(0.75,12.25,0)",
      "rotation": "(-0.7071068,0,0,0.7071068)",
      "hash": "318E4DD71039A92C0:318E56E32939A8460",
      "properties": {
        "type": "Point",
        "intensity": 1.0,
        "range": 30.0,
        "colour": "#FFFFFF",
        "corona": {
          "sprite": "corona_white01.png",
          "scale": 1.0,
          "range": 100.0
        },
        "dutyCycle": "DuskTillDawn()"
      }
    },
    {
      "parent": "/Far__x12_z14/Far__x12_z14_LFS/Far_Roads/Flat_40x40/Collider/%GROUP%_Mesh002B1B001C016823",
      "position": "(0,12.25,0.75)",
      "rotation": "(-0.7071068,0,0,0.7071068)",
      "hash": "318E4DD71039A92C0:318F34E32939A9350",
      "properties": {
        "type": "Point",
        "intensity": 1.0,
        "range": 30.0,
        "colour": "#FFFFFF",
        "corona": {
          "sprite": "corona_white01.png",
          "scale": 1.0,
          "range": 100.0
        },
        "dutyCycle": "DuskTillDawn()"
      }
    },
    {
      "parent": "/Far__x12_z14/Far__x12_z14_LFS/Far_Roads/Flat_40x40/Collider/%GROUP%_Mesh002B1B001C016823",
      "position": "(-0.75,12.25,0)",
      "rotation": "(-0.7071068,0,0,0.7071068)",
      "hash": "318E4DD71039A92C0:318E44E32939AA120",
      "properties": {
        "type": "Point",
        "intensity": 1.0,
        "range": 30.0,
        "colour": "#FFFFFF",
        "corona": {
          "sprite": "corona_white01.png",
          "scale": 1.0,
          "range": 100.0
        },
        "dutyCycle": "DuskTillDawn()"
      }
    },
    {
      "parent": "/Far__x12_z14/Far__x12_z14_LFS/Far_Roads/Flat_40x40/Collider/%GROUP%_Mesh002B1B001C016823",
      "position": "(0,12.25,-0.75)",
      "rotation": "(-0.7071068,0,0,0.7071068)",
      "hash": "318E4DD71039A92C0:318E03E32939A9230",
      "properties": {
        "type": "Point",
        "intensity": 1.0,
        "range": 30.0,
        "colour": "#FFFFFF",
        "corona": {
          "sprite": "corona_white01.png",
          "scale": 1.0,
          "range": 100.0
        },
        "dutyCycle": "DuskTillDawn()"
      }
    }
  ],
  "meshes": [
    {
      "parent": "/Far__x12_z14/Far__x12_z14_LFS/Far_Roads/Flat_40x40/Collider",
      "position": "(51.7862473,-0.100141928,-51.6701355)",
      "rotation": "(0,-0.7372773,0,0.6755902)",
      "hash": "302C2BD72C395A590:305A4BD7223993330",
      "properties": {
        "file": "meshes_lampposts.assetbundle",
        "mesh": "YardLamp_Floor"
      }
    },
    {
      "parent": "/Far__x12_z14/Far__x12_z14_LFS/Far_SilosCranes/GuardTower/Collider",
      "position": "(-0.0593570769,8.848588,2.39731717)",
      "rotation": "(-0.7042112,-0.063927196,-0.063927196,0.7042111)",
      "hash": "309118D71D39B2180:309149E00E39AF590",
      "properties": {
        "file": "meshes_lampposts.assetbundle",
        "mesh": "YardLamp_Wall"
      }
    },
    {
      "parent": "/Far__x12_z14/Far__x12_z14_LFS/Far_SilosCranes/GuardTower (1)/Collider",
      "position": "(0.0371736921,8.849536,-2.40211964)",
      "rotation": "(-0.706128836,-0.03717651,-0.03717651,0.7061288)",
      "hash": "31C932D53E39D2240:31C94FDE2F39CF620",
      "properties": {
        "file": "meshes_lampposts.assetbundle",
        "mesh": "YardLamp_Wall"
      }
    },
    {
      "parent": "/Far__x12_z14/Far__x12_z14_LFS/Far_Roads/Road_Helipad/Collider",
      "position": "(91.79047,-0.06962824,14.1291122)",
      "rotation": "(0,-0.7193399,0,0.6946583)",
      "hash": "31B349D72C3989410:320D44D72539A04B0",
      "properties": {
        "file": "meshes_lampposts.assetbundle",
        "mesh": "YardLamp_Floor"
      }
    },
    {
      "parent": "/Far__x12_z14/Far__x12_z14_LFS/Far_Roads/Flat_40x40/Collider",
      "position": "(26.614233,-0.344301254,-437.375732)",
      "rotation": "(0,-0.760406,0,0.649448037)",
      "hash": "302C2BD72C395A590:31DD06D70A39A02D0",
      "properties": {
        "file": "meshes_lampposts.assetbundle",
        "mesh": "YardLamp_Floor"
      }
    },
    {
      "parent": "/Far__x12_z14/Far__x12_z14_LFS/Far_Roads/Flat_40x40/Collider",
      "position": "(46.8728333,-0.100142278,-90.64917)",
      "rotation": "(0,0.6819984,0,0.7313537)",
      "hash": "302C2BD72C395A590:308202D72239922E0",
      "properties": {
        "file": "meshes_lampposts.assetbundle",
        "mesh": "YardLamp_Floor"
      }
    },
    {
      "parent": "/Far__x12_z14/Far__x12_z14_LFS/Far_Roads/Flat_40x40/Collider",
      "position": "(46.6197357,-0.100142553,-121.070976)",
      "rotation": "(0,0.6755901,0,0.737277448)",
      "hash": "302C2BD72C395A590:30A020D7223995140",
      "properties": {
        "file": "meshes_lampposts.assetbundle",
        "mesh": "YardLamp_Floor"
      }
    },
    {
      "parent": "/Far__x12_z14/Far__x12_z14_LFS/Far_Roads/Flat_40x40/Collider",
      "position": "(46.1516533,-0.100142814,-150.88858)",
      "rotation": "(0,0.6755901,0,0.737277448)",
      "hash": "302C2BD72C395A590:30BE04D7223997440",
      "properties": {
        "file": "meshes_lampposts.assetbundle",
        "mesh": "YardLamp_Floor"
      }
    },
    {
      "parent": "/Far__x12_z14/Far__x12_z14_LFS/Far_Roads/Flat_40x40/Collider",
      "position": "(45.75833,-0.100143075,-180.545776)",
      "rotation": "(0,0.6819984,0,0.7313537)",
      "hash": "302C2BD72C395A590:30DB3BD722399A140",
      "properties": {
        "file": "meshes_lampposts.assetbundle",
        "mesh": "YardLamp_Floor"
      }
    },
    {
      "parent": "/Far__x12_z14/Far__x12_z14_LFS/Far_Roads/Flat_40x40/Collider",
      "position": "(45.3431168,-0.100143343,-210.6522)",
      "rotation": "(0,0.6819984,0,0.7313537)",
      "hash": "302C2BD72C395A590:30F93BD722399C4C0",
      "properties": {
        "file": "meshes_lampposts.assetbundle",
        "mesh": "YardLamp_Floor"
      }
    },
    {
      "parent": "/Far__x12_z14/Far__x12_z14_LFS/Far_Roads/Flat_40x40/Collider",
      "position": "(44.9499054,-0.100143611,-240.7049)",
      "rotation": "(0,0.6691306,0,0.7431448)",
      "hash": "302C2BD72C395A590:311736D722399F210",
      "properties": {
        "file": "meshes_lampposts.assetbundle",
        "mesh": "YardLamp_Floor"
      }
    },
    {
      "parent": "/Far__x12_z14/Far__x12_z14_LFS/Far_Roads/Flat_40x40/Collider",
      "position": "(44.53174,-0.374817342,-271.059326)",
      "rotation": "(0,0.6819984,0,0.7313537)",
      "hash": "302C2BD72C395A590:31354FD70739A15A0",
      "properties": {
        "file": "meshes_lampposts.assetbundle",
        "mesh": "YardLamp_Floor"
      }
    },
    {
      "parent": "/Far__x12_z14/Far__x12_z14_LFS/Far_Roads/Flat_40x40/Collider",
      "position": "(44.09914,-0.4053352,-300.042358)",
      "rotation": "(0,0.662620068,0,0.7489557)",
      "hash": "302C2BD72C395A590:315243D70339A4200",
      "properties": {
        "file": "meshes_lampposts.assetbundle",
        "mesh": "YardLamp_Floor"
      }
    },
    {
      "parent": "/Far__x12_z14/Far__x12_z14_LFS/Far_Roads/Flat_40x40/Collider",
      "position": "(43.6347733,-0.34430027,-328.553223)",
      "rotation": "(0,0.6691306,0,0.7431448)",
      "hash": "302C2BD72C395A590:316F09D70A39A6430",
      "properties": {
        "file": "meshes_lampposts.assetbundle",
        "mesh": "YardLamp_Floor"
      }
    },
    {
      "parent": "/Far__x12_z14/Far__x12_z14_LFS/Far_Roads/Flat_40x40/Collider",
      "position": "(43.2725143,-0.283250153,-360.3557)",
      "rotation": "(0,0.662620068,0,0.7489557)",
      "hash": "302C2BD72C395A590:318E4DD71039A92C0",
      "properties": {
        "file": "meshes_lampposts.assetbundle",
        "mesh": "YardLamp_Floor"
      }
    }
  ],
  "decorations": []
}