{
  "version": 97,
  "enabled": true,
  "priority": "High",
  "lights": [
    {
      "parent": "/Far__x2_z10/Far__x2_z10_LFS/Far_Station_MachineFactory/IndustryBuildings/Factory_Old/collider",
      "position": "(-19.9096642,62.099987,17.6581841)",
      "rotation": "(-0.7071068,0,0,0.7071068)",
      "hash": "09E0329D1A2A08600:09F248DB242A1C240",
      "properties": {
        "type": "Point",
        "intensity": 1.0,
        "range": 20.0,
        "colour": "#FF0000",
        "corona": {
          "sprite": "corona_flare02.png",
          "scale": 0.5,
          "range": 500.0
        },
        "dutyCycle": "Always()"
      }
    },
    {
      "parent": "/Far__x2_z10/Far__x2_z10_LFS/Far_Station_MachineFactory/IndustryBuildings/Factory_Old/collider",
      "position": "(-20.2520123,62.099987,20.3467979)",
      "rotation": "(-0.7071068,0,0,0.7071068)",
      "hash": "09E0329D1A2A08600:09F52ADB242A1C3E0",
      "properties": {
        "type": "Point",
        "intensity": 1.0,
        "range": 20.0,
        "colour": "#FF0000",
        "corona": {
          "sprite": "corona_flare02.png",
          "scale": 0.5,
          "range": 500.0
        },
        "dutyCycle": "Always()"
      }
    },
    {
      "parent": "/Far__x2_z10/Far__x2_z10_LFS/Far_Station_MachineFactory/IndustryBuildings/Factory_Old/collider",
      "position": "(-20.0805721,47.803875,11.7246361)",
      "rotation": "(-0.7071068,0,0,0.7071068)",
      "hash": "09E0329D1A2A08600:09EC4FCD062A1C460",
      "properties": {
        "type": "Point",
        "intensity": 1.0,
        "range": 20.0,
        "colour": "#FF0000",
        "corona": {
          "sprite": "corona_flare02.png",
          "scale": 0.5,
          "range": 500.0
        },
        "dutyCycle": "Always()"
      }
    },
    {
      "parent": "/Far__x2_z10/Far__x2_z10_LFS/Far_Station_MachineFactory/IndustryBuildings/Factory_Old/collider",
      "position": "(-20.030159,47.803875,14.2752037)",
      "rotation": "(-0.7071068,0,0,0.7071068)",
      "hash": "09E0329D1A2A08600:09EF22CD062A1C3A0",
      "properties": {
        "type": "Point",
        "intensity": 1.0,
        "range": 20.0,
        "colour": "#FF0000",
        "corona": {
          "sprite": "corona_flare02.png",
          "scale": 0.5,
          "range": 500.0
        },
        "dutyCycle": "Always()"
      }
    },
    {
      "parent": "/Far__x2_z10/Far__x2_z10_LFS/Far_Station_MachineFactory/IndustryBuildings/Factory_Old (1)/collider",
      "position": "(-18.7139473,62.1000023,18.9202385)",
      "rotation": "(-0.7071068,0,0,0.7071068)",
      "hash": "09C91D9D1A29BB3B0:09B70CDB2429CF040",
      "properties": {
        "type": "Point",
        "intensity": 1.0,
        "range": 20.0,
        "colour": "#FF0000",
        "corona": {
          "sprite": "corona_flare02.png",
          "scale": 0.5,
          "range": 500.0
        },
        "dutyCycle": "Always()"
      }
    },
    {
      "parent": "/Far__x2_z10/Far__x2_z10_LFS/Far_Station_MachineFactory/IndustryBuildings/Factory_Old (1)/collider",
      "position": "(-21.343235,62.1000023,18.9908848)",
      "rotation": "(-0.7071068,0,0,0.7071068)",
      "hash": "09C91D9D1A29BB3B0:09B432DB2429CF120",
      "properties": {
        "type": "Point",
        "intensity": 1.0,
        "range": 20.0,
        "colour": "#FF0000",
        "corona": {
          "sprite": "corona_flare02.png",
          "scale": 0.5,
          "range": 500.0
        },
        "dutyCycle": "Always()"
      }
    },
    {
      "parent": "/Far__x2_z10/Far__x2_z10_LFS/Far_Station_MachineFactory/IndustryBuildings/Factory_Old (1)/collider",
      "position": "(-21.2827435,47.803875,12.7791386)",
      "rotation": "(-0.7071068,0,0,0.7071068)",
      "hash": "09C91D9D1A29BB3B0:09B426CD0629C8610",
      "properties": {
        "type": "Point",
        "intensity": 1.0,
        "range": 20.0,
        "colour": "#FF0000",
        "corona": {
          "sprite": "corona_flare02.png",
          "scale": 0.5,
          "range": 500.0
        },
        "dutyCycle": "Always()"
      }
    },
    {
      "parent": "/Far__x2_z10/Far__x2_z10_LFS/Far_Station_MachineFactory/IndustryBuildings/Factory_Old (1)/collider",
      "position": "(-18.6619549,47.803875,13.0326052)",
      "rotation": "(-0.7071068,0,0,0.7071068)",
      "hash": "09C91D9D1A29BB3B0:09B701CD0629C90F0",
      "properties": {
        "type": "Point",
        "intensity": 1.0,
        "range": 20.0,
        "colour": "#FF0000",
        "corona": {
          "sprite": "corona_flare02.png",
          "scale": 0.5,
          "range": 500.0
        },
        "dutyCycle": "Always()"
      }
    }
  ],
  "meshes": [],
  "decorations": []
}