{
  "version": 97,
  "enabled": true,
  "lights": [
    {
      "parent": "/Far__x2_z10/Far__x2_z10_LFS/Far_Station_MachineFactory/Roads/Flat_40x40 (19)/Collider",
      "position": "(-5.217203,3.28617859,8.411934)",
      "rotation": "(0.424285471,0.568918,-0.43654716,0.552938342)",
      "hash": "092F0A9F1F2AD0090:092A0DA23C2AD8410",
      "properties": {
        "type": "Point",
        "intensity": 1.0,
        "range": 20.0,
        "colour": "#DDEEFF",
        "corona": {
          "sprite": "corona_flare02.png",
          "scale": 1.0,
          "range": 100.0
        },
        "dutyCycle": "DuskTillDawn()"
      }
    },
    {
      "parent": "/Far__x2_z10/Far__x2_z10_LFS/Far_Station_MachineFactory/Roads/Flat_40x40 (19)/Collider",
      "position": "(-5.175378,3.29737854,12.4127884)",
      "rotation": "(0.4242853,0.5689182,-0.436546981,0.552938461)",
      "hash": "092F0A9F1F2AD0090:092A1CA23D2ADC410",
      "properties": {
        "type": "Point",
        "intensity": 1.0,
        "range": 20.0,
        "colour": "#DDEEFF",
        "corona": {
          "sprite": "corona_flare02.png",
          "scale": 1.0,
          "range": 100.0
        },
        "dutyCycle": "DuskTillDawn()"
      }
    },
    {
      "parent": "/Far__x2_z10/Far__x2_z10_LFS/Far_Station_MachineFactory/Roads/Flat_40x40 (19)/Collider/%GROUP%_Mesh000D3A052B001027",
      "position": "(0,0.285,-0.04)",
      "hash": "092163A44B2AE0570:092146A4472AE0580",
      "properties": {
        "type": "Point",
        "intensity": 0.5,
        "range": 10.0,
        "colour": "#FFFFFF",
        "corona": {
          "sprite": "corona_flare02.png",
          "scale": 0.87,
          "range": 100.0
        },
        "dutyCycle": "DuskTillDawn()"
      }
    }
  ],
  "meshes": [
    {
      "parent": "/Far__x2_z10/Far__x2_z10_LFS/Far_Station_MachineFactory/Roads/Flat_40x40 (19)/Collider",
      "position": "(-13.5867748,5.435837,16.399437)",
      "rotation": "(-0.492828161,0.5070704,0.5070705,0.492828161)",
      "hash": "092F0A9F1F2AD0090:092163A44B2AE0570",
      "properties": {
        "file": "meshes_lampposts.assetbundle",
        "mesh": "FloodLight_Wall"
      }
    }
  ],
  "decorations": []
}