{
  "version": 97,
  "enabled": true,
  "lights": [
    {
      "parent": "/Far__x2_z10/Far__x2_z10_LFS/Far_Station_MachineFactory/PassengerPlatform/Railway_Platform_RoofWide (1)/Collider/%GROUP%_Mesh0002150708000762",
      "position": "(0,0.25,0.5)",
      "rotation": "(0.463708222,-0.531642,0.4506836,0.5470063)",
      "hash": "08E202A6282A26170:08E202A60F2A26490",
      "properties": {
        "type": "Point",
        "intensity": 0.5,
        "range": 10.0,
        "colour": "#FFFFFF",
        "corona": null,
        "dutyCycle": "Always()"
      }
    },
    {
      "parent": "/Far__x2_z10/Far__x2_z10_LFS/Far_Station_MachineFactory/PassengerPlatform/Railway_Platform_RoofWide (1)/Collider/%GROUP%_Mesh0002150708000762",
      "position": "(0,0.25,-0.5)",
      "rotation": "(0.463708222,-0.531642,0.4506836,0.5470063)",
      "hash": "08E202A6282A26170:08E202A60F2A25490",
      "properties": {
        "type": "Point",
        "intensity": 0.5,
        "range": 10.0,
        "colour": "#FFFFFF",
        "corona": null,
        "dutyCycle": "Always()"
      }
    },
    {
      "parent": "/Far__x2_z10/Far__x2_z10_LFS/Far_Station_MachineFactory/PassengerPlatform/Railway_Platform_RoofWide (1)/Collider/%GROUP%_Mesh0002120708000804",
      "position": "(0,0.25,0.5)",
      "rotation": "(0.450683475,0.547006369,-0.4637081,0.5316421)",
      "hash": "08E62AA6282A26050:08E62CA60F2A26370",
      "properties": {
        "type": "Point",
        "intensity": 0.5,
        "range": 10.0,
        "colour": "#FFFFFF",
        "corona": null,
        "dutyCycle": "Always()"
      }
    },
    {
      "parent": "/Far__x2_z10/Far__x2_z10_LFS/Far_Station_MachineFactory/PassengerPlatform/Railway_Platform_RoofWide (1)/Collider/%GROUP%_Mesh0002120708000804",
      "position": "(0,0.25,-0.5)",
      "rotation": "(0.450683475,0.547006369,-0.4637081,0.5316421)",
      "hash": "08E62AA6282A26050:08E627A60F2A25370",
      "properties": {
        "type": "Point",
        "intensity": 0.5,
        "range": 10.0,
        "colour": "#FFFFFF",
        "corona": null,
        "dutyCycle": "Always()"
      }
    },
    {
      "parent": "/Far__x2_z10/Far__x2_z10_LFS/Far_Station_MachineFactory/PassengerPlatform/Railway_Platform_RoofWide (1)/Collider/%GROUP%_Mesh0002130708000762",
      "position": "(0,0.25,0.5)",
      "rotation": "(0.450683475,0.547006369,-0.4637081,0.5316421)",
      "hash": "08E658A6282A36070:08E659A60F2A36390",
      "properties": {
        "type": "Point",
        "intensity": 0.5,
        "range": 10.0,
        "colour": "#FFFFFF",
        "corona": null,
        "dutyCycle": "Always()"
      }
    },
    {
      "parent": "/Far__x2_z10/Far__x2_z10_LFS/Far_Station_MachineFactory/PassengerPlatform/Railway_Platform_RoofWide (1)/Collider/%GROUP%_Mesh0002130708000762",
      "position": "(0,0.25,-0.5)",
      "rotation": "(0.450683475,0.547006369,-0.4637081,0.5316421)",
      "hash": "08E658A6282A36070:08E657A60F2A35390",
      "properties": {
        "type": "Point",
        "intensity": 0.5,
        "range": 10.0,
        "colour": "#FFFFFF",
        "corona": null,
        "dutyCycle": "Always()"
      }
    },
    {
      "parent": "/Far__x2_z10/Far__x2_z10_LFS/Far_Station_MachineFactory/PassengerPlatform/Railway_Platform_RoofWide (1)/Collider/%GROUP%_Mesh0002130708000763",
      "position": "(0,0.25,0.5)",
      "rotation": "(0.463708222,-0.531642,0.4506836,0.5470063)",
      "hash": "08E232A6282A36150:08E233A60F2A36470",
      "properties": {
        "type": "Point",
        "intensity": 0.5,
        "range": 10.0,
        "colour": "#FFFFFF",
        "corona": null,
        "dutyCycle": "Always()"
      }
    },
    {
      "parent": "/Far__x2_z10/Far__x2_z10_LFS/Far_Station_MachineFactory/PassengerPlatform/Railway_Platform_RoofWide (1)/Collider/%GROUP%_Mesh0002130708000763",
      "position": "(0,0.25,-0.5)",
      "rotation": "(0.463708222,-0.531642,0.4506836,0.5470063)",
      "hash": "08E232A6282A36150:08E230A60F2A35470",
      "properties": {
        "type": "Point",
        "intensity": 0.5,
        "range": 10.0,
        "colour": "#FFFFFF",
        "corona": null,
        "dutyCycle": "Always()"
      }
    },
    {
      "parent": "/Far__x2_z10/Far__x2_z10_LFS/Far_Station_MachineFactory/PassengerPlatform/Railway_Platform_RoofWide/Collider/%GROUP%_Mesh00020F0707000803",
      "position": "(0,0.25,0.5)",
      "rotation": "(0.463708222,-0.531642,0.4506836,0.5470063)",
      "hash": "08EF34A6272A35580:08EF32A60E2A35260",
      "properties": {
        "type": "Point",
        "intensity": 0.5,
        "range": 10.0,
        "colour": "#FFFFFF",
        "corona": null,
        "dutyCycle": "Always()"
      }
    },
    {
      "parent": "/Far__x2_z10/Far__x2_z10_LFS/Far_Station_MachineFactory/PassengerPlatform/Railway_Platform_RoofWide/Collider/%GROUP%_Mesh00020F0707000803",
      "position": "(0,0.25,-0.5)",
      "rotation": "(0.463708222,-0.531642,0.4506836,0.5470063)",
      "hash": "08EF34A6272A35580:08EF37A60E2A36260",
      "properties": {
        "type": "Point",
        "intensity": 0.5,
        "range": 10.0,
        "colour": "#FFFFFF",
        "corona": null,
        "dutyCycle": "Always()"
      }
    },
    {
      "parent": "/Far__x2_z10/Far__x2_z10_LFS/Far_Station_MachineFactory/PassengerPlatform/Railway_Platform_RoofWide/Collider/%GROUP%_Mesh0002170709000801",
      "position": "(0,0.25,0.5)",
      "rotation": "(0.463708222,-0.531642,0.4506836,0.5470063)",
      "hash": "08EE63A6292A25530:08EE62A6102A25210",
      "properties": {
        "type": "Point",
        "intensity": 0.5,
        "range": 10.0,
        "colour": "#FFFFFF",
        "corona": null,
        "dutyCycle": "Always()"
      }
    },
    {
      "parent": "/Far__x2_z10/Far__x2_z10_LFS/Far_Station_MachineFactory/PassengerPlatform/Railway_Platform_RoofWide/Collider/%GROUP%_Mesh0002170709000801",
      "position": "(0,0.25,-0.5)",
      "rotation": "(0.463708222,-0.531642,0.4506836,0.5470063)",
      "hash": "08EE63A6292A25530:08EF00A6102A26210",
      "properties": {
        "type": "Point",
        "intensity": 0.5,
        "range": 10.0,
        "colour": "#FFFFFF",
        "corona": null,
        "dutyCycle": "Always()"
      }
    },
    {
      "parent": "/Far__x2_z10/Far__x2_z10_LFS/Far_Station_MachineFactory/PassengerPlatform/Railway_Platform_RoofWide/Collider/%GROUP%_Mesh00020F0707000763",
      "position": "(0,0.25,0.5)",
      "rotation": "(0.450683475,0.547006369,-0.4637081,0.5316421)",
      "hash": "08F326A6272A25490:08F325A60E2A25170",
      "properties": {
        "type": "Point",
        "intensity": 0.5,
        "range": 10.0,
        "colour": "#FFFFFF",
        "corona": null,
        "dutyCycle": "Always()"
      }
    },
    {
      "parent": "/Far__x2_z10/Far__x2_z10_LFS/Far_Station_MachineFactory/PassengerPlatform/Railway_Platform_RoofWide/Collider/%GROUP%_Mesh00020F0707000763",
      "position": "(0,0.25,-0.5)",
      "rotation": "(0.450683475,0.547006369,-0.4637081,0.5316421)",
      "hash": "08F326A6272A25490:08F327A60E2A26170",
      "properties": {
        "type": "Point",
        "intensity": 0.5,
        "range": 10.0,
        "colour": "#FFFFFF",
        "corona": null,
        "dutyCycle": "Always()"
      }
    },
    {
      "parent": "/Far__x2_z10/Far__x2_z10_LFS/Far_Station_MachineFactory/PassengerPlatform/Railway_Platform_RoofWide/Collider/%GROUP%_Mesh0002110708000803",
      "position": "(0,0.25,0.5)",
      "rotation": "(0.450683475,0.547006369,-0.4637081,0.5316421)",
      "hash": "08F356A6282A354B0:08F354A60F2A35190",
      "properties": {
        "type": "Point",
        "intensity": 0.5,
        "range": 10.0,
        "colour": "#FFFFFF",
        "corona": null,
        "dutyCycle": "Always()"
      }
    },
    {
      "parent": "/Far__x2_z10/Far__x2_z10_LFS/Far_Station_MachineFactory/PassengerPlatform/Railway_Platform_RoofWide/Collider/%GROUP%_Mesh0002110708000803",
      "position": "(0,0.25,-0.5)",
      "rotation": "(0.450683475,0.547006369,-0.4637081,0.5316421)",
      "hash": "08F356A6282A354B0:08F358A60F2A36190",
      "properties": {
        "type": "Point",
        "intensity": 0.5,
        "range": 10.0,
        "colour": "#FFFFFF",
        "corona": null,
        "dutyCycle": "Always()"
      }
    },
    {
      "parent": "/Far__x2_z10/Far__x2_z10_LFS/Far_Station_MachineFactory/PassengerPlatform/Railway_Platform_RoofWide (2)/Collider/%GROUP%_Mesh0002100707000801",
      "position": "(0,0.25,0.5)",
      "rotation": "(0.463708222,-0.531642,0.4506836,0.5470063)",
      "hash": "08F116A6272A71500:08F116A60E2A721E0",
      "properties": {
        "type": "Point",
        "intensity": 0.5,
        "range": 10.0,
        "colour": "#FFFFFF",
        "corona": null,
        "dutyCycle": "Always()"
      }
    },
    {
      "parent": "/Far__x2_z10/Far__x2_z10_LFS/Far_Station_MachineFactory/PassengerPlatform/Railway_Platform_RoofWide (2)/Collider/%GROUP%_Mesh0002100707000801",
      "position": "(0,0.25,-0.5)",
      "rotation": "(0.463708222,-0.531642,0.4506836,0.5470063)",
      "hash": "08F116A6272A71500:08F116A60E2A711E0",
      "properties": {
        "type": "Point",
        "intensity": 0.5,
        "range": 10.0,
        "colour": "#FFFFFF",
        "corona": null,
        "dutyCycle": "Always()"
      }
    },
    {
      "parent": "/Far__x2_z10/Far__x2_z10_LFS/Far_Station_MachineFactory/PassengerPlatform/Railway_Platform_RoofWide (2)/Collider/%GROUP%_Mesh0002100708000800",
      "position": "(0,0.25,0.5)",
      "rotation": "(0.450683475,0.547006369,-0.4637081,0.5316421)",
      "hash": "08F538A6272A71450:08F539A60E2A72130",
      "properties": {
        "type": "Point",
        "intensity": 0.5,
        "range": 10.0,
        "colour": "#FFFFFF",
        "corona": null,
        "dutyCycle": "Always()"
      }
    },
    {
      "parent": "/Far__x2_z10/Far__x2_z10_LFS/Far_Station_MachineFactory/PassengerPlatform/Railway_Platform_RoofWide (2)/Collider/%GROUP%_Mesh0002100708000800",
      "position": "(0,0.25,-0.5)",
      "rotation": "(0.450683475,0.547006369,-0.4637081,0.5316421)",
      "hash": "08F538A6272A71450:08F537A60E2A71130",
      "properties": {
        "type": "Point",
        "intensity": 0.5,
        "range": 10.0,
        "colour": "#FFFFFF",
        "corona": null,
        "dutyCycle": "Always()"
      }
    },
    {
      "parent": "/Far__x2_z10/Far__x2_z10_LFS/Far_Station_MachineFactory/PassengerPlatform/Railway_Platform_RoofWide (2)/Collider/%GROUP%_Mesh00021A0709000763",
      "position": "(0,0.25,0.5)",
      "rotation": "(0.450683475,0.547006369,-0.4637081,0.5316421)",
      "hash": "08F60BA6292A81440:08F60CA6102A82120",
      "properties": {
        "type": "Point",
        "intensity": 0.5,
        "range": 10.0,
        "colour": "#FFFFFF",
        "corona": null,
        "dutyCycle": "Always()"
      }
    },
    {
      "parent": "/Far__x2_z10/Far__x2_z10_LFS/Far_Station_MachineFactory/PassengerPlatform/Railway_Platform_RoofWide (2)/Collider/%GROUP%_Mesh00021A0709000763",
      "position": "(0,0.25,-0.5)",
      "rotation": "(0.450683475,0.547006369,-0.4637081,0.5316421)",
      "hash": "08F60BA6292A81440:08F60AA6102A81120",
      "properties": {
        "type": "Point",
        "intensity": 0.5,
        "range": 10.0,
        "colour": "#FFFFFF",
        "corona": null,
        "dutyCycle": "Always()"
      }
    },
    {
      "parent": "/Far__x2_z10/Far__x2_z10_LFS/Far_Station_MachineFactory/PassengerPlatform/Railway_Platform_RoofWide (2)/Collider/%GROUP%_Mesh0002100707000761",
      "position": "(0,0.25,0.5)",
      "rotation": "(0.463708222,-0.531642,0.4506836,0.5470063)",
      "hash": "08F144A6272A814F0:08F147A60E2A821D0",
      "properties": {
        "type": "Point",
        "intensity": 0.5,
        "range": 10.0,
        "colour": "#FFFFFF",
        "corona": null,
        "dutyCycle": "Always()"
      }
    },
    {
      "parent": "/Far__x2_z10/Far__x2_z10_LFS/Far_Station_MachineFactory/PassengerPlatform/Railway_Platform_RoofWide (2)/Collider/%GROUP%_Mesh0002100707000761",
      "position": "(0,0.25,-0.5)",
      "rotation": "(0.463708222,-0.531642,0.4506836,0.5470063)",
      "hash": "08F144A6272A814F0:08F141A60E2A811D0",
      "properties": {
        "type": "Point",
        "intensity": 0.5,
        "range": 10.0,
        "colour": "#FFFFFF",
        "corona": null,
        "dutyCycle": "Always()"
      }
    },
    {
      "parent": "/Far__x2_z10/Far__x2_z10_LFS/Far_Station_MachineFactory/PassengerPlatform/Railway_Platform_RoofWide (4)/Collider/%GROUP%_Mesh0002140708000762",
      "position": "(0,0.25,0.5)",
      "rotation": "(0.463708222,-0.531642,0.4506836,0.5470063)",
      "hash": "08F227A6282A9B520:08F228A60F2A9C200",
      "properties": {
        "type": "Point",
        "intensity": 0.5,
        "range": 10.0,
        "colour": "#FFFFFF",
        "corona": null,
        "dutyCycle": "Always()"
      }
    },
    {
      "parent": "/Far__x2_z10/Far__x2_z10_LFS/Far_Station_MachineFactory/PassengerPlatform/Railway_Platform_RoofWide (4)/Collider/%GROUP%_Mesh0002140708000762",
      "position": "(0,0.25,-0.5)",
      "rotation": "(0.463708222,-0.531642,0.4506836,0.5470063)",
      "hash": "08F227A6282A9B520:08F226A60F2A9B200",
      "properties": {
        "type": "Point",
        "intensity": 0.5,
        "range": 10.0,
        "colour": "#FFFFFF",
        "corona": null,
        "dutyCycle": "Always()"
      }
    },
    {
      "parent": "/Far__x2_z10/Far__x2_z10_LFS/Far_Station_MachineFactory/PassengerPlatform/Railway_Platform_RoofWide (4)/Collider/%GROUP%_Mesh0002160708000805",
      "position": "(0,0.25,0.5)",
      "rotation": "(0.450683475,0.547006369,-0.4637081,0.5316421)",
      "hash": "08F651A6282A9B3E0:08F652A60F2A9C0C0",
      "properties": {
        "type": "Point",
        "intensity": 0.5,
        "range": 10.0,
        "colour": "#FFFFFF",
        "corona": null,
        "dutyCycle": "Always()"
      }
    },
    {
      "parent": "/Far__x2_z10/Far__x2_z10_LFS/Far_Station_MachineFactory/PassengerPlatform/Railway_Platform_RoofWide (4)/Collider/%GROUP%_Mesh0002160708000805",
      "position": "(0,0.25,-0.5)",
      "rotation": "(0.450683475,0.547006369,-0.4637081,0.5316421)",
      "hash": "08F651A6282A9B3E0:08F650A60F2A9B0C0",
      "properties": {
        "type": "Point",
        "intensity": 0.5,
        "range": 10.0,
        "colour": "#FFFFFF",
        "corona": null,
        "dutyCycle": "Always()"
      }
    },
    {
      "parent": "/Far__x2_z10/Far__x2_z10_LFS/Far_Station_MachineFactory/PassengerPlatform/Railway_Platform_RoofWide (4)/Collider/%GROUP%_Mesh00021B0709000755",
      "position": "(0,0.25,0.5)",
      "rotation": "(0.450683475,0.547006369,-0.4637081,0.5316421)",
      "hash": "08F71FA6292AAB340:08F720A6102AAC020",
      "properties": {
        "type": "Point",
        "intensity": 0.5,
        "range": 10.0,
        "colour": "#FFFFFF",
        "corona": null,
        "dutyCycle": "Always()"
      }
    },
    {
      "parent": "/Far__x2_z10/Far__x2_z10_LFS/Far_Station_MachineFactory/PassengerPlatform/Railway_Platform_RoofWide (4)/Collider/%GROUP%_Mesh00021B0709000755",
      "position": "(0,0.25,-0.5)",
      "rotation": "(0.450683475,0.547006369,-0.4637081,0.5316421)",
      "hash": "08F71FA6292AAB340:08F71EA6102AAB020",
      "properties": {
        "type": "Point",
        "intensity": 0.5,
        "range": 10.0,
        "colour": "#FFFFFF",
        "corona": null,
        "dutyCycle": "Always()"
      }
    },
    {
      "parent": "/Far__x2_z10/Far__x2_z10_LFS/Far_Station_MachineFactory/PassengerPlatform/Railway_Platform_RoofWide (4)/Collider/%GROUP%_Mesh0002120708000761",
      "position": "(0,0.25,0.5)",
      "rotation": "(0.463708222,-0.531642,0.4506836,0.5470063)",
      "hash": "08F256A6282AAB4D0:08F256A60F2AAC1B0",
      "properties": {
        "type": "Point",
        "intensity": 0.5,
        "range": 10.0,
        "colour": "#FFFFFF",
        "corona": null,
        "dutyCycle": "Always()"
      }
    },
    {
      "parent": "/Far__x2_z10/Far__x2_z10_LFS/Far_Station_MachineFactory/PassengerPlatform/Railway_Platform_RoofWide (4)/Collider/%GROUP%_Mesh0002120708000761",
      "position": "(0,0.25,-0.5)",
      "rotation": "(0.463708222,-0.531642,0.4506836,0.5470063)",
      "hash": "08F256A6282AAB4D0:08F255A60F2AAB1B0",
      "properties": {
        "type": "Point",
        "intensity": 0.5,
        "range": 10.0,
        "colour": "#FFFFFF",
        "corona": null,
        "dutyCycle": "Always()"
      }
    },
    {
      "parent": "/Far__x2_z10/Far__x2_z10_LFS/Far_Station_MachineFactory/PassengerPlatform/Railway_Platform_RoofWide (5)/Collider/%GROUP%_Mesh00020C0707000762",
      "position": "(0,0.25,0.5)",
      "rotation": "(0.450683475,0.547006369,-0.4637081,0.5316421)",
      "hash": "08EA11A6272AAC020:08EA0FA60E2AAB340",
      "properties": {
        "type": "Point",
        "intensity": 0.5,
        "range": 10.0,
        "colour": "#FFFFFF",
        "corona": null,
        "dutyCycle": "Always()"
      }
    },
    {
      "parent": "/Far__x2_z10/Far__x2_z10_LFS/Far_Station_MachineFactory/PassengerPlatform/Railway_Platform_RoofWide (5)/Collider/%GROUP%_Mesh00020C0707000762",
      "position": "(0,0.25,-0.5)",
      "rotation": "(0.450683475,0.547006369,-0.4637081,0.5316421)",
      "hash": "08EA11A6272AAC020:08EA12A60E2AAC340",
      "properties": {
        "type": "Point",
        "intensity": 0.5,
        "range": 10.0,
        "colour": "#FFFFFF",
        "corona": null,
        "dutyCycle": "Always()"
      }
    },
    {
      "parent": "/Far__x2_z10/Far__x2_z10_LFS/Far_Station_MachineFactory/PassengerPlatform/Railway_Platform_RoofWide (5)/Collider/%GROUP%_Mesh00021D070A000763",
      "position": "(0,0.25,0.5)",
      "rotation": "(0.463708222,-0.531642,0.4506836,0.5470063)",
      "hash": "08E54CA6292AAC100:08E54AA6102AAB420",
      "properties": {
        "type": "Point",
        "intensity": 0.5,
        "range": 10.0,
        "colour": "#FFFFFF",
        "corona": null,
        "dutyCycle": "Always()"
      }
    },
    {
      "parent": "/Far__x2_z10/Far__x2_z10_LFS/Far_Station_MachineFactory/PassengerPlatform/Railway_Platform_RoofWide (5)/Collider/%GROUP%_Mesh00021D070A000763",
      "position": "(0,0.25,-0.5)",
      "rotation": "(0.463708222,-0.531642,0.4506836,0.5470063)",
      "hash": "08E54CA6292AAC100:08E54EA6102AAC420",
      "properties": {
        "type": "Point",
        "intensity": 0.5,
        "range": 10.0,
        "colour": "#FFFFFF",
        "corona": null,
        "dutyCycle": "Always()"
      }
    },
    {
      "parent": "/Far__x2_z10/Far__x2_z10_LFS/Far_Station_MachineFactory/PassengerPlatform/Railway_Platform_RoofWide (3)/Collider/%GROUP%_Mesh0002170709000360",
      "position": "(0,0.25,0.5)",
      "rotation": "(0.463708222,-0.531642,0.4506836,0.5470063)",
      "hash": "08E433A6282A7E0F0:08E430A60F2A7D410",
      "properties": {
        "type": "Point",
        "intensity": 0.5,
        "range": 10.0,
        "colour": "#FFFFFF",
        "corona": null,
        "dutyCycle": "Always()"
      }
    },
    {
      "parent": "/Far__x2_z10/Far__x2_z10_LFS/Far_Station_MachineFactory/PassengerPlatform/Railway_Platform_RoofWide (3)/Collider/%GROUP%_Mesh0002170709000360",
      "position": "(0,0.25,-0.5)",
      "rotation": "(0.463708222,-0.531642,0.4506836,0.5470063)",
      "hash": "08E433A6282A7E0F0:08E435A60F2A7E410",
      "properties": {
        "type": "Point",
        "intensity": 0.5,
        "range": 10.0,
        "colour": "#FFFFFF",
        "corona": null,
        "dutyCycle": "Always()"
      }
    },
    {
      "parent": "/Far__x2_z10/Far__x2_z10_LFS/Far_Station_MachineFactory/PassengerPlatform/Railway_Platform_RoofWide (3)/Collider/%GROUP%_Mesh00021B070900035C",
      "position": "(0,0.25,0.5)",
      "rotation": "(0.450683475,0.547006369,-0.4637081,0.5316421)",
      "hash": "08E901A6292A7D620:08E862A6102A7D300",
      "properties": {
        "type": "Point",
        "intensity": 0.5,
        "range": 10.0,
        "colour": "#FFFFFF",
        "corona": null,
        "dutyCycle": "Always()"
      }
    },
    {
      "parent": "/Far__x2_z10/Far__x2_z10_LFS/Far_Station_MachineFactory/PassengerPlatform/Railway_Platform_RoofWide (3)/Collider/%GROUP%_Mesh00021B070900035C",
      "position": "(0,0.25,-0.5)",
      "rotation": "(0.450683475,0.547006369,-0.4637081,0.5316421)",
      "hash": "08E901A6292A7D620:08E904A6102A7E300",
      "properties": {
        "type": "Point",
        "intensity": 0.5,
        "range": 10.0,
        "colour": "#FFFFFF",
        "corona": null,
        "dutyCycle": "Always()"
      }
    },
    {
      "parent": "/Far__x2_z10/Far__x2_z10_LFS/Far_Station_MachineFactory/PassengerPlatform/Railway_Platform_RoofWide (5)/Collider/%GROUP%_Mesh0002160708000762",
      "position": "(0,0.25,0.5)",
      "rotation": "(0.463708222,-0.531642,0.4506836,0.5470063)",
      "hash": "08E525A6282A9C130:08E527A60F2A9C450",
      "properties": {
        "type": "Point",
        "intensity": 0.5,
        "range": 10.0,
        "colour": "#FFFFFF",
        "corona": null,
        "dutyCycle": "Always()"
      }
    },
    {
      "parent": "/Far__x2_z10/Far__x2_z10_LFS/Far_Station_MachineFactory/PassengerPlatform/Railway_Platform_RoofWide (5)/Collider/%GROUP%_Mesh0002160708000762",
      "position": "(0,0.25,-0.5)",
      "rotation": "(0.463708222,-0.531642,0.4506836,0.5470063)",
      "hash": "08E525A6282A9C130:08E523A60F2A9B450",
      "properties": {
        "type": "Point",
        "intensity": 0.5,
        "range": 10.0,
        "colour": "#FFFFFF",
        "corona": null,
        "dutyCycle": "Always()"
      }
    },
    {
      "parent": "/Far__x2_z10/Far__x2_z10_LFS/Far_Station_MachineFactory/PassengerPlatform/Railway_Platform_RoofWide (5)/Collider/%GROUP%_Mesh0002140708000801",
      "position": "(0,0.25,0.5)",
      "rotation": "(0.450683475,0.547006369,-0.4637081,0.5316421)",
      "hash": "08E950A6282A9C030:08E952A60F2A9C350",
      "properties": {
        "type": "Point",
        "intensity": 0.5,
        "range": 10.0,
        "colour": "#FFFFFF",
        "corona": null,
        "dutyCycle": "Always()"
      }
    },
    {
      "parent": "/Far__x2_z10/Far__x2_z10_LFS/Far_Station_MachineFactory/PassengerPlatform/Railway_Platform_RoofWide (5)/Collider/%GROUP%_Mesh0002140708000801",
      "position": "(0,0.25,-0.5)",
      "rotation": "(0.450683475,0.547006369,-0.4637081,0.5316421)",
      "hash": "08E950A6282A9C030:08E94EA60F2A9B350",
      "properties": {
        "type": "Point",
        "intensity": 0.5,
        "range": 10.0,
        "colour": "#FFFFFF",
        "corona": null,
        "dutyCycle": "Always()"
      }
    },
    {
      "parent": "/Far__x2_z10/Far__x2_z10_LFS/Far_Station_MachineFactory/PassengerPlatform/Railway_Platform_RoofWide (3)/Collider/%GROUP%_Mesh0002160708000761",
      "position": "(0,0.25,0.5)",
      "rotation": "(0.463708222,-0.531642,0.4506836,0.5470063)",
      "hash": "08E411A6282A72150:08E410A60F2A71470",
      "properties": {
        "type": "Point",
        "intensity": 0.5,
        "range": 10.0,
        "colour": "#FFFFFF",
        "corona": null,
        "dutyCycle": "Always()"
      }
    },
    {
      "parent": "/Far__x2_z10/Far__x2_z10_LFS/Far_Station_MachineFactory/PassengerPlatform/Railway_Platform_RoofWide (3)/Collider/%GROUP%_Mesh0002160708000761",
      "position": "(0,0.25,-0.5)",
      "rotation": "(0.463708222,-0.531642,0.4506836,0.5470063)",
      "hash": "08E411A6282A72150:08E412A60F2A72470",
      "properties": {
        "type": "Point",
        "intensity": 0.5,
        "range": 10.0,
        "colour": "#FFFFFF",
        "corona": null,
        "dutyCycle": "Always()"
      }
    },
    {
      "parent": "/Far__x2_z10/Far__x2_z10_LFS/Far_Station_MachineFactory/PassengerPlatform/Railway_Platform_RoofWide (3)/Collider/%GROUP%_Mesh0002110708000800",
      "position": "(0,0.25,0.5)",
      "rotation": "(0.450683475,0.547006369,-0.4637081,0.5316421)",
      "hash": "08E839A6272A72060:08E837A60E2A71380",
      "properties": {
        "type": "Point",
        "intensity": 0.5,
        "range": 10.0,
        "colour": "#FFFFFF",
        "corona": null,
        "dutyCycle": "Always()"
      }
    },
    {
      "parent": "/Far__x2_z10/Far__x2_z10_LFS/Far_Station_MachineFactory/PassengerPlatform/Railway_Platform_RoofWide (3)/Collider/%GROUP%_Mesh0002110708000800",
      "position": "(0,0.25,-0.5)",
      "rotation": "(0.450683475,0.547006369,-0.4637081,0.5316421)",
      "hash": "08E839A6272A72060:08E83AA60E2A72380",
      "properties": {
        "type": "Point",
        "intensity": 0.5,
        "range": 10.0,
        "colour": "#FFFFFF",
        "corona": null,
        "dutyCycle": "Always()"
      }
    },
    {
      "parent": "/Far__x2_z10/Far__x2_z10_LFS/Far_Station_MachineFactory/IndustryBuildings/FakeOffice_1/collider",
      "position": "(-3.25331879,5.3612175,0.0130765829)",
      "rotation": "(0.424285233,0.5689181,-0.4365465,0.5529389)",
      "hash": "08DD149E1A2A6B260:08E02DA33E2A6B1C0",
      "properties": {
        "type": "Point",
        "intensity": 1.0,
        "range": 20.0,
        "colour": "#FFB24D",
        "corona": {
          "sprite": "corona_orange01.png",
          "scale": 0.75,
          "range": 100.0
        },
        "dutyCycle": "DuskTillDawn()"
      }
    },
    {
      "parent": "/Far__x2_z10/Far__x2_z10_LFS/Far_Station_MachineFactory/IndustryBuildings/FakeOffice_1/collider",
      "position": "(-0.9979938,7.3674736,-8.27664)",
      "rotation": "(0.6086987,0.0112990281,-0.008670028,0.7932736)",
      "hash": "08DD149E1A2A6B260:08DE2BA53F2A733F0",
      "properties": {
        "type": "Point",
        "intensity": 1.0,
        "range": 20.0,
        "colour": "#FFB24D",
        "corona": {
          "sprite": "corona_orange01.png",
          "scale": 0.75,
          "range": 100.0
        },
        "dutyCycle": "DuskTillDawn()"
      }
    },
    {
      "parent": "/Far__x2_z10/Far__x2_z10_LFS/Far_Station_MachineFactory/IndustryBuildings/FakeOffice_1/collider/%GROUP%_Mesh000509052F000001",
      "position": "(0,0.285,-0.04)",
      "hash": "08D80AA3492A6B360:08D752A3452A6B370",
      "properties": {
        "type": "Point",
        "intensity": 0.5,
        "range": 10.0,
        "colour": "#FFFFFF",
        "corona": {
          "sprite": "corona_flare02.png",
          "scale": 0.87,
          "range": 100.0
        },
        "dutyCycle": "DuskTillDawn()"
      }
    },
    {
      "parent": "/Far__x2_z10/Far__x2_z10_LFS/Far_Station_MachineFactory/PassengerPlatform/Railway_PlatformWide_6/Collider/collider/%GROUP%_Mesh00011D0100002304",
      "position": "(0,7.1,1.55)",
      "rotation": "(-0.7071068,0,0,0.7071068)",
      "hash": "08F05FA01F2A494C0:08F05AA7292A48160",
      "properties": {
        "type": "Point",
        "intensity": 1.0,
        "range": 20.0,
        "colour": "#FFB24D",
        "corona": {
          "sprite": "corona_orange01.png",
          "scale": 0.75,
          "range": 100.0
        },
        "dutyCycle": "DuskTillDawn()"
      }
    },
    {
      "parent": "/Far__x2_z10/Far__x2_z10_LFS/Far_Station_MachineFactory/PassengerPlatform/Railway_PlatformWide_6/Collider/collider/%GROUP%_Mesh00011D0100002304",
      "position": "(0,7.1,-1.55)",
      "rotation": "(-0.7071068,0,0,0.7071068)",
      "hash": "08F05FA01F2A494C0:08F101A7292A4B1F0",
      "properties": {
        "type": "Point",
        "intensity": 1.0,
        "range": 20.0,
        "colour": "#FFB24D",
        "corona": {
          "sprite": "corona_orange01.png",
          "scale": 0.75,
          "range": 100.0
        },
        "dutyCycle": "DuskTillDawn()"
      }
    },
    {
      "parent": "/Far__x2_z10/Far__x2_z10_LFS/Far_Station_MachineFactory/PassengerPlatform/Railway_PlatformWide_6/Collider/collider/%GROUP%_Mesh0001190100001060",
      "position": "(0,7.1,1.55)",
      "rotation": "(-0.7071068,0,0,0.7071068)",
      "hash": "08F402A01F2A5B4C0:08F408A7292A5D1F0",
      "properties": {
        "type": "Point",
        "intensity": 1.0,
        "range": 20.0,
        "colour": "#FFB24D",
        "corona": {
          "sprite": "corona_orange01.png",
          "scale": 0.75,
          "range": 100.0
        },
        "dutyCycle": "DuskTillDawn()"
      }
    },
    {
      "parent": "/Far__x2_z10/Far__x2_z10_LFS/Far_Station_MachineFactory/PassengerPlatform/Railway_PlatformWide_6/Collider/collider/%GROUP%_Mesh0001190100001060",
      "position": "(0,7.1,-1.55)",
      "rotation": "(-0.7071068,0,0,0.7071068)",
      "hash": "08F402A01F2A5B4C0:08F361A7292A5A150",
      "properties": {
        "type": "Point",
        "intensity": 1.0,
        "range": 20.0,
        "colour": "#FFB24D",
        "corona": {
          "sprite": "corona_orange01.png",
          "scale": 0.75,
          "range": 100.0
        },
        "dutyCycle": "DuskTillDawn()"
      }
    }
  ],
  "meshes": [
    {
      "parent": "/Far__x2_z10/Far__x2_z10_LFS/Far_Station_MachineFactory/PassengerPlatform/Railway_Platform_RoofWide (1)/Collider",
      "position": "(-2.213417,7.087311,-7.9865036)",
      "rotation": "(0,0,1,0)",
      "hash": "08E42E9F1F2A2E0F0:08E202A6282A26170",
      "properties": {
        "file": "meshes_lampposts.assetbundle",
        "mesh": "IndustrialLamp_Ceiling"
      }
    },
    {
      "parent": "/Far__x2_z10/Far__x2_z10_LFS/Far_Station_MachineFactory/PassengerPlatform/Railway_Platform_RoofWide (1)/Collider",
      "position": "(2.188736,7.083252,-8.04571152)",
      "rotation": "(0.0261769481,0,0.999657333,0)",
      "hash": "08E42E9F1F2A2E0F0:08E62AA6282A26050",
      "properties": {
        "file": "meshes_lampposts.assetbundle",
        "mesh": "IndustrialLamp_Ceiling"
      }
    },
    {
      "parent": "/Far__x2_z10/Far__x2_z10_LFS/Far_Station_MachineFactory/PassengerPlatform/Railway_Platform_RoofWide (1)/Collider",
      "position": "(2.193779,7.084076,7.986328)",
      "rotation": "(0.008726535,0,0.9999619,0)",
      "hash": "08E42E9F1F2A2E0F0:08E658A6282A36070",
      "properties": {
        "file": "meshes_lampposts.assetbundle",
        "mesh": "IndustrialLamp_Ceiling"
      }
    },
    {
      "parent": "/Far__x2_z10/Far__x2_z10_LFS/Far_Station_MachineFactory/PassengerPlatform/Railway_Platform_RoofWide (1)/Collider",
      "position": "(-2.19142151,7.083664,7.99913025)",
      "rotation": "(0.0174524058,0,0.9998477,0)",
      "hash": "08E42E9F1F2A2E0F0:08E232A6282A36150",
      "properties": {
        "file": "meshes_lampposts.assetbundle",
        "mesh": "IndustrialLamp_Ceiling"
      }
    },
    {
      "parent": "/Far__x2_z10/Far__x2_z10_LFS/Far_Station_MachineFactory/PassengerPlatform/Railway_Platform_RoofWide/Collider",
      "position": "(-2.15911865,7.07833862,8.03635)",
      "rotation": "(0.999657333,0,-0.0261769611,0)",
      "hash": "08F12D9F1F2A2D4E0:08EF34A6272A35580",
      "properties": {
        "file": "meshes_lampposts.assetbundle",
        "mesh": "IndustrialLamp_Ceiling"
      }
    },
    {
      "parent": "/Far__x2_z10/Far__x2_z10_LFS/Far_Station_MachineFactory/PassengerPlatform/Railway_Platform_RoofWide/Collider",
      "position": "(-2.2392807,7.09164429,-8.016392)",
      "rotation": "(0.9999619,0,-0.008726531,0)",
      "hash": "08F12D9F1F2A2D4E0:08EE63A6292A25530",
      "properties": {
        "file": "meshes_lampposts.assetbundle",
        "mesh": "IndustrialLamp_Ceiling"
      }
    },
    {
      "parent": "/Far__x2_z10/Far__x2_z10_LFS/Far_Station_MachineFactory/PassengerPlatform/Railway_Platform_RoofWide/Collider",
      "position": "(2.15430069,7.07751465,-7.997692)",
      "rotation": "(0.9999619,0,-0.008726531,0)",
      "hash": "08F12D9F1F2A2D4E0:08F326A6272A25490",
      "properties": {
        "file": "meshes_lampposts.assetbundle",
        "mesh": "IndustrialLamp_Ceiling"
      }
    },
    {
      "parent": "/Far__x2_z10/Far__x2_z10_LFS/Far_Station_MachineFactory/PassengerPlatform/Railway_Platform_RoofWide/Collider",
      "position": "(2.1786232,7.081558,8.034901)",
      "rotation": "(0.9998477,0,-0.0174523517,0)",
      "hash": "08F12D9F1F2A2D4E0:08F356A6282A354B0",
      "properties": {
        "file": "meshes_lampposts.assetbundle",
        "mesh": "IndustrialLamp_Ceiling"
      }
    },
    {
      "parent": "/Far__x2_z10/Far__x2_z10_LFS/Far_Station_MachineFactory/PassengerPlatform/Railway_Platform_RoofWide (2)/Collider",
      "position": "(-2.1679,7.07980347,-8.018735)",
      "rotation": "(0,0,1,0)",
      "hash": "08F33E9F1F2A794B0:08F116A6272A71500",
      "properties": {
        "file": "meshes_lampposts.assetbundle",
        "mesh": "IndustrialLamp_Ceiling"
      }
    },
    {
      "parent": "/Far__x2_z10/Far__x2_z10_LFS/Far_Station_MachineFactory/PassengerPlatform/Railway_Platform_RoofWide (2)/Collider",
      "position": "(2.16947937,7.080017,-8.007497)",
      "rotation": "(0.008726535,0,0.9999619,0)",
      "hash": "08F33E9F1F2A794B0:08F538A6272A71450",
      "properties": {
        "file": "meshes_lampposts.assetbundle",
        "mesh": "IndustrialLamp_Ceiling"
      }
    },
    {
      "parent": "/Far__x2_z10/Far__x2_z10_LFS/Far_Station_MachineFactory/PassengerPlatform/Railway_Platform_RoofWide (2)/Collider",
      "position": "(2.26356888,7.095627,7.993866)",
      "rotation": "(0.008726535,0,0.9999619,0)",
      "hash": "08F33E9F1F2A794B0:08F60BA6292A81440",
      "properties": {
        "file": "meshes_lampposts.assetbundle",
        "mesh": "IndustrialLamp_Ceiling"
      }
    },
    {
      "parent": "/Far__x2_z10/Far__x2_z10_LFS/Far_Station_MachineFactory/PassengerPlatform/Railway_Platform_RoofWide (2)/Collider",
      "position": "(-2.167656,7.07974243,7.97604752)",
      "rotation": "(0.0261769481,0,0.999657333,0)",
      "hash": "08F33E9F1F2A794B0:08F144A6272A814F0",
      "properties": {
        "file": "meshes_lampposts.assetbundle",
        "mesh": "IndustrialLamp_Ceiling"
      }
    },
    {
      "parent": "/Far__x2_z10/Far__x2_z10_LFS/Far_Station_MachineFactory/PassengerPlatform/Railway_Platform_RoofWide (4)/Collider",
      "position": "(-2.20158,7.08540344,-7.98500443)",
      "rotation": "(0.008726535,0,0.9999619,0)",
      "hash": "08F4529F1F2AA34A0:08F227A6282A9B520",
      "properties": {
        "file": "meshes_lampposts.assetbundle",
        "mesh": "IndustrialLamp_Ceiling"
      }
    },
    {
      "parent": "/Far__x2_z10/Far__x2_z10_LFS/Far_Station_MachineFactory/PassengerPlatform/Railway_Platform_RoofWide (4)/Collider",
      "position": "(2.22858429,7.089813,-8.050259)",
      "rotation": "(0.008726535,0,0.9999619,0)",
      "hash": "08F4529F1F2AA34A0:08F651A6282A9B3E0",
      "properties": {
        "file": "meshes_lampposts.assetbundle",
        "mesh": "IndustrialLamp_Ceiling"
      }
    },
    {
      "parent": "/Far__x2_z10/Far__x2_z10_LFS/Far_Station_MachineFactory/PassengerPlatform/Railway_Platform_RoofWide (4)/Collider",
      "position": "(2.27222443,7.09709167,7.85294342)",
      "rotation": "(0.008726535,0,0.9999619,0)",
      "hash": "08F4529F1F2AA34A0:08F71FA6292AAB340",
      "properties": {
        "file": "meshes_lampposts.assetbundle",
        "mesh": "IndustrialLamp_Ceiling"
      }
    },
    {
      "parent": "/Far__x2_z10/Far__x2_z10_LFS/Far_Station_MachineFactory/PassengerPlatform/Railway_Platform_RoofWide (4)/Collider",
      "position": "(-2.187458,7.08305359,7.9769516)",
      "rotation": "(0.008726535,0,0.9999619,0)",
      "hash": "08F4529F1F2AA34A0:08F256A6282AAB4D0",
      "properties": {
        "file": "meshes_lampposts.assetbundle",
        "mesh": "IndustrialLamp_Ceiling"
      }
    },
    {
      "parent": "/Far__x2_z10/Far__x2_z10_LFS/Far_Station_MachineFactory/PassengerPlatform/Railway_Platform_RoofWide (5)/Collider",
      "position": "(2.12084961,7.072006,7.98039246)",
      "rotation": "(0.9998477,0,-0.0174523517,0)",
      "hash": "08E7529F1F2AA40B0:08EA11A6272AAC020",
      "properties": {
        "file": "meshes_lampposts.assetbundle",
        "mesh": "IndustrialLamp_Ceiling"
      }
    },
    {
      "parent": "/Far__x2_z10/Far__x2_z10_LFS/Far_Station_MachineFactory/PassengerPlatform/Railway_Platform_RoofWide (5)/Collider",
      "position": "(-2.290268,7.100067,7.99440765)",
      "rotation": "(0.9998477,0,-0.0174523517,0)",
      "hash": "08E7529F1F2AA40B0:08E54CA6292AAC100",
      "properties": {
        "file": "meshes_lampposts.assetbundle",
        "mesh": "IndustrialLamp_Ceiling"
      }
    },
    {
      "parent": "/Far__x2_z10/Far__x2_z10_LFS/Far_Station_MachineFactory/PassengerPlatform/Railway_Platform_RoofWide (3)/Collider",
      "position": "(-2.231575,7.09034729,3.961769)",
      "rotation": "(0.999657333,0,-0.0261769611,0)",
      "hash": "08E63E9F1F2A7A0C0:08E433A6282A7E0F0",
      "properties": {
        "file": "meshes_lampposts.assetbundle",
        "mesh": "IndustrialLamp_Ceiling"
      }
    },
    {
      "parent": "/Far__x2_z10/Far__x2_z10_LFS/Far_Station_MachineFactory/PassengerPlatform/Railway_Platform_RoofWide (3)/Collider",
      "position": "(2.276184,7.09771729,3.925106)",
      "rotation": "(0.999657333,0,-0.0261769611,0)",
      "hash": "08E63E9F1F2A7A0C0:08E901A6292A7D620",
      "properties": {
        "file": "meshes_lampposts.assetbundle",
        "mesh": "IndustrialLamp_Ceiling"
      }
    },
    {
      "parent": "/Far__x2_z10/Far__x2_z10_LFS/Far_Station_MachineFactory/PassengerPlatform/Railway_Platform_RoofWide (5)/Collider",
      "position": "(-2.22531128,7.089279,-7.98288727)",
      "rotation": "(0.0174524058,0,0.9998477,0)",
      "hash": "08E7529F1F2AA40B0:08E525A6282A9C130",
      "properties": {
        "file": "meshes_lampposts.assetbundle",
        "mesh": "IndustrialLamp_Ceiling"
      }
    },
    {
      "parent": "/Far__x2_z10/Far__x2_z10_LFS/Far_Station_MachineFactory/PassengerPlatform/Railway_Platform_RoofWide (5)/Collider",
      "position": "(2.20773315,7.08641052,-8.011906)",
      "rotation": "(0.0174524058,0,0.9998477,0)",
      "hash": "08E7529F1F2AA40B0:08E950A6282A9C030",
      "properties": {
        "file": "meshes_lampposts.assetbundle",
        "mesh": "IndustrialLamp_Ceiling"
      }
    },
    {
      "parent": "/Far__x2_z10/Far__x2_z10_LFS/Far_Station_MachineFactory/PassengerPlatform/Railway_Platform_RoofWide (3)/Collider",
      "position": "(-2.22818756,7.089798,-7.97755051)",
      "rotation": "(0.9999619,0,-0.008726531,0)",
      "hash": "08E63E9F1F2A7A0C0:08E411A6282A72150",
      "properties": {
        "file": "meshes_lampposts.assetbundle",
        "mesh": "IndustrialLamp_Ceiling"
      }
    },
    {
      "parent": "/Far__x2_z10/Far__x2_z10_LFS/Far_Station_MachineFactory/PassengerPlatform/Railway_Platform_RoofWide (3)/Collider",
      "position": "(2.17034149,7.080185,-8.003649)",
      "rotation": "(0.9998477,0,-0.0174523517,0)",
      "hash": "08E63E9F1F2A7A0C0:08E839A6272A72060",
      "properties": {
        "file": "meshes_lampposts.assetbundle",
        "mesh": "IndustrialLamp_Ceiling"
      }
    },
    {
      "parent": "/Far__x2_z10/Far__x2_z10_LFS/Far_Station_MachineFactory/IndustryBuildings/FakeOffice_1/collider",
      "position": "(5.09997559,5.472225,-0.01464716)",
      "rotation": "(-0.492828727,0.5070699,0.5070699,0.492828727)",
      "hash": "08DD149E1A2A6B260:08D80AA3492A6B360",
      "properties": {
        "file": "meshes_lampposts.assetbundle",
        "mesh": "FloodLight_Wall"
      }
    },
    {
      "parent": "/Far__x2_z10/Far__x2_z10_LFS/Far_Station_MachineFactory/PassengerPlatform/Railway_PlatformWide_6/Collider/collider",
      "position": "(-1.29959869,1,-35.0443649)",
      "rotation": "(0,0.9998477,0,-0.0174523517)",
      "hash": "08F3199F1F2A6C4C0:08F05FA01F2A494C0",
      "properties": {
        "file": "meshes_lampposts.assetbundle",
        "mesh": "LampPostDouble_Floor"
      }
    },
    {
      "parent": "/Far__x2_z10/Far__x2_z10_LFS/Far_Station_MachineFactory/PassengerPlatform/Railway_PlatformWide_6/Collider/collider",
      "position": "(1.2576561,1,-16.9690723)",
      "rotation": "(0,0.0174524058,0,0.9998477)",
      "hash": "08F3199F1F2A6C4C0:08F402A01F2A5B4C0",
      "properties": {
        "file": "meshes_lampposts.assetbundle",
        "mesh": "LampPostDouble_Floor"
      }
    }
  ],
  "decorations": []
}