{
  "version": 97,
  "enabled": true,
  "lights": [
    {
      "parent": "/Far__x2_z10/Far__x2_z10_LFS/Far_Station_MachineFactory/Poles/TrafficLight01#2/Collider",
      "position": "(-0.460754454,2.4568634,-0.010338068)",
      "rotation": "(0,0.9998986,0,-0.0142429611)",
      "hash": "08D6309F1F2B01400:08D62FA14D2B01120",
      "properties": {
        "type": "Point",
        "intensity": 0.5,
        "range": 5.0,
        "colour": "#00FF00",
        "corona": null,
        "dutyCycle": null
      }
    },
    {
      "parent": "/Far__x2_z10/Far__x2_z10_LFS/Far_Station_MachineFactory/Poles/TrafficLight03#1/Collider",
      "position": "(-0.449739277,4.934143,2.89267731)",
      "rotation": "(0,0.9998986,0,-0.0142429611)",
      "hash": "08D6309F1F2B01400:08D339A4192B011B0",
      "properties": {
        "type": "Point",
        "intensity": 0.5,
        "range": 5.0,
        "colour": "#00FF00",
        "corona": null,
        "dutyCycle": null
      }
    },
    {
      "parent": "/Far__x2_z10/Far__x2_z10_LFS/Far_Station_MachineFactory/Poles/TrafficLight01 (4)/Collider",
      "position": "(-0.459182739,2.433014,-0.00526481867)",
      "rotation": "(0,0.0142430784,0,0.999898553)",
      "hash": "08CD089F1F2B165B0:08CD09A14B2B17250",
      "properties": {
        "type": "Point",
        "intensity": 0.5,
        "range": 5.0,
        "colour": "#00FF00",
        "corona": null,
        "dutyCycle": null
      }
    },
    {
      "parent": "/Far__x2_z10/Far__x2_z10_LFS/Far_Station_MachineFactory/Poles/TrafficLight01 (2)/Collider",
      "position": "(-0.459869385,3.031601,0.0188293457)",
      "rotation": "(0,-0.696964,0,0.717106164)",
      "hash": "08C73F9F1F2B07060:08C711A2232B07090",
      "properties": {
        "type": "Point",
        "intensity": 0.5,
        "range": 5.0,
        "colour": "#FF0000",
        "corona": null,
        "dutyCycle": null
      }
    },
    {
      "parent": "/Far__x2_z10/Far__x2_z10_LFS/Far_Station_MachineFactory/Poles/TrafficLight01 (3)/Collider",
      "position": "(-0.460044861,3.04234314,0.00231929822)",
      "rotation": "(0,0.7171061,0,0.696964)",
      "hash": "08DB5A9F1F2B10310:08DC24A2242B102F0",
      "properties": {
        "type": "Point",
        "intensity": 0.5,
        "range": 5.0,
        "colour": "#FF0000",
        "corona": null,
        "dutyCycle": null
      }
    },
    {
      "parent": "/Far__x2_z10/Far__x2_z10_LFS/Far_Station_MachineFactory/Poles/TrafficLight03 (1)/Collider",
      "position": "(-0.4499972,5.25604248,2.89990139)",
      "rotation": "(0,0.0142434957,0,0.999898553)",
      "hash": "08C7269F1F2A4F000:08CA1DA4392A4F240",
      "properties": {
        "type": "Point",
        "intensity": 0.5,
        "range": 5.0,
        "colour": "#FF9900",
        "corona": null,
        "dutyCycle": "FlashingGlobal(2.00,False)"
      }
    },
    {
      "parent": "/Far__x2_z10/Far__x2_z10_LFS/Far_Station_MachineFactory/Poles/TrafficLight01 (1)/Collider",
      "position": "(-0.460138321,2.75634766,-0.000191658735)",
      "rotation": "(0,0.0142434957,0,0.999898553)",
      "hash": "08C7269F1F2A4F000:08C728A2072A4F2D0",
      "properties": {
        "type": "Point",
        "intensity": 0.5,
        "range": 5.0,
        "colour": "#FF9900",
        "corona": null,
        "dutyCycle": "FlashingGlobal(2.00,False)"
      }
    },
    {
      "parent": "/Far__x2_z10/Far__x2_z10_LFS/Far_Station_MachineFactory/Poles/TrafficLight01#0/Collider",
      "position": "(-0.460098326,2.728241,-0.002098322)",
      "rotation": "(0,0.9998986,0,-0.0142429611)",
      "hash": "08D04E9F1F2A39480:08D04DA2042A391A0",
      "properties": {
        "type": "Point",
        "intensity": 0.5,
        "range": 5.0,
        "colour": "#FF9900",
        "corona": null,
        "dutyCycle": "FlashingGlobal(2.00,False)"
      }
    },
    {
      "parent": "/Far__x2_z10/Far__x2_z10_LFS/Far_Station_MachineFactory/Poles/TrafficLight03#0/Collider",
      "position": "(-0.4498232,5.21560669,2.89438629)",
      "rotation": "(0,0.9998986,0,-0.0142429611)",
      "hash": "08D04E9F1F2A39480:08CD57A4352A39230",
      "properties": {
        "type": "Point",
        "intensity": 0.5,
        "range": 5.0,
        "colour": "#FF9900",
        "corona": null,
        "dutyCycle": "FlashingGlobal(2.00,False)"
      }
    },
    {
      "parent": "/Far__x2_z10/Far__x2_z10_LFS/Far_Station_MachineFactory/Poles/TrafficLight01#1/Collider",
      "position": "(-0.460037231,2.74768066,0.003982544)",
      "rotation": "(0,-0.696964,0,0.717106164)",
      "hash": "08C05D9F1F2A3F110:08C02FA2062A3F130",
      "properties": {
        "type": "Point",
        "intensity": 0.5,
        "range": 5.0,
        "colour": "#FF9900",
        "corona": null,
        "dutyCycle": "FlashingGlobal(2.00,False)"
      }
    }
  ],
  "meshes": [],
  "decorations": [
    {
      "parent": "/Far__x2_z10/Far__x2_z10_LFS/Far_Station_MachineFactory/Poles/TrafficLight01 (3)",
      "hash": "08DB5A9F1F2B10310:08DB5A9F1F2B10310",
      "id": "TRAFFIC_LIGHT:RED",
      "properties": {
        "file": "meshes_decoration_lights.assetbundle",
        "mesh": "TrafficLight01_RedLight",
        "assignMaterials": {
          "hideSourcePrefab": true,
          "assignments": []
        }
      },
      "dutyCycle": "Always()"
    },
    {
      "parent": "/Far__x2_z10/Far__x2_z10_LFS/Far_Station_MachineFactory/Poles/TrafficLight01 (2)",
      "hash": "08C73F9F1F2B07060:08C73F9F1F2B07060",
      "id": "TRAFFIC_LIGHT:RED",
      "properties": {
        "file": "meshes_decoration_lights.assetbundle",
        "mesh": "TrafficLight01_RedLight",
        "assignMaterials": {
          "hideSourcePrefab": true,
          "assignments": []
        }
      },
      "dutyCycle": "Always()"
    },
    {
      "parent": "/Far__x2_z10/Far__x2_z10_LFS/Far_Station_MachineFactory/Poles/TrafficLight01#2",
      "hash": "08D6309F1F2B01400:08D6309F1F2B01400",
      "id": "TRAFFIC_LIGHT:GREEN",
      "properties": {
        "file": "meshes_decoration_lights.assetbundle",
        "mesh": "TrafficLight01_GreenLight",
        "assignMaterials": {
          "hideSourcePrefab": true,
          "assignments": []
        }
      },
      "dutyCycle": "Always()"
    },
    {
      "parent": "/Far__x2_z10/Far__x2_z10_LFS/Far_Station_MachineFactory/Poles/TrafficLight03#1",
      "hash": "08D6309F1F2B01400:08D6309F1F2B01400",
      "id": "TRAFFIC_LIGHT:GREEN",
      "properties": {
        "file": "meshes_decoration_lights.assetbundle",
        "mesh": "TrafficLight03_GreenLight",
        "assignMaterials": {
          "hideSourcePrefab": true,
          "assignments": []
        }
      },
      "dutyCycle": "Always()"
    },
    {
      "parent": "/Far__x2_z10/Far__x2_z10_LFS/Far_Station_MachineFactory/Poles/TrafficLight01 (4)",
      "hash": "08CD089F1F2B165B0:08CD089F1F2B165B0",
      "id": "TRAFFIC_LIGHT:GREEN",
      "properties": {
        "file": "meshes_decoration_lights.assetbundle",
        "mesh": "TrafficLight01_GreenLight",
        "assignMaterials": {
          "hideSourcePrefab": true,
          "assignments": []
        }
      },
      "dutyCycle": "Always()"
    },
    {
      "parent": "/Far__x2_z10/Far__x2_z10_LFS/Far_Station_MachineFactory/Poles/TrafficLight01#1",
      "hash": "08C05D9F1F2A3F110:08C05D9F1F2A3F110",
      "id": "TRAFFIC_LIGHT:AMBER_FLASHING",
      "properties": {
        "file": "meshes_decoration_lights.assetbundle",
        "mesh": "TrafficLight01_AmberLight",
        "assignMaterials": {
          "hideSourcePrefab": true,
          "assignments": []
        }
      },
      "dutyCycle": "FlashingGlobal(2.00,False)"
    },
    {
      "parent": "/Far__x2_z10/Far__x2_z10_LFS/Far_Station_MachineFactory/Poles/TrafficLight03#0",
      "hash": "08D04E9F1F2A39480:08D04E9F1F2A39480",
      "id": "TRAFFIC_LIGHT:AMBER_FLASHING",
      "properties": {
        "file": "meshes_decoration_lights.assetbundle",
        "mesh": "TrafficLight03_AmberLight",
        "assignMaterials": {
          "hideSourcePrefab": true,
          "assignments": []
        }
      },
      "dutyCycle": "FlashingGlobal(2.00,False)"
    },
    {
      "parent": "/Far__x2_z10/Far__x2_z10_LFS/Far_Station_MachineFactory/Poles/TrafficLight01#0",
      "hash": "08D04E9F1F2A39480:08D04E9F1F2A39480",
      "id": "TRAFFIC_LIGHT:AMBER_FLASHING",
      "properties": {
        "file": "meshes_decoration_lights.assetbundle",
        "mesh": "TrafficLight01_AmberLight",
        "assignMaterials": {
          "hideSourcePrefab": true,
          "assignments": []
        }
      },
      "dutyCycle": "FlashingGlobal(2.00,False)"
    },
    {
      "parent": "/Far__x2_z10/Far__x2_z10_LFS/Far_Station_MachineFactory/Poles/TrafficLight03 (1)",
      "hash": "08C7269F1F2A4F000:08C7269F1F2A4F000",
      "id": "TRAFFIC_LIGHT:AMBER_FLASHING",
      "properties": {
        "file": "meshes_decoration_lights.assetbundle",
        "mesh": "TrafficLight03_AmberLight",
        "assignMaterials": {
          "hideSourcePrefab": true,
          "assignments": []
        }
      },
      "dutyCycle": "FlashingGlobal(2.00,False)"
    },
    {
      "parent": "/Far__x2_z10/Far__x2_z10_LFS/Far_Station_MachineFactory/Poles/TrafficLight01 (1)",
      "hash": "08C7269F1F2A4F000:08C7269F1F2A4F000",
      "id": "TRAFFIC_LIGHT:AMBER_FLASHING",
      "properties": {
        "file": "meshes_decoration_lights.assetbundle",
        "mesh": "TrafficLight01_AmberLight",
        "assignMaterials": {
          "hideSourcePrefab": true,
          "assignments": []
        }
      },
      "dutyCycle": "FlashingGlobal(2.00,False)"
    }
  ]
}