{
  "version": 92,
  "enabled": true,
  "priority": "High",
  "lights": [
    {
      "parent": "/Near__x5_z6/Near__x5_z6_LFS/0.3\n6#0/%GROUP%_Mesh000B24000D01EA1E",
      "position": "(-0.5636624,3.15479636,-0.09394385)",
      "rotation": "(-0.7071068,0,0,0.7071068)",
      "hash": "176C1C7B5419CB160:176C487F0019CA560",
      "properties": {
        "type": "Point",
        "intensity": 1.0,
        "range": 5.0,
        "colour": "#FF0000",
        "corona": {
          "sprite": "corona_orange01.png",
          "scale": 0.25,
          "range": 100.0
        },
        "dutyCycle": "FlashingGlobal(2)"
      }
    },
    {
      "parent": "/Near__x5_z6/Near__x5_z6_LFS/0.3\n6#0/%GROUP%_Mesh000B24000D01EA1E",
      "position": "(-0.5636624,3.15479636,-0.432141364)",
      "rotation": "(-0.7071068,0,0,0.7071068)",
      "hash": "176C1C7B5419CB160:176C617F0019CB080",
      "properties": {
        "type": "Point",
        "intensity": 1.0,
        "range": 5.0,
        "colour": "#FF0000",
        "corona": {
          "sprite": "corona_orange01.png",
          "scale": 0.25,
          "range": 100.0
        },
        "dutyCycle": "FlashingGlobal(2,true)"
      }
    },
    {
      "parent": "/Near__x5_z6/Near__x5_z6_LFS/0.3\n6#0/%GROUP%_Mesh000E36000D01DD39",
      "position": "(-0.5636624,3.15479636,-0.09394385)",
      "rotation": "(-0.7071068,0,0,0.7071068)",
      "hash": "175F177B5419C94B0:175E517F0019CA0D0",
      "properties": {
        "type": "Point",
        "intensity": 1.0,
        "range": 5.0,
        "colour": "#FF0000",
        "corona": {
          "sprite": "corona_orange01.png",
          "scale": 0.25,
          "range": 100.0
        },
        "dutyCycle": "FlashingGlobal(2)"
      }
    },
    {
      "parent": "/Near__x5_z6/Near__x5_z6_LFS/0.3\n6#0/%GROUP%_Mesh000E36000D01DD39",
      "position": "(-0.5636624,3.15479636,-0.432141364)",
      "rotation": "(-0.7071068,0,0,0.7071068)",
      "hash": "175F177B5419C94B0:175E367F0019C95C0",
      "properties": {
        "type": "Point",
        "intensity": 1.0,
        "range": 5.0,
        "colour": "#FF0000",
        "corona": {
          "sprite": "corona_orange01.png",
          "scale": 0.25,
          "range": 100.0
        },
        "dutyCycle": "FlashingGlobal(2,true)"
      }
    },
    {
      "parent": "/Near__x5_z6/Near__x5_z6_LFS/0.3\n6#0/%GROUP%_Mesh002005000D01D711",
      "position": "(-0.5636624,3.15479636,-0.09394385)",
      "rotation": "(-0.7071068,0,0,0.7071068)",
      "hash": "17530C7B5419D75B0:1752437F0019D81C0",
      "properties": {
        "type": "Point",
        "intensity": 1.0,
        "range": 5.0,
        "colour": "#FF0000",
        "corona": {
          "sprite": "corona_orange01.png",
          "scale": 0.25,
          "range": 100.0
        },
        "dutyCycle": "FlashingGlobal(2)"
      }
    },
    {
      "parent": "/Near__x5_z6/Near__x5_z6_LFS/0.3\n6#0/%GROUP%_Mesh002005000D01D711",
      "position": "(-0.5636624,3.15479636,-0.432141364)",
      "rotation": "(-0.7071068,0,0,0.7071068)",
      "hash": "17530C7B5419D75B0:17522A7F0019D8050",
      "properties": {
        "type": "Point",
        "intensity": 1.0,
        "range": 5.0,
        "colour": "#FF0000",
        "corona": {
          "sprite": "corona_orange01.png",
          "scale": 0.25,
          "range": 100.0
        },
        "dutyCycle": "FlashingGlobal(2,true)"
      }
    },
    {
      "parent": "/Near__x5_z6/Near__x5_z6_LFS/0.3\n6#0/%GROUP%_Mesh001E10000D01E31B",
      "position": "(-0.5636624,3.15479636,-0.09394385)",
      "rotation": "(-0.7071068,0,0,0.7071068)",
      "hash": "175F0B7B5419DA250:175F387F0019DA020",
      "properties": {
        "type": "Point",
        "intensity": 1.0,
        "range": 5.0,
        "colour": "#FF0000",
        "corona": {
          "sprite": "corona_orange01.png",
          "scale": 0.25,
          "range": 100.0
        },
        "dutyCycle": "FlashingGlobal(2)"
      }
    },
    {
      "parent": "/Near__x5_z6/Near__x5_z6_LFS/0.3\n6#0/%GROUP%_Mesh001E10000D01E31B",
      "position": "(-0.5636624,3.15479636,-0.432141364)",
      "rotation": "(-0.7071068,0,0,0.7071068)",
      "hash": "175F0B7B5419DA250:175F517F0019DA190",
      "properties": {
        "type": "Point",
        "intensity": 1.0,
        "range": 5.0,
        "colour": "#FF0000",
        "corona": {
          "sprite": "corona_orange01.png",
          "scale": 0.25,
          "range": 100.0
        },
        "dutyCycle": "FlashingGlobal(2,true)"
      }
    }
  ],
  "meshes": [
    {
      "parent": "/Near__x5_z6/Near__x5_z6_LFS/0.3\n6#0",
      "position": "(-11.3632841,0.132324219,490.307281)",
      "rotation": "(0,0.9099613,0,-0.414693266)",
      "hash": "15A4627B4719145D0:176C1C7B5419CB160",
      "properties": {
        "file": "meshes_levelcrossings.assetbundle",
        "mesh": "LevelCrossing"
      }
    },
    {
      "parent": "/Near__x5_z6/Near__x5_z6_LFS/0.3\n6#0",
      "position": "(-14.5498543,0.132324219,477.572)",
      "rotation": "(0,0.4305111,0,0.9025853)",
      "hash": "15A4627B4719145D0:175F177B5419C94B0",
      "properties": {
        "file": "meshes_levelcrossings.assetbundle",
        "mesh": "LevelCrossing"
      }
    },
    {
      "parent": "/Near__x5_z6/Near__x5_z6_LFS/0.3\n6#0",
      "position": "(-32.05758,0.132324219,471.179077)",
      "rotation": "(0,0.414693266,0,0.9099613)",
      "hash": "15A4627B4719145D0:17530C7B5419D75B0",
      "properties": {
        "file": "meshes_levelcrossings.assetbundle",
        "mesh": "LevelCrossing"
      }
    },
    {
      "parent": "/Near__x5_z6/Near__x5_z6_LFS/0.3\n6#0",
      "position": "(-30.1641617,0.132324219,483.271729)",
      "rotation": "(0,0.9170601,0,-0.398749083)",
      "hash": "15A4627B4719145D0:175F0B7B5419DA250",
      "properties": {
        "file": "meshes_levelcrossings.assetbundle",
        "mesh": "LevelCrossing"
      }
    }
  ],
  "decorations": []
}