{
  "version": 92,
  "enabled": true,
  "lights": [
    {
      "parent": "/Far__x4_z2/Far__x4_z2_LFS/Far_viaduct_bridge Start Object(Clone)/collider/%GROUP%_Mesh01D6613034027352",
      "position": "(0,1.5,0.7)",
      "hash": "11243E9B06099B2E0:11231A9B4C099A520",
      "properties": {
        "type": "Point",
        "intensity": 1.0,
        "range": 20.0,
        "colour": "#FFB24D",
        "corona": {
          "sprite": "corona_orange01.png",
          "scale": 0.75,
          "range": 100.0
        },
        "dutyCycle": "DuskTillDawn()"
      }
    },
    {
      "parent": "/Far__x4_z2/Far__x4_z2_LFS/Far_viaduct_bridge Start Object(Clone)/collider/%GROUP%_Mesh01D6613034027352/%GROUP%_Mesh000001081000014A",
      "position": "(0,0.25,0.5)",
      "hash": "112C009920099E5F0:112C169907099E320",
      "properties": {
        "type": "Point",
        "intensity": 0.5,
        "range": 10.0,
        "colour": "#FFFFFF",
        "corona": null,
        "dutyCycle": "Always()"
      }
    },
    {
      "parent": "/Far__x4_z2/Far__x4_z2_LFS/Far_viaduct_bridge Start Object(Clone)/collider/%GROUP%_Mesh01D6613034027352/%GROUP%_Mesh000001081000014A",
      "position": "(0,0.25,-0.5)",
      "hash": "112C009920099E5F0:112B4E9907099F280",
      "properties": {
        "type": "Point",
        "intensity": 0.5,
        "range": 10.0,
        "colour": "#FFFFFF",
        "corona": null,
        "dutyCycle": "Always()"
      }
    },
    {
      "parent": "/Far__x4_z2/Far__x4_z2_LFS/Far_viaduct_bridge Start Object(Clone)/collider/%GROUP%_Mesh01D6613034027352/%GROUP%_Mesh000001081000014A/%GROUP%_Mesh000761000000000F",
      "position": "(0,0.25,0.5)",
      "hash": "113317992009A21F0:11332C990709A1550",
      "properties": {
        "type": "Point",
        "intensity": 0.5,
        "range": 10.0,
        "colour": "#FFFFFF",
        "corona": null,
        "dutyCycle": "Always()"
      }
    },
    {
      "parent": "/Far__x4_z2/Far__x4_z2_LFS/Far_viaduct_bridge Start Object(Clone)/collider/%GROUP%_Mesh01D6613034027352/%GROUP%_Mesh000001081000014A/%GROUP%_Mesh000761000000000F",
      "position": "(0,0.25,-0.5)",
      "hash": "113317992009A21F0:113302990709A24C0",
      "properties": {
        "type": "Point",
        "intensity": 0.5,
        "range": 10.0,
        "colour": "#FFFFFF",
        "corona": null,
        "dutyCycle": "Always()"
      }
    }
  ],
  "meshes": [
    {
      "parent": "/Far__x4_z2/Far__x4_z2_LFS/Far_viaduct_bridge Start Object(Clone)/collider",
      "position": "(-470.970032,48.5256081,627.8218)",
      "rotation": "(-0.5969903,0.378949285,0.378949285,0.596990347)",
      "hash": "13F607A12C0AD4130:11243E9B06099B2E0",
      "properties": {
        "file": "meshes_lampposts.assetbundle",
        "mesh": "LampPostSmall_Wall"
      }
    },
    {
      "parent": "/Far__x4_z2/Far__x4_z2_LFS/Far_viaduct_bridge Start Object(Clone)/collider/%GROUP%_Mesh01D6613034027352",
      "position": "(-0.0130748777,-8.164636,-1.74220538)",
      "rotation": "(0.974370062,0,0.224951044,0)",
      "hash": "11243E9B06099B2E0:112C009920099E5F0",
      "properties": {
        "file": "meshes_lampposts.assetbundle",
        "mesh": "IndustrialLamp_Ceiling"
      }
    },
    {
      "parent": "/Far__x4_z2/Far__x4_z2_LFS/Far_viaduct_bridge Start Object(Clone)/collider/%GROUP%_Mesh01D6613034027352/%GROUP%_Mesh000001081000014A",
      "position": "(7.974678,2.38418556E-06,0.151360661)",
      "rotation": "(0.976296067,0,0.216439635,0)",
      "hash": "112C009920099E5F0:113317992009A21F0",
      "properties": {
        "file": "meshes_lampposts.assetbundle",
        "mesh": "IndustrialLamp_Ceiling"
      }
    }
  ],
  "decorations": []
}