{
  "version": 97,
  "enabled": true,
  "lights": [
    {
      "parent": "/Far__x5_z6/Far__x5_z6_LFS/Far_IndustryBuildings/Factory_Food/collider",
      "position": "(-26.5615482,6.76057434,-2.99135637)",
      "rotation": "(0.164220527,0.829017758,-0.431558818,0.315465)",
      "hash": "17DB4B79551A051E0:17EF40803D19F32D0",
      "properties": {
        "type": "Point",
        "intensity": 1.0,
        "range": 20.0,
        "colour": "#DDEEFF",
        "corona": {
          "sprite": "corona_flare02.png",
          "scale": 1.0,
          "range": 100.0
        },
        "dutyCycle": "DuskTillDawn()"
      }
    },
    {
      "parent": "/Far__x5_z6/Far__x5_z6_LFS/Far_IndustryBuildings/Factory_Food/collider",
      "position": "(-26.56779,6.76475525,4.986732)",
      "rotation": "(0.164228365,0.829010248,-0.4315645,0.3154731)",
      "hash": "17DB4B79551A051E0:17E944803E19EE0E0",
      "properties": {
        "type": "Point",
        "intensity": 1.0,
        "range": 20.0,
        "colour": "#DDEEFF",
        "corona": {
          "sprite": "corona_flare02.png",
          "scale": 1.0,
          "range": 100.0
        },
        "dutyCycle": "DuskTillDawn()"
      }
    },
    {
      "parent": "/Far__x5_z6/Far__x5_z6_LFS/Far_IndustryBuildings/Factory_Food/collider",
      "position": "(-26.5701027,6.76637268,12.9861526)",
      "rotation": "(0.164222643,0.829018,-0.43154946,0.31547606)",
      "hash": "17DB4B79551A051E0:17E347803E19E8520",
      "properties": {
        "type": "Point",
        "intensity": 1.0,
        "range": 20.0,
        "colour": "#DDEEFF",
        "corona": {
          "sprite": "corona_flare02.png",
          "scale": 1.0,
          "range": 100.0
        },
        "dutyCycle": "DuskTillDawn()"
      }
    },
    {
      "parent": "/Far__x5_z6/Far__x5_z6_LFS/Far_IndustryBuildings/Factory_Food/collider",
      "position": "(-26.53043,6.738678,21.0246811)",
      "rotation": "(0.164220557,0.829017758,-0.431558847,0.315465063)",
      "hash": "17DB4B79551A051E0:17DD44803B19E3330",
      "properties": {
        "type": "Point",
        "intensity": 1.0,
        "range": 20.0,
        "colour": "#DDEEFF",
        "corona": {
          "sprite": "corona_flare02.png",
          "scale": 1.0,
          "range": 100.0
        },
        "dutyCycle": "DuskTillDawn()"
      }
    },
    {
      "parent": "/Far__x5_z6/Far__x5_z6_LFS/Far_IndustryBuildings/Factory_Food/collider",
      "position": "(-19.9723949,6.74461365,25.5394344)",
      "rotation": "(-0.1890352,0.809271932,-0.421289176,-0.363125563)",
      "hash": "17DB4B79551A051E0:17D55F803C19E5280",
      "properties": {
        "type": "Point",
        "intensity": 1.0,
        "range": 20.0,
        "colour": "#DDEEFF",
        "corona": {
          "sprite": "corona_flare02.png",
          "scale": 1.0,
          "range": 100.0
        },
        "dutyCycle": "DuskTillDawn()"
      }
    },
    {
      "parent": "/Far__x5_z6/Far__x5_z6_LFS/Far_IndustryBuildings/Factory_Food/collider/%GROUP%_Mesh000D590C40001062",
      "position": "(0,0.285,-0.04)",
      "hash": "17D81E863219EF3F0:17D80B862E19EF540",
      "properties": {
        "type": "Point",
        "intensity": 1.0,
        "range": 20.0,
        "colour": "#FFB24D",
        "corona": {
          "sprite": "corona_orange01.png",
          "scale": 0.75,
          "range": 100.0
        },
        "dutyCycle": "DuskTillDawn()"
      }
    },
    {
      "parent": "/Far__x5_z6/Far__x5_z6_LFS/Far_IndustryBuildings/Warehouse_LargeSlant/collider/%GROUP%_Mesh0013140441001161",
      "position": "(0,0.285,-0.04)",
      "rotation": "(0,0.912363,0,-0.4093822)",
      "hash": "17ED247E331A2A250:17ED0F7E2F1A2A120",
      "properties": {
        "type": "Point",
        "intensity": 0.5,
        "range": 10.0,
        "colour": "#FFFFFF",
        "corona": {
          "sprite": "corona_flare02.png",
          "scale": 0.87,
          "range": 100.0
        },
        "dutyCycle": "DuskTillDawn()"
      }
    },
    {
      "parent": "/Far__x5_z6/Far__x5_z6_LFS/Far_IndustryBuildings/Warehouse_LargeSlant/collider/%GROUP%_Mesh001314043E000203",
      "position": "(0,0.285,-0.04)",
      "rotation": "(0,0.912363,0,-0.4093822)",
      "hash": "17F7607E301A1E2E0:17F74B7E2C1A1E1B0",
      "properties": {
        "type": "Point",
        "intensity": 0.5,
        "range": 10.0,
        "colour": "#FFFFFF",
        "corona": {
          "sprite": "corona_flare02.png",
          "scale": 0.87,
          "range": 100.0
        },
        "dutyCycle": "DuskTillDawn()"
      }
    },
    {
      "parent": "/Far__x5_z6/Far__x5_z6_LFS/Far_IndustryBuildings/Factory_Food/collider",
      "position": "(-1.99387026,4.353035,-24.2228737)",
      "rotation": "(0.5554057,0.324787319,-0.249214128,0.723830163)",
      "hash": "17DB4B79551A051E0:17EF117E151A135C0",
      "properties": {
        "type": "Point",
        "intensity": 1.0,
        "range": 20.0,
        "colour": "#DDEEFF",
        "corona": {
          "sprite": "corona_flare02.png",
          "scale": 1.0,
          "range": 100.0
        },
        "dutyCycle": "DuskTillDawn()"
      }
    },
    {
      "parent": "/Far__x5_z6/Far__x5_z6_LFS/Far_IndustryBuildings/Warehouse_LargeSlant/collider/%GROUP%_Mesh0013140444001161",
      "position": "(0,0.285,-0.04)",
      "rotation": "(0,0.912363,0,-0.4093822)",
      "hash": "18051A7E361A0F330:1805057E321A0F200",
      "properties": {
        "type": "Point",
        "intensity": 0.5,
        "range": 10.0,
        "colour": "#FFFFFF",
        "corona": {
          "sprite": "corona_flare02.png",
          "scale": 0.87,
          "range": 100.0
        },
        "dutyCycle": "DuskTillDawn()"
      }
    },
    {
      "parent": "/Far__x5_z6/Far__x5_z6_LFS/Far_IndustryBuildings/Warehouse_LargeSlant/collider",
      "position": "(18.55748,7.168686,-20.0039558)",
      "rotation": "(0.5723924,0.318793446,-0.25683552,0.710473955)",
      "hash": "18074279551A29460:18225281021A270A0",
      "properties": {
        "type": "Point",
        "intensity": 1.0,
        "range": 20.0,
        "colour": "#FFB24D",
        "corona": {
          "sprite": "corona_orange01.png",
          "scale": 0.75,
          "range": 100.0
        },
        "dutyCycle": "DuskTillDawn()"
      }
    },
    {
      "parent": "/Far__x5_z6/Far__x5_z6_LFS/Far_IndustryBuildings/Warehouse_LargeSlant/collider",
      "position": "(18.5448,7.16589355,-12.0103493)",
      "rotation": "(0.572392344,0.318793476,-0.25683552,0.710473955)",
      "hash": "18074279551A29460:181D3181021A2D060",
      "properties": {
        "type": "Point",
        "intensity": 1.0,
        "range": 20.0,
        "colour": "#FFB24D",
        "corona": {
          "sprite": "corona_orange01.png",
          "scale": 0.75,
          "range": 100.0
        },
        "dutyCycle": "DuskTillDawn()"
      }
    },
    {
      "parent": "/Far__x5_z6/Far__x5_z6_LFS/Far_IndustryBuildings/Warehouse_LargeSlant/collider",
      "position": "(18.5763264,7.1728363,-4.00964546)",
      "rotation": "(0.572392344,0.318793476,-0.25683552,0.710473955)",
      "hash": "18074279551A29460:18181481031A33060",
      "properties": {
        "type": "Point",
        "intensity": 1.0,
        "range": 20.0,
        "colour": "#FFB24D",
        "corona": {
          "sprite": "corona_orange01.png",
          "scale": 0.75,
          "range": 100.0
        },
        "dutyCycle": "DuskTillDawn()"
      }
    },
    {
      "parent": "/Far__x5_z6/Far__x5_z6_LFS/Far_IndustryBuildings/Warehouse_LargeSlant/collider",
      "position": "(18.5246,7.161499,4.001074)",
      "rotation": "(0.572392344,0.318793476,-0.25683552,0.710473955)",
      "hash": "18074279551A29460:18125381021A39010",
      "properties": {
        "type": "Point",
        "intensity": 1.0,
        "range": 20.0,
        "colour": "#FFB24D",
        "corona": {
          "sprite": "corona_orange01.png",
          "scale": 0.75,
          "range": 100.0
        },
        "dutyCycle": "DuskTillDawn()"
      }
    },
    {
      "parent": "/Far__x5_z6/Far__x5_z6_LFS/Far_IndustryBuildings/Warehouse_LargeSlant/collider",
      "position": "(18.562397,7.16978455,11.9831142)",
      "rotation": "(0.572392344,0.318793476,-0.25683552,0.710473955)",
      "hash": "18074279551A29460:180D3881021A3E630",
      "properties": {
        "type": "Point",
        "intensity": 1.0,
        "range": 20.0,
        "colour": "#FFB24D",
        "corona": {
          "sprite": "corona_orange01.png",
          "scale": 0.75,
          "range": 100.0
        },
        "dutyCycle": "DuskTillDawn()"
      }
    },
    {
      "parent": "/Far__x5_z6/Far__x5_z6_LFS/Far_IndustryBuildings/Warehouse_LargeSlant/collider",
      "position": "(18.5773659,7.17295837,20.0070477)",
      "rotation": "(0.572392344,0.318793476,-0.2568355,0.710473955)",
      "hash": "18074279551A29460:18081781031A45000",
      "properties": {
        "type": "Point",
        "intensity": 1.0,
        "range": 20.0,
        "colour": "#FFB24D",
        "corona": {
          "sprite": "corona_orange01.png",
          "scale": 0.75,
          "range": 100.0
        },
        "dutyCycle": "DuskTillDawn()"
      }
    },
    {
      "parent": "/Far__x5_z6/Far__x5_z6_LFS/Far_IndustryBuildings/Factory_Food/collider",
      "position": "(9.992672,8.163742,-20.5461674)",
      "rotation": "(0.575385034,0.317036718,-0.257424772,0.708627045)",
      "hash": "17DB4B79551A051E0:17E42D82021A1A2B0",
      "properties": {
        "type": "Point",
        "intensity": 1.0,
        "range": 20.0,
        "colour": "#FFB24D",
        "corona": {
          "sprite": "corona_orange01.png",
          "scale": 0.75,
          "range": 100.0
        },
        "dutyCycle": "DuskTillDawn()"
      }
    },
    {
      "parent": "/Far__x5_z6/Far__x5_z6_LFS/Far_IndustryBuildings/Factory_Food/collider",
      "position": "(22.5526485,5.754196,-3.011322)",
      "rotation": "(0.43155697,-0.31547457,0.1642255,0.8290141)",
      "hash": "17DB4B79551A051E0:17CF007F3D1A180F0",
      "properties": {
        "type": "Point",
        "intensity": 1.0,
        "range": 20.0,
        "colour": "#FFB24D",
        "corona": {
          "sprite": "corona_orange01.png",
          "scale": 0.75,
          "range": 100.0
        },
        "dutyCycle": "DuskTillDawn()"
      }
    },
    {
      "parent": "/Far__x5_z6/Far__x5_z6_LFS/Far_IndustryBuildings/Factory_Food/collider",
      "position": "(22.5459957,5.74965668,4.997162)",
      "rotation": "(0.43155697,-0.31547457,0.1642255,0.8290141)",
      "hash": "17DB4B79551A051E0:17C9037F3C1A12520",
      "properties": {
        "type": "Point",
        "intensity": 1.0,
        "range": 20.0,
        "colour": "#FFB24D",
        "corona": {
          "sprite": "corona_orange01.png",
          "scale": 0.75,
          "range": 100.0
        },
        "dutyCycle": "DuskTillDawn()"
      }
    },
    {
      "parent": "/Far__x5_z6/Far__x5_z6_LFS/Far_IndustryBuildings/Factory_Food/collider",
      "position": "(22.5280647,5.736908,12.9680023)",
      "rotation": "(0.431557,-0.31547457,0.1642255,0.8290141)",
      "hash": "17DB4B79551A051E0:17C3087F3B1A0D330",
      "properties": {
        "type": "Point",
        "intensity": 1.0,
        "range": 20.0,
        "colour": "#FFB24D",
        "corona": {
          "sprite": "corona_orange01.png",
          "scale": 0.75,
          "range": 100.0
        },
        "dutyCycle": "DuskTillDawn()"
      }
    },
    {
      "parent": "/Far__x5_z6/Far__x5_z6_LFS/Far_IndustryBuildings/Factory_Food/collider",
      "position": "(22.5455513,5.749275,20.99556)",
      "rotation": "(0.431557,-0.31547457,0.1642255,0.8290141)",
      "hash": "17DB4B79551A051E0:17BD087F3C1A08130",
      "properties": {
        "type": "Point",
        "intensity": 1.0,
        "range": 20.0,
        "colour": "#FFB24D",
        "corona": {
          "sprite": "corona_orange01.png",
          "scale": 0.75,
          "range": 100.0
        },
        "dutyCycle": "DuskTillDawn()"
      }
    },
    {
      "parent": "/Far__x5_z6/Far__x5_z6_LFS/Far_IndustryBuildings/Industry_Farm/collider/%GROUP%_Mesh0008140451000A01",
      "position": "(0,0.285,-0.04)",
      "hash": "17961B7E431A1A140:17962E7E3F1A19620",
      "properties": {
        "type": "Point",
        "intensity": 0.5,
        "range": 10.0,
        "colour": "#FFFFFF",
        "corona": {
          "sprite": "corona_flare02.png",
          "scale": 0.87,
          "range": 100.0
        },
        "dutyCycle": "Always()"
      }
    },
    {
      "parent": "/Far__x5_z6/Far__x5_z6_LFS/Far_IndustryBuildings/Warehouse_OldMedium/collider",
      "position": "(-0.00322447275,7.17779541,13.6128082)",
      "rotation": "(0.575442553,0.317010134,-0.257444173,0.7085852)",
      "hash": "178A30795519CB460:179441810319D44B0",
      "properties": {
        "type": "Point",
        "intensity": 1.0,
        "range": 20.0,
        "colour": "#FFB24D",
        "corona": {
          "sprite": "corona_orange01.png",
          "scale": 0.75,
          "range": 100.0
        },
        "dutyCycle": "DuskTillDawn()"
      }
    },
    {
      "parent": "/Far__x5_z6/Far__x5_z6_LFS/Far_IndustryBuildings/Warehouse_OldMedium/collider",
      "position": "(-0.000231661092,7.16702271,-13.56197)",
      "rotation": "(-0.2574222,0.7086278,-0.5753877,-0.317032367)",
      "hash": "178A30795519CB460:178023810219C2450",
      "properties": {
        "type": "Point",
        "intensity": 1.0,
        "range": 20.0,
        "colour": "#FFB24D",
        "corona": {
          "sprite": "corona_orange01.png",
          "scale": 0.75,
          "range": 100.0
        },
        "dutyCycle": "DuskTillDawn()"
      }
    },
    {
      "parent": "/Far__x5_z6/Far__x5_z6_LFS/Far_IndustryBuildings/Industry_Farm/collider/%GROUP%_Mesh000002042D00400A",
      "position": "(0,0.285,-0.04)",
      "rotation": "(0,0.912362754,0,-0.409382761)",
      "hash": "17682B7E1F19FC220:1768167E1B19FC0F0",
      "properties": {
        "type": "Point",
        "intensity": 0.5,
        "range": 10.0,
        "colour": "#FFFFFF",
        "corona": {
          "sprite": "corona_flare02.png",
          "scale": 0.87,
          "range": 100.0
        },
        "dutyCycle": "DuskTillDawn()"
      }
    },
    {
      "parent": "/Far__x5_z6/Far__x5_z6_LFS/Far_IndustryBuildings/FakeOffice_4/collider/%GROUP%_Mesh000062036200060A",
      "position": "(0,0.27,-0.12)",
      "rotation": "(0,0.40938288,0,0.9123627)",
      "hash": "17602A7D5419F63D0:17603E7D4819F64F0",
      "properties": {
        "type": "Point",
        "intensity": 0.5,
        "range": 10.0,
        "colour": "#FFFFFF",
        "corona": null,
        "dutyCycle": "Always()"
      }
    },
    {
      "parent": "/Far__x5_z6/Far__x5_z6_LFS/Far_IndustryBuildings/FakeOffice_4/collider/%GROUP%_Mesh000109042E000003",
      "position": "(0,0.285,-0.04)",
      "hash": "175A2D7E2019F4090:175A1A7E1C19F41E0",
      "properties": {
        "type": "Point",
        "intensity": 0.5,
        "range": 10.0,
        "colour": "#FFFFFF",
        "corona": {
          "sprite": "corona_flare02.png",
          "scale": 0.87,
          "range": 100.0
        },
        "dutyCycle": "DuskTillDawn()"
      }
    },
    {
      "parent": "/Far__x5_z6/Far__x5_z6_LFS/Far_IndustryBuildings/Industry_Farm/collider/%GROUP%_Mesh000813053A00095D",
      "position": "(0,0.285,-0.04)",
      "rotation": "(0,-0.355660558,0,0.934615254)",
      "hash": "178B2A7F2C1A26320:178B177F281A26470",
      "properties": {
        "type": "Point",
        "intensity": 0.5,
        "range": 10.0,
        "colour": "#FFFFFF",
        "corona": {
          "sprite": "corona_flare02.png",
          "scale": 0.87,
          "range": 100.0
        },
        "dutyCycle": "DuskTillDawn()"
      }
    },
    {
      "parent": "/Far__x5_z6/Far__x5_z6_LFS/Far_IndustryBuildings/Warehouse_OldMedium (1)/collider",
      "position": "(0.00788688753,7.167145,-13.5623417)",
      "rotation": "(0.224835679,0.7252512,-0.588885546,0.276899934)",
      "hash": "17444979551A4B480:174D4B81021A413B0",
      "properties": {
        "type": "Point",
        "intensity": 1.0,
        "range": 20.0,
        "colour": "#FFB24D",
        "corona": {
          "sprite": "corona_orange01.png",
          "scale": 0.75,
          "range": 100.0
        },
        "dutyCycle": "DuskTillDawn()"
      }
    },
    {
      "parent": "/Far__x5_z6/Far__x5_z6_LFS/Far_IndustryBuildings/Warehouse_OldMedium (2)/collider",
      "position": "(-0.00272560143,7.169037,-13.5716686)",
      "rotation": "(0.224835679,0.7252512,-0.588885546,0.276899934)",
      "hash": "17534379551A59010:175C4581021A4E570",
      "properties": {
        "type": "Point",
        "intensity": 1.0,
        "range": 20.0,
        "colour": "#FFB24D",
        "corona": {
          "sprite": "corona_orange01.png",
          "scale": 0.75,
          "range": 100.0
        },
        "dutyCycle": "DuskTillDawn()"
      }
    },
    {
      "parent": "/Far__x5_z6/Far__x5_z6_LFS/Far_IndustryBuildings/FakeOffice_6/collider/%GROUP%_Mesh000109042D000360",
      "position": "(0,0.285,-0.04)",
      "rotation": "(0,0.934614956,0,0.355661184)",
      "hash": "1776507E1F1A6A4C0:1776637E1B1A6A360",
      "properties": {
        "type": "Point",
        "intensity": 0.5,
        "range": 10.0,
        "colour": "#FFFFFF",
        "corona": {
          "sprite": "corona_flare02.png",
          "scale": 0.87,
          "range": 100.0
        },
        "dutyCycle": "DuskTillDawn()"
      }
    },
    {
      "parent": "/Far__x5_z6/Far__x5_z6_LFS/Far_IndustryBuildings/Warehouse_OldMedium (2)/collider",
      "position": "(0.009874345,7.165634,13.555254)",
      "rotation": "(0.588939846,-0.2768855,0.22485891,0.725205362)",
      "hash": "17534379551A59010:174A4281021A630F0",
      "properties": {
        "type": "Point",
        "intensity": 1.0,
        "range": 20.0,
        "colour": "#FFB24D",
        "corona": {
          "sprite": "corona_orange01.png",
          "scale": 0.75,
          "range": 100.0
        },
        "dutyCycle": "DuskTillDawn()"
      }
    },
    {
      "parent": "/Far__x5_z6/Far__x5_z6_LFS/Far_IndustryBuildings/Warehouse_OldMedium (1)/collider",
      "position": "(0.007692338,7.173828,13.5942707)",
      "rotation": "(0.588939846,-0.2768855,0.22485891,0.725205362)",
      "hash": "17444979551A4B480:173B4681031A55580",
      "properties": {
        "type": "Point",
        "intensity": 1.0,
        "range": 20.0,
        "colour": "#FFB24D",
        "corona": {
          "sprite": "corona_orange01.png",
          "scale": 0.75,
          "range": 100.0
        },
        "dutyCycle": "DuskTillDawn()"
      }
    },
    {
      "parent": "/Far__x5_z6/Far__x5_z6_LFS/Far_IndustryBuildings/Industry_Farm/collider",
      "position": "(-0.00111299008,8.181381,-64.63019)",
      "rotation": "(0.575386643,0.317035884,-0.257425219,0.708626)",
      "hash": "17981D79551A26620:17C83982041A515E0",
      "properties": {
        "type": "Point",
        "intensity": 1.0,
        "range": 20.0,
        "colour": "#FFB24D",
        "corona": {
          "sprite": "corona_orange01.png",
          "scale": 0.75,
          "range": 100.0
        },
        "dutyCycle": "DuskTillDawn()"
      }
    },
    {
      "parent": "/Far__x5_z6/Far__x5_z6_LFS/Far_IndustryBuildings/Industry_Farm/collider/%GROUP%_Mesh0008130521003A01",
      "position": "(0,0.285,-0.04)",
      "rotation": "(0,-0.355660558,0,0.934615254)",
      "hash": "17BE127F121A53430:17BD637F0E1A53580",
      "properties": {
        "type": "Point",
        "intensity": 0.5,
        "range": 10.0,
        "colour": "#FFFFFF",
        "corona": {
          "sprite": "corona_flare02.png",
          "scale": 0.87,
          "range": 100.0
        },
        "dutyCycle": "DuskTillDawn()"
      }
    },
    {
      "parent": "/Far__x5_z6/Far__x5_z6_LFS/Far_IndustryBuildings/Industry_Farm/collider/%GROUP%_Mesh0008130523002C0A",
      "position": "(0,0.285,-0.04)",
      "rotation": "(0,-0.355660558,0,0.934615254)",
      "hash": "17B34F7F151A4A2A0:17B33C7F111A4A400",
      "properties": {
        "type": "Point",
        "intensity": 0.5,
        "range": 10.0,
        "colour": "#FFFFFF",
        "corona": {
          "sprite": "corona_flare02.png",
          "scale": 0.87,
          "range": 100.0
        },
        "dutyCycle": "DuskTillDawn()"
      }
    },
    {
      "parent": "/Far__x5_z6/Far__x5_z6_LFS/Far_IndustryBuildings/Industry_Farm/collider",
      "position": "(18.0127888,10.7467651,20.5422249)",
      "rotation": "(-0.189032063,0.809275448,-0.42128253,-0.363126874)",
      "hash": "17981D79551A26620:177C61843C1A264E0",
      "properties": {
        "type": "Point",
        "intensity": 1.0,
        "range": 20.0,
        "colour": "#FFB24D",
        "corona": {
          "sprite": "corona_orange01.png",
          "scale": 0.75,
          "range": 100.0
        },
        "dutyCycle": "DuskTillDawn()"
      }
    },
    {
      "parent": "/Far__x5_z6/Far__x5_z6_LFS/Far_IndustryBuildings/Industry_Farm/collider",
      "position": "(13.9909868,10.73291,20.52248)",
      "rotation": "(-0.189032063,0.809275448,-0.42128253,-0.363126874)",
      "hash": "17981D79551A26620:177F42843B1A234F0",
      "properties": {
        "type": "Point",
        "intensity": 1.0,
        "range": 20.0,
        "colour": "#FFB24D",
        "corona": {
          "sprite": "corona_orange01.png",
          "scale": 0.75,
          "range": 100.0
        },
        "dutyCycle": "DuskTillDawn()"
      }
    },
    {
      "parent": "/Far__x5_z6/Far__x5_z6_LFS/Far_IndustryBuildings/Industry_Farm/collider",
      "position": "(14.02447,10.7553558,3.44559956)",
      "rotation": "(0.42128253,0.363126874,-0.189032063,0.809275448)",
      "hash": "17981D79551A26620:178C28843D1A2F100",
      "properties": {
        "type": "Point",
        "intensity": 1.0,
        "range": 20.0,
        "colour": "#FFB24D",
        "corona": {
          "sprite": "corona_orange01.png",
          "scale": 0.75,
          "range": 100.0
        },
        "dutyCycle": "DuskTillDawn()"
      }
    },
    {
      "parent": "/Far__x5_z6/Far__x5_z6_LFS/Far_IndustryBuildings/Industry_Farm/collider",
      "position": "(17.979147,10.75798,3.442027)",
      "rotation": "(0.42128253,0.363126874,-0.189032063,0.809275448)",
      "hash": "17981D79551A26620:17894D843D1A320C0",
      "properties": {
        "type": "Point",
        "intensity": 1.0,
        "range": 20.0,
        "colour": "#FFB24D",
        "corona": {
          "sprite": "corona_orange01.png",
          "scale": 0.75,
          "range": 100.0
        },
        "dutyCycle": "DuskTillDawn()"
      }
    },
    {
      "parent": "/Far__x5_z6/Far__x5_z6_LFS/Far_IndustryBuildings/Industry_Farm/collider",
      "position": "(-18.0042477,10.75444,3.447011)",
      "rotation": "(0.42128253,0.3631269,-0.1890321,0.809275448)",
      "hash": "17981D79551A26620:17A145843D1A17180",
      "properties": {
        "type": "Point",
        "intensity": 1.0,
        "range": 20.0,
        "colour": "#FFB24D",
        "corona": {
          "sprite": "corona_orange01.png",
          "scale": 0.75,
          "range": 100.0
        },
        "dutyCycle": "DuskTillDawn()"
      }
    },
    {
      "parent": "/Far__x5_z6/Far__x5_z6_LFS/Far_IndustryBuildings/Industry_Farm/collider",
      "position": "(-13.97767,10.74823,3.45595837)",
      "rotation": "(0.42128253,0.363126874,-0.189032048,0.809275448)",
      "hash": "17981D79551A26620:179F01843C1A1A180",
      "properties": {
        "type": "Point",
        "intensity": 1.0,
        "range": 20.0,
        "colour": "#FFB24D",
        "corona": {
          "sprite": "corona_orange01.png",
          "scale": 0.75,
          "range": 100.0
        },
        "dutyCycle": "DuskTillDawn()"
      }
    },
    {
      "parent": "/Far__x5_z6/Far__x5_z6_LFS/Far_IndustryBuildings/Industry_Farm/collider",
      "position": "(-13.9988928,10.7631531,20.565731)",
      "rotation": "(-0.189032048,0.809275448,-0.42128253,-0.363126874)",
      "hash": "17981D79551A26620:179218843E1A0E550",
      "properties": {
        "type": "Point",
        "intensity": 1.0,
        "range": 20.0,
        "colour": "#FFB24D",
        "corona": {
          "sprite": "corona_orange01.png",
          "scale": 0.75,
          "range": 100.0
        },
        "dutyCycle": "DuskTillDawn()"
      }
    },
    {
      "parent": "/Far__x5_z6/Far__x5_z6_LFS/Far_IndustryBuildings/Industry_Farm/collider",
      "position": "(-18.0206051,10.7484436,20.54462)",
      "rotation": "(-0.189032063,0.809275448,-0.42128253,-0.363126874)",
      "hash": "17981D79551A26620:17945D843C1A0B560",
      "properties": {
        "type": "Point",
        "intensity": 1.0,
        "range": 20.0,
        "colour": "#FFB24D",
        "corona": {
          "sprite": "corona_orange01.png",
          "scale": 0.75,
          "range": 100.0
        },
        "dutyCycle": "DuskTillDawn()"
      }
    }
  ],
  "meshes": [
    {
      "parent": "/Far__x5_z6/Far__x5_z6_LFS/Far_IndustryBuildings/Factory_Food/collider",
      "position": "(-13.8999062,12.6408234,16.9852314)",
      "rotation": "(-0.2514898,0.6608728,0.6608729,0.2514898)",
      "hash": "17DB4B79551A051E0:17D81E863219EF3F0",
      "properties": {
        "file": "meshes_lampposts.assetbundle",
        "mesh": "FloodLight_Wall"
      }
    },
    {
      "parent": "/Far__x5_z6/Far__x5_z6_LFS/Far_IndustryBuildings/Warehouse_LargeSlant/collider",
      "position": "(-19.2002716,4.6565094,17.97984)",
      "rotation": "(-0.6451381,0.2894769,0.2894769,0.6451381)",
      "hash": "18074279551A29460:17ED247E331A2A250",
      "properties": {
        "file": "meshes_lampposts.assetbundle",
        "mesh": "FloodLight_Wall"
      }
    },
    {
      "parent": "/Far__x5_z6/Far__x5_z6_LFS/Far_IndustryBuildings/Warehouse_LargeSlant/collider",
      "position": "(-19.2002735,4.62113953,2.03607368)",
      "rotation": "(-0.6451381,0.2894769,0.2894769,0.6451381)",
      "hash": "18074279551A29460:17F7607E301A1E2E0",
      "properties": {
        "file": "meshes_lampposts.assetbundle",
        "mesh": "FloodLight_Wall"
      }
    },
    {
      "parent": "/Far__x5_z6/Far__x5_z6_LFS/Far_IndustryBuildings/Warehouse_LargeSlant/collider",
      "position": "(-19.2001381,4.689163,-17.9735088)",
      "rotation": "(-0.6451381,0.2894769,0.2894769,0.6451381)",
      "hash": "18074279551A29460:18051A7E361A0F330",
      "properties": {
        "file": "meshes_lampposts.assetbundle",
        "mesh": "FloodLight_Wall"
      }
    },
    {
      "parent": "/Far__x5_z6/Far__x5_z6_LFS/Far_IndustryBuildings/Industry_Farm/collider",
      "position": "(-8.20012951,4.813759,10.0124779)",
      "rotation": "(-0.6608727,-0.251490116,-0.251490116,0.6608727)",
      "hash": "17981D79551A26620:17961B7E431A1A140",
      "properties": {
        "file": "meshes_lampposts.assetbundle",
        "mesh": "FloodLight_Wall"
      }
    },
    {
      "parent": "/Far__x5_z6/Far__x5_z6_LFS/Far_IndustryBuildings/Industry_Farm/collider",
      "position": "(-0.02676406,4.45256042,64.1002045)",
      "rotation": "(-0.6451379,0.289477348,0.289477348,0.645137846)",
      "hash": "17981D79551A26620:17682B7E1F19FC220",
      "properties": {
        "file": "meshes_lampposts.assetbundle",
        "mesh": "FloodLight_Wall"
      }
    },
    {
      "parent": "/Far__x5_z6/Far__x5_z6_LFS/Far_IndustryBuildings/FakeOffice_4/collider",
      "position": "(0.9862355,3.98730469,6.100034)",
      "rotation": "(0.2894774,0.645137846,0.645137846,-0.2894774)",
      "hash": "175B14795519F31D0:17602A7D5419F63D0",
      "properties": {
        "file": "meshes_lampposts.assetbundle",
        "mesh": "IndustrialLamp_Wall"
      }
    },
    {
      "parent": "/Far__x5_z6/Far__x5_z6_LFS/Far_IndustryBuildings/FakeOffice_4/collider",
      "position": "(-1.09989548,4.46344757,-0.0309463982)",
      "rotation": "(-0.251489162,0.6608731,0.6608731,0.251489162)",
      "hash": "175B14795519F31D0:175A2D7E2019F4090",
      "properties": {
        "file": "meshes_lampposts.assetbundle",
        "mesh": "FloodLight_Wall"
      }
    },
    {
      "parent": "/Far__x5_z6/Far__x5_z6_LFS/Far_IndustryBuildings/Industry_Farm/collider",
      "position": "(8.199689,5.58760071,9.937374)",
      "rotation": "(-0.251489967,0.660872757,0.660872757,0.251489967)",
      "hash": "17981D79551A26620:178B2A7F2C1A26320",
      "properties": {
        "file": "meshes_lampposts.assetbundle",
        "mesh": "FloodLight_Wall"
      }
    },
    {
      "parent": "/Far__x5_z6/Far__x5_z6_LFS/Far_IndustryBuildings/FakeOffice_6/collider",
      "position": "(-1.099823,4.45652771,3.963684)",
      "rotation": "(-0.6608726,-0.251490444,-0.251490444,0.6608726)",
      "hash": "17790379551A6E150:1776507E1F1A6A4C0",
      "properties": {
        "file": "meshes_lampposts.assetbundle",
        "mesh": "FloodLight_Wall"
      }
    },
    {
      "parent": "/Far__x5_z6/Far__x5_z6_LFS/Far_IndustryBuildings/Industry_Farm/collider",
      "position": "(8.19982052,5.33009338,-58.0145149)",
      "rotation": "(-0.251489967,0.660872757,0.660872757,0.251489967)",
      "hash": "17981D79551A26620:17BE127F121A53430",
      "properties": {
        "file": "meshes_lampposts.assetbundle",
        "mesh": "FloodLight_Wall"
      }
    },
    {
      "parent": "/Far__x5_z6/Far__x5_z6_LFS/Far_IndustryBuildings/Industry_Farm/collider",
      "position": "(8.199755,5.35240173,-44.1016121)",
      "rotation": "(-0.251489967,0.660872757,0.660872757,0.251489967)",
      "hash": "17981D79551A26620:17B34F7F151A4A2A0",
      "properties": {
        "file": "meshes_lampposts.assetbundle",
        "mesh": "FloodLight_Wall"
      }
    }
  ],
  "decorations": []
}