{
  "version": 97,
  "enabled": true,
  "lights": [
    {
      "parent": "/Near__x5_z7/Near__x5_z7_LFS/%GROUP%_Mesh024B279D4801C726",
      "position": "(0,0.27,-0.12)",
      "rotation": "(-0.0400965922,-0.4593897,-0.0207645632,0.8870864)",
      "hash": "164B279D481DC7260:164B119D3C1DC7350",
      "properties": {
        "type": "Point",
        "intensity": 0.5,
        "range": 10.0,
        "colour": "#FFFFFF",
        "corona": null,
        "dutyCycle": "Always()"
      }
    },
    {
      "parent": "/Near__x5_z7/Near__x5_z7_LFS/%GROUP%_Mesh02423D9B2301BE63",
      "position": "(0,7.1,1.55)",
      "rotation": "(-0.595122159,-0.29271245,-0.24650766,0.7066704)",
      "hash": "16423D9B231DBE630:164144A22D1DBD4B0",
      "properties": {
        "type": "Point",
        "intensity": 1.0,
        "range": 20.0,
        "colour": "#DDEEFF",
        "corona": {
          "sprite": "corona_flare02.png",
          "scale": 1.0,
          "range": 100.0
        },
        "dutyCycle": "DuskTillDawn()"
      }
    },
    {
      "parent": "/Near__x5_z7/Near__x5_z7_LFS/%GROUP%_Mesh02423D9B2301BE63",
      "position": "(0,7.1,-1.55)",
      "rotation": "(-0.595122159,-0.29271245,-0.24650766,0.7066704)",
      "hash": "16423D9B231DBE630:164337A22D1DC0170",
      "properties": {
        "type": "Point",
        "intensity": 1.0,
        "range": 20.0,
        "colour": "#DDEEFF",
        "corona": {
          "sprite": "corona_flare02.png",
          "scale": 1.0,
          "range": 100.0
        },
        "dutyCycle": "DuskTillDawn()"
      }
    }
  ],
  "meshes": [
    {
      "parent": "/Near__x5_z7/Near__x5_z7_LFS",
      "position": "(587.3999,157.726669,455.3838)",
      "rotation": "(-0.325169235,0.6279052,0.6279052,0.325169235)",
      "hash": "14000000001C00000:164B279D481DC7260",
      "properties": {
        "file": "meshes_lampposts.assetbundle",
        "mesh": "IndustrialLamp_Wall"
      }
    },
    {
      "parent": "/Near__x5_z7/Near__x5_z7_LFS",
      "position": "(578.619141,155.359329,446.993652)",
      "rotation": "(0,0.9483237,0,-0.317304641)",
      "hash": "14000000001C00000:16423D9B231DBE630",
      "properties": {
        "file": "meshes_lampposts.assetbundle",
        "mesh": "LampPostDouble_Floor"
      }
    }
  ],
  "decorations": []
}