{
  "version": 92,
  "enabled": true,
  "priority": "Normal",
  "priority": "High",
  "lights": [
    {
      "parent": "/Far__x12_z2/Far__x12_z2_LFS/Far_General/Ship Bollard Arrays/Ship Bollard Array 12/Ship_Bollard (47)/collider/%GROUP%_Mesh00AA540001019A2B",
      "position": "(-0.5636624,3.15479636,-0.09394385)",
      "hash": "33323271080DF2340:33320F74170DF2070",
      "properties": {
        "type": "Point",
        "intensity": 1.0,
        "range": 5.0,
        "colour": "#FF0000",
        "corona": {
          "sprite": "corona_orange01.png",
          "scale": 0.25,
          "range": 100.0
        },
        "dutyCycle": "FlashingGlobal(2)"
      }
    },
    {
      "parent": "/Far__x12_z2/Far__x12_z2_LFS/Far_General/Ship Bollard Arrays/Ship Bollard Array 12/Ship_Bollard (47)/collider/%GROUP%_Mesh00AA540001019A2B",
      "position": "(-0.5636624,3.15479636,-0.432141364)",
      "hash": "33323271080DF2340:33322674170DF1520",
      "properties": {
        "type": "Point",
        "intensity": 1.0,
        "range": 5.0,
        "colour": "#FF0000",
        "corona": {
          "sprite": "corona_orange01.png",
          "scale": 0.25,
          "range": 100.0
        },
        "dutyCycle": "FlashingGlobal(2,true)"
      }
    },
    {
      "parent": "/Far__x12_z2/Far__x12_z2_LFS/Far_General/Ship Bollard Arrays/Ship Bollard Array 12/Ship_Bollard (47)/collider/%GROUP%_Mesh00A23E000101A70A",
      "position": "(-0.5636624,3.15479636,-0.09394385)",
      "hash": "33302C71080E01300:33304E74170E015E0",
      "properties": {
        "type": "Point",
        "intensity": 1.0,
        "range": 5.0,
        "colour": "#FF0000",
        "corona": {
          "sprite": "corona_orange01.png",
          "scale": 0.25,
          "range": 100.0
        },
        "dutyCycle": "FlashingGlobal(2)"
      }
    },
    {
      "parent": "/Far__x12_z2/Far__x12_z2_LFS/Far_General/Ship Bollard Arrays/Ship Bollard Array 12/Ship_Bollard (47)/collider/%GROUP%_Mesh00A23E000101A70A",
      "position": "(-0.5636624,3.15479636,-0.432141364)",
      "hash": "33302C71080E01300:33303674170E02130",
      "properties": {
        "type": "Point",
        "intensity": 1.0,
        "range": 5.0,
        "colour": "#FF0000",
        "corona": {
          "sprite": "corona_orange01.png",
          "scale": 0.25,
          "range": 100.0
        },
        "dutyCycle": "FlashingGlobal(2,true)"
      }
    },
    {
      "parent": "/Far__x12_z2/Far__x12_z2_LFS/Far_Liquids Bay/Props (1)/SkipDumpster/collider (1)/%GROUP%_Mesh00D23B0003011239",
      "position": "(-0.5636624,3.15479636,-0.09394385)",
      "rotation": "(-0.7071068,0,0,0.7071068)",
      "hash": "33454A71040E392E0:33453474130E385D0",
      "properties": {
        "type": "Point",
        "intensity": 1.0,
        "range": 5.0,
        "colour": "#FF0000",
        "corona": {
          "sprite": "corona_orange01.png",
          "scale": 0.25,
          "range": 100.0
        },
        "dutyCycle": "FlashingGlobal(2)"
      }
    },
    {
      "parent": "/Far__x12_z2/Far__x12_z2_LFS/Far_Liquids Bay/Props (1)/SkipDumpster/collider (1)/%GROUP%_Mesh00D23B0003011239",
      "position": "(-0.5636624,3.15479636,-0.432141364)",
      "rotation": "(-0.7071068,0,0,0.7071068)",
      "hash": "33454A71040E392E0:33455074130E384C0",
      "properties": {
        "type": "Point",
        "intensity": 1.0,
        "range": 5.0,
        "colour": "#FF0000",
        "corona": {
          "sprite": "corona_orange01.png",
          "scale": 0.25,
          "range": 100.0
        },
        "dutyCycle": "FlashingGlobal(2,true)"
      }
    },
    {
      "parent": "/Far__x12_z2/Far__x12_z2_LFS/Far_Liquids Bay/Props (1)/SkipDumpster/collider (1)/%GROUP%_Mesh00F21C0003010C48",
      "position": "(-0.5636624,3.15479636,-0.09394385)",
      "rotation": "(-0.7071068,0,0,0.7071068)",
      "hash": "33515C71040E571D0:33516174130E57560",
      "properties": {
        "type": "Point",
        "intensity": 1.0,
        "range": 5.0,
        "colour": "#FF0000",
        "corona": {
          "sprite": "corona_orange01.png",
          "scale": 0.25,
          "range": 100.0
        },
        "dutyCycle": "FlashingGlobal(2)"
      }
    },
    {
      "parent": "/Far__x12_z2/Far__x12_z2_LFS/Far_Liquids Bay/Props (1)/SkipDumpster/collider (1)/%GROUP%_Mesh00F21C0003010C48",
      "position": "(-0.5636624,3.15479636,-0.432141364)",
      "rotation": "(-0.7071068,0,0,0.7071068)",
      "hash": "33515C71040E571D0:33514074130E575E0",
      "properties": {
        "type": "Point",
        "intensity": 1.0,
        "range": 5.0,
        "colour": "#FF0000",
        "corona": {
          "sprite": "corona_orange01.png",
          "scale": 0.25,
          "range": 100.0
        },
        "dutyCycle": "FlashingGlobal(2,true)"
      }
    },
    {
      "parent": "/Far__x12_z2/Far__x12_z2_LFS/Far_General/Ship Bollard Arrays/Ship Bollard Array 12/Ship_Bollard (47)/collider/%GROUP%_Mesh00461C000101902C",
      "position": "(-0.5636624,3.15479636,-0.09394385)",
      "hash": "32535D71080E4F520:32540374170E4F190",
      "properties": {
        "type": "Point",
        "intensity": 1.0,
        "range": 5.0,
        "colour": "#FF0000",
        "corona": {
          "sprite": "corona_orange01.png",
          "scale": 0.25,
          "range": 100.0
        },
        "dutyCycle": "FlashingGlobal(2)"
      }
    },
    {
      "parent": "/Far__x12_z2/Far__x12_z2_LFS/Far_General/Ship Bollard Arrays/Ship Bollard Array 12/Ship_Bollard (47)/collider/%GROUP%_Mesh00461C000101902C",
      "position": "(-0.5636624,3.15479636,-0.432141364)",
      "hash": "32535D71080E4F520:32542474170E4F190",
      "properties": {
        "type": "Point",
        "intensity": 1.0,
        "range": 5.0,
        "colour": "#FF0000",
        "corona": {
          "sprite": "corona_orange01.png",
          "scale": 0.25,
          "range": 100.0
        },
        "dutyCycle": "FlashingGlobal(2,true)"
      }
    },
    {
      "parent": "/Far__x12_z2/Far__x12_z2_LFS/Far_General/Ship Bollard Arrays/Ship Bollard Array 12/Ship_Bollard (47)/collider/%GROUP%_Mesh0050410001019427",
      "position": "(-0.5636624,3.15479636,-0.09394385)",
      "hash": "324C1671080E574F0:324C0D74170E58240",
      "properties": {
        "type": "Point",
        "intensity": 1.0,
        "range": 5.0,
        "colour": "#FF0000",
        "corona": {
          "sprite": "corona_orange01.png",
          "scale": 0.25,
          "range": 100.0
        },
        "dutyCycle": "FlashingGlobal(2)"
      }
    },
    {
      "parent": "/Far__x12_z2/Far__x12_z2_LFS/Far_General/Ship Bollard Arrays/Ship Bollard Array 12/Ship_Bollard (47)/collider/%GROUP%_Mesh0050410001019427",
      "position": "(-0.5636624,3.15479636,-0.432141364)",
      "hash": "324C1671080E574F0:324B4F74170E58240",
      "properties": {
        "type": "Point",
        "intensity": 1.0,
        "range": 5.0,
        "colour": "#FF0000",
        "corona": {
          "sprite": "corona_orange01.png",
          "scale": 0.25,
          "range": 100.0
        },
        "dutyCycle": "FlashingGlobal(2,true)"
      }
    },
    {
      "parent": "/Far__x12_z2/Far__x12_z2_LFS/Far_General/Ship Bollard Arrays/Ship Bollard Array 12/Ship_Bollard (47)/collider/%GROUP%_Mesh004F5A000101415B",
      "position": "(-0.5636624,3.15479636,-0.09394385)",
      "hash": "32295971080E0C500:322A2B74170E0D000",
      "properties": {
        "type": "Point",
        "intensity": 1.0,
        "range": 5.0,
        "colour": "#FF0000",
        "corona": {
          "sprite": "corona_orange01.png",
          "scale": 0.25,
          "range": 100.0
        },
        "dutyCycle": "FlashingGlobal(2)"
      }
    },
    {
      "parent": "/Far__x12_z2/Far__x12_z2_LFS/Far_General/Ship Bollard Arrays/Ship Bollard Array 12/Ship_Bollard (47)/collider/%GROUP%_Mesh004F5A000101415B",
      "position": "(-0.5636624,3.15479636,-0.432141364)",
      "hash": "32295971080E0C500:322A2474170E0D210",
      "properties": {
        "type": "Point",
        "intensity": 1.0,
        "range": 5.0,
        "colour": "#FF0000",
        "corona": {
          "sprite": "corona_orange01.png",
          "scale": 0.25,
          "range": 100.0
        },
        "dutyCycle": "FlashingGlobal(2,true)"
      }
    },
    {
      "parent": "/Far__x12_z2/Far__x12_z2_LFS/Far_General/Ship Bollard Arrays/Ship Bollard Array 12/Ship_Bollard (47)/collider/%GROUP%_Mesh0046610001012163",
      "position": "(-0.5636624,3.15479636,-0.09394385)",
      "hash": "32242A71080DEC0B0:32235774170DEB620",
      "properties": {
        "type": "Point",
        "intensity": 1.0,
        "range": 5.0,
        "colour": "#FF0000",
        "corona": {
          "sprite": "corona_orange01.png",
          "scale": 0.25,
          "range": 100.0
        },
        "dutyCycle": "FlashingGlobal(2)"
      }
    },
    {
      "parent": "/Far__x12_z2/Far__x12_z2_LFS/Far_General/Ship Bollard Arrays/Ship Bollard Array 12/Ship_Bollard (47)/collider/%GROUP%_Mesh0046610001012163",
      "position": "(-0.5636624,3.15479636,-0.432141364)",
      "hash": "32242A71080DEC0B0:32235974170DEB400",
      "properties": {
        "type": "Point",
        "intensity": 1.0,
        "range": 5.0,
        "colour": "#FF0000",
        "corona": {
          "sprite": "corona_orange01.png",
          "scale": 0.25,
          "range": 100.0
        },
        "dutyCycle": "FlashingGlobal(2,true)"
      }
    },
    {
      "parent": "/Far__x12_z2/Far__x12_z2_LFS/Far_General/Ship Bollard Arrays/Ship Bollard Array 12/Ship_Bollard (47)/collider/%GROUP%_Mesh030F340001024B0C",
      "position": "(-0.5636624,3.15479636,-0.09394385)",
      "hash": "35A81971080D8E2E0:35A81174170D8F030",
      "properties": {
        "type": "Point",
        "intensity": 1.0,
        "range": 5.0,
        "colour": "#FF0000",
        "corona": {
          "sprite": "corona_orange01.png",
          "scale": 0.25,
          "range": 100.0
        },
        "dutyCycle": "FlashingGlobal(2)"
      }
    },
    {
      "parent": "/Far__x12_z2/Far__x12_z2_LFS/Far_General/Ship Bollard Arrays/Ship Bollard Array 12/Ship_Bollard (47)/collider/%GROUP%_Mesh030F340001024B0C",
      "position": "(-0.5636624,3.15479636,-0.432141364)",
      "hash": "35A81971080D8E2E0:35A75374170D8F040",
      "properties": {
        "type": "Point",
        "intensity": 1.0,
        "range": 5.0,
        "colour": "#FF0000",
        "corona": {
          "sprite": "corona_orange01.png",
          "scale": 0.25,
          "range": 100.0
        },
        "dutyCycle": "FlashingGlobal(2,true)"
      }
    },
    {
      "parent": "/Far__x12_z2/Far__x12_z2_LFS/Far_General/Ship Bollard Arrays/Ship Bollard Array 12/Ship_Bollard (47)/collider/%GROUP%_Mesh031B580001024632",
      "position": "(-0.5636624,3.15479636,-0.09394385)",
      "hash": "35B13071080D85040:35B13774170D842F0",
      "properties": {
        "type": "Point",
        "intensity": 1.0,
        "range": 5.0,
        "colour": "#FF0000",
        "corona": {
          "sprite": "corona_orange01.png",
          "scale": 0.25,
          "range": 100.0
        },
        "dutyCycle": "FlashingGlobal(2)"
      }
    },
    {
      "parent": "/Far__x12_z2/Far__x12_z2_LFS/Far_General/Ship Bollard Arrays/Ship Bollard Array 12/Ship_Bollard (47)/collider/%GROUP%_Mesh031B580001024632",
      "position": "(-0.5636624,3.15479636,-0.432141364)",
      "hash": "35B13071080D85040:35B15974170D842E0",
      "properties": {
        "type": "Point",
        "intensity": 1.0,
        "range": 5.0,
        "colour": "#FF0000",
        "corona": {
          "sprite": "corona_orange01.png",
          "scale": 0.25,
          "range": 100.0
        },
        "dutyCycle": "FlashingGlobal(2,true)"
      }
    },
    {
      "parent": "/Far__x13_z3/Far__x13_z3_LFS/Far_tunnel/%GROUP%_Mesh0081571713013316",
      "position": "(-0.5636624,3.15479636,-0.09394385)",
      "rotation": "(-0.7071068,0,0,0.7071068)",
      "hash": "361F5471040D861D0:36200574130D854C0",
      "properties": {
        "type": "Point",
        "intensity": 1.0,
        "range": 5.0,
        "colour": "#FF0000",
        "corona": {
          "sprite": "corona_orange01.png",
          "scale": 0.25,
          "range": 100.0
        },
        "dutyCycle": "FlashingGlobal(2)"
      }
    },
    {
      "parent": "/Far__x13_z3/Far__x13_z3_LFS/Far_tunnel/%GROUP%_Mesh0081571713013316",
      "position": "(-0.5636624,3.15479636,-0.432141364)",
      "rotation": "(-0.7071068,0,0,0.7071068)",
      "hash": "361F5471040D861D0:36202674130D85530",
      "properties": {
        "type": "Point",
        "intensity": 1.0,
        "range": 5.0,
        "colour": "#FF0000",
        "corona": {
          "sprite": "corona_orange01.png",
          "scale": 0.25,
          "range": 100.0
        },
        "dutyCycle": "FlashingGlobal(2,true)"
      }
    },
    {
      "parent": "/Far__x13_z3/Far__x13_z3_LFS/Far_tunnel/%GROUP%_Mesh008B201713013A51",
      "position": "(-0.5636624,3.15479636,-0.09394385)",
      "rotation": "(-0.7071068,0,0,0.7071068)",
      "hash": "36162771040D8D580:36160F74130D8E280",
      "properties": {
        "type": "Point",
        "intensity": 1.0,
        "range": 5.0,
        "colour": "#FF0000",
        "corona": {
          "sprite": "corona_orange01.png",
          "scale": 0.25,
          "range": 100.0
        },
        "dutyCycle": "FlashingGlobal(2)"
      }
    },
    {
      "parent": "/Far__x13_z3/Far__x13_z3_LFS/Far_tunnel/%GROUP%_Mesh008B201713013A51",
      "position": "(-0.5636624,3.15479636,-0.432141364)",
      "rotation": "(-0.7071068,0,0,0.7071068)",
      "hash": "36162771040D8D580:36155274130D8E1F0",
      "properties": {
        "type": "Point",
        "intensity": 1.0,
        "range": 5.0,
        "colour": "#FF0000",
        "corona": {
          "sprite": "corona_orange01.png",
          "scale": 0.25,
          "range": 100.0
        },
        "dutyCycle": "FlashingGlobal(2,true)"
      }
    },
    {
      "parent": "/Far__x13_z3/Far__x13_z3_LFS/Far_tunnel/%GROUP%_Mesh006E4C171301865E",
      "position": "(-0.5636624,3.15479636,-0.09394385)",
      "rotation": "(-0.7071068,0,0,0.7071068)",
      "hash": "36325F71040DDA000:36331074130DD92F0",
      "properties": {
        "type": "Point",
        "intensity": 1.0,
        "range": 5.0,
        "colour": "#FF0000",
        "corona": {
          "sprite": "corona_orange01.png",
          "scale": 0.25,
          "range": 100.0
        },
        "dutyCycle": "FlashingGlobal(2)"
      }
    },
    {
      "parent": "/Far__x13_z3/Far__x13_z3_LFS/Far_tunnel/%GROUP%_Mesh006E4C171301865E",
      "position": "(-0.5636624,3.15479636,-0.432141364)",
      "rotation": "(-0.7071068,0,0,0.7071068)",
      "hash": "36325F71040DDA000:36333174130DD9360",
      "properties": {
        "type": "Point",
        "intensity": 1.0,
        "range": 5.0,
        "colour": "#FF0000",
        "corona": {
          "sprite": "corona_orange01.png",
          "scale": 0.25,
          "range": 100.0
        },
        "dutyCycle": "FlashingGlobal(2,true)"
      }
    },
    {
      "parent": "/Far__x13_z3/Far__x13_z3_LFS/Far_tunnel/%GROUP%_Mesh0077371713018D30",
      "position": "(-0.5636624,3.15479636,-0.09394385)",
      "rotation": "(-0.7071068,0,0,0.7071068)",
      "hash": "362A1071040DE0360:36295D74130DE1070",
      "properties": {
        "type": "Point",
        "intensity": 1.0,
        "range": 5.0,
        "colour": "#FF0000",
        "corona": {
          "sprite": "corona_orange01.png",
          "scale": 0.25,
          "range": 100.0
        },
        "dutyCycle": "FlashingGlobal(2)"
      }
    },
    {
      "parent": "/Far__x13_z3/Far__x13_z3_LFS/Far_tunnel/%GROUP%_Mesh0077371713018D30",
      "position": "(-0.5636624,3.15479636,-0.432141364)",
      "rotation": "(-0.7071068,0,0,0.7071068)",
      "hash": "362A1071040DE0360:36293C74130DE0630",
      "properties": {
        "type": "Point",
        "intensity": 1.0,
        "range": 5.0,
        "colour": "#FF0000",
        "corona": {
          "sprite": "corona_orange01.png",
          "scale": 0.25,
          "range": 100.0
        },
        "dutyCycle": "FlashingGlobal(2,true)"
      }
    },
    {
      "parent": "/Far__x12_z2/Far__x12_z2_LFS/Far_City Grid/Roads (1)/Road_10x8_end#4/Collider/%GROUP%_Mesh0001530005002557",
      "position": "(-0.5636624,3.15479636,-0.09394385)",
      "rotation": "(-0.7071068,0,0,0.7071068)",
      "hash": "36640A71100E254D0:36641A74200E25160",
      "properties": {
        "type": "Point",
        "intensity": 1.0,
        "range": 5.0,
        "colour": "#FF0000",
        "corona": {
          "sprite": "corona_orange01.png",
          "scale": 0.25,
          "range": 100.0
        },
        "dutyCycle": "FlashingGlobal(2)"
      }
    },
    {
      "parent": "/Far__x12_z2/Far__x12_z2_LFS/Far_City Grid/Roads (1)/Road_10x8_end#4/Collider/%GROUP%_Mesh0001530005002557",
      "position": "(-0.5636624,3.15479636,-0.432141364)",
      "rotation": "(-0.7071068,0,0,0.7071068)",
      "hash": "36640A71100E254D0:36643B74200E25190",
      "properties": {
        "type": "Point",
        "intensity": 1.0,
        "range": 5.0,
        "colour": "#FF0000",
        "corona": {
          "sprite": "corona_orange01.png",
          "scale": 0.25,
          "range": 100.0
        },
        "dutyCycle": "FlashingGlobal(2,true)"
      }
    },
    {
      "parent": "/Far__x12_z2/Far__x12_z2_LFS/Far_City Grid/Roads (1)/Road_60x8 (23)/Collider/%GROUP%_Mesh0039220011006904",
      "position": "(-0.5636624,3.15479636,-0.09394385)",
      "rotation": "(-0.7071068,0,0,0.7071068)",
      "hash": "365A6071040E32300:365A5474130E33030",
      "properties": {
        "type": "Point",
        "intensity": 1.0,
        "range": 5.0,
        "colour": "#FF0000",
        "corona": {
          "sprite": "corona_orange01.png",
          "scale": 0.25,
          "range": 100.0
        },
        "dutyCycle": "FlashingGlobal(2)"
      }
    },
    {
      "parent": "/Far__x12_z2/Far__x12_z2_LFS/Far_City Grid/Roads (1)/Road_60x8 (23)/Collider/%GROUP%_Mesh0039220011006904",
      "position": "(-0.5636624,3.15479636,-0.432141364)",
      "rotation": "(-0.7071068,0,0,0.7071068)",
      "hash": "365A6071040E32300:365A3274130E33020",
      "properties": {
        "type": "Point",
        "intensity": 1.0,
        "range": 5.0,
        "colour": "#FF0000",
        "corona": {
          "sprite": "corona_orange01.png",
          "scale": 0.25,
          "range": 100.0
        },
        "dutyCycle": "FlashingGlobal(2,true)"
      }
    },
    {
      "parent": "/Far__x12_z2/Far__x12_z2_LFS/Far_Liquids Bay/Props (1)/SkipDumpster/collider (1)/%GROUP%_Mesh00EA48000301991F",
      "position": "(-0.5636624,3.15479636,-0.09394385)",
      "rotation": "(-0.7071068,0,0,0.7071068)",
      "hash": "33C41271040E05020:33C41C74130E053A0",
      "properties": {
        "type": "Point",
        "intensity": 1.0,
        "range": 5.0,
        "colour": "#FF0000",
        "corona": {
          "sprite": "corona_orange01.png",
          "scale": 0.25,
          "range": 100.0
        },
        "dutyCycle": "FlashingGlobal(2)"
      }
    },
    {
      "parent": "/Far__x12_z2/Far__x12_z2_LFS/Far_Liquids Bay/Props (1)/SkipDumpster/collider (1)/%GROUP%_Mesh00EA48000301991F",
      "position": "(-0.5636624,3.15479636,-0.432141364)",
      "rotation": "(-0.7071068,0,0,0.7071068)",
      "hash": "33C41271040E05020:33C36074130E05450",
      "properties": {
        "type": "Point",
        "intensity": 1.0,
        "range": 5.0,
        "colour": "#FF0000",
        "corona": {
          "sprite": "corona_orange01.png",
          "scale": 0.25,
          "range": 100.0
        },
        "dutyCycle": "FlashingGlobal(2,true)"
      }
    },
    {
      "parent": "/Far__x12_z2/Far__x12_z2_LFS/Far_General/Ship Bollard Arrays/Ship Bollard Array 12/Ship_Bollard (32)/collider/%GROUP%_Mesh01370D0002028E02",
      "position": "(-0.5636624,3.15479636,-0.09394385)",
      "rotation": "(-0.7071068,0,0,0.7071068)",
      "hash": "33CC2F71040DF02E0:33CC1E74130DEF5B0",
      "properties": {
        "type": "Point",
        "intensity": 1.0,
        "range": 5.0,
        "colour": "#FF0000",
        "corona": {
          "sprite": "corona_orange01.png",
          "scale": 0.25,
          "range": 100.0
        },
        "dutyCycle": "FlashingGlobal(2)"
      }
    },
    {
      "parent": "/Far__x12_z2/Far__x12_z2_LFS/Far_General/Ship Bollard Arrays/Ship Bollard Array 12/Ship_Bollard (32)/collider/%GROUP%_Mesh01370D0002028E02",
      "position": "(-0.5636624,3.15479636,-0.432141364)",
      "rotation": "(-0.7071068,0,0,0.7071068)",
      "hash": "33CC2F71040DF02E0:33CC3C74130DEF4C0",
      "properties": {
        "type": "Point",
        "intensity": 1.0,
        "range": 5.0,
        "colour": "#FF0000",
        "corona": {
          "sprite": "corona_orange01.png",
          "scale": 0.25,
          "range": 100.0
        },
        "dutyCycle": "FlashingGlobal(2,true)"
      }
    },
    {
      "parent": "/Far__x12_z2/Far__x12_z2_LFS/Far_General/Ship Bollard Arrays/Ship Bollard Array 12/Ship_Bollard (47)/collider/%GROUP%_Mesh01270E0001018A5E",
      "position": "(-0.5636624,3.15479636,-0.09394385)",
      "hash": "339C3071080DAF490:339C3374170DB01E0",
      "properties": {
        "type": "Point",
        "intensity": 1.0,
        "range": 5.0,
        "colour": "#FF0000",
        "corona": {
          "sprite": "corona_orange01.png",
          "scale": 0.25,
          "range": 100.0
        },
        "dutyCycle": "FlashingGlobal(2)"
      }
    },
    {
      "parent": "/Far__x12_z2/Far__x12_z2_LFS/Far_General/Ship Bollard Arrays/Ship Bollard Array 12/Ship_Bollard (47)/collider/%GROUP%_Mesh01270E0001018A5E",
      "position": "(-0.5636624,3.15479636,-0.432141364)",
      "hash": "339C3071080DAF490:339C1274170DB0260",
      "properties": {
        "type": "Point",
        "intensity": 1.0,
        "range": 5.0,
        "colour": "#FF0000",
        "corona": {
          "sprite": "corona_orange01.png",
          "scale": 0.25,
          "range": 100.0
        },
        "dutyCycle": "FlashingGlobal(2,true)"
      }
    },
    {
      "parent": "/Far__x12_z2/Far__x12_z2_LFS/Far_General/Ship Bollard Arrays/Ship Bollard Array 12/Ship_Bollard (47)/collider/%GROUP%_Mesh013407000101845B",
      "position": "(-0.5636624,3.15479636,-0.09394385)",
      "hash": "33A53E71080DA44F0:33A53B74170DA4160",
      "properties": {
        "type": "Point",
        "intensity": 1.0,
        "range": 5.0,
        "colour": "#FF0000",
        "corona": {
          "sprite": "corona_orange01.png",
          "scale": 0.25,
          "range": 100.0
        },
        "dutyCycle": "FlashingGlobal(2)"
      }
    },
    {
      "parent": "/Far__x12_z2/Far__x12_z2_LFS/Far_General/Ship Bollard Arrays/Ship Bollard Array 12/Ship_Bollard (47)/collider/%GROUP%_Mesh013407000101845B",
      "position": "(-0.5636624,3.15479636,-0.432141364)",
      "hash": "33A53E71080DA44F0:33A55C74170DA40F0",
      "properties": {
        "type": "Point",
        "intensity": 1.0,
        "range": 5.0,
        "colour": "#FF0000",
        "corona": {
          "sprite": "corona_orange01.png",
          "scale": 0.25,
          "range": 100.0
        },
        "dutyCycle": "FlashingGlobal(2,true)"
      }
    },
    {
      "parent": "/Far__x12_z2/Far__x12_z2_LFS/Far_Liquids Bay/Props (1)/SkipDumpster/collider (1)/%GROUP%_Mesh00DB0D000301070D",
      "position": "(-0.5636624,3.15479636,-0.09394385)",
      "rotation": "(-0.7071068,0,0,0.7071068)",
      "hash": "33404871040E46530:33405C74130E47240",
      "properties": {
        "type": "Point",
        "intensity": 1.0,
        "range": 5.0,
        "colour": "#FF0000",
        "corona": {
          "sprite": "corona_orange01.png",
          "scale": 0.25,
          "range": 100.0
        },
        "dutyCycle": "FlashingGlobal(2)"
      }
    },
    {
      "parent": "/Far__x12_z2/Far__x12_z2_LFS/Far_Liquids Bay/Props (1)/SkipDumpster/collider (1)/%GROUP%_Mesh00DB0D000301070D",
      "position": "(-0.5636624,3.15479636,-0.432141364)",
      "rotation": "(-0.7071068,0,0,0.7071068)",
      "hash": "33404871040E46530:33403F74130E47350",
      "properties": {
        "type": "Point",
        "intensity": 1.0,
        "range": 5.0,
        "colour": "#FF0000",
        "corona": {
          "sprite": "corona_orange01.png",
          "scale": 0.25,
          "range": 100.0
        },
        "dutyCycle": "FlashingGlobal(2,true)"
      }
    },
    {
      "parent": "/Far__x12_z2/Far__x12_z2_LFS/Far_Liquids Bay/Props (1)/SkipDumpster/collider (1)/%GROUP%_Mesh00ED590003011455",
      "position": "(-0.5636624,3.15479636,-0.09394385)",
      "rotation": "(-0.7071068,0,0,0.7071068)",
      "hash": "33562871040E4F140:33563074130E4E400",
      "properties": {
        "type": "Point",
        "intensity": 1.0,
        "range": 5.0,
        "colour": "#FF0000",
        "corona": {
          "sprite": "corona_orange01.png",
          "scale": 0.25,
          "range": 100.0
        },
        "dutyCycle": "FlashingGlobal(2)"
      }
    },
    {
      "parent": "/Far__x12_z2/Far__x12_z2_LFS/Far_Liquids Bay/Props (1)/SkipDumpster/collider (1)/%GROUP%_Mesh00ED590003011455",
      "position": "(-0.5636624,3.15479636,-0.432141364)",
      "rotation": "(-0.7071068,0,0,0.7071068)",
      "hash": "33562871040E4F140:33565274130E4E3F0",
      "properties": {
        "type": "Point",
        "intensity": 1.0,
        "range": 5.0,
        "colour": "#FF0000",
        "corona": {
          "sprite": "corona_orange01.png",
          "scale": 0.25,
          "range": 100.0
        },
        "dutyCycle": "FlashingGlobal(2,true)"
      }
    }
  ],
  "meshes": [
    {
      "parent": "/Far__x12_z2/Far__x12_z2_LFS/Far_General/Ship Bollard Arrays/Ship Bollard Array 12/Ship_Bollard (47)/collider",
      "position": "(170.843689,0.0126266479,410.432251)",
      "rotation": "(0,-0.366501153,0,0.9304176)",
      "hash": "31E93D71060CC7280:33323271080DF2340",
      "properties": {
        "file": "meshes_levelcrossings.assetbundle",
        "mesh": "LevelCrossing"
      }
    },
    {
      "parent": "/Far__x12_z2/Far__x12_z2_LFS/Far_General/Ship Bollard Arrays/Ship Bollard Array 12/Ship_Bollard (47)/collider",
      "position": "(162.623474,0.0126266479,423.106873)",
      "rotation": "(0,0.927183867,0,0.3746066)",
      "hash": "31E93D71060CC7280:33302C71080E01300",
      "properties": {
        "file": "meshes_levelcrossings.assetbundle",
        "mesh": "LevelCrossing"
      }
    },
    {
      "parent": "/Far__x12_z2/Far__x12_z2_LFS/Far_Liquids Bay/Props (1)/SkipDumpster/collider (1)",
      "position": "(-210.597076,-0.03232959,274.5715)",
      "rotation": "(0,-0.4848096,0,0.8746198)",
      "hash": "31EC5C71070E1C2E0:33454A71040E392E0",
      "properties": {
        "file": "meshes_levelcrossings.assetbundle",
        "mesh": "LevelCrossing"
      }
    },
    {
      "parent": "/Far__x12_z2/Far__x12_z2_LFS/Far_Liquids Bay/Props (1)/SkipDumpster/collider (1)",
      "position": "(-242.2841,-0.03232959,268.721375)",
      "rotation": "(0,0.7880107,0,0.6156615)",
      "hash": "31EC5C71070E1C2E0:33515C71040E571D0",
      "properties": {
        "file": "meshes_levelcrossings.assetbundle",
        "mesh": "LevelCrossing"
      }
    },
    {
      "parent": "/Far__x12_z2/Far__x12_z2_LFS/Far_General/Ship Bollard Arrays/Ship Bollard Array 12/Ship_Bollard (47)/collider",
      "position": "(-70.28058,0.01260376,400.443542)",
      "rotation": "(0,-0.7071067,0,0.7071068)",
      "hash": "31E93D71060CC7280:32535D71080E4F520",
      "properties": {
        "file": "meshes_levelcrossings.assetbundle",
        "mesh": "LevelCrossing"
      }
    },
    {
      "parent": "/Far__x12_z2/Far__x12_z2_LFS/Far_General/Ship Bollard Arrays/Ship Bollard Array 12/Ship_Bollard (47)/collider",
      "position": "(-80.65045,0.01260376,404.393677)",
      "rotation": "(0,0.7071067,0,0.7071068)",
      "hash": "31E93D71060CC7280:324C1671080E574F0",
      "properties": {
        "file": "meshes_levelcrossings.assetbundle",
        "mesh": "LevelCrossing"
      }
    },
    {
      "parent": "/Far__x12_z2/Far__x12_z2_LFS/Far_General/Ship Bollard Arrays/Ship Bollard Array 12/Ship_Bollard (47)/collider",
      "position": "(-79.90259,0.0126266479,321.916626)",
      "rotation": "(0,0.9953962,0,0.09584576)",
      "hash": "31E93D71060CC7280:32295971080E0C500",
      "properties": {
        "file": "meshes_levelcrossings.assetbundle",
        "mesh": "LevelCrossing"
      }
    },
    {
      "parent": "/Far__x12_z2/Far__x12_z2_LFS/Far_General/Ship Bollard Arrays/Ship Bollard Array 12/Ship_Bollard (47)/collider",
      "position": "(-70.97897,0.0126342773,289.999634)",
      "rotation": "(0,-0.03489945,0,0.999390841)",
      "hash": "31E93D71060CC7280:32242A71080DEC0B0",
      "properties": {
        "file": "meshes_levelcrossings.assetbundle",
        "mesh": "LevelCrossing"
      }
    },
    {
      "parent": "/Far__x12_z2/Far__x12_z2_LFS/Far_General/Ship Bollard Arrays/Ship Bollard Array 12/Ship_Bollard (47)/collider",
      "position": "(783.520142,0.0126571655,587.1218)",
      "rotation": "(0,0.7193398,0,0.6946584)",
      "hash": "31E93D71060CC7280:35A81971080D8E2E0",
      "properties": {
        "file": "meshes_levelcrossings.assetbundle",
        "mesh": "LevelCrossing"
      }
    },
    {
      "parent": "/Far__x12_z2/Far__x12_z2_LFS/Far_General/Ship Bollard Arrays/Ship Bollard Array 12/Ship_Bollard (47)/collider",
      "position": "(795.8818,0.0126647949,582.5072)",
      "rotation": "(0,-0.694658458,0,0.7193397)",
      "hash": "31E93D71060CC7280:35B13071080D85040",
      "properties": {
        "file": "meshes_levelcrossings.assetbundle",
        "mesh": "LevelCrossing"
      }
    },
    {
      "parent": "/Far__x13_z3/Far__x13_z3_LFS/Far_tunnel",
      "position": "(-129.87207,-23.19519,307.2273)",
      "rotation": "(0,-0.777146041,0,0.629320264)",
      "hash": "36A14888170C53060:361F5471040D861D0",
      "properties": {
        "file": "meshes_levelcrossings.assetbundle",
        "mesh": "LevelCrossing"
      }
    },
    {
      "parent": "/Far__x13_z3/Far__x13_z3_LFS/Far_tunnel",
      "position": "(-139.3291,-23.19519,314.815674)",
      "rotation": "(0,0.6087614,0,0.7933534)",
      "hash": "36A14888170C53060:36162771040D8D580",
      "properties": {
        "file": "meshes_levelcrossings.assetbundle",
        "mesh": "LevelCrossing"
      }
    },
    {
      "parent": "/Far__x13_z3/Far__x13_z3_LFS/Far_tunnel",
      "position": "(-110.761719,-23.19519,390.9419)",
      "rotation": "(0,-0.777146041,0,0.629320264)",
      "hash": "36A14888170C53060:36325F71040DDA000",
      "properties": {
        "file": "meshes_levelcrossings.assetbundle",
        "mesh": "LevelCrossing"
      }
    },
    {
      "parent": "/Far__x13_z3/Far__x13_z3_LFS/Far_tunnel",
      "position": "(-119.555664,-23.19519,397.4834)",
      "rotation": "(0,0.6156615,0,0.7880108)",
      "hash": "36A14888170C53060:362A1071040DE0360",
      "properties": {
        "file": "meshes_levelcrossings.assetbundle",
        "mesh": "LevelCrossing"
      }
    },
    {
      "parent": "/Far__x12_z2/Far__x12_z2_LFS/Far_City Grid/Roads (1)/Road_10x8_end#4/Collider",
      "position": "(1.83502984,-0.05000153,-37.8702431)",
      "rotation": "(0,-0.74314487,0,0.6691306)",
      "hash": "36641771150E4B440:36640A71100E254D0",
      "properties": {
        "file": "meshes_levelcrossings.assetbundle",
        "mesh": "LevelCrossing"
      }
    },
    {
      "parent": "/Far__x12_z2/Far__x12_z2_LFS/Far_City Grid/Roads (1)/Road_60x8 (23)/Collider",
      "position": "(-57.34839,-0.1753296,105.045471)",
      "rotation": "(0,0.6883546,0,0.7253744)",
      "hash": "35EF0971150DFE3F0:365A6071040E32300",
      "properties": {
        "file": "meshes_levelcrossings.assetbundle",
        "mesh": "LevelCrossing"
      }
    },
    {
      "parent": "/Far__x12_z2/Far__x12_z2_LFS/Far_Liquids Bay/Props (1)/SkipDumpster/collider (1)",
      "position": "(-234.7299,-0.03232959,409.3183)",
      "rotation": "(0,0.8141155,0,0.58070296)",
      "hash": "31EC5C71070E1C2E0:33C41271040E05020",
      "properties": {
        "file": "meshes_levelcrossings.assetbundle",
        "mesh": "LevelCrossing"
      }
    },
    {
      "parent": "/Far__x12_z2/Far__x12_z2_LFS/Far_General/Ship Bollard Arrays/Ship Bollard Array 12/Ship_Bollard (32)/collider",
      "position": "(311.133453,-0.02532959,654.0279)",
      "rotation": "(0,-0.5224987,0,0.8526401)",
      "hash": "319D1071060C24200:33CC2F71040DF02E0",
      "properties": {
        "file": "meshes_levelcrossings.assetbundle",
        "mesh": "LevelCrossing"
      }
    },
    {
      "parent": "/Far__x12_z2/Far__x12_z2_LFS/Far_General/Ship Bollard Arrays/Ship Bollard Array 12/Ship_Bollard (47)/collider",
      "position": "(295.148346,0.0126495361,394.940918)",
      "rotation": "(0,0.782608151,0,0.622514665)",
      "hash": "31E93D71060CC7280:339C3071080DAF490",
      "properties": {
        "file": "meshes_levelcrossings.assetbundle",
        "mesh": "LevelCrossing"
      }
    },
    {
      "parent": "/Far__x12_z2/Far__x12_z2_LFS/Far_General/Ship Bollard Arrays/Ship Bollard Array 12/Ship_Bollard (47)/collider",
      "position": "(308.072144,0.0126495361,388.915466)",
      "rotation": "(0,-0.6225146,0,0.7826082)",
      "hash": "31E93D71060CC7280:33A53E71080DA44F0",
      "properties": {
        "file": "meshes_levelcrossings.assetbundle",
        "mesh": "LevelCrossing"
      }
    },
    {
      "parent": "/Far__x12_z2/Far__x12_z2_LFS/Far_Liquids Bay/Props (1)/SkipDumpster/collider (1)",
      "position": "(-219.136078,-0.03232959,263.133484)",
      "rotation": "(0,0.866025448,0,0.49999997)",
      "hash": "31EC5C71070E1C2E0:33404871040E46530",
      "properties": {
        "file": "meshes_levelcrossings.assetbundle",
        "mesh": "LevelCrossing"
      }
    },
    {
      "parent": "/Far__x12_z2/Far__x12_z2_LFS/Far_Liquids Bay/Props (1)/SkipDumpster/collider (1)",
      "position": "(-237.893661,-0.03232959,276.856384)",
      "rotation": "(0,-0.7009093,0,0.7132504)",
      "hash": "31EC5C71070E1C2E0:33562871040E4F140",
      "properties": {
        "file": "meshes_levelcrossings.assetbundle",
        "mesh": "LevelCrossing"
      }
    }
  ],
  "decorations": []
}