{
  "version": 92,
  "enabled": true,
  "lights": [
    {
      "parent": "/Far__x15_z10/Far__x15_z10_LFS/Far_IndustryBuildings/FakeOffice_7#0/collider",
      "position": "(-3.81738281,3.4594574,-0.0068359375)",
      "rotation": "(-0.7071068,0,0,0.7071068)",
      "hash": "3D4A5CCA142BEA110:3D470ACD412BEA110",
      "properties": {
        "type": "Point",
        "intensity": 0.5,
        "range": 10.0,
        "colour": "#FFE5B2",
        "corona": null,
        "dutyCycle": "DuskTillDawn()"
      }
    },
    {
      "parent": "/Far__x15_z10/Far__x15_z10_LFS/Far_IndustryBuildings/FakeOffice_7#1/collider",
      "position": "(3.06737542,3.52072144,7.694339)",
      "rotation": "(-0.7071068,0,0,0.7071068)",
      "hash": "3D145CCA142B77110:3D1763CD482B7E570",
      "properties": {
        "type": "Point",
        "intensity": 0.5,
        "range": 10.0,
        "colour": "#FFE5B2",
        "corona": null,
        "dutyCycle": "DuskTillDawn()"
      }
    },
    {
      "parent": "/Far__x15_z10/Far__x15_z10_LFS/Far_IndustryBuildings/FakeOffice_7#1/collider",
      "position": "(-4.490238,3.47619629,4.048824)",
      "rotation": "(-0.7071068,0,0,0.7071068)",
      "hash": "3D145CCA142B77110:3D102BCD432B7B160",
      "properties": {
        "type": "Point",
        "intensity": 0.5,
        "range": 10.0,
        "colour": "#FFE5B2",
        "corona": null,
        "dutyCycle": "DuskTillDawn()"
      }
    },
    {
      "parent": "/Far__x15_z10/Far__x15_z10_LFS/Far_IndustryBuildings/FakeOffice_7#1/collider",
      "position": "(-4.38769531,3.47714233,-0.0693401247)",
      "rotation": "(-0.7071068,0,0,0.7071068)",
      "hash": "3D145CCA142B77110:3D1035CD432B770A0",
      "properties": {
        "type": "Point",
        "intensity": 0.5,
        "range": 10.0,
        "colour": "#FFE5B2",
        "corona": null,
        "dutyCycle": "DuskTillDawn()"
      }
    }
  ],
  "meshes": [],
  "decorations": [
    {
      "parent": "/Far__x15_z10/Far__x15_z10_LFS/Far_IndustryBuildings/FakeOffice_7#0",
      "hash": "3D4A5CCA142BEA110:3D4A5CCA142BEA110",
      "id": "WINDOWS_1:LIT",
      "properties": {
        "file": "meshes_decoration_lights.assetbundle",
        "mesh": "FakeOffice_7_Windows1",
        "assignMaterials": {
          "hideSourcePrefab": true,
          "assignments": []
        }
      },
      "dutyCycle": "DuskTillDawn()"
    },
    {
      "parent": "/Far__x15_z10/Far__x15_z10_LFS/Far_IndustryBuildings/FakeOffice_7#1",
      "hash": "3D145CCA142B77110:3D145CCA142B77110",
      "id": "WINDOWS_1:LIT",
      "properties": {
        "file": "meshes_decoration_lights.assetbundle",
        "mesh": "FakeOffice_7_Windows1",
        "assignMaterials": {
          "hideSourcePrefab": true,
          "assignments": []
        }
      },
      "dutyCycle": "DuskTillDawn()"
    },
    {
      "parent": "/Far__x15_z10/Far__x15_z10_LFS/Far_IndustryBuildings/Industry_Coal",
      "hash": "3D025CCA142BA6110:3D025CCA142BA6110",
      "id": "WINDOWS_1:LIT",
      "properties": {
        "file": "meshes_decoration_lights.assetbundle",
        "mesh": "Industry_Coal_Windows1",
        "assignMaterials": {
          "hideSourcePrefab": true,
          "assignments": []
        }
      },
      "dutyCycle": "DuskTillDawn()"
    },
    {
      "parent": "/Far__x15_z10/Far__x15_z10_LFS/Far_IndustryBuildings/Industry_Coal",
      "hash": "3D025CCA142BA6110:3D025CCA142BA6110",
      "id": "WINDOWS_3:LIT",
      "properties": {
        "file": "meshes_decoration_lights.assetbundle",
        "mesh": "Industry_Coal_Windows3",
        "assignMaterials": {
          "hideSourcePrefab": true,
          "assignments": []
        }
      },
      "dutyCycle": "DuskTillDawn()"
    },
    {
      "parent": "/Far__x15_z10/Far__x15_z10_LFS/Far_IndustryBuildings/Industry_Coal",
      "hash": "3D025CCA142BA6110:3D025CCA142BA6110",
      "id": "WINDOWS_5:LIT",
      "properties": {
        "file": "meshes_decoration_lights.assetbundle",
        "mesh": "Industry_Coal_Windows5",
        "assignMaterials": {
          "hideSourcePrefab": true,
          "assignments": []
        }
      },
      "dutyCycle": "DuskTillDawn()"
    },
    {
      "parent": "/Far__x15_z10/Far__x15_z10_LFS/Far_IndustryBuildings/Industry_Coal",
      "hash": "3D025CCA142BA6110:3D025CCA142BA6110",
      "id": "WINDOWS_2:LIT",
      "properties": {
        "file": "meshes_decoration_lights.assetbundle",
        "mesh": "Industry_Coal_Windows2",
        "assignMaterials": {
          "hideSourcePrefab": true,
          "assignments": []
        }
      },
      "dutyCycle": "DuskTillDawn()"
    },
    {
      "parent": "/Far__x15_z10/Far__x15_z10_LFS/Far_SilosCranes/Util_Conveyor#1",
      "hash": "3D655CCC0F2B822F0:3D655CCC0F2B822F0",
      "id": "WINDOWS_1:LIT",
      "properties": {
        "file": "meshes_decoration_lights.assetbundle",
        "mesh": "Util_Conveyor_Windows1",
        "assignMaterials": {
          "hideSourcePrefab": true,
          "assignments": []
        }
      },
      "dutyCycle": "DuskTillDawn()"
    }
  ]
}