{
  "version": 92,
  "enabled": true,
  "priority": "High",
  "lights": [
    {
      "parent": "/Far__x15_z10/Far__x15_z10_LFS/Far_SilosCranes/Pile11#0/collider/%GROUP%_Mesh004D084E17014E1F",
      "position": "(0.75,12.25,0)",
      "rotation": "(-0.7071068,0,0,0.7071068)",
      "hash": "3CCC1CCC172BE0460:3CCD03D8302BE0430",
      "properties": {
        "type": "Point",
        "intensity": 1.0,
        "range": 30.0,
        "colour": "#FFFFFF",
        "corona": {
          "sprite": "corona_white01.png",
          "scale": 1.0,
          "range": 100.0
        },
        "dutyCycle": "DuskTillDawn()"
      }
    },
    {
      "parent": "/Far__x15_z10/Far__x15_z10_LFS/Far_SilosCranes/Pile11#0/collider/%GROUP%_Mesh004D084E17014E1F",
      "position": "(0,12.25,0.75)",
      "rotation": "(-0.7071068,0,0,0.7071068)",
      "hash": "3CCC1CCC172BE0460:3CCC1ED8302BE12D0",
      "properties": {
        "type": "Point",
        "intensity": 1.0,
        "range": 30.0,
        "colour": "#FFFFFF",
        "corona": {
          "sprite": "corona_white01.png",
          "scale": 1.0,
          "range": 100.0
        },
        "dutyCycle": "DuskTillDawn()"
      }
    },
    {
      "parent": "/Far__x15_z10/Far__x15_z10_LFS/Far_SilosCranes/Pile11#0/collider/%GROUP%_Mesh004D084E17014E1F",
      "position": "(-0.75,12.25,0)",
      "rotation": "(-0.7071068,0,0,0.7071068)",
      "hash": "3CCC1CCC172BE0460:3CCB35D8302BE0480",
      "properties": {
        "type": "Point",
        "intensity": 1.0,
        "range": 30.0,
        "colour": "#FFFFFF",
        "corona": {
          "sprite": "corona_white01.png",
          "scale": 1.0,
          "range": 100.0
        },
        "dutyCycle": "DuskTillDawn()"
      }
    },
    {
      "parent": "/Far__x15_z10/Far__x15_z10_LFS/Far_SilosCranes/Pile11#0/collider/%GROUP%_Mesh004D084E17014E1F",
      "position": "(0,12.25,-0.75)",
      "rotation": "(-0.7071068,0,0,0.7071068)",
      "hash": "3CCC1CCC172BE0460:3CCC19D8302BDF5F0",
      "properties": {
        "type": "Point",
        "intensity": 1.0,
        "range": 30.0,
        "colour": "#FFFFFF",
        "corona": {
          "sprite": "corona_white01.png",
          "scale": 1.0,
          "range": 100.0
        },
        "dutyCycle": "DuskTillDawn()"
      }
    },
    {
      "parent": "/Far__x15_z10/Far__x15_z10_LFS/Far_Fences/SmallWireFence02b_x12 (3)/Collider/%GROUP%_Mesh001324000800300B",
      "position": "(0.75,12.25,0)",
      "rotation": "(-0.7071068,0,0,0.7071068)",
      "hash": "3CCE03CC172C08350:3CCE4ED8302C08330",
      "properties": {
        "type": "Point",
        "intensity": 1.0,
        "range": 30.0,
        "colour": "#FFFFFF",
        "corona": {
          "sprite": "corona_white01.png",
          "scale": 1.0,
          "range": 100.0
        },
        "dutyCycle": "DuskTillDawn()"
      }
    },
    {
      "parent": "/Far__x15_z10/Far__x15_z10_LFS/Far_Fences/SmallWireFence02b_x12 (3)/Collider/%GROUP%_Mesh001324000800300B",
      "position": "(0,12.25,0.75)",
      "rotation": "(-0.7071068,0,0,0.7071068)",
      "hash": "3CCE03CC172C08350:3CCE06D8302C091C0",
      "properties": {
        "type": "Point",
        "intensity": 1.0,
        "range": 30.0,
        "colour": "#FFFFFF",
        "corona": {
          "sprite": "corona_white01.png",
          "scale": 1.0,
          "range": 100.0
        },
        "dutyCycle": "DuskTillDawn()"
      }
    },
    {
      "parent": "/Far__x15_z10/Far__x15_z10_LFS/Far_Fences/SmallWireFence02b_x12 (3)/Collider/%GROUP%_Mesh001324000800300B",
      "position": "(-0.75,12.25,0)",
      "rotation": "(-0.7071068,0,0,0.7071068)",
      "hash": "3CCE03CC172C08350:3CCD1CD8302C08380",
      "properties": {
        "type": "Point",
        "intensity": 1.0,
        "range": 30.0,
        "colour": "#FFFFFF",
        "corona": {
          "sprite": "corona_white01.png",
          "scale": 1.0,
          "range": 100.0
        },
        "dutyCycle": "DuskTillDawn()"
      }
    },
    {
      "parent": "/Far__x15_z10/Far__x15_z10_LFS/Far_Fences/SmallWireFence02b_x12 (3)/Collider/%GROUP%_Mesh001324000800300B",
      "position": "(0,12.25,-0.75)",
      "rotation": "(-0.7071068,0,0,0.7071068)",
      "hash": "3CCE03CC172C08350:3CCE01D8302C074E0",
      "properties": {
        "type": "Point",
        "intensity": 1.0,
        "range": 30.0,
        "colour": "#FFFFFF",
        "corona": {
          "sprite": "corona_white01.png",
          "scale": 1.0,
          "range": 100.0
        },
        "dutyCycle": "DuskTillDawn()"
      }
    },
    {
      "parent": "/Far__x15_z10/Far__x15_z10_LFS/Far_Fences/SmallWireFence02b_x12 (3)/Collider/%GROUP%_Mesh003B130008003142",
      "position": "(0.75,12.25,0)",
      "rotation": "(-0.7071068,0,0,0.7071068)",
      "hash": "3CCF3ACC172C30250:3CD021D8302C30210",
      "properties": {
        "type": "Point",
        "intensity": 1.0,
        "range": 30.0,
        "colour": "#FFFFFF",
        "corona": {
          "sprite": "corona_white01.png",
          "scale": 1.0,
          "range": 100.0
        },
        "dutyCycle": "DuskTillDawn()"
      }
    },
    {
      "parent": "/Far__x15_z10/Far__x15_z10_LFS/Far_Fences/SmallWireFence02b_x12 (3)/Collider/%GROUP%_Mesh003B130008003142",
      "position": "(0,12.25,0.75)",
      "rotation": "(-0.7071068,0,0,0.7071068)",
      "hash": "3CCF3ACC172C30250:3CCF3ED8302C310B0",
      "properties": {
        "type": "Point",
        "intensity": 1.0,
        "range": 30.0,
        "colour": "#FFFFFF",
        "corona": {
          "sprite": "corona_white01.png",
          "scale": 1.0,
          "range": 100.0
        },
        "dutyCycle": "DuskTillDawn()"
      }
    },
    {
      "parent": "/Far__x15_z10/Far__x15_z10_LFS/Far_Fences/SmallWireFence02b_x12 (3)/Collider/%GROUP%_Mesh003B130008003142",
      "position": "(-0.75,12.25,0)",
      "rotation": "(-0.7071068,0,0,0.7071068)",
      "hash": "3CCF3ACC172C30250:3CCE54D8302C30280",
      "properties": {
        "type": "Point",
        "intensity": 1.0,
        "range": 30.0,
        "colour": "#FFFFFF",
        "corona": {
          "sprite": "corona_white01.png",
          "scale": 1.0,
          "range": 100.0
        },
        "dutyCycle": "DuskTillDawn()"
      }
    },
    {
      "parent": "/Far__x15_z10/Far__x15_z10_LFS/Far_Fences/SmallWireFence02b_x12 (3)/Collider/%GROUP%_Mesh003B130008003142",
      "position": "(0,12.25,-0.75)",
      "rotation": "(-0.7071068,0,0,0.7071068)",
      "hash": "3CCF3ACC172C30250:3CCF37D8302C2F3E0",
      "properties": {
        "type": "Point",
        "intensity": 1.0,
        "range": 30.0,
        "colour": "#FFFFFF",
        "corona": {
          "sprite": "corona_white01.png",
          "scale": 1.0,
          "range": 100.0
        },
        "dutyCycle": "DuskTillDawn()"
      }
    },
    {
      "parent": "/Far__x15_z10/Far__x15_z10_LFS/Far_Fences/SmallWireFence02b_x12 (3)/Collider/%GROUP%_Mesh0063180008003332",
      "position": "(0.75,12.25,0)",
      "rotation": "(-0.7071068,0,0,0.7071068)",
      "hash": "3CD12BCC172C582A0:3CD212D8302C58260",
      "properties": {
        "type": "Point",
        "intensity": 1.0,
        "range": 30.0,
        "colour": "#FFFFFF",
        "corona": {
          "sprite": "corona_white01.png",
          "scale": 1.0,
          "range": 100.0
        },
        "dutyCycle": "DuskTillDawn()"
      }
    },
    {
      "parent": "/Far__x15_z10/Far__x15_z10_LFS/Far_Fences/SmallWireFence02b_x12 (3)/Collider/%GROUP%_Mesh0063180008003332",
      "position": "(0,12.25,0.75)",
      "rotation": "(-0.7071068,0,0,0.7071068)",
      "hash": "3CD12BCC172C582A0:3CD12FD8302C59110",
      "properties": {
        "type": "Point",
        "intensity": 1.0,
        "range": 30.0,
        "colour": "#FFFFFF",
        "corona": {
          "sprite": "corona_white01.png",
          "scale": 1.0,
          "range": 100.0
        },
        "dutyCycle": "DuskTillDawn()"
      }
    },
    {
      "parent": "/Far__x15_z10/Far__x15_z10_LFS/Far_Fences/SmallWireFence02b_x12 (3)/Collider/%GROUP%_Mesh0063180008003332",
      "position": "(-0.75,12.25,0)",
      "rotation": "(-0.7071068,0,0,0.7071068)",
      "hash": "3CD12BCC172C582A0:3CD044D8302C582E0",
      "properties": {
        "type": "Point",
        "intensity": 1.0,
        "range": 30.0,
        "colour": "#FFFFFF",
        "corona": {
          "sprite": "corona_white01.png",
          "scale": 1.0,
          "range": 100.0
        },
        "dutyCycle": "DuskTillDawn()"
      }
    },
    {
      "parent": "/Far__x15_z10/Far__x15_z10_LFS/Far_Fences/SmallWireFence02b_x12 (3)/Collider/%GROUP%_Mesh0063180008003332",
      "position": "(0,12.25,-0.75)",
      "rotation": "(-0.7071068,0,0,0.7071068)",
      "hash": "3CD12BCC172C582A0:3CD127D8302C57430",
      "properties": {
        "type": "Point",
        "intensity": 1.0,
        "range": 30.0,
        "colour": "#FFFFFF",
        "corona": {
          "sprite": "corona_white01.png",
          "scale": 1.0,
          "range": 100.0
        },
        "dutyCycle": "DuskTillDawn()"
      }
    },
    {
      "parent": "/Far__x15_z10/Far__x15_z10_LFS/Far_Fences/SmallWireFence02b_x12 (3)/Collider/%GROUP%_Mesh008B1A0008003515",
      "position": "(0.75,12.25,0)",
      "rotation": "(-0.7071068,0,0,0.7071068)",
      "hash": "3CD30ECC172C802C0:3CD359D8302C80280",
      "properties": {
        "type": "Point",
        "intensity": 1.0,
        "range": 30.0,
        "colour": "#FFFFFF",
        "corona": {
          "sprite": "corona_white01.png",
          "scale": 1.0,
          "range": 100.0
        },
        "dutyCycle": "DuskTillDawn()"
      }
    },
    {
      "parent": "/Far__x15_z10/Far__x15_z10_LFS/Far_Fences/SmallWireFence02b_x12 (3)/Collider/%GROUP%_Mesh008B1A0008003515",
      "position": "(0,12.25,0.75)",
      "rotation": "(-0.7071068,0,0,0.7071068)",
      "hash": "3CD30ECC172C802C0:3CD312D8302C81130",
      "properties": {
        "type": "Point",
        "intensity": 1.0,
        "range": 30.0,
        "colour": "#FFFFFF",
        "corona": {
          "sprite": "corona_white01.png",
          "scale": 1.0,
          "range": 100.0
        },
        "dutyCycle": "DuskTillDawn()"
      }
    },
    {
      "parent": "/Far__x15_z10/Far__x15_z10_LFS/Far_Fences/SmallWireFence02b_x12 (3)/Collider/%GROUP%_Mesh008B1A0008003515",
      "position": "(-0.75,12.25,0)",
      "rotation": "(-0.7071068,0,0,0.7071068)",
      "hash": "3CD30ECC172C802C0:3CD227D8302C80300",
      "properties": {
        "type": "Point",
        "intensity": 1.0,
        "range": 30.0,
        "colour": "#FFFFFF",
        "corona": {
          "sprite": "corona_white01.png",
          "scale": 1.0,
          "range": 100.0
        },
        "dutyCycle": "DuskTillDawn()"
      }
    },
    {
      "parent": "/Far__x15_z10/Far__x15_z10_LFS/Far_Fences/SmallWireFence02b_x12 (3)/Collider/%GROUP%_Mesh008B1A0008003515",
      "position": "(0,12.25,-0.75)",
      "rotation": "(-0.7071068,0,0,0.7071068)",
      "hash": "3CD30ECC172C802C0:3CD30AD8302C7F450",
      "properties": {
        "type": "Point",
        "intensity": 1.0,
        "range": 30.0,
        "colour": "#FFFFFF",
        "corona": {
          "sprite": "corona_white01.png",
          "scale": 1.0,
          "range": 100.0
        },
        "dutyCycle": "DuskTillDawn()"
      }
    },
    {
      "parent": "/Far__x15_z10/Far__x15_z10_LFS/Far_Fences/SmallWireFence02b_x12 (3)/Collider/%GROUP%_Mesh00B326000800365C",
      "position": "(0.75,12.25,0)",
      "rotation": "(-0.7071068,0,0,0.7071068)",
      "hash": "3CD455CC172CA8380:3CD53CD8302CA8340",
      "properties": {
        "type": "Point",
        "intensity": 1.0,
        "range": 30.0,
        "colour": "#FFFFFF",
        "corona": {
          "sprite": "corona_white01.png",
          "scale": 1.0,
          "range": 100.0
        },
        "dutyCycle": "DuskTillDawn()"
      }
    },
    {
      "parent": "/Far__x15_z10/Far__x15_z10_LFS/Far_Fences/SmallWireFence02b_x12 (3)/Collider/%GROUP%_Mesh00B326000800365C",
      "position": "(0,12.25,0.75)",
      "rotation": "(-0.7071068,0,0,0.7071068)",
      "hash": "3CD455CC172CA8380:3CD459D8302CA91F0",
      "properties": {
        "type": "Point",
        "intensity": 1.0,
        "range": 30.0,
        "colour": "#FFFFFF",
        "corona": {
          "sprite": "corona_white01.png",
          "scale": 1.0,
          "range": 100.0
        },
        "dutyCycle": "DuskTillDawn()"
      }
    },
    {
      "parent": "/Far__x15_z10/Far__x15_z10_LFS/Far_Fences/SmallWireFence02b_x12 (3)/Collider/%GROUP%_Mesh00B326000800365C",
      "position": "(-0.75,12.25,0)",
      "rotation": "(-0.7071068,0,0,0.7071068)",
      "hash": "3CD455CC172CA8380:3CD40AD8302CA83C0",
      "properties": {
        "type": "Point",
        "intensity": 1.0,
        "range": 30.0,
        "colour": "#FFFFFF",
        "corona": {
          "sprite": "corona_white01.png",
          "scale": 1.0,
          "range": 100.0
        },
        "dutyCycle": "DuskTillDawn()"
      }
    },
    {
      "parent": "/Far__x15_z10/Far__x15_z10_LFS/Far_Fences/SmallWireFence02b_x12 (3)/Collider/%GROUP%_Mesh00B326000800365C",
      "position": "(0,12.25,-0.75)",
      "rotation": "(-0.7071068,0,0,0.7071068)",
      "hash": "3CD455CC172CA8380:3CD451D8302CA7510",
      "properties": {
        "type": "Point",
        "intensity": 1.0,
        "range": 30.0,
        "colour": "#FFFFFF",
        "corona": {
          "sprite": "corona_white01.png",
          "scale": 1.0,
          "range": 100.0
        },
        "dutyCycle": "DuskTillDawn()"
      }
    },
    {
      "parent": "/Far__x15_z10/Far__x15_z10_LFS/Far_Fences/SmallWireFence02b_x12 (3)/Collider/%GROUP%_Mesh00DB0E000800383D",
      "position": "(0.75,12.25,0)",
      "rotation": "(-0.7071068,0,0,0.7071068)",
      "hash": "3CD636CC172CD0200:3CD71CD8302CD01C0",
      "properties": {
        "type": "Point",
        "intensity": 1.0,
        "range": 30.0,
        "colour": "#FFFFFF",
        "corona": {
          "sprite": "corona_white01.png",
          "scale": 1.0,
          "range": 100.0
        },
        "dutyCycle": "DuskTillDawn()"
      }
    },
    {
      "parent": "/Far__x15_z10/Far__x15_z10_LFS/Far_Fences/SmallWireFence02b_x12 (3)/Collider/%GROUP%_Mesh00DB0E000800383D",
      "position": "(0,12.25,0.75)",
      "rotation": "(-0.7071068,0,0,0.7071068)",
      "hash": "3CD636CC172CD0200:3CD639D8302CD1070",
      "properties": {
        "type": "Point",
        "intensity": 1.0,
        "range": 30.0,
        "colour": "#FFFFFF",
        "corona": {
          "sprite": "corona_white01.png",
          "scale": 1.0,
          "range": 100.0
        },
        "dutyCycle": "DuskTillDawn()"
      }
    },
    {
      "parent": "/Far__x15_z10/Far__x15_z10_LFS/Far_Fences/SmallWireFence02b_x12 (3)/Collider/%GROUP%_Mesh00DB0E000800383D",
      "position": "(-0.75,12.25,0)",
      "rotation": "(-0.7071068,0,0,0.7071068)",
      "hash": "3CD636CC172CD0200:3CD54FD8302CD0240",
      "properties": {
        "type": "Point",
        "intensity": 1.0,
        "range": 30.0,
        "colour": "#FFFFFF",
        "corona": {
          "sprite": "corona_white01.png",
          "scale": 1.0,
          "range": 100.0
        },
        "dutyCycle": "DuskTillDawn()"
      }
    },
    {
      "parent": "/Far__x15_z10/Far__x15_z10_LFS/Far_Fences/SmallWireFence02b_x12 (3)/Collider/%GROUP%_Mesh00DB0E000800383D",
      "position": "(0,12.25,-0.75)",
      "rotation": "(-0.7071068,0,0,0.7071068)",
      "hash": "3CD636CC172CD0200:3CD632D8302CCF390",
      "properties": {
        "type": "Point",
        "intensity": 1.0,
        "range": 30.0,
        "colour": "#FFFFFF",
        "corona": {
          "sprite": "corona_white01.png",
          "scale": 1.0,
          "range": 100.0
        },
        "dutyCycle": "DuskTillDawn()"
      }
    },
    {
      "parent": "/Far__x15_z10/Far__x15_z10_LFS/Far_Fences/SmallWireFence02b_x12 (3)/Collider/%GROUP%_Mesh0100260008003A1E",
      "position": "(0.75,12.25,0)",
      "rotation": "(-0.7071068,0,0,0.7071068)",
      "hash": "3CD817CC172CF5380:3CD862D8302CF5350",
      "properties": {
        "type": "Point",
        "intensity": 1.0,
        "range": 30.0,
        "colour": "#FFFFFF",
        "corona": {
          "sprite": "corona_white01.png",
          "scale": 1.0,
          "range": 100.0
        },
        "dutyCycle": "DuskTillDawn()"
      }
    },
    {
      "parent": "/Far__x15_z10/Far__x15_z10_LFS/Far_Fences/SmallWireFence02b_x12 (3)/Collider/%GROUP%_Mesh0100260008003A1E",
      "position": "(0,12.25,0.75)",
      "rotation": "(-0.7071068,0,0,0.7071068)",
      "hash": "3CD817CC172CF5380:3CD819D8302CF61F0",
      "properties": {
        "type": "Point",
        "intensity": 1.0,
        "range": 30.0,
        "colour": "#FFFFFF",
        "corona": {
          "sprite": "corona_white01.png",
          "scale": 1.0,
          "range": 100.0
        },
        "dutyCycle": "DuskTillDawn()"
      }
    },
    {
      "parent": "/Far__x15_z10/Far__x15_z10_LFS/Far_Fences/SmallWireFence02b_x12 (3)/Collider/%GROUP%_Mesh0100260008003A1E",
      "position": "(-0.75,12.25,0)",
      "rotation": "(-0.7071068,0,0,0.7071068)",
      "hash": "3CD817CC172CF5380:3CD730D8302CF53A0",
      "properties": {
        "type": "Point",
        "intensity": 1.0,
        "range": 30.0,
        "colour": "#FFFFFF",
        "corona": {
          "sprite": "corona_white01.png",
          "scale": 1.0,
          "range": 100.0
        },
        "dutyCycle": "DuskTillDawn()"
      }
    },
    {
      "parent": "/Far__x15_z10/Far__x15_z10_LFS/Far_Fences/SmallWireFence02b_x12 (3)/Collider/%GROUP%_Mesh0100260008003A1E",
      "position": "(0,12.25,-0.75)",
      "rotation": "(-0.7071068,0,0,0.7071068)",
      "hash": "3CD817CC172CF5380:3CD814D8302CF4510",
      "properties": {
        "type": "Point",
        "intensity": 1.0,
        "range": 30.0,
        "colour": "#FFFFFF",
        "corona": {
          "sprite": "corona_white01.png",
          "scale": 1.0,
          "range": 100.0
        },
        "dutyCycle": "DuskTillDawn()"
      }
    },
    {
      "parent": "/Far__x15_z10/Far__x15_z10_LFS/Far_Fences/SmallWireFence02b_x12 (3)/Collider/%GROUP%_Mesh0125020008003B4D",
      "position": "(0.75,12.25,0)",
      "rotation": "(-0.7071068,0,0,0.7071068)",
      "hash": "3CD946CC172D1A140:3CDA2CD8302D1A100",
      "properties": {
        "type": "Point",
        "intensity": 1.0,
        "range": 30.0,
        "colour": "#FFFFFF",
        "corona": {
          "sprite": "corona_white01.png",
          "scale": 1.0,
          "range": 100.0
        },
        "dutyCycle": "DuskTillDawn()"
      }
    },
    {
      "parent": "/Far__x15_z10/Far__x15_z10_LFS/Far_Fences/SmallWireFence02b_x12 (3)/Collider/%GROUP%_Mesh0125020008003B4D",
      "position": "(0,12.25,0.75)",
      "rotation": "(-0.7071068,0,0,0.7071068)",
      "hash": "3CD946CC172D1A140:3CD949D8302D1A5E0",
      "properties": {
        "type": "Point",
        "intensity": 1.0,
        "range": 30.0,
        "colour": "#FFFFFF",
        "corona": {
          "sprite": "corona_white01.png",
          "scale": 1.0,
          "range": 100.0
        },
        "dutyCycle": "DuskTillDawn()"
      }
    },
    {
      "parent": "/Far__x15_z10/Far__x15_z10_LFS/Far_Fences/SmallWireFence02b_x12 (3)/Collider/%GROUP%_Mesh0125020008003B4D",
      "position": "(-0.75,12.25,0)",
      "rotation": "(-0.7071068,0,0,0.7071068)",
      "hash": "3CD946CC172D1A140:3CD85FD8302D1A170",
      "properties": {
        "type": "Point",
        "intensity": 1.0,
        "range": 30.0,
        "colour": "#FFFFFF",
        "corona": {
          "sprite": "corona_white01.png",
          "scale": 1.0,
          "range": 100.0
        },
        "dutyCycle": "DuskTillDawn()"
      }
    },
    {
      "parent": "/Far__x15_z10/Far__x15_z10_LFS/Far_Fences/SmallWireFence02b_x12 (3)/Collider/%GROUP%_Mesh0125020008003B4D",
      "position": "(0,12.25,-0.75)",
      "rotation": "(-0.7071068,0,0,0.7071068)",
      "hash": "3CD946CC172D1A140:3CD942D8302D192D0",
      "properties": {
        "type": "Point",
        "intensity": 1.0,
        "range": 30.0,
        "colour": "#FFFFFF",
        "corona": {
          "sprite": "corona_white01.png",
          "scale": 1.0,
          "range": 100.0
        },
        "dutyCycle": "DuskTillDawn()"
      }
    },
    {
      "parent": "/Far__x15_z10/Far__x15_z10_LFS/Far_Fences/SmallWireFence02b_x12 (3)/Collider/%GROUP%_Mesh01490E0008003D1F",
      "position": "(0.75,12.25,0)",
      "rotation": "(-0.7071068,0,0,0.7071068)",
      "hash": "3CDB18CC172D3E200:3CDB63D8302D3E1F0",
      "properties": {
        "type": "Point",
        "intensity": 1.0,
        "range": 30.0,
        "colour": "#FFFFFF",
        "corona": {
          "sprite": "corona_white01.png",
          "scale": 1.0,
          "range": 100.0
        },
        "dutyCycle": "DuskTillDawn()"
      }
    },
    {
      "parent": "/Far__x15_z10/Far__x15_z10_LFS/Far_Fences/SmallWireFence02b_x12 (3)/Collider/%GROUP%_Mesh01490E0008003D1F",
      "position": "(0,12.25,0.75)",
      "rotation": "(-0.7071068,0,0,0.7071068)",
      "hash": "3CDB18CC172D3E200:3CDB19D8302D3F070",
      "properties": {
        "type": "Point",
        "intensity": 1.0,
        "range": 30.0,
        "colour": "#FFFFFF",
        "corona": {
          "sprite": "corona_white01.png",
          "scale": 1.0,
          "range": 100.0
        },
        "dutyCycle": "DuskTillDawn()"
      }
    },
    {
      "parent": "/Far__x15_z10/Far__x15_z10_LFS/Far_Fences/SmallWireFence02b_x12 (3)/Collider/%GROUP%_Mesh01490E0008003D1F",
      "position": "(-0.75,12.25,0)",
      "rotation": "(-0.7071068,0,0,0.7071068)",
      "hash": "3CDB18CC172D3E200:3CDA31D8302D3E210",
      "properties": {
        "type": "Point",
        "intensity": 1.0,
        "range": 30.0,
        "colour": "#FFFFFF",
        "corona": {
          "sprite": "corona_white01.png",
          "scale": 1.0,
          "range": 100.0
        },
        "dutyCycle": "DuskTillDawn()"
      }
    },
    {
      "parent": "/Far__x15_z10/Far__x15_z10_LFS/Far_Fences/SmallWireFence02b_x12 (3)/Collider/%GROUP%_Mesh01490E0008003D1F",
      "position": "(0,12.25,-0.75)",
      "rotation": "(-0.7071068,0,0,0.7071068)",
      "hash": "3CDB18CC172D3E200:3CDB17D8302D3D390",
      "properties": {
        "type": "Point",
        "intensity": 1.0,
        "range": 30.0,
        "colour": "#FFFFFF",
        "corona": {
          "sprite": "corona_white01.png",
          "scale": 1.0,
          "range": 100.0
        },
        "dutyCycle": "DuskTillDawn()"
      }
    },
    {
      "parent": "/Far__x15_z10/Far__x15_z10_LFS/Far_Fences/SmallWireFence02b_x12 (3)/Collider/%GROUP%_Mesh016D0C0008006656",
      "position": "(0.75,12.25,0)",
      "rotation": "(-0.7071068,0,0,0.7071068)",
      "hash": "3D044FCC172D621D0:3D0408D8302D62040",
      "properties": {
        "type": "Point",
        "intensity": 1.0,
        "range": 30.0,
        "colour": "#FFFFFF",
        "corona": {
          "sprite": "corona_white01.png",
          "scale": 1.0,
          "range": 100.0
        },
        "dutyCycle": "DuskTillDawn()"
      }
    },
    {
      "parent": "/Far__x15_z10/Far__x15_z10_LFS/Far_Fences/SmallWireFence02b_x12 (3)/Collider/%GROUP%_Mesh016D0C0008006656",
      "position": "(0,12.25,0.75)",
      "rotation": "(-0.7071068,0,0,0.7071068)",
      "hash": "3D044FCC172D621D0:3D0504D8302D613B0",
      "properties": {
        "type": "Point",
        "intensity": 1.0,
        "range": 30.0,
        "colour": "#FFFFFF",
        "corona": {
          "sprite": "corona_white01.png",
          "scale": 1.0,
          "range": 100.0
        },
        "dutyCycle": "DuskTillDawn()"
      }
    },
    {
      "parent": "/Far__x15_z10/Far__x15_z10_LFS/Far_Fences/SmallWireFence02b_x12 (3)/Collider/%GROUP%_Mesh016D0C0008006656",
      "position": "(-0.75,12.25,0)",
      "rotation": "(-0.7071068,0,0,0.7071068)",
      "hash": "3D044FCC172D621D0:3D0531D8302D62370",
      "properties": {
        "type": "Point",
        "intensity": 1.0,
        "range": 30.0,
        "colour": "#FFFFFF",
        "corona": {
          "sprite": "corona_white01.png",
          "scale": 1.0,
          "range": 100.0
        },
        "dutyCycle": "DuskTillDawn()"
      }
    },
    {
      "parent": "/Far__x15_z10/Far__x15_z10_LFS/Far_Fences/SmallWireFence02b_x12 (3)/Collider/%GROUP%_Mesh016D0C0008006656",
      "position": "(0,12.25,-0.75)",
      "rotation": "(-0.7071068,0,0,0.7071068)",
      "hash": "3D044FCC172D621D0:3D0435D8302D63000",
      "properties": {
        "type": "Point",
        "intensity": 1.0,
        "range": 30.0,
        "colour": "#FFFFFF",
        "corona": {
          "sprite": "corona_white01.png",
          "scale": 1.0,
          "range": 100.0
        },
        "dutyCycle": "DuskTillDawn()"
      }
    },
    {
      "parent": "/Far__x15_z10/Far__x15_z10_LFS/Far_Fences/SmallWireFence02b_x12 (3)/Collider/%GROUP%_Mesh0147310008007402",
      "position": "(0.75,12.25,0)",
      "rotation": "(-0.7071068,0,0,0.7071068)",
      "hash": "3D115FCC172D3C420:3D1118D8302D3C2A0",
      "properties": {
        "type": "Point",
        "intensity": 1.0,
        "range": 30.0,
        "colour": "#FFFFFF",
        "corona": {
          "sprite": "corona_white01.png",
          "scale": 1.0,
          "range": 100.0
        },
        "dutyCycle": "DuskTillDawn()"
      }
    },
    {
      "parent": "/Far__x15_z10/Far__x15_z10_LFS/Far_Fences/SmallWireFence02b_x12 (3)/Collider/%GROUP%_Mesh0147310008007402",
      "position": "(0,12.25,0.75)",
      "rotation": "(-0.7071068,0,0,0.7071068)",
      "hash": "3D115FCC172D3C420:3D1213D8302D3B600",
      "properties": {
        "type": "Point",
        "intensity": 1.0,
        "range": 30.0,
        "colour": "#FFFFFF",
        "corona": {
          "sprite": "corona_white01.png",
          "scale": 1.0,
          "range": 100.0
        },
        "dutyCycle": "DuskTillDawn()"
      }
    },
    {
      "parent": "/Far__x15_z10/Far__x15_z10_LFS/Far_Fences/SmallWireFence02b_x12 (3)/Collider/%GROUP%_Mesh0147310008007402",
      "position": "(-0.75,12.25,0)",
      "rotation": "(-0.7071068,0,0,0.7071068)",
      "hash": "3D115FCC172D3C420:3D1241D8302D3C5B0",
      "properties": {
        "type": "Point",
        "intensity": 1.0,
        "range": 30.0,
        "colour": "#FFFFFF",
        "corona": {
          "sprite": "corona_white01.png",
          "scale": 1.0,
          "range": 100.0
        },
        "dutyCycle": "DuskTillDawn()"
      }
    },
    {
      "parent": "/Far__x15_z10/Far__x15_z10_LFS/Far_Fences/SmallWireFence02b_x12 (3)/Collider/%GROUP%_Mesh0147310008007402",
      "position": "(0,12.25,-0.75)",
      "rotation": "(-0.7071068,0,0,0.7071068)",
      "hash": "3D115FCC172D3C420:3D1146D8302D3D250",
      "properties": {
        "type": "Point",
        "intensity": 1.0,
        "range": 30.0,
        "colour": "#FFFFFF",
        "corona": {
          "sprite": "corona_white01.png",
          "scale": 1.0,
          "range": 100.0
        },
        "dutyCycle": "DuskTillDawn()"
      }
    },
    {
      "parent": "/Far__x15_z10/Far__x15_z10_LFS/Far_Fences/SmallWireFence02b_x12 (3)/Collider/%GROUP%_Mesh0121410008008102",
      "position": "(0.75,12.25,0)",
      "rotation": "(-0.7071068,0,0,0.7071068)",
      "hash": "3D1E5FCC172D16530:3D1E18D8302D163A0",
      "properties": {
        "type": "Point",
        "intensity": 1.0,
        "range": 30.0,
        "colour": "#FFFFFF",
        "corona": {
          "sprite": "corona_white01.png",
          "scale": 1.0,
          "range": 100.0
        },
        "dutyCycle": "DuskTillDawn()"
      }
    },
    {
      "parent": "/Far__x15_z10/Far__x15_z10_LFS/Far_Fences/SmallWireFence02b_x12 (3)/Collider/%GROUP%_Mesh0121410008008102",
      "position": "(0,12.25,0.75)",
      "rotation": "(-0.7071068,0,0,0.7071068)",
      "hash": "3D1E5FCC172D16530:3D1F13D8302D160C0",
      "properties": {
        "type": "Point",
        "intensity": 1.0,
        "range": 30.0,
        "colour": "#FFFFFF",
        "corona": {
          "sprite": "corona_white01.png",
          "scale": 1.0,
          "range": 100.0
        },
        "dutyCycle": "DuskTillDawn()"
      }
    },
    {
      "parent": "/Far__x15_z10/Far__x15_z10_LFS/Far_Fences/SmallWireFence02b_x12 (3)/Collider/%GROUP%_Mesh0121410008008102",
      "position": "(-0.75,12.25,0)",
      "rotation": "(-0.7071068,0,0,0.7071068)",
      "hash": "3D1E5FCC172D16530:3D1F41D8302D17070",
      "properties": {
        "type": "Point",
        "intensity": 1.0,
        "range": 30.0,
        "colour": "#FFFFFF",
        "corona": {
          "sprite": "corona_white01.png",
          "scale": 1.0,
          "range": 100.0
        },
        "dutyCycle": "DuskTillDawn()"
      }
    },
    {
      "parent": "/Far__x15_z10/Far__x15_z10_LFS/Far_Fences/SmallWireFence02b_x12 (3)/Collider/%GROUP%_Mesh0121410008008102",
      "position": "(0,12.25,-0.75)",
      "rotation": "(-0.7071068,0,0,0.7071068)",
      "hash": "3D1E5FCC172D16530:3D1E46D8302D17360",
      "properties": {
        "type": "Point",
        "intensity": 1.0,
        "range": 30.0,
        "colour": "#FFFFFF",
        "corona": {
          "sprite": "corona_white01.png",
          "scale": 1.0,
          "range": 100.0
        },
        "dutyCycle": "DuskTillDawn()"
      }
    },
    {
      "parent": "/Far__x15_z10/Far__x15_z10_LFS/Far_Fences/SmallWireFence02b_x12 (3)/Collider/%GROUP%_Mesh00FB530008008D63",
      "position": "(0.75,12.25,0)",
      "rotation": "(-0.7071068,0,0,0.7071068)",
      "hash": "3D2B5BCC172CF1010:3D2B14D8302CF04D0",
      "properties": {
        "type": "Point",
        "intensity": 1.0,
        "range": 30.0,
        "colour": "#FFFFFF",
        "corona": {
          "sprite": "corona_white01.png",
          "scale": 1.0,
          "range": 100.0
        },
        "dutyCycle": "DuskTillDawn()"
      }
    },
    {
      "parent": "/Far__x15_z10/Far__x15_z10_LFS/Far_Fences/SmallWireFence02b_x12 (3)/Collider/%GROUP%_Mesh00FB530008008D63",
      "position": "(0,12.25,0.75)",
      "rotation": "(-0.7071068,0,0,0.7071068)",
      "hash": "3D2B5BCC172CF1010:3D2C10D8302CF01E0",
      "properties": {
        "type": "Point",
        "intensity": 1.0,
        "range": 30.0,
        "colour": "#FFFFFF",
        "corona": {
          "sprite": "corona_white01.png",
          "scale": 1.0,
          "range": 100.0
        },
        "dutyCycle": "DuskTillDawn()"
      }
    },
    {
      "parent": "/Far__x15_z10/Far__x15_z10_LFS/Far_Fences/SmallWireFence02b_x12 (3)/Collider/%GROUP%_Mesh00FB530008008D63",
      "position": "(-0.75,12.25,0)",
      "rotation": "(-0.7071068,0,0,0.7071068)",
      "hash": "3D2B5BCC172CF1010:3D2C3ED8302CF11A0",
      "properties": {
        "type": "Point",
        "intensity": 1.0,
        "range": 30.0,
        "colour": "#FFFFFF",
        "corona": {
          "sprite": "corona_white01.png",
          "scale": 1.0,
          "range": 100.0
        },
        "dutyCycle": "DuskTillDawn()"
      }
    },
    {
      "parent": "/Far__x15_z10/Far__x15_z10_LFS/Far_Fences/SmallWireFence02b_x12 (3)/Collider/%GROUP%_Mesh00FB530008008D63",
      "position": "(0,12.25,-0.75)",
      "rotation": "(-0.7071068,0,0,0.7071068)",
      "hash": "3D2B5BCC172CF1010:3D2B43D8302CF1480",
      "properties": {
        "type": "Point",
        "intensity": 1.0,
        "range": 30.0,
        "colour": "#FFFFFF",
        "corona": {
          "sprite": "corona_white01.png",
          "scale": 1.0,
          "range": 100.0
        },
        "dutyCycle": "DuskTillDawn()"
      }
    },
    {
      "parent": "/Far__x15_z10/Far__x15_z10_LFS/Far_Fences/SmallWireFence02b_x12 (3)/Collider/%GROUP%_Mesh00D5600008009A5C",
      "position": "(0.75,12.25,0)",
      "rotation": "(-0.7071068,0,0,0.7071068)",
      "hash": "3D3855CC172CCB0E0:3D380ED8302CCA5B0",
      "properties": {
        "type": "Point",
        "intensity": 1.0,
        "range": 30.0,
        "colour": "#FFFFFF",
        "corona": {
          "sprite": "corona_white01.png",
          "scale": 1.0,
          "range": 100.0
        },
        "dutyCycle": "DuskTillDawn()"
      }
    },
    {
      "parent": "/Far__x15_z10/Far__x15_z10_LFS/Far_Fences/SmallWireFence02b_x12 (3)/Collider/%GROUP%_Mesh00D5600008009A5C",
      "position": "(0,12.25,0.75)",
      "rotation": "(-0.7071068,0,0,0.7071068)",
      "hash": "3D3855CC172CCB0E0:3D3908D8302CCA2B0",
      "properties": {
        "type": "Point",
        "intensity": 1.0,
        "range": 30.0,
        "colour": "#FFFFFF",
        "corona": {
          "sprite": "corona_white01.png",
          "scale": 1.0,
          "range": 100.0
        },
        "dutyCycle": "DuskTillDawn()"
      }
    },
    {
      "parent": "/Far__x15_z10/Far__x15_z10_LFS/Far_Fences/SmallWireFence02b_x12 (3)/Collider/%GROUP%_Mesh00D5600008009A5C",
      "position": "(-0.75,12.25,0)",
      "rotation": "(-0.7071068,0,0,0.7071068)",
      "hash": "3D3855CC172CCB0E0:3D3938D8302CCB250",
      "properties": {
        "type": "Point",
        "intensity": 1.0,
        "range": 30.0,
        "colour": "#FFFFFF",
        "corona": {
          "sprite": "corona_white01.png",
          "scale": 1.0,
          "range": 100.0
        },
        "dutyCycle": "DuskTillDawn()"
      }
    },
    {
      "parent": "/Far__x15_z10/Far__x15_z10_LFS/Far_Fences/SmallWireFence02b_x12 (3)/Collider/%GROUP%_Mesh00D5600008009A5C",
      "position": "(0,12.25,-0.75)",
      "rotation": "(-0.7071068,0,0,0.7071068)",
      "hash": "3D3855CC172CCB0E0:3D383ED8302CCB550",
      "properties": {
        "type": "Point",
        "intensity": 1.0,
        "range": 30.0,
        "colour": "#FFFFFF",
        "corona": {
          "sprite": "corona_white01.png",
          "scale": 1.0,
          "range": 100.0
        },
        "dutyCycle": "DuskTillDawn()"
      }
    },
    {
      "parent": "/Far__x15_z10/Far__x15_z10_LFS/Far_Fences/SmallWireFence02b_x12 (3)/Collider/%GROUP%_Mesh00B024000800A80A",
      "position": "(0.75,12.25,0)",
      "rotation": "(-0.7071068,0,0,0.7071068)",
      "hash": "3D4603CC172CA5360:3D4520D8302CA51D0",
      "properties": {
        "type": "Point",
        "intensity": 1.0,
        "range": 30.0,
        "colour": "#FFFFFF",
        "corona": {
          "sprite": "corona_white01.png",
          "scale": 1.0,
          "range": 100.0
        },
        "dutyCycle": "DuskTillDawn()"
      }
    },
    {
      "parent": "/Far__x15_z10/Far__x15_z10_LFS/Far_Fences/SmallWireFence02b_x12 (3)/Collider/%GROUP%_Mesh00B024000800A80A",
      "position": "(0,12.25,0.75)",
      "rotation": "(-0.7071068,0,0,0.7071068)",
      "hash": "3D4603CC172CA5360:3D461BD8302CA4530",
      "properties": {
        "type": "Point",
        "intensity": 1.0,
        "range": 30.0,
        "colour": "#FFFFFF",
        "corona": {
          "sprite": "corona_white01.png",
          "scale": 1.0,
          "range": 100.0
        },
        "dutyCycle": "DuskTillDawn()"
      }
    },
    {
      "parent": "/Far__x15_z10/Far__x15_z10_LFS/Far_Fences/SmallWireFence02b_x12 (3)/Collider/%GROUP%_Mesh00B024000800A80A",
      "position": "(-0.75,12.25,0)",
      "rotation": "(-0.7071068,0,0,0.7071068)",
      "hash": "3D4603CC172CA5360:3D464AD8302CA54E0",
      "properties": {
        "type": "Point",
        "intensity": 1.0,
        "range": 30.0,
        "colour": "#FFFFFF",
        "corona": {
          "sprite": "corona_white01.png",
          "scale": 1.0,
          "range": 100.0
        },
        "dutyCycle": "DuskTillDawn()"
      }
    },
    {
      "parent": "/Far__x15_z10/Far__x15_z10_LFS/Far_Fences/SmallWireFence02b_x12 (3)/Collider/%GROUP%_Mesh00B024000800A80A",
      "position": "(0,12.25,-0.75)",
      "rotation": "(-0.7071068,0,0,0.7071068)",
      "hash": "3D4603CC172CA5360:3D454FD8302CA6190",
      "properties": {
        "type": "Point",
        "intensity": 1.0,
        "range": 30.0,
        "colour": "#FFFFFF",
        "corona": {
          "sprite": "corona_white01.png",
          "scale": 1.0,
          "range": 100.0
        },
        "dutyCycle": "DuskTillDawn()"
      }
    },
    {
      "parent": "/Far__x15_z10/Far__x15_z10_LFS/Far_Fences/SmallWireFence02b_x12 (3)/Collider/%GROUP%_Mesh00FF0E0008006021",
      "position": "(0.75,12.25,0)",
      "rotation": "(-0.7071068,0,0,0.7071068)",
      "hash": "3CFE19CC172CF41F0:3CFF00D8302CF42B0",
      "properties": {
        "type": "Point",
        "intensity": 1.0,
        "range": 30.0,
        "colour": "#FFFFFF",
        "corona": {
          "sprite": "corona_white01.png",
          "scale": 1.0,
          "range": 100.0
        },
        "dutyCycle": "DuskTillDawn()"
      }
    },
    {
      "parent": "/Far__x15_z10/Far__x15_z10_LFS/Far_Fences/SmallWireFence02b_x12 (3)/Collider/%GROUP%_Mesh00FF0E0008006021",
      "position": "(0,12.25,0.75)",
      "rotation": "(-0.7071068,0,0,0.7071068)",
      "hash": "3CFE19CC172CF41F0:3CFE0ED8302CF5060",
      "properties": {
        "type": "Point",
        "intensity": 1.0,
        "range": 30.0,
        "colour": "#FFFFFF",
        "corona": {
          "sprite": "corona_white01.png",
          "scale": 1.0,
          "range": 100.0
        },
        "dutyCycle": "DuskTillDawn()"
      }
    },
    {
      "parent": "/Far__x15_z10/Far__x15_z10_LFS/Far_Fences/SmallWireFence02b_x12 (3)/Collider/%GROUP%_Mesh00FF0E0008006021",
      "position": "(-0.75,12.25,0)",
      "rotation": "(-0.7071068,0,0,0.7071068)",
      "hash": "3CFE19CC172CF41F0:3CFD33D8302CF4140",
      "properties": {
        "type": "Point",
        "intensity": 1.0,
        "range": 30.0,
        "colour": "#FFFFFF",
        "corona": {
          "sprite": "corona_white01.png",
          "scale": 1.0,
          "range": 100.0
        },
        "dutyCycle": "DuskTillDawn()"
      }
    },
    {
      "parent": "/Far__x15_z10/Far__x15_z10_LFS/Far_Fences/SmallWireFence02b_x12 (3)/Collider/%GROUP%_Mesh00FF0E0008006021",
      "position": "(0,12.25,-0.75)",
      "rotation": "(-0.7071068,0,0,0.7071068)",
      "hash": "3CFE19CC172CF41F0:3CFE25D8302CF3390",
      "properties": {
        "type": "Point",
        "intensity": 1.0,
        "range": 30.0,
        "colour": "#FFFFFF",
        "corona": {
          "sprite": "corona_white01.png",
          "scale": 1.0,
          "range": 100.0
        },
        "dutyCycle": "DuskTillDawn()"
      }
    },
    {
      "parent": "/Far__x15_z10/Far__x15_z10_LFS/Far_Fences/SmallWireFence02b_x12 (3)/Collider/%GROUP%_Mesh0126260008005B2B",
      "position": "(0.75,12.25,0)",
      "rotation": "(-0.7071068,0,0,0.7071068)",
      "hash": "3CF924CC172D1B380:3CF83DD8302D1B300",
      "properties": {
        "type": "Point",
        "intensity": 1.0,
        "range": 30.0,
        "colour": "#FFFFFF",
        "corona": {
          "sprite": "corona_white01.png",
          "scale": 1.0,
          "range": 100.0
        },
        "dutyCycle": "DuskTillDawn()"
      }
    },
    {
      "parent": "/Far__x15_z10/Far__x15_z10_LFS/Far_Fences/SmallWireFence02b_x12 (3)/Collider/%GROUP%_Mesh0126260008005B2B",
      "position": "(0,12.25,0.75)",
      "rotation": "(-0.7071068,0,0,0.7071068)",
      "hash": "3CF924CC172D1B380:3CF92CD8302D1A520",
      "properties": {
        "type": "Point",
        "intensity": 1.0,
        "range": 30.0,
        "colour": "#FFFFFF",
        "corona": {
          "sprite": "corona_white01.png",
          "scale": 1.0,
          "range": 100.0
        },
        "dutyCycle": "DuskTillDawn()"
      }
    },
    {
      "parent": "/Far__x15_z10/Far__x15_z10_LFS/Far_Fences/SmallWireFence02b_x12 (3)/Collider/%GROUP%_Mesh0126260008005B2B",
      "position": "(-0.75,12.25,0)",
      "rotation": "(-0.7071068,0,0,0.7071068)",
      "hash": "3CF924CC172D1B380:3CFA0AD8302D1B400",
      "properties": {
        "type": "Point",
        "intensity": 1.0,
        "range": 30.0,
        "colour": "#FFFFFF",
        "corona": {
          "sprite": "corona_white01.png",
          "scale": 1.0,
          "range": 100.0
        },
        "dutyCycle": "DuskTillDawn()"
      }
    },
    {
      "parent": "/Far__x15_z10/Far__x15_z10_LFS/Far_Fences/SmallWireFence02b_x12 (3)/Collider/%GROUP%_Mesh0126260008005B2B",
      "position": "(0,12.25,-0.75)",
      "rotation": "(-0.7071068,0,0,0.7071068)",
      "hash": "3CF924CC172D1B380:3CF91CD8302D1C1F0",
      "properties": {
        "type": "Point",
        "intensity": 1.0,
        "range": 30.0,
        "colour": "#FFFFFF",
        "corona": {
          "sprite": "corona_white01.png",
          "scale": 1.0,
          "range": 100.0
        },
        "dutyCycle": "DuskTillDawn()"
      }
    }
  ],
  "meshes": [
    {
      "parent": "/Far__x15_z10/Far__x15_z10_LFS/Far_SilosCranes/Pile11#0/collider",
      "position": "(-77.087616,78.2358551,334.3107)",
      "rotation": "(0,0.0174524058,0,0.9998477)",
      "hash": "3D02367E002A8D5D0:3CCC1CCC172BE0460",
      "properties": {
        "file": "meshes_lampposts.assetbundle",
        "mesh": "YardLamp_Floor"
      }
    },
    {
      "parent": "/Far__x15_z10/Far__x15_z10_LFS/Far_Fences/SmallWireFence02b_x12 (3)/Collider",
      "position": "(-19.3613472,0.08595276,48.11132)",
      "rotation": "(0,0.0174524058,0,0.9998477)",
      "hash": "3C9D5CCC0F2BF5110:3CCE03CC172C08350",
      "properties": {
        "file": "meshes_lampposts.assetbundle",
        "mesh": "YardLamp_Floor"
      }
    },
    {
      "parent": "/Far__x15_z10/Far__x15_z10_LFS/Far_Fences/SmallWireFence02b_x12 (3)/Collider",
      "position": "(-59.1924,0.08595276,49.663063)",
      "rotation": "(0,0.0261769481,0,0.999657333)",
      "hash": "3C9D5CCC0F2BF5110:3CCF3ACC172C30250",
      "properties": {
        "file": "meshes_lampposts.assetbundle",
        "mesh": "YardLamp_Floor"
      }
    },
    {
      "parent": "/Far__x15_z10/Far__x15_z10_LFS/Far_Fences/SmallWireFence02b_x12 (3)/Collider",
      "position": "(-99.24806,0.08595276,51.5048447)",
      "rotation": "(0,0.0261769481,0,0.999657333)",
      "hash": "3C9D5CCC0F2BF5110:3CD12BCC172C582A0",
      "properties": {
        "file": "meshes_lampposts.assetbundle",
        "mesh": "YardLamp_Floor"
      }
    },
    {
      "parent": "/Far__x15_z10/Far__x15_z10_LFS/Far_Fences/SmallWireFence02b_x12 (3)/Collider",
      "position": "(-139.266617,0.08595276,53.2187042)",
      "rotation": "(0,0.0261769481,0,0.999657333)",
      "hash": "3C9D5CCC0F2BF5110:3CD30ECC172C802C0",
      "properties": {
        "file": "meshes_lampposts.assetbundle",
        "mesh": "YardLamp_Floor"
      }
    },
    {
      "parent": "/Far__x15_z10/Far__x15_z10_LFS/Far_Fences/SmallWireFence02b_x12 (3)/Collider",
      "position": "(-179.384781,0.08595276,54.9276733)",
      "rotation": "(0,0.0261769481,0,0.999657333)",
      "hash": "3C9D5CCC0F2BF5110:3CD455CC172CA8380",
      "properties": {
        "file": "meshes_lampposts.assetbundle",
        "mesh": "YardLamp_Floor"
      }
    },
    {
      "parent": "/Far__x15_z10/Far__x15_z10_LFS/Far_Fences/SmallWireFence02b_x12 (3)/Collider",
      "position": "(-219.14357,0.08595276,56.613205)",
      "rotation": "(0,0.0261769481,0,0.999657333)",
      "hash": "3C9D5CCC0F2BF5110:3CD636CC172CD0200",
      "properties": {
        "file": "meshes_lampposts.assetbundle",
        "mesh": "YardLamp_Floor"
      }
    },
    {
      "parent": "/Far__x15_z10/Far__x15_z10_LFS/Far_Fences/SmallWireFence02b_x12 (3)/Collider",
      "position": "(-256.3848,0.08595276,58.3055725)",
      "rotation": "(0,0.0174524058,0,0.9998477)",
      "hash": "3C9D5CCC0F2BF5110:3CD817CC172CF5380",
      "properties": {
        "file": "meshes_lampposts.assetbundle",
        "mesh": "YardLamp_Floor"
      }
    },
    {
      "parent": "/Far__x15_z10/Far__x15_z10_LFS/Far_Fences/SmallWireFence02b_x12 (3)/Collider",
      "position": "(-293.0225,0.08595276,59.7733459)",
      "rotation": "(0,0.0261769481,0,0.999657333)",
      "hash": "3C9D5CCC0F2BF5110:3CD946CC172D1A140",
      "properties": {
        "file": "meshes_lampposts.assetbundle",
        "mesh": "YardLamp_Floor"
      }
    },
    {
      "parent": "/Far__x15_z10/Far__x15_z10_LFS/Far_Fences/SmallWireFence02b_x12 (3)/Collider",
      "position": "(-329.145538,0.08595276,61.3182373)",
      "rotation": "(0,0.008726535,0,0.9999619)",
      "hash": "3C9D5CCC0F2BF5110:3CDB18CC172D3E200",
      "properties": {
        "file": "meshes_lampposts.assetbundle",
        "mesh": "YardLamp_Floor"
      }
    },
    {
      "parent": "/Far__x15_z10/Far__x15_z10_LFS/Far_Fences/SmallWireFence02b_x12 (3)/Collider",
      "position": "(-365.120148,0.08595276,102.864136)",
      "rotation": "(0,0.9848078,0,0.173648253)",
      "hash": "3C9D5CCC0F2BF5110:3D044FCC172D621D0",
      "properties": {
        "file": "meshes_lampposts.assetbundle",
        "mesh": "YardLamp_Floor"
      }
    },
    {
      "parent": "/Far__x15_z10/Far__x15_z10_LFS/Far_Fences/SmallWireFence02b_x12 (3)/Collider",
      "position": "(-327.492218,0.08595276,116.023315)",
      "rotation": "(0,0.9862856,0,0.165047541)",
      "hash": "3C9D5CCC0F2BF5110:3D115FCC172D3C420",
      "properties": {
        "file": "meshes_lampposts.assetbundle",
        "mesh": "YardLamp_Floor"
      }
    },
    {
      "parent": "/Far__x15_z10/Far__x15_z10_LFS/Far_Fences/SmallWireFence02b_x12 (3)/Collider",
      "position": "(-289.6563,0.08595276,129.023346)",
      "rotation": "(0,0.9862856,0,0.165047541)",
      "hash": "3C9D5CCC0F2BF5110:3D1E5FCC172D16530",
      "properties": {
        "file": "meshes_lampposts.assetbundle",
        "mesh": "YardLamp_Floor"
      }
    },
    {
      "parent": "/Far__x15_z10/Far__x15_z10_LFS/Far_Fences/SmallWireFence02b_x12 (3)/Collider",
      "position": "(-251.83989,0.08595276,141.991119)",
      "rotation": "(0,0.9862856,0,0.165047541)",
      "hash": "3C9D5CCC0F2BF5110:3D2B5BCC172CF1010",
      "properties": {
        "file": "meshes_lampposts.assetbundle",
        "mesh": "YardLamp_Floor"
      }
    },
    {
      "parent": "/Far__x15_z10/Far__x15_z10_LFS/Far_Fences/SmallWireFence02b_x12 (3)/Collider",
      "position": "(-213.966858,0.08595276,154.926682)",
      "rotation": "(0,0.987688363,0,0.1564345)",
      "hash": "3C9D5CCC0F2BF5110:3D3855CC172CCB0E0",
      "properties": {
        "file": "meshes_lampposts.assetbundle",
        "mesh": "YardLamp_Floor"
      }
    },
    {
      "parent": "/Far__x15_z10/Far__x15_z10_LFS/Far_Fences/SmallWireFence02b_x12 (3)/Collider",
      "position": "(-176.3653,0.08595276,168.108337)",
      "rotation": "(0,0.9862856,0,0.165047541)",
      "hash": "3C9D5CCC0F2BF5110:3D4603CC172CA5360",
      "properties": {
        "file": "meshes_lampposts.assetbundle",
        "mesh": "YardLamp_Floor"
      }
    },
    {
      "parent": "/Far__x15_z10/Far__x15_z10_LFS/Far_Fences/SmallWireFence02b_x12 (3)/Collider",
      "position": "(-255.141632,0.08595276,96.33194)",
      "rotation": "(0,-0.07845905,0,0.996917367)",
      "hash": "3C9D5CCC0F2BF5110:3CFE19CC172CF41F0",
      "properties": {
        "file": "meshes_lampposts.assetbundle",
        "mesh": "YardLamp_Floor"
      }
    },
    {
      "parent": "/Far__x15_z10/Far__x15_z10_LFS/Far_Fences/SmallWireFence02b_x12 (3)/Collider",
      "position": "(-294.3887,0.08595276,91.43643)",
      "rotation": "(0,0.9986295,0,0.0523359738)",
      "hash": "3C9D5CCC0F2BF5110:3CF924CC172D1B380",
      "properties": {
        "file": "meshes_lampposts.assetbundle",
        "mesh": "YardLamp_Floor"
      }
    }
  ],
  "decorations": []
}