{
  "version": 97,
  "enabled": true,
  "lights": [
    {
      "parent": "/Near__x8_z7/Near__x8_z7_LFS",
      "position": "(242.740234,136.228317,779.7666)",
      "rotation": "(-0.197428718,0.801843047,-0.4174134,-0.379256725)",
      "hash": "20000000001C00000:20F24A88161F0B4C0",
      "properties": {
        "type": "Point",
        "intensity": 1.0,
        "range": 20.0,
        "colour": "#FFB24D",
        "corona": {
          "sprite": "corona_orange01.png",
          "scale": 0.75,
          "range": 100.0
        },
        "dutyCycle": "DuskTillDawn()"
      }
    },
    {
      "parent": "/Near__x8_z7/Near__x8_z7_LFS",
      "position": "(247.819336,136.228333,773.57666)",
      "rotation": "(-0.197428718,0.801843047,-0.4174134,-0.379256725)",
      "hash": "20000000001C00000:20F75188161F05390",
      "properties": {
        "type": "Point",
        "intensity": 1.0,
        "range": 20.0,
        "colour": "#FFB24D",
        "corona": {
          "sprite": "corona_orange01.png",
          "scale": 0.75,
          "range": 100.0
        },
        "dutyCycle": "DuskTillDawn()"
      }
    },
    {
      "parent": "/Near__x8_z7/Near__x8_z7_LFS/%GROUP%_Mesh00F401882603113A",
      "position": "(0,0.285,-0.04)",
      "rotation": "(0,0.941548645,0,0.336877167)",
      "hash": "20F40188261F113A0:20F41388221F11240",
      "properties": {
        "type": "Point",
        "intensity": 0.5,
        "range": 10.0,
        "colour": "#FFFFFF",
        "corona": {
          "sprite": "corona_flare02.png",
          "scale": 0.87,
          "range": 100.0
        },
        "dutyCycle": "Always()"
      }
    },
    {
      "parent": "/Near__x8_z7/Near__x8_z7_LFS/%GROUP%_Mesh00FA158826031643",
      "position": "(0,0.285,-0.04)",
      "rotation": "(0,0.941548645,0,0.336877167)",
      "hash": "20FA1588261F16430:20FA2788221F162D0",
      "properties": {
        "type": "Point",
        "intensity": 0.5,
        "range": 10.0,
        "colour": "#FFFFFF",
        "corona": {
          "sprite": "corona_flare02.png",
          "scale": 0.87,
          "range": 100.0
        },
        "dutyCycle": "Always()"
      }
    },
    {
      "parent": "/Near__x8_z7/Near__x8_z7_LFS/%GROUP%_Mesh0100248825031B48",
      "position": "(0,0.285,-0.04)",
      "rotation": "(0,0.941548645,0,0.336877167)",
      "hash": "21002488251F1B480:21003688211F1B320",
      "properties": {
        "type": "Point",
        "intensity": 0.5,
        "range": 10.0,
        "colour": "#FFFFFF",
        "corona": {
          "sprite": "corona_flare02.png",
          "scale": 0.87,
          "range": 100.0
        },
        "dutyCycle": "Always()"
      }
    },
    {
      "parent": "/Near__x8_z7/Near__x8_z7_LFS/%GROUP%_Mesh010636882403204F",
      "position": "(0,0.285,-0.04)",
      "rotation": "(0,0.941548645,0,0.336877167)",
      "hash": "21063688241F204F0:21064888201F20390",
      "properties": {
        "type": "Point",
        "intensity": 0.5,
        "range": 10.0,
        "colour": "#FFFFFF",
        "corona": {
          "sprite": "corona_flare02.png",
          "scale": 0.87,
          "range": 100.0
        },
        "dutyCycle": "Always()"
      }
    },
    {
      "parent": "/Near__x8_z7/Near__x8_z7_LFS/%GROUP%_Mesh010A5A8A02031511",
      "position": "(0,0.285,0)",
      "hash": "210A5A8A021F15110:210A5A894A1F15110",
      "properties": {
        "type": "Point",
        "intensity": 0.8,
        "range": 10.0,
        "colour": "#FFB24D",
        "corona": {
          "sprite": "corona_orange01.png",
          "scale": 0.75,
          "range": 100.0
        },
        "dutyCycle": "DuskTillDawn()"
      }
    },
    {
      "parent": "/Near__x8_z7/Near__x8_z7_LFS/%GROUP%_Mesh01043C8A02031015",
      "position": "(0,0.285,0)",
      "hash": "21043C8A021F10150:21043C894A1F10150",
      "properties": {
        "type": "Point",
        "intensity": 0.8,
        "range": 10.0,
        "colour": "#FFB24D",
        "corona": {
          "sprite": "corona_orange01.png",
          "scale": 0.75,
          "range": 100.0
        },
        "dutyCycle": "DuskTillDawn()"
      }
    },
    {
      "parent": "/Near__x8_z7/Near__x8_z7_LFS/%GROUP%_Mesh0101508437030724",
      "position": "(0,0.27,-0.12)",
      "hash": "21015084371F07240:210201842B1F07350",
      "properties": {
        "type": "Point",
        "intensity": 0.5,
        "range": 10.0,
        "colour": "#FFFFFF",
        "corona": null,
        "dutyCycle": "Always()"
      }
    },
    {
      "parent": "/Near__x8_z7/Near__x8_z7_LFS/%GROUP%_Mesh00FF61854F03015B",
      "position": "(0,0.25,0.5)",
      "rotation": "(0.237871259,0.6666609,-0.6649049,0.238499463)",
      "hash": "20FF61854F1F015B0:21002485361F02170",
      "properties": {
        "type": "Point",
        "intensity": 0.5,
        "range": 10.0,
        "colour": "#FFFFFF",
        "corona": null,
        "dutyCycle": "Always()"
      }
    },
    {
      "parent": "/Near__x8_z7/Near__x8_z7_LFS/%GROUP%_Mesh00FF61854F03015B",
      "position": "(0,0.25,-0.5)",
      "rotation": "(0.237871259,0.6666609,-0.6649049,0.238499463)",
      "hash": "20FF61854F1F015B0:20FF3B85361F013C0",
      "properties": {
        "type": "Point",
        "intensity": 0.5,
        "range": 10.0,
        "colour": "#FFFFFF",
        "corona": null,
        "dutyCycle": "Always()"
      }
    },
    {
      "parent": "/Near__x8_z7/Near__x8_z7_LFS",
      "position": "(274.3877,133.793015,795.812)",
      "rotation": "(0.5731777,-0.267262876,0.205077559,0.7469813)",
      "hash": "20000000001C00000:211226854F1F1B510",
      "properties": {
        "type": "Point",
        "intensity": 1.0,
        "range": 20.0,
        "colour": "#DDEEFF",
        "corona": {
          "sprite": "corona_flare02.png",
          "scale": 1.0,
          "range": 100.0
        },
        "dutyCycle": "DuskTillDawn()"
      }
    },
    {
      "parent": "/Near__x8_z7/Near__x8_z7_LFS",
      "position": "(261.3496,136.862717,802.276367)",
      "rotation": "(0.590702355,-0.2623326,0.211347714,0.733201563)",
      "hash": "20000000001C00000:21052288561F221B0",
      "properties": {
        "type": "Point",
        "intensity": 1.0,
        "range": 20.0,
        "colour": "#FFB24D",
        "corona": {
          "sprite": "corona_orange01.png",
          "scale": 0.75,
          "range": 100.0
        },
        "dutyCycle": "DuskTillDawn()"
      }
    },
    {
      "parent": "/Near__x8_z7/Near__x8_z7_LFS",
      "position": "(255.1289,136.8767,797.2544)",
      "rotation": "(0.590702355,-0.2623326,0.211347684,0.733201563)",
      "hash": "20000000001C00000:20FF0C88571F1D190",
      "properties": {
        "type": "Point",
        "intensity": 1.0,
        "range": 20.0,
        "colour": "#FFB24D",
        "corona": {
          "sprite": "corona_orange01.png",
          "scale": 0.75,
          "range": 100.0
        },
        "dutyCycle": "DuskTillDawn()"
      }
    },
    {
      "parent": "/Near__x8_z7/Near__x8_z7_LFS",
      "position": "(248.986328,136.862366,792.1289)",
      "rotation": "(0.590702355,-0.2623326,0.211347714,0.733201563)",
      "hash": "20000000001C00000:20F86288561F180C0",
      "properties": {
        "type": "Point",
        "intensity": 1.0,
        "range": 20.0,
        "colour": "#FFB24D",
        "corona": {
          "sprite": "corona_orange01.png",
          "scale": 0.75,
          "range": 100.0
        },
        "dutyCycle": "DuskTillDawn()"
      }
    },
    {
      "parent": "/Near__x8_z7/Near__x8_z7_LFS",
      "position": "(242.78125,136.865433,787.0542)",
      "rotation": "(0.590702355,-0.2623326,0.211347714,0.733201563)",
      "hash": "20000000001C00000:20F24E88561F13050",
      "properties": {
        "type": "Point",
        "intensity": 1.0,
        "range": 20.0,
        "colour": "#FFB24D",
        "corona": {
          "sprite": "corona_orange01.png",
          "scale": 0.75,
          "range": 100.0
        },
        "dutyCycle": "DuskTillDawn()"
      }
    },
    {
      "parent": "/Near__x8_z7/Near__x8_z7_LFS/%GROUP%_Mesh0109318442030A18",
      "position": "(0,0.27,-0.12)",
      "hash": "21093184421F0A180:21092084361F0A2D0",
      "properties": {
        "type": "Point",
        "intensity": 0.5,
        "range": 10.0,
        "colour": "#FFFFFF",
        "corona": null,
        "dutyCycle": "Always()"
      }
    },
    {
      "parent": "/Near__x8_z7/Near__x8_z7_LFS/%GROUP%_Mesh010F458449030F21",
      "position": "(0,0.27,-0.12)",
      "hash": "210F4584491F0F210:210F34843D1F0F360",
      "properties": {
        "type": "Point",
        "intensity": 0.5,
        "range": 10.0,
        "colour": "#FFFFFF",
        "corona": null,
        "dutyCycle": "Always()"
      }
    }
  ],
  "meshes": [
    {
      "parent": "/Near__x8_z7/Near__x8_z7_LFS",
      "position": "(244.014648,136.38,785.5869)",
      "rotation": "(-0.6657754,-0.23820813,-0.23820813,0.6657754)",
      "hash": "20000000001C00000:20F40188261F113A0",
      "properties": {
        "file": "meshes_lampposts.assetbundle",
        "mesh": "FloodLight_Wall"
      }
    },
    {
      "parent": "/Near__x8_z7/Near__x8_z7_LFS",
      "position": "(250.210938,136.383926,790.6719)",
      "rotation": "(-0.6657754,-0.23820813,-0.23820813,0.6657754)",
      "hash": "20000000001C00000:20FA1588261F16430",
      "properties": {
        "file": "meshes_lampposts.assetbundle",
        "mesh": "FloodLight_Wall"
      }
    },
    {
      "parent": "/Near__x8_z7/Near__x8_z7_LFS",
      "position": "(256.3662,136.372467,795.723633)",
      "rotation": "(-0.6657754,-0.23820813,-0.23820813,0.6657754)",
      "hash": "20000000001C00000:21002488251F1B480",
      "properties": {
        "file": "meshes_lampposts.assetbundle",
        "mesh": "FloodLight_Wall"
      }
    },
    {
      "parent": "/Near__x8_z7/Near__x8_z7_LFS",
      "position": "(262.548828,136.363678,800.797363)",
      "rotation": "(-0.6657754,-0.23820813,-0.23820813,0.6657754)",
      "hash": "20000000001C00000:21063688241F204F0",
      "properties": {
        "file": "meshes_lampposts.assetbundle",
        "mesh": "FloodLight_Wall"
      }
    },
    {
      "parent": "/Near__x8_z7/Near__x8_z7_LFS",
      "position": "(266.90918,138.0258,789.1797)",
      "rotation": "(0.438371122,0,0.8987941,0)",
      "hash": "20000000001C00000:210A5A8A021F15110",
      "properties": {
        "file": "meshes_lampposts.assetbundle",
        "mesh": "FloodLight_Ceiling"
      }
    },
    {
      "parent": "/Near__x8_z7/Near__x8_z7_LFS",
      "position": "(260.609375,138.0258,784.2119)",
      "rotation": "(0.4305111,0,0.9025853,0)",
      "hash": "20000000001C00000:21043C8A021F10150",
      "properties": {
        "file": "meshes_lampposts.assetbundle",
        "mesh": "FloodLight_Ceiling"
      }
    },
    {
      "parent": "/Near__x8_z7/Near__x8_z7_LFS",
      "position": "(257.8047,132.554672,775.360352)",
      "rotation": "(0.30233565,0.639212966,0.6392129,-0.30233565)",
      "hash": "20000000001C00000:21015084371F07240",
      "properties": {
        "file": "meshes_lampposts.assetbundle",
        "mesh": "IndustrialLamp_Wall"
      }
    },
    {
      "parent": "/Near__x8_z7/Near__x8_z7_LFS",
      "position": "(255.979492,133.794708,769.917969)",
      "rotation": "(0.430511057,0,0.9025853,0)",
      "hash": "20000000001C00000:20FF61854F1F015B0",
      "properties": {
        "file": "meshes_lampposts.assetbundle",
        "mesh": "IndustrialLamp_Ceiling"
      }
    },
    {
      "parent": "/Near__x8_z7/Near__x8_z7_LFS",
      "position": "(265.493164,132.669769,778.2466)",
      "rotation": "(-0.23820816,0.6657754,0.6657754,0.23820816)",
      "hash": "20000000001C00000:21093184421F0A180",
      "properties": {
        "file": "meshes_lampposts.assetbundle",
        "mesh": "IndustrialLamp_Wall"
      }
    },
    {
      "parent": "/Near__x8_z7/Near__x8_z7_LFS",
      "position": "(271.697266,132.735382,783.3374)",
      "rotation": "(-0.23820813,0.6657754,0.6657754,0.23820813)",
      "hash": "20000000001C00000:210F4584491F0F210",
      "properties": {
        "file": "meshes_lampposts.assetbundle",
        "mesh": "IndustrialLamp_Wall"
      }
    }
  ],
  "decorations": []
}