{
  "version": 92,
  "enabled": true,
  "lights": [
    {
      "parent": "/Far__x5_z6/Far__x5_z6_LFS/Far_IndustryBuildings/FakeOffice_4/collider",
      "position": "(6.119897,3.334816,-2.01737475)",
      "rotation": "(-0.7071068,0,0,0.7071068)",
      "hash": "175B14795519F31D0:175D4D7D1319ED250",
      "properties": {
        "type": "Point",
        "intensity": 0.6,
        "range": 5.0,
        "colour": "#FFE5B2",
        "corona": null,
        "dutyCycle": "DuskTillDawn()"
      }
    },
    {
      "parent": "/Far__x5_z6/Far__x5_z6_LFS/Far_Props/ConcreteBag_blue/Collider",
      "position": "(1.6178571,1.422554,-5.168067)",
      "rotation": "(-0.7071068,0,0,0.7071068)",
      "hash": "1759007B5019F7580:1755367D1719F3470",
      "properties": {
        "type": "Point",
        "intensity": 0.6,
        "range": 5.0,
        "colour": "#FFE5B2",
        "corona": null,
        "dutyCycle": "DuskTillDawn()"
      }
    },
    {
      "parent": "/Far__x5_z6/Far__x5_z6_LFS/Far_Props/ConcreteBag_blue/Collider",
      "position": "(0.529883742,1.39583588,2.73988914)",
      "hash": "1759007B5019F7580:175B3B7D1419F85C0",
      "properties": {
        "type": "Point",
        "intensity": 0.6,
        "range": 5.0,
        "colour": "#FFE5B2",
        "corona": null,
        "dutyCycle": "DuskTillDawn()"
      }
    },
    {
      "parent": "/Far__x5_z6/Far__x5_z6_LFS/Far_Props/BarrelWhite_bump/Collider",
      "position": "(3.29722857,1.36094666,0.1628123)",
      "rotation": "(-0.7071068,0,0,0.7071068)",
      "hash": "177B307B501A6A3E0:177E4E7D111A6A470",
      "properties": {
        "type": "Point",
        "intensity": 0.6,
        "range": 5.0,
        "colour": "#FFE5B2",
        "corona": null,
        "dutyCycle": "DuskTillDawn()"
      }
    },
    {
      "parent": "/Far__x5_z6/Far__x5_z6_LFS/Far_Props/BarrelWhite_bump/Collider",
      "position": "(6.35751867,1.34902954,2.91881418)",
      "rotation": "(-0.7071068,0,0,0.7071068)",
      "hash": "177B307B501A6A3E0:17815A7D0F1A6D280",
      "properties": {
        "type": "Point",
        "intensity": 0.6,
        "range": 5.0,
        "colour": "#FFE5B2",
        "corona": null,
        "dutyCycle": "DuskTillDawn()"
      }
    },
    {
      "parent": "/Far__x5_z6/Far__x5_z6_LFS/Far_IndustryBuildings/FakeOffice_6/collider",
      "position": "(5.03006744,3.33496857,-8.719055)",
      "rotation": "(-0.7071068,0,0,0.7071068)",
      "hash": "17790379551A6E150:177C147D131A774D0",
      "properties": {
        "type": "Point",
        "intensity": 0.6,
        "range": 5.0,
        "colour": "#FFE5B2",
        "corona": null,
        "dutyCycle": "DuskTillDawn()"
      }
    },
    {
      "parent": "/Far__x5_z6/Far__x5_z6_LFS/Far_IndustryBuildings/FakeOffice_6/collider",
      "position": "(7.88129425,3.32468414,-4.00892639)",
      "rotation": "(-0.7071068,0,0,0.7071068)",
      "hash": "17790379551A6E150:17764E7D121A764C0",
      "properties": {
        "type": "Point",
        "intensity": 0.6,
        "range": 5.0,
        "colour": "#FFE5B2",
        "corona": null,
        "dutyCycle": "DuskTillDawn()"
      }
    }
  ],
  "meshes": [],
  "decorations": [
    {
      "parent": "/Far__x5_z6/Far__x5_z6_LFS/Far_IndustryBuildings/FakeOffice_6",
      "hash": "17790379551A6E150:17790379551A6E150",
      "id": "WINDOWS_1:LIT",
      "properties": {
        "file": "meshes_decoration_lights.assetbundle",
        "mesh": "FakeOffice_6_Windows1",
        "assignMaterials": {
          "hideSourcePrefab": true,
          "assignments": []
        }
      },
      "dutyCycle": "DuskTillDawn()"
    },
    {
      "parent": "/Far__x5_z6/Far__x5_z6_LFS/Far_IndustryBuildings/FakeOffice_6",
      "hash": "17790379551A6E150:17790379551A6E150",
      "id": "WINDOWS_2:LIT",
      "properties": {
        "file": "meshes_decoration_lights.assetbundle",
        "mesh": "FakeOffice_6_Windows2",
        "assignMaterials": {
          "hideSourcePrefab": true,
          "assignments": []
        }
      },
      "dutyCycle": "DuskTillDawn()"
    },
    {
      "parent": "/Far__x5_z6/Far__x5_z6_LFS/Far_IndustryBuildings/FakeOffice_6",
      "hash": "17790379551A6E150:17790379551A6E150",
      "id": "WINDOWS_3:LIT",
      "properties": {
        "file": "meshes_decoration_lights.assetbundle",
        "mesh": "FakeOffice_6_Windows3",
        "assignMaterials": {
          "hideSourcePrefab": true,
          "assignments": []
        }
      },
      "dutyCycle": "DuskTillDawn()"
    },
    {
      "parent": "/Far__x5_z6/Far__x5_z6_LFS/Far_IndustryBuildings/FakeOffice_4",
      "hash": "175B14795519F31D0:175B14795519F31D0",
      "id": "WINDOWS_1:LIT",
      "properties": {
        "file": "meshes_decoration_lights.assetbundle",
        "mesh": "FakeOffice_4_Windows1",
        "assignMaterials": {
          "hideSourcePrefab": true,
          "assignments": []
        }
      },
      "dutyCycle": "DuskTillDawn()"
    },
    {
      "parent": "/Far__x5_z6/Far__x5_z6_LFS/Far_IndustryBuildings/Warehouse_OldMedium",
      "hash": "178A30795519CB460:178A30795519CB460",
      "id": "WINDOWS_1:LIT",
      "properties": {
        "file": "meshes_decoration_lights.assetbundle",
        "mesh": "Warehouse_OldMedium_Windows1",
        "assignMaterials": {
          "hideSourcePrefab": true,
          "assignments": []
        }
      },
      "dutyCycle": "DuskTillDawn()"
    },
    {
      "parent": "/Far__x5_z6/Far__x5_z6_LFS/Far_IndustryBuildings/Warehouse_OldMedium",
      "hash": "178A30795519CB460:178A30795519CB460",
      "id": "WINDOWS_3:LIT",
      "properties": {
        "file": "meshes_decoration_lights.assetbundle",
        "mesh": "Warehouse_OldMedium_Windows3",
        "assignMaterials": {
          "hideSourcePrefab": true,
          "assignments": []
        }
      },
      "dutyCycle": "DuskTillDawn()"
    },
    {
      "parent": "/Far__x5_z6/Far__x5_z6_LFS/Far_IndustryBuildings/Factory_Food",
      "hash": "17DB4B79551A051E0:17DB4B79551A051E0",
      "id": "WINDOWS_2:LIT",
      "properties": {
        "file": "meshes_decoration_lights.assetbundle",
        "mesh": "Factory_Food_Windows2",
        "assignMaterials": {
          "hideSourcePrefab": true,
          "assignments": []
        }
      },
      "dutyCycle": "DuskTillDawn()"
    },
    {
      "parent": "/Far__x5_z6/Far__x5_z6_LFS/Far_IndustryBuildings/Factory_Food",
      "hash": "17DB4B79551A051E0:17DB4B79551A051E0",
      "id": "WINDOWS_4:LIT",
      "properties": {
        "file": "meshes_decoration_lights.assetbundle",
        "mesh": "Factory_Food_Windows4",
        "assignMaterials": {
          "hideSourcePrefab": true,
          "assignments": []
        }
      },
      "dutyCycle": "DuskTillDawn()"
    },
    {
      "parent": "/Far__x5_z6/Far__x5_z6_LFS/Far_IndustryBuildings/Factory_Food",
      "hash": "17DB4B79551A051E0:17DB4B79551A051E0",
      "id": "WINDOWS_5:LIT",
      "properties": {
        "file": "meshes_decoration_lights.assetbundle",
        "mesh": "Factory_Food_Windows5",
        "assignMaterials": {
          "hideSourcePrefab": true,
          "assignments": []
        }
      },
      "dutyCycle": "DuskTillDawn()"
    },
    {
      "parent": "/Far__x5_z6/Far__x5_z6_LFS/Far_IndustryBuildings/Warehouse_OldMedium (2)",
      "hash": "17534379551A59010:17534379551A59010",
      "id": "WINDOWS_1:LIT",
      "properties": {
        "file": "meshes_decoration_lights.assetbundle",
        "mesh": "Warehouse_OldMedium_Windows1",
        "assignMaterials": {
          "hideSourcePrefab": true,
          "assignments": []
        }
      },
      "dutyCycle": "DuskTillDawn()"
    },
    {
      "parent": "/Far__x5_z6/Far__x5_z6_LFS/Far_IndustryBuildings/Warehouse_OldMedium (2)",
      "hash": "17534379551A59010:17534379551A59010",
      "id": "WINDOWS_3:LIT",
      "properties": {
        "file": "meshes_decoration_lights.assetbundle",
        "mesh": "Warehouse_OldMedium_Windows3",
        "assignMaterials": {
          "hideSourcePrefab": true,
          "assignments": []
        }
      },
      "dutyCycle": "DuskTillDawn()"
    },
    {
      "parent": "/Far__x5_z6/Far__x5_z6_LFS/Far_IndustryBuildings/Warehouse_OldMedium (1)",
      "hash": "17444979551A4B480:17444979551A4B480",
      "id": "WINDOWS_4:LIT",
      "properties": {
        "file": "meshes_decoration_lights.assetbundle",
        "mesh": "Warehouse_OldMedium_Windows4",
        "assignMaterials": {
          "hideSourcePrefab": true,
          "assignments": []
        }
      },
      "dutyCycle": "DuskTillDawn()"
    },
    {
      "parent": "/Far__x5_z6/Far__x5_z6_LFS/Far_IndustryBuildings/Warehouse_OldMedium (1)",
      "hash": "17444979551A4B480:17444979551A4B480",
      "id": "WINDOWS_5:LIT",
      "properties": {
        "file": "meshes_decoration_lights.assetbundle",
        "mesh": "Warehouse_OldMedium_Windows5",
        "assignMaterials": {
          "hideSourcePrefab": true,
          "assignments": []
        }
      },
      "dutyCycle": "DuskTillDawn()"
    },
    {
      "parent": "/Far__x5_z6/Far__x5_z6_LFS/Far_IndustryBuildings/Warehouse_OldMedium (1)",
      "hash": "17444979551A4B480:17444979551A4B480",
      "id": "WINDOWS_2:LIT",
      "properties": {
        "file": "meshes_decoration_lights.assetbundle",
        "mesh": "Warehouse_OldMedium_Windows2",
        "assignMaterials": {
          "hideSourcePrefab": true,
          "assignments": []
        }
      },
      "dutyCycle": "DuskTillDawn()"
    }
  ]
}