{
  "version": 97,
  "enabled": true,
  "lights": [
    {
      "parent": "/Near__x5_z6/Near__x5_z6_LFS/%GROUP%_Mesh03253F7B5402134A",
      "position": "(0,7.1,-1.55)",
      "rotation": "(-0.7071068,0,0,0.7071068)",
      "hash": "17253F7B541A134A0:172711825E1A13370",
      "properties": {
        "type": "Point",
        "intensity": 1.0,
        "range": 20.0,
        "colour": "#FFB24D",
        "corona": {
          "sprite": "corona_orange01.png",
          "scale": 0.75,
          "range": 100.0
        },
        "dutyCycle": "DuskTillDawn()"
      }
    },
    {
      "parent": "/Near__x5_z6/Near__x5_z6_LFS/%GROUP%_Mesh0340517B54023032",
      "position": "(0,7.1,-1.55)",
      "rotation": "(-0.7071068,0,0,0.7071068)",
      "hash": "1740517B541A30320:174159825E1A2F270",
      "properties": {
        "type": "Point",
        "intensity": 1.0,
        "range": 20.0,
        "colour": "#FFB24D",
        "corona": {
          "sprite": "corona_orange01.png",
          "scale": 0.75,
          "range": 100.0
        },
        "dutyCycle": "DuskTillDawn()"
      }
    },
    {
      "parent": "/Far__x5_z6/Far__x5_z6_LFS/Far_Props/BarrelWater/Collider/%GROUP%_Mesh00035A0001000711",
      "position": "(0,7.1,1.55)",
      "hash": "17663D7B571A534A0:17674D82611A544E0",
      "properties": {
        "type": "Point",
        "intensity": 1.0,
        "range": 20.0,
        "colour": "#DDEEFF",
        "corona": {
          "sprite": "corona_flare02.png",
          "scale": 1.0,
          "range": 100.0
        },
        "dutyCycle": "DuskTillDawn()"
      }
    },
    {
      "parent": "/Far__x5_z6/Far__x5_z6_LFS/Far_Props/BarrelWater/Collider/%GROUP%_Mesh00035A0001000711",
      "position": "(0,7.1,-1.55)",
      "hash": "17663D7B571A534A0:17652E82611A52460",
      "properties": {
        "type": "Point",
        "intensity": 1.0,
        "range": 20.0,
        "colour": "#DDEEFF",
        "corona": {
          "sprite": "corona_flare02.png",
          "scale": 1.0,
          "range": 100.0
        },
        "dutyCycle": "DuskTillDawn()"
      }
    },
    {
      "parent": "/Near__x5_z6/Near__x5_z6_LFS/%GROUP%_Mesh0372447B54025E17",
      "position": "(0,7.1,1.55)",
      "rotation": "(-0.7071068,0,0,0.7071068)",
      "hash": "1772447B541A5E170:177133825E1A5D150",
      "properties": {
        "type": "Point",
        "intensity": 1.0,
        "range": 20.0,
        "colour": "#DDEEFF",
        "corona": {
          "sprite": "corona_flare02.png",
          "scale": 1.0,
          "range": 100.0
        },
        "dutyCycle": "DuskTillDawn()"
      }
    },
    {
      "parent": "/Near__x5_z6/Near__x5_z6_LFS/%GROUP%_Mesh0372447B54025E17",
      "position": "(0,7.1,-1.55)",
      "rotation": "(-0.7071068,0,0,0.7071068)",
      "hash": "1772447B541A5E170:177355825E1A5F190",
      "properties": {
        "type": "Point",
        "intensity": 1.0,
        "range": 20.0,
        "colour": "#DDEEFF",
        "corona": {
          "sprite": "corona_flare02.png",
          "scale": 1.0,
          "range": 100.0
        },
        "dutyCycle": "DuskTillDawn()"
      }
    },
    {
      "parent": "/Near__x5_z6/Near__x5_z6_LFS/%GROUP%_Mesh0387067B54026F16",
      "position": "(0,7.1,-1.55)",
      "rotation": "(-0.7071068,0,0,0.7071068)",
      "hash": "1787067B541A6F160:17880A825E1A6E070",
      "properties": {
        "type": "Point",
        "intensity": 1.0,
        "range": 20.0,
        "colour": "#FFB24D",
        "corona": {
          "sprite": "corona_orange01.png",
          "scale": 0.75,
          "range": 100.0
        },
        "dutyCycle": "DuskTillDawn()"
      }
    },
    {
      "parent": "/Near__x5_z6/Near__x5_z6_LFS/%GROUP%_Mesh03A0317B54028554",
      "position": "(0,7.1,-1.55)",
      "rotation": "(-0.7071068,0,0,0.7071068)",
      "hash": "17A0317B541A85540:17A138825E1A84480",
      "properties": {
        "type": "Point",
        "intensity": 1.0,
        "range": 20.0,
        "colour": "#FFB24D",
        "corona": {
          "sprite": "corona_orange01.png",
          "scale": 0.75,
          "range": 100.0
        },
        "dutyCycle": "DuskTillDawn()"
      }
    },
    {
      "parent": "/Near__x5_z6/Near__x5_z6_LFS/%GROUP%_Mesh03B74F7B54029A4B",
      "position": "(0,7.1,-1.55)",
      "rotation": "(-0.7071068,0,0,0.7071068)",
      "hash": "17B74F7B541A9A4B0:17B857825E1A99400",
      "properties": {
        "type": "Point",
        "intensity": 1.0,
        "range": 20.0,
        "colour": "#FFB24D",
        "corona": {
          "sprite": "corona_orange01.png",
          "scale": 0.75,
          "range": 100.0
        },
        "dutyCycle": "DuskTillDawn()"
      }
    },
    {
      "parent": "/Far__x5_z6/Far__x5_z6_LFS/Far_Roads/Road_60x8/Collider/%GROUP%_Mesh003112000B004524",
      "position": "(0,7.1,-1.55)",
      "rotation": "(-0.7071068,0,0,0.7071068)",
      "hash": "1816417B541A4E050:181533825E1A4C630",
      "properties": {
        "type": "Point",
        "intensity": 1.0,
        "range": 20.0,
        "colour": "#FFB24D",
        "corona": {
          "sprite": "corona_orange01.png",
          "scale": 0.75,
          "range": 100.0
        },
        "dutyCycle": "DuskTillDawn()"
      }
    },
    {
      "parent": "/Far__x5_z6/Far__x5_z6_LFS/Far_Roads/Road_60x8/Collider/%GROUP%_Mesh000A3E000B00451E",
      "position": "(0,7.1,-1.55)",
      "rotation": "(-0.7071068,0,0,0.7071068)",
      "hash": "1830197B541A31140:182F06825E1A30150",
      "properties": {
        "type": "Point",
        "intensity": 1.0,
        "range": 20.0,
        "colour": "#FFB24D",
        "corona": {
          "sprite": "corona_orange01.png",
          "scale": 0.75,
          "range": 100.0
        },
        "dutyCycle": "DuskTillDawn()"
      }
    },
    {
      "parent": "/Far__x5_z6/Far__x5_z6_LFS/Far_Roads/Road_60x8/Collider/%GROUP%_Mesh000422000B002350",
      "position": "(0,7.1,-1.55)",
      "rotation": "(-0.7071068,0,0,0.7071068)",
      "hash": "1821117B541A0F4B0:18200B825E1A10590",
      "properties": {
        "type": "Point",
        "intensity": 1.0,
        "range": 20.0,
        "colour": "#FFB24D",
        "corona": {
          "sprite": "corona_orange01.png",
          "scale": 0.75,
          "range": 100.0
        },
        "dutyCycle": "DuskTillDawn()"
      }
    },
    {
      "parent": "/Near__x6_z5/Near__x6_z5_LFS/%GROUP%_Mesh0005007B5405F655",
      "position": "(0,7.1,-1.55)",
      "rotation": "(-0.7071068,0,0,0.7071068)",
      "hash": "1805007B5419F6550:18035E825E19F7620",
      "properties": {
        "type": "Point",
        "intensity": 1.0,
        "range": 20.0,
        "colour": "#FFB24D",
        "corona": {
          "sprite": "corona_orange01.png",
          "scale": 0.75,
          "range": 100.0
        },
        "dutyCycle": "DuskTillDawn()"
      }
    },
    {
      "parent": "/Near__x5_z6/Near__x5_z6_LFS/%GROUP%_Mesh03E7627B5401DC61",
      "position": "(0,7.1,-1.55)",
      "rotation": "(-0.7071068,0,0,0.7071068)",
      "hash": "17E7627B5419DC610:17E65A825E19DE090",
      "properties": {
        "type": "Point",
        "intensity": 1.0,
        "range": 20.0,
        "colour": "#FFB24D",
        "corona": {
          "sprite": "corona_orange01.png",
          "scale": 0.75,
          "range": 100.0
        },
        "dutyCycle": "DuskTillDawn()"
      }
    },
    {
      "parent": "/Near__x5_z6/Near__x5_z6_LFS/%GROUP%_Mesh03CB137B5401C316",
      "position": "(0,7.1,-1.55)",
      "rotation": "(-0.7071068,0,0,0.7071068)",
      "hash": "17CB137B5419C3160:17CA09825E19C4200",
      "properties": {
        "type": "Point",
        "intensity": 1.0,
        "range": 20.0,
        "colour": "#FFB24D",
        "corona": {
          "sprite": "corona_orange01.png",
          "scale": 0.75,
          "range": 100.0
        },
        "dutyCycle": "DuskTillDawn()"
      }
    },
    {
      "parent": "/Near__x5_z6/Near__x5_z6_LFS/%GROUP%_Mesh03AC2D7B5401A83E",
      "position": "(0,7.1,-1.55)",
      "rotation": "(-0.7071068,0,0,0.7071068)",
      "hash": "17AC2D7B5419A83E0:17AB34825E19A9550",
      "properties": {
        "type": "Point",
        "intensity": 1.0,
        "range": 20.0,
        "colour": "#FFB24D",
        "corona": {
          "sprite": "corona_orange01.png",
          "scale": 0.75,
          "range": 100.0
        },
        "dutyCycle": "DuskTillDawn()"
      }
    },
    {
      "parent": "/Near__x5_z6/Near__x5_z6_LFS/%GROUP%_Mesh03861D7B5401A457",
      "position": "(0,7.1,-1.55)",
      "rotation": "(-0.7071068,0,0,0.7071068)",
      "hash": "17861D7B5419A4570:178663825E19A6190",
      "properties": {
        "type": "Point",
        "intensity": 1.0,
        "range": 20.0,
        "colour": "#FFB24D",
        "corona": {
          "sprite": "corona_orange01.png",
          "scale": 0.75,
          "range": 100.0
        },
        "dutyCycle": "DuskTillDawn()"
      }
    },
    {
      "parent": "/Near__x5_z6/Near__x5_z6_LFS/%GROUP%_Mesh036A2B7B5401BF0D",
      "position": "(0,7.1,-1.55)",
      "rotation": "(-0.7071068,0,0,0.7071068)",
      "hash": "176A2B7B5419BF0D0:176B3A825E19C0100",
      "properties": {
        "type": "Point",
        "intensity": 1.0,
        "range": 20.0,
        "colour": "#FFB24D",
        "corona": {
          "sprite": "corona_orange01.png",
          "scale": 0.75,
          "range": 100.0
        },
        "dutyCycle": "DuskTillDawn()"
      }
    },
    {
      "parent": "/Near__x5_z6/Near__x5_z6_LFS/%GROUP%_Mesh03A5347B5401CC0B",
      "position": "(0,7.1,-1.55)",
      "rotation": "(-0.7071068,0,0,0.7071068)",
      "hash": "17A5347B5419CC0B0:17A637825E19CA600",
      "properties": {
        "type": "Point",
        "intensity": 1.0,
        "range": 20.0,
        "colour": "#FFB24D",
        "corona": {
          "sprite": "corona_orange01.png",
          "scale": 0.75,
          "range": 100.0
        },
        "dutyCycle": "DuskTillDawn()"
      }
    },
    {
      "parent": "/Near__x5_z6/Near__x5_z6_LFS/%GROUP%_Mesh03B6197B5401DA59",
      "position": "(0,7.1,-1.55)",
      "rotation": "(-0.7071068,0,0,0.7071068)",
      "hash": "17B6197B5419DA590:17B721825E19D94E0",
      "properties": {
        "type": "Point",
        "intensity": 1.0,
        "range": 20.0,
        "colour": "#FFB24D",
        "corona": {
          "sprite": "corona_orange01.png",
          "scale": 0.75,
          "range": 100.0
        },
        "dutyCycle": "DuskTillDawn()"
      }
    },
    {
      "parent": "/Near__x5_z6/Near__x5_z6_LFS/%GROUP%_Mesh03B5257B5401F012",
      "position": "(0,7.1,-1.55)",
      "rotation": "(-0.7071068,0,0,0.7071068)",
      "hash": "17B5257B5419F0120:17B41B825E19EF080",
      "properties": {
        "type": "Point",
        "intensity": 1.0,
        "range": 20.0,
        "colour": "#FFB24D",
        "corona": {
          "sprite": "corona_orange01.png",
          "scale": 0.75,
          "range": 100.0
        },
        "dutyCycle": "DuskTillDawn()"
      }
    },
    {
      "parent": "/Far__x5_z6/Far__x5_z6_LFS/Far_Roads/Flat_20x20/Collider/%GROUP%_Mesh0000090005000A28",
      "position": "(0,7.1,-1.55)",
      "rotation": "(-0.7071068,0,0,0.7071068)",
      "hash": "17DB447B5A1A22380:17DA4283001A23490",
      "properties": {
        "type": "Point",
        "intensity": 1.0,
        "range": 20.0,
        "colour": "#FFB24D",
        "corona": {
          "sprite": "corona_orange01.png",
          "scale": 0.75,
          "range": 100.0
        },
        "dutyCycle": "DuskTillDawn()"
      }
    },
    {
      "parent": "/Far__x5_z6/Far__x5_z6_LFS/Far_IndustryBuildings/Warehouse_LargeSlant/collider/%GROUP%_Mesh001313074B000B56",
      "position": "(0,1.5,0.7)",
      "hash": "17F12B813D1A25500:17F01F821F1A24500",
      "properties": {
        "type": "Point",
        "intensity": 1.0,
        "range": 20.0,
        "colour": "#FFB24D",
        "corona": {
          "sprite": "corona_orange01.png",
          "scale": 0.75,
          "range": 100.0
        },
        "dutyCycle": "DuskTillDawn()"
      }
    },
    {
      "parent": "/Far__x5_z6/Far__x5_z6_LFS/Far_IndustryBuildings/Warehouse_LargeSlant/collider/%GROUP%_Mesh0013130736000E1D",
      "position": "(0,1.5,0.7)",
      "hash": "18025281281A121A0:180146820A1A111A0",
      "properties": {
        "type": "Point",
        "intensity": 1.0,
        "range": 20.0,
        "colour": "#FFB24D",
        "corona": {
          "sprite": "corona_orange01.png",
          "scale": 0.75,
          "range": 100.0
        },
        "dutyCycle": "DuskTillDawn()"
      }
    }
  ],
  "meshes": [
    {
      "parent": "/Near__x5_z6/Near__x5_z6_LFS",
      "position": "(805.6343,123.847893,531.748047)",
      "rotation": "(0,-0.6626202,0,0.748955667)",
      "hash": "14000000001800000:17253F7B541A134A0",
      "properties": {
        "file": "meshes_lampposts.assetbundle",
        "mesh": "LampPostSmall_Floor"
      }
    },
    {
      "parent": "/Near__x5_z6/Near__x5_z6_LFS",
      "position": "(832.814941,123.847893,560.5083)",
      "rotation": "(0,-0.374606729,0,0.9271838)",
      "hash": "14000000001800000:1740517B541A30320",
      "properties": {
        "file": "meshes_lampposts.assetbundle",
        "mesh": "LampPostSmall_Floor"
      }
    },
    {
      "parent": "/Far__x5_z6/Far__x5_z6_LFS/Far_Props/BarrelWater/Collider",
      "position": "(3.90457916,0.0109128952,7.177658)",
      "rotation": "(0,0.406736672,0,0.9135454)",
      "hash": "175E427B551A51590:17663D7B571A534A0",
      "properties": {
        "file": "meshes_lampposts.assetbundle",
        "mesh": "LampPostDouble_Floor"
      }
    },
    {
      "parent": "/Near__x5_z6/Near__x5_z6_LFS",
      "position": "(882.6821,123.847893,606.2363)",
      "rotation": "(0,0.9099613,0,-0.414693266)",
      "hash": "14000000001800000:1772447B541A5E170",
      "properties": {
        "file": "meshes_lampposts.assetbundle",
        "mesh": "LampPostDouble_Floor"
      }
    },
    {
      "parent": "/Near__x5_z6/Near__x5_z6_LFS",
      "position": "(903.069336,123.847893,623.2251)",
      "rotation": "(0,-0.35836792,0,0.933580458)",
      "hash": "14000000001800000:1787067B541A6F160",
      "properties": {
        "file": "meshes_lampposts.assetbundle",
        "mesh": "LampPostSmall_Floor"
      }
    },
    {
      "parent": "/Near__x5_z6/Near__x5_z6_LFS",
      "position": "(928.4912,123.847893,645.8418)",
      "rotation": "(0,-0.374606729,0,0.9271838)",
      "hash": "14000000001800000:17A0317B541A85540",
      "properties": {
        "file": "meshes_lampposts.assetbundle",
        "mesh": "LampPostSmall_Floor"
      }
    },
    {
      "parent": "/Near__x5_z6/Near__x5_z6_LFS",
      "position": "(951.7988,123.847893,666.7573)",
      "rotation": "(0,-0.374606729,0,0.9271838)",
      "hash": "14000000001800000:17B74F7B541A9A4B0",
      "properties": {
        "file": "meshes_lampposts.assetbundle",
        "mesh": "LampPostSmall_Floor"
      }
    },
    {
      "parent": "/Far__x5_z6/Far__x5_z6_LFS/Far_Roads/Road_60x8/Collider",
      "position": "(-49.1850281,-0.111335754,69.36087)",
      "rotation": "(0,0.398749053,0,0.917060137)",
      "hash": "1803357B5F19FB130:1816417B541A4E050",
      "properties": {
        "file": "meshes_lampposts.assetbundle",
        "mesh": "LampPostSmall_Floor"
      }
    },
    {
      "parent": "/Far__x5_z6/Far__x5_z6_LFS/Far_Roads/Road_60x8/Collider",
      "position": "(-10.6202393,-0.111335754,69.3090057)",
      "rotation": "(0,0.4226183,0,0.9063078)",
      "hash": "1803357B5F19FB130:1830197B541A31140",
      "properties": {
        "file": "meshes_lampposts.assetbundle",
        "mesh": "LampPostSmall_Floor"
      }
    },
    {
      "parent": "/Far__x5_z6/Far__x5_z6_LFS/Far_Roads/Road_60x8/Collider",
      "position": "(4.34384155,-0.111335754,35.8036041)",
      "rotation": "(0,0.9304176,0,0.3665012)",
      "hash": "1803357B5F19FB130:1821117B541A0F4B0",
      "properties": {
        "file": "meshes_lampposts.assetbundle",
        "mesh": "LampPostSmall_Floor"
      }
    },
    {
      "parent": "/Near__x6_z5/Near__x6_z5_LFS",
      "position": "(5.00439453,123.847893,1526.85449)",
      "rotation": "(0,0.9304176,0,0.3665012)",
      "hash": "18000000001400000:1805007B5419F6550",
      "properties": {
        "file": "meshes_lampposts.assetbundle",
        "mesh": "LampPostSmall_Floor"
      }
    },
    {
      "parent": "/Near__x5_z6/Near__x5_z6_LFS",
      "position": "(999.98584,123.847893,476.97998)",
      "rotation": "(0,0.927183867,0,0.3746066)",
      "hash": "14000000001800000:17E7627B5419DC610",
      "properties": {
        "file": "meshes_lampposts.assetbundle",
        "mesh": "LampPostSmall_Floor"
      }
    },
    {
      "parent": "/Near__x5_z6/Near__x5_z6_LFS",
      "position": "(971.1914,123.847893,451.226074)",
      "rotation": "(0,0.923879564,0,0.382683456)",
      "hash": "14000000001800000:17CB137B5419C3160",
      "properties": {
        "file": "meshes_lampposts.assetbundle",
        "mesh": "LampPostSmall_Floor"
      }
    },
    {
      "parent": "/Near__x5_z6/Near__x5_z6_LFS",
      "position": "(940.4551,123.847893,424.6206)",
      "rotation": "(0,0.948323667,0,0.317304671)",
      "hash": "14000000001800000:17AC2D7B5419A83E0",
      "properties": {
        "file": "meshes_lampposts.assetbundle",
        "mesh": "LampPostSmall_Floor"
      }
    },
    {
      "parent": "/Near__x5_z6/Near__x5_z6_LFS",
      "position": "(902.2925,123.847893,420.8755)",
      "rotation": "(0,0.9723699,0,-0.2334454)",
      "hash": "14000000001800000:17861D7B5419A4570",
      "properties": {
        "file": "meshes_lampposts.assetbundle",
        "mesh": "LampPostSmall_Floor"
      }
    },
    {
      "parent": "/Near__x5_z6/Near__x5_z6_LFS",
      "position": "(874.431641,123.847893,447.131348)",
      "rotation": "(0,0.9135455,0,-0.406736583)",
      "hash": "14000000001800000:176A2B7B5419BF0D0",
      "properties": {
        "file": "meshes_lampposts.assetbundle",
        "mesh": "LampPostSmall_Floor"
      }
    },
    {
      "parent": "/Near__x5_z6/Near__x5_z6_LFS",
      "position": "(933.52,123.847893,460.115234)",
      "rotation": "(0,-0.35836792,0,0.933580458)",
      "hash": "14000000001800000:17A5347B5419CC0B0",
      "properties": {
        "file": "meshes_lampposts.assetbundle",
        "mesh": "LampPostSmall_Floor"
      }
    },
    {
      "parent": "/Near__x5_z6/Near__x5_z6_LFS",
      "position": "(950.259766,123.847893,474.8999)",
      "rotation": "(0,-0.374606729,0,0.9271838)",
      "hash": "14000000001800000:17B6197B5419DA590",
      "properties": {
        "file": "meshes_lampposts.assetbundle",
        "mesh": "LampPostSmall_Floor"
      }
    },
    {
      "parent": "/Near__x5_z6/Near__x5_z6_LFS",
      "position": "(949.373047,123.847893,496.182129)",
      "rotation": "(0,0.382683456,0,0.9238795)",
      "hash": "14000000001800000:17B5257B5419F0120",
      "properties": {
        "file": "meshes_lampposts.assetbundle",
        "mesh": "LampPostSmall_Floor"
      }
    },
    {
      "parent": "/Far__x5_z6/Far__x5_z6_LFS/Far_Roads/Flat_20x20/Collider",
      "position": "(0.09403229,-0.05000305,10.4019318)",
      "rotation": "(0,0.9366722,0,0.350207359)",
      "hash": "17D3547B5F1A1B480:17DB447B5A1A22380",
      "properties": {
        "file": "meshes_lampposts.assetbundle",
        "mesh": "LampPostSmall_Floor"
      }
    },
    {
      "parent": "/Far__x5_z6/Far__x5_z6_LFS/Far_IndustryBuildings/Warehouse_LargeSlant/collider",
      "position": "(-19.1999664,7.754486,11.8620787)",
      "rotation": "(-0.6451381,0.2894769,0.2894769,0.6451381)",
      "hash": "18074279551A29460:17F12B813D1A25500",
      "properties": {
        "file": "meshes_lampposts.assetbundle",
        "mesh": "LampPostSmall_Wall"
      }
    },
    {
      "parent": "/Far__x5_z6/Far__x5_z6_LFS/Far_IndustryBuildings/Warehouse_LargeSlant/collider",
      "position": "(-19.199955,7.54431152,-14.2995281)",
      "rotation": "(-0.6451381,0.2894769,0.2894769,0.6451381)",
      "hash": "18074279551A29460:18025281281A121A0",
      "properties": {
        "file": "meshes_lampposts.assetbundle",
        "mesh": "LampPostSmall_Wall"
      }
    }
  ],
  "decorations": []
}