{
  "version": 92,
  "enabled": true,
  "lights": [
    {
      "parent": "/Near__x5_z10/Near__x5_z10_LFS/Near_collider#1",
      "position": "(-1271.18726,422.412079,477.902466)",
      "rotation": "(0,0.9999863,0,0.00524262665)",
      "hash": "17DC168B4C28D9190:1BEF622065B2560450",
      "properties": {
        "type": "Point",
        "intensity": 0.3,
        "range": 50.0,
        "colour": "#DDEEFF",
        "corona": null,
        "dutyCycle": null,
        "neverCull": true
      }
    },
    {
      "parent": "/Near__x5_z10/Near__x5_z10_LFS/Near_collider#1",
      "position": "(-1231.85718,420.358032,457.3732)",
      "rotation": "(0.7071068,0,0,0.7071068)",
      "hash": "17DC168B4C28D9190:1BD113206412580460",
      "properties": {
        "type": "Point",
        "intensity": 0.3,
        "range": 50.0,
        "colour": "#DDEEFF",
        "corona": null,
        "dutyCycle": null,
        "neverCull": true
      }
    },
    {
      "parent": "/Near__x5_z10/Near__x5_z10_LFS/Near_collider#1",
      "position": "(-1252.94128,419.741333,424.223145)",
      "hash": "17DC168B4C28D9190:1BEF412085D2599290",
      "properties": {
        "type": "Point",
        "intensity": 0.3,
        "range": 50.0,
        "colour": "#DDEEFF",
        "corona": null,
        "dutyCycle": null,
        "neverCull": true
      }
    }
  ],
  "meshes": [],
  "decorations": []
}