{
  "version": 92,
  "enabled": true,
  "lights": [
    {
      "parent": "/Far__x1_z2/Far__x1_z2_LFS/Far_IndustryBuildings/Warehouse_OldMedium/collider",
      "position": "(0.009640695,7.1756897,-13.60306)",
      "rotation": "(0.161434382,0.7504229,-0.6093244,0.19881703)",
      "hash": "0568139114081E210:056E5B98260812320",
      "properties": {
        "type": "Point",
        "intensity": 1.0,
        "range": 20.0,
        "colour": "#FFB24D",
        "corona": {
          "sprite": "corona_orange01.png",
          "scale": 0.75,
          "range": 100.0
        },
        "dutyCycle": "DuskTillDawn()"
      }
    },
    {
      "parent": "/Far__x1_z2/Far__x1_z2_LFS/Far_IndustryBuildings/Warehouse_OldMedium/collider",
      "position": "(0.03322697,7.16540527,13.5540333)",
      "rotation": "(0.609380841,-0.198807523,0.161451742,0.750375867)",
      "hash": "0568139114081E210:0561359824082A0E0",
      "properties": {
        "type": "Point",
        "intensity": 1.0,
        "range": 20.0,
        "colour": "#FFB24D",
        "corona": {
          "sprite": "corona_orange01.png",
          "scale": 0.75,
          "range": 100.0
        },
        "dutyCycle": "DuskTillDawn()"
      }
    },
    {
      "parent": "/Far__x1_z2/Far__x1_z2_LFS/Far_IndustryBuildings/Warehouse_MediumSlant/collider/%GROUP%_Mesh001314044B000163",
      "position": "(0,0.285,-0.04)",
      "rotation": "(0,0.9669295,0,0.255044073)",
      "hash": "05495F9560084F3F0:054A09955C084F260",
      "properties": {
        "type": "Point",
        "intensity": 0.5,
        "range": 10.0,
        "colour": "#FFFFFF",
        "corona": {
          "sprite": "corona_flare02.png",
          "scale": 0.87,
          "range": 100.0
        },
        "dutyCycle": "DuskTillDawn()"
      }
    },
    {
      "parent": "/Far__x1_z2/Far__x1_z2_LFS/Far_IndustryBuildings/Warehouse_MediumSlant/collider/%GROUP%_Mesh000A04064A000814",
      "position": "(0,1.5,0.7)",
      "hash": "05360C975E0866010:053452984008651B0",
      "properties": {
        "type": "Point",
        "intensity": 1.0,
        "range": 20.0,
        "colour": "#FFB24D",
        "corona": {
          "sprite": "corona_orange01.png",
          "scale": 0.75,
          "range": 100.0
        },
        "dutyCycle": "DuskTillDawn()"
      }
    },
    {
      "parent": "/Far__x1_z2/Far__x1_z2_LFS/Far_IndustryBuildings/Warehouse_MediumSlant/collider",
      "position": "(18.6053772,7.179123,3.01091)",
      "rotation": "(0.6066259,-0.198607549,0.160007909,0.7529658)",
      "hash": "054215911408611F0:05362A98260870010",
      "properties": {
        "type": "Point",
        "intensity": 1.0,
        "range": 20.0,
        "colour": "#FFB24D",
        "corona": {
          "sprite": "corona_orange01.png",
          "scale": 0.75,
          "range": 100.0
        },
        "dutyCycle": "DuskTillDawn()"
      }
    },
    {
      "parent": "/Far__x1_z2/Far__x1_z2_LFS/Far_IndustryBuildings/Warehouse_MediumSlant/collider",
      "position": "(18.5484619,7.16670227,-3.00613117)",
      "rotation": "(0.6066259,-0.198607534,0.1600079,0.752965868)",
      "hash": "054215911408611F0:053B44982508725D0",
      "properties": {
        "type": "Point",
        "intensity": 1.0,
        "range": 20.0,
        "colour": "#FFB24D",
        "corona": {
          "sprite": "corona_orange01.png",
          "scale": 0.75,
          "range": 100.0
        },
        "dutyCycle": "DuskTillDawn()"
      }
    },
    {
      "parent": "/Far__x1_z2/Far__x1_z2_LFS/Far_IndustryBuildings/Storage_SlantMedium/collider/%GROUP%_Mesh0001620926001417",
      "position": "(0,1.245,-0.188)",
      "rotation": "(0,0.966929436,0,0.255044073)",
      "hash": "052D0B9A3A087E2E0:052D499A27087D250",
      "properties": {
        "type": "Point",
        "intensity": 1.0,
        "range": 20.0,
        "colour": "#FFB24D",
        "corona": {
          "sprite": "corona_orange01.png",
          "scale": 0.75,
          "range": 100.0
        },
        "dutyCycle": "DuskTillDawn()"
      }
    },
    {
      "parent": "/Far__x1_z2/Far__x1_z2_LFS/Far_IndustryBuildings/Storage_SlantMedium/collider/%GROUP%_Mesh0001620926001417",
      "position": "(-0.705,0.867,-0.153)",
      "rotation": "(0,0.966929436,0,0.255044073)",
      "hash": "052D0B9A3A087E2E0:052C5D9A2B087D230",
      "properties": {
        "type": "Point",
        "intensity": 1.0,
        "range": 20.0,
        "colour": "#FFB24D",
        "corona": {
          "sprite": "corona_orange01.png",
          "scale": 0.75,
          "range": 100.0
        },
        "dutyCycle": "DuskTillDawn()"
      }
    },
    {
      "parent": "/Far__x1_z2/Far__x1_z2_LFS/Far_IndustryBuildings/Storage_SlantMedium/collider/%GROUP%_Mesh0001620926001417",
      "position": "(0.705,0.867,-0.153)",
      "rotation": "(0,0.966929436,0,0.255044073)",
      "hash": "052D0B9A3A087E2E0:052E0F9A2B087E050",
      "properties": {
        "type": "Point",
        "intensity": 1.0,
        "range": 20.0,
        "colour": "#FFB24D",
        "corona": {
          "sprite": "corona_orange01.png",
          "scale": 0.75,
          "range": 100.0
        },
        "dutyCycle": "DuskTillDawn()"
      }
    },
    {
      "parent": "/Far__x1_z2/Far__x1_z2_LFS/Far_IndustryBuildings/Utility_ForestHouse (1)/collider/%GROUP%_Mesh0000040A01000C14",
      "position": "(0,1.245,-0.188)",
      "rotation": "(0,0.9669294,0,0.255044371)",
      "hash": "05131A9B1508B81B0:0513589B0208B7130",
      "properties": {
        "type": "Point",
        "intensity": 1.0,
        "range": 20.0,
        "colour": "#FFB24D",
        "corona": {
          "sprite": "corona_orange01.png",
          "scale": 0.75,
          "range": 100.0
        },
        "dutyCycle": "DuskTillDawn()"
      }
    },
    {
      "parent": "/Far__x1_z2/Far__x1_z2_LFS/Far_IndustryBuildings/Utility_ForestHouse (1)/collider/%GROUP%_Mesh0000040A01000C14",
      "position": "(-0.705,0.867,-0.153)",
      "rotation": "(0,0.9669294,0,0.255044371)",
      "hash": "05131A9B1508B81B0:0513089B0608B7110",
      "properties": {
        "type": "Point",
        "intensity": 1.0,
        "range": 20.0,
        "colour": "#FFB24D",
        "corona": {
          "sprite": "corona_orange01.png",
          "scale": 0.75,
          "range": 100.0
        },
        "dutyCycle": "DuskTillDawn()"
      }
    },
    {
      "parent": "/Far__x1_z2/Far__x1_z2_LFS/Far_IndustryBuildings/Utility_ForestHouse (1)/collider/%GROUP%_Mesh0000040A01000C14",
      "position": "(0.705,0.867,-0.153)",
      "rotation": "(0,0.9669294,0,0.255044371)",
      "hash": "05131A9B1508B81B0:05141E9B0608B7560",
      "properties": {
        "type": "Point",
        "intensity": 1.0,
        "range": 20.0,
        "colour": "#FFB24D",
        "corona": {
          "sprite": "corona_orange01.png",
          "scale": 0.75,
          "range": 100.0
        },
        "dutyCycle": "DuskTillDawn()"
      }
    },
    {
      "parent": "/Far__x1_z2/Far__x1_z2_LFS/Far_IndustryBuildings/Utility_ForestHouse (1)/collider",
      "position": "(5.52688837,7.161972,-7.99858427)",
      "rotation": "(0.5420917,0.391990483,-0.31580627,0.6728644)",
      "hash": "050D14911408C2560:051560982408BE3F0",
      "properties": {
        "type": "Point",
        "intensity": 1.0,
        "range": 20.0,
        "colour": "#FFB24D",
        "corona": {
          "sprite": "corona_orange01.png",
          "scale": 0.75,
          "range": 100.0
        },
        "dutyCycle": "DuskTillDawn()"
      }
    },
    {
      "parent": "/Far__x1_z2/Far__x1_z2_LFS/Far_IndustryBuildings/Utility_ForestHouse (1)/collider",
      "position": "(-1.99227,5.3714447,4.391473)",
      "rotation": "(0.5886235,-0.2023415,0.155259654,0.767121136)",
      "hash": "050D14911408C2560:05091F963908C5460",
      "properties": {
        "type": "Point",
        "intensity": 1.0,
        "range": 20.0,
        "colour": "#DDEEFF",
        "corona": {
          "sprite": "corona_flare02.png",
          "scale": 1.0,
          "range": 100.0
        },
        "dutyCycle": "DuskTillDawn()"
      }
    },
    {
      "parent": "/Far__x1_z2/Far__x1_z2_LFS/Far_IndustryBuildings/Industry_Forest/collider",
      "position": "(1.99254251,6.74523926,-27.5400276)",
      "rotation": "(0.44647032,-0.226227939,0.11776413,0.857681036)",
      "hash": "058623911408932C0:057704975E08AA2A0",
      "properties": {
        "type": "Point",
        "intensity": 2.0,
        "range": 20.0,
        "colour": "#FFB24D",
        "corona": {
          "sprite": "corona_orange01.png",
          "scale": 0.75,
          "range": 100.0
        },
        "dutyCycle": "DuskTillDawn()"
      }
    },
    {
      "parent": "/Far__x1_z2/Far__x1_z2_LFS/Far_IndustryBuildings/Industry_Forest/collider",
      "position": "(-6.38015652,6.36831665,-13.0020475)",
      "rotation": "(0.5260102,0.39935717,-0.30643788,0.6855092)",
      "hash": "058623911408932C0:058531973908A15A0",
      "properties": {
        "type": "Point",
        "intensity": 2.0,
        "range": 20.0,
        "colour": "#FFB24D",
        "corona": {
          "sprite": "corona_orange01.png",
          "scale": 0.75,
          "range": 100.0
        },
        "dutyCycle": "DuskTillDawn()"
      }
    },
    {
      "parent": "/Far__x1_z2/Far__x1_z2_LFS/Far_IndustryBuildings/Industry_Forest/collider/%GROUP%_Mesh000614054F000929",
      "position": "(0,0.285,-0.04)",
      "hash": "0590279663088E1F0:059040965F088E2D0",
      "properties": {
        "type": "Point",
        "intensity": 2.0,
        "range": 20.0,
        "colour": "#FFB24D",
        "corona": {
          "sprite": "corona_orange01.png",
          "scale": 0.75,
          "range": 100.0
        },
        "dutyCycle": "DuskTillDawn()"
      }
    },
    {
      "parent": "/Far__x1_z2/Far__x1_z2_LFS/Far_IndustryBuildings/Industry_Forest/collider",
      "position": "(-2.02992463,6.750061,13.5469379)",
      "rotation": "(0.117764138,0.857681036,-0.44647035,0.226227939)",
      "hash": "058623911408932C0:058E50975F0888420",
      "properties": {
        "type": "Point",
        "intensity": 2.0,
        "range": 20.0,
        "colour": "#FFB24D",
        "corona": {
          "sprite": "corona_orange01.png",
          "scale": 0.75,
          "range": 100.0
        },
        "dutyCycle": "DuskTillDawn()"
      }
    },
    {
      "parent": "/Far__x1_z2/Far__x1_z2_LFS/Far_IndustryBuildings/Industry_Forest/collider",
      "position": "(6.000968,6.75210571,13.5499754)",
      "rotation": "(0.11776413,0.857681036,-0.44647032,0.226227939)",
      "hash": "058623911408932C0:058751975F0884450",
      "properties": {
        "type": "Point",
        "intensity": 2.0,
        "range": 20.0,
        "colour": "#FFB24D",
        "corona": {
          "sprite": "corona_orange01.png",
          "scale": 0.75,
          "range": 100.0
        },
        "dutyCycle": "DuskTillDawn()"
      }
    },
    {
      "parent": "/Far__x1_z2/Far__x1_z2_LFS/Far_IndustryBuildings/Burner_Tiny3/collider",
      "position": "(-7.530675,7.162842,-0.00369167328)",
      "rotation": "(-0.315806448,0.672864258,-0.542091668,-0.391990632)",
      "hash": "05A5369114085A280:059E6398240856450",
      "properties": {
        "type": "Point",
        "intensity": 1.0,
        "range": 20.0,
        "colour": "#FFB24D",
        "corona": {
          "sprite": "corona_orange01.png",
          "scale": 0.75,
          "range": 100.0
        },
        "dutyCycle": "DuskTillDawn()"
      }
    },
    {
      "parent": "/Far__x1_z2/Far__x1_z2_LFS/Far_IndustryBuildings/Burner_Tiny2/collider",
      "position": "(-7.546445,7.16624451,-0.008864403)",
      "rotation": "(-0.315799147,0.672869563,-0.5420957,-0.391981751)",
      "hash": "05AB2E9114084F610:05A45A9825084C180",
      "properties": {
        "type": "Point",
        "intensity": 1.0,
        "range": 20.0,
        "colour": "#FFB24D",
        "corona": {
          "sprite": "corona_orange01.png",
          "scale": 0.75,
          "range": 100.0
        },
        "dutyCycle": "DuskTillDawn()"
      }
    },
    {
      "parent": "/Far__x1_z2/Far__x1_z2_LFS/Far_IndustryBuildings/Burner_Tiny3/collider",
      "position": "(6.39263248,5.371704,1.98101711)",
      "rotation": "(0.5260102,0.399357229,-0.30643788,0.6855092)",
      "hash": "05A5369114085A280:05AA0D9639085F1C0",
      "properties": {
        "type": "Point",
        "intensity": 1.0,
        "range": 20.0,
        "colour": "#DDEEFF",
        "corona": {
          "sprite": "corona_flare02.png",
          "scale": 1.0,
          "range": 100.0
        },
        "dutyCycle": "DuskTillDawn()"
      }
    },
    {
      "parent": "/Far__x1_z2/Far__x1_z2_LFS/Far_IndustryBuildings/Storage_SlantSmall (1)/collider/%GROUP%_Mesh0000020740000C18",
      "position": "(0,0.285,-0.04)",
      "rotation": "(0,0.966929436,0,0.255044)",
      "hash": "058E4098550829330:058E4E985108291A0",
      "properties": {
        "type": "Point",
        "intensity": 1.0,
        "range": 20.0,
        "colour": "#FFB24D",
        "corona": {
          "sprite": "corona_orange01.png",
          "scale": 0.75,
          "range": 100.0
        },
        "dutyCycle": "DuskTillDawn()"
      }
    },
    {
      "parent": "/Far__x1_z2/Far__x1_z2_LFS/Far_IndustryBuildings/Storage_SlantSmall (1)/collider/%GROUP%_Mesh000001073200034C",
      "position": "(0,0.285,-0.04)",
      "rotation": "(0,-0.255044,0,0.966929436)",
      "hash": "058A32984608305B0:058A24984208310F0",
      "properties": {
        "type": "Point",
        "intensity": 1.0,
        "range": 20.0,
        "colour": "#FFB24D",
        "corona": {
          "sprite": "corona_orange01.png",
          "scale": 0.75,
          "range": 100.0
        },
        "dutyCycle": "DuskTillDawn()"
      }
    },
    {
      "parent": "/Far__x1_z2/Far__x1_z2_LFS/Far_IndustryBuildings/Storage_SlantSmall (1)/collider/%GROUP%_Mesh000000073900034B",
      "position": "(0,0.285,-0.04)",
      "rotation": "(0,0.966929436,0,0.255044)",
      "hash": "05864D984E08372C0:05865B984A0837130",
      "properties": {
        "type": "Point",
        "intensity": 1.0,
        "range": 20.0,
        "colour": "#FFB24D",
        "corona": {
          "sprite": "corona_orange01.png",
          "scale": 0.75,
          "range": 100.0
        },
        "dutyCycle": "DuskTillDawn()"
      }
    },
    {
      "parent": "/Far__x1_z2/Far__x1_z2_LFS/Far_IndustryBuildings/Storage_SlantSmall (1)/collider/%GROUP%_Mesh0000000741000C17",
      "position": "(0,0.285,-0.04)",
      "rotation": "(0,-0.255044,0,0.966929436)",
      "hash": "05823C9855083E520:05822E9851083F070",
      "properties": {
        "type": "Point",
        "intensity": 1.0,
        "range": 20.0,
        "colour": "#FFB24D",
        "corona": {
          "sprite": "corona_orange01.png",
          "scale": 0.75,
          "range": 100.0
        },
        "dutyCycle": "DuskTillDawn()"
      }
    },
    {
      "parent": "/Far__x1_z2/Far__x1_z2_LFS/Far_IndustryBuildings/Storage_SlantSmall/collider/%GROUP%_Mesh0000000739000C17",
      "position": "(0,0.285,-0.04)",
      "rotation": "(0,0.966929436,0,0.255044)",
      "hash": "057663984E08531C0:05770E984A0853030",
      "properties": {
        "type": "Point",
        "intensity": 1.0,
        "range": 20.0,
        "colour": "#FFB24D",
        "corona": {
          "sprite": "corona_orange01.png",
          "scale": 0.75,
          "range": 100.0
        },
        "dutyCycle": "DuskTillDawn()"
      }
    },
    {
      "parent": "/Far__x1_z2/Far__x1_z2_LFS/Far_IndustryBuildings/Storage_SlantSmall/collider/%GROUP%_Mesh0000020739000B4C",
      "position": "(0,0.285,-0.04)",
      "rotation": "(0,0.966929436,0,0.255044)",
      "hash": "056B0D984D08680E0:056B1B98490867590",
      "properties": {
        "type": "Point",
        "intensity": 1.0,
        "range": 20.0,
        "colour": "#FFB24D",
        "corona": {
          "sprite": "corona_orange01.png",
          "scale": 0.75,
          "range": 100.0
        },
        "dutyCycle": "DuskTillDawn()"
      }
    },
    {
      "parent": "/Far__x1_z2/Far__x1_z2_LFS/Far_IndustryBuildings/Storage_SlantSmall/collider/%GROUP%_Mesh0000040939000000",
      "position": "(0,0.285,0)",
      "rotation": "(-0.264706433,0.7349517,-0.454341531,-0.4281943)",
      "hash": "0570639A4E085D5F0:0570639A31085D5F0",
      "properties": {
        "type": "Point",
        "intensity": 1.0,
        "range": 20.0,
        "colour": "#FFB24D",
        "corona": {
          "sprite": "corona_orange01.png",
          "scale": 0.75,
          "range": 100.0
        },
        "dutyCycle": "DuskTillDawn()"
      }
    },
    {
      "parent": "/Far__x1_z2/Far__x1_z2_LFS/Far_IndustryBuildings/Utility_ForestHouse/collider",
      "position": "(-1.98092723,5.363861,4.3631897)",
      "rotation": "(0.15525946,0.767121136,-0.5886236,0.202341229)",
      "hash": "055B1991140884140:055F0D96380881260",
      "properties": {
        "type": "Point",
        "intensity": 1.0,
        "range": 20.0,
        "colour": "#DDEEFF",
        "corona": {
          "sprite": "corona_flare02.png",
          "scale": 1.0,
          "range": 100.0
        },
        "dutyCycle": "DuskTillDawn()"
      }
    },
    {
      "parent": "/Far__x1_z2/Far__x1_z2_LFS/Far_IndustryBuildings/Utility_ForestHouse/collider",
      "position": "(5.56525564,7.1703186,-8.00766)",
      "rotation": "(-0.315806478,0.672864258,-0.542091668,-0.391990632)",
      "hash": "055B1991140884140:05522E982508882A0",
      "properties": {
        "type": "Point",
        "intensity": 1.0,
        "range": 20.0,
        "colour": "#FFB24D",
        "corona": {
          "sprite": "corona_orange01.png",
          "scale": 0.75,
          "range": 100.0
        },
        "dutyCycle": "DuskTillDawn()"
      }
    },
    {
      "parent": "/Far__x1_z2/Far__x1_z2_LFS/Far_IndustryBuildings/Industry_Forest/collider",
      "position": "(11.616993,7.18162537,6.986162)",
      "rotation": "(-0.315806478,0.672864258,-0.542091668,-0.391990632)",
      "hash": "058623911408932C0:057F45982608873F0",
      "properties": {
        "type": "Point",
        "intensity": 1.0,
        "range": 20.0,
        "colour": "#FFB24D",
        "corona": {
          "sprite": "corona_orange01.png",
          "scale": 0.75,
          "range": 100.0
        },
        "dutyCycle": "DuskTillDawn()"
      }
    },
    {
      "parent": "/Far__x1_z2/Far__x1_z2_LFS/Far_IndustryBuildings/Industry_Forest/collider",
      "position": "(10.3636065,5.36395264,-0.996108055)",
      "rotation": "(-0.306437939,0.685509145,-0.5260103,-0.399357229)",
      "hash": "058623911408932C0:057C559638088F140",
      "properties": {
        "type": "Point",
        "intensity": 1.0,
        "range": 20.0,
        "colour": "#DDEEFF",
        "corona": {
          "sprite": "corona_flare02.png",
          "scale": 1.0,
          "range": 100.0
        },
        "dutyCycle": "DuskTillDawn()"
      }
    },
    {
      "parent": "/Far__x1_z2/Far__x1_z2_LFS/Far_IndustryBuildings/Industry_Forest/collider",
      "position": "(11.5537481,7.167877,-21.0002174)",
      "rotation": "(-0.315806478,0.672864258,-0.542091668,-0.391990632)",
      "hash": "058623911408932C0:05715E982508A0010",
      "properties": {
        "type": "Point",
        "intensity": 1.0,
        "range": 20.0,
        "colour": "#FFB24D",
        "corona": {
          "sprite": "corona_orange01.png",
          "scale": 0.75,
          "range": 100.0
        },
        "dutyCycle": "DuskTillDawn()"
      }
    }
  ],
  "meshes": [
    {
      "parent": "/Far__x1_z2/Far__x1_z2_LFS/Far_IndustryBuildings/Warehouse_MediumSlant/collider",
      "position": "(-19.2000427,4.756302,1.99580383)",
      "rotation": "(-0.6837224,-0.1803434,-0.1803434,0.6837224)",
      "hash": "054215911408611F0:05495F9560084F3F0",
      "properties": {
        "file": "meshes_lampposts.assetbundle",
        "mesh": "FloodLight_Wall"
      }
    },
    {
      "parent": "/Far__x1_z2/Far__x1_z2_LFS/Far_IndustryBuildings/Warehouse_MediumSlant/collider",
      "position": "(10.0466919,6.74052429,8.200026)",
      "rotation": "(-0.610986769,0.3559427,0.3559427,0.610986769)",
      "hash": "054215911408611F0:05360C975E0866010",
      "properties": {
        "file": "meshes_lampposts.assetbundle",
        "mesh": "LampPostSmall_Wall"
      }
    },
    {
      "parent": "/Far__x1_z2/Far__x1_z2_LFS/Far_IndustryBuildings/Storage_SlantMedium/collider",
      "position": "(-1.98076081,9.382263,-20.2399616)",
      "rotation": "(-0.6837223,-0.1803434,-0.1803434,0.6837224)",
      "hash": "05245591140891040:052D0B9A3A087E2E0",
      "properties": {
        "file": "meshes_lampposts.assetbundle",
        "mesh": "YardLamp_Wall"
      }
    },
    {
      "parent": "/Far__x1_z2/Far__x1_z2_LFS/Far_IndustryBuildings/Utility_ForestHouse (1)/collider",
      "position": "(0.0475749969,10.0120087,-12.2001038)",
      "rotation": "(-0.6837223,-0.1803436,-0.1803436,0.6837223)",
      "hash": "050D14911408C2560:05131A9B1508B81B0",
      "properties": {
        "file": "meshes_lampposts.assetbundle",
        "mesh": "YardLamp_Wall"
      }
    },
    {
      "parent": "/Far__x1_z2/Far__x1_z2_LFS/Far_IndustryBuildings/Industry_Forest/collider",
      "position": "(-6.20012856,5.794998,9.412003)",
      "rotation": "(0.355943,0.6109866,0.6109866,-0.355943)",
      "hash": "058623911408932C0:0590279663088E1F0",
      "properties": {
        "file": "meshes_lampposts.assetbundle",
        "mesh": "FloodLight_Wall"
      }
    },
    {
      "parent": "/Far__x1_z2/Far__x1_z2_LFS/Far_IndustryBuildings/Storage_SlantSmall (1)/collider",
      "position": "(-0.0292787552,7.64718628,-12.2401733)",
      "rotation": "(-0.6837224,-0.18034336,-0.18034336,0.6837224)",
      "hash": "05883F91140834110:058E4098550829330",
      "properties": {
        "file": "meshes_lampposts.assetbundle",
        "mesh": "FloodLight_Wall"
      }
    },
    {
      "parent": "/Far__x1_z2/Far__x1_z2_LFS/Far_IndustryBuildings/Storage_SlantSmall (1)/collider",
      "position": "(0.0165045261,7.50090027,-3.76011658)",
      "rotation": "(-0.18034336,0.6837224,0.6837224,0.18034336)",
      "hash": "05883F91140834110:058A32984608305B0",
      "properties": {
        "file": "meshes_lampposts.assetbundle",
        "mesh": "FloodLight_Wall"
      }
    },
    {
      "parent": "/Far__x1_z2/Far__x1_z2_LFS/Far_IndustryBuildings/Storage_SlantSmall (1)/collider",
      "position": "(-0.006414652,7.577484,3.75975037)",
      "rotation": "(-0.6837224,-0.18034336,-0.18034336,0.6837224)",
      "hash": "05883F91140834110:05864D984E08372C0",
      "properties": {
        "file": "meshes_lampposts.assetbundle",
        "mesh": "FloodLight_Wall"
      }
    },
    {
      "parent": "/Far__x1_z2/Far__x1_z2_LFS/Far_IndustryBuildings/Storage_SlantSmall (1)/collider",
      "position": "(0.006463051,7.65286255,12.2399292)",
      "rotation": "(-0.18034336,0.6837224,0.6837224,0.18034336)",
      "hash": "05883F91140834110:05823C9855083E520",
      "properties": {
        "file": "meshes_lampposts.assetbundle",
        "mesh": "FloodLight_Wall"
      }
    },
    {
      "parent": "/Far__x1_z2/Far__x1_z2_LFS/Far_IndustryBuildings/Storage_SlantSmall/collider",
      "position": "(0.00478649139,7.578232,-12.2399292)",
      "rotation": "(-0.6837224,-0.18034336,-0.18034336,0.6837224)",
      "hash": "05705F9114085D5D0:057663984E08531C0",
      "properties": {
        "file": "meshes_lampposts.assetbundle",
        "mesh": "FloodLight_Wall"
      }
    },
    {
      "parent": "/Far__x1_z2/Far__x1_z2_LFS/Far_IndustryBuildings/Storage_SlantSmall/collider",
      "position": "(-0.0266256332,7.574814,11.7601471)",
      "rotation": "(-0.6837224,-0.18034336,-0.18034336,0.6837224)",
      "hash": "05705F9114085D5D0:056B0D984D08680E0",
      "properties": {
        "file": "meshes_lampposts.assetbundle",
        "mesh": "FloodLight_Wall"
      }
    },
    {
      "parent": "/Far__x1_z2/Far__x1_z2_LFS/Far_IndustryBuildings/Storage_SlantSmall/collider",
      "position": "(0.0424823761,9.57843,0.009353641)",
      "rotation": "(0.8746197,0,-0.4848096,0)",
      "hash": "05705F9114085D5D0:0570639A4E085D5F0",
      "properties": {
        "file": "meshes_lampposts.assetbundle",
        "mesh": "FloodLight_Ceiling"
      }
    }
  ],
  "decorations": []
}