{
  "version": 92,
  "enabled": true,
  "lights": [
    {
      "parent": "/Far__x1_z2/Far__x1_z2_LFS/Far_Fences/SmallWireFence01_x12 (7)/Collider/%GROUP%_Mesh004D520005001115",
      "position": "(0,7.1,1.55)",
      "rotation": "(-0.7071068,0,0,0.7071068)",
      "hash": "04FC44930A08D8200:04FE049A1408D9080",
      "properties": {
        "type": "Point",
        "intensity": 1.0,
        "range": 20.0,
        "colour": "#FFB24D",
        "corona": {
          "sprite": "corona_orange01.png",
          "scale": 0.75,
          "range": 100.0
        },
        "dutyCycle": "DuskTillDawn()"
      }
    },
    {
      "parent": "/Far__x1_z2/Far__x1_z2_LFS/Far_Fences/SmallWireFence01_x12 (7)/Collider/%GROUP%_Mesh004D520005001115",
      "position": "(0,7.1,-1.55)",
      "rotation": "(-0.7071068,0,0,0.7071068)",
      "hash": "04FC44930A08D8200:04FB219A1408D7390",
      "properties": {
        "type": "Point",
        "intensity": 1.0,
        "range": 20.0,
        "colour": "#FFB24D",
        "corona": {
          "sprite": "corona_orange01.png",
          "scale": 0.75,
          "range": 100.0
        },
        "dutyCycle": "DuskTillDawn()"
      }
    },
    {
      "parent": "/Far__x1_z2/Far__x1_z2_LFS/Far_Fences/SmallWireFence01_x12 (7)/Collider/%GROUP%_Mesh006B4F0005001109",
      "position": "(0,7.1,1.55)",
      "rotation": "(-0.7071068,0,0,0.7071068)",
      "hash": "04ED50930A08F2220:04EF0F9A1408F3090",
      "properties": {
        "type": "Point",
        "intensity": 1.0,
        "range": 20.0,
        "colour": "#FFB24D",
        "corona": {
          "sprite": "corona_orange01.png",
          "scale": 0.75,
          "range": 100.0
        },
        "dutyCycle": "DuskTillDawn()"
      }
    },
    {
      "parent": "/Far__x1_z2/Far__x1_z2_LFS/Far_Fences/SmallWireFence01_x12 (7)/Collider/%GROUP%_Mesh006B4F0005001109",
      "position": "(0,7.1,-1.55)",
      "rotation": "(-0.7071068,0,0,0.7071068)",
      "hash": "04ED50930A08F2220:04EC2C9A1408F13B0",
      "properties": {
        "type": "Point",
        "intensity": 1.0,
        "range": 20.0,
        "colour": "#FFB24D",
        "corona": {
          "sprite": "corona_orange01.png",
          "scale": 0.75,
          "range": 100.0
        },
        "dutyCycle": "DuskTillDawn()"
      }
    },
    {
      "parent": "/Far__x1_z2/Far__x1_z2_LFS/Far_Fences/SmallWireFence01_x12 (7)/Collider/%GROUP%_Mesh00894E0005001101",
      "position": "(0,7.1,1.55)",
      "rotation": "(-0.7071068,0,0,0.7071068)",
      "hash": "04DE5E930A090C270:04E01C9A14090D100",
      "properties": {
        "type": "Point",
        "intensity": 1.0,
        "range": 20.0,
        "colour": "#FFB24D",
        "corona": {
          "sprite": "corona_orange01.png",
          "scale": 0.75,
          "range": 100.0
        },
        "dutyCycle": "DuskTillDawn()"
      }
    },
    {
      "parent": "/Far__x1_z2/Far__x1_z2_LFS/Far_Fences/SmallWireFence01_x12 (7)/Collider/%GROUP%_Mesh00894E0005001101",
      "position": "(0,7.1,-1.55)",
      "rotation": "(-0.7071068,0,0,0.7071068)",
      "hash": "04DE5E930A090C270:04DD3C9A14090B3D0",
      "properties": {
        "type": "Point",
        "intensity": 1.0,
        "range": 20.0,
        "colour": "#FFB24D",
        "corona": {
          "sprite": "corona_orange01.png",
          "scale": 0.75,
          "range": 100.0
        },
        "dutyCycle": "DuskTillDawn()"
      }
    },
    {
      "parent": "/Far__x1_z2/Far__x1_z2_LFS/Far_Fences/SmallWireFence01_x12 (7)/Collider/%GROUP%_Mesh00A74A0005001059",
      "position": "(0,7.1,1.55)",
      "rotation": "(-0.7071068,0,0,0.7071068)",
      "hash": "04D005930A0926270:04D1289A1409270E0",
      "properties": {
        "type": "Point",
        "intensity": 1.0,
        "range": 20.0,
        "colour": "#FFB24D",
        "corona": {
          "sprite": "corona_orange01.png",
          "scale": 0.75,
          "range": 100.0
        },
        "dutyCycle": "DuskTillDawn()"
      }
    },
    {
      "parent": "/Far__x1_z2/Far__x1_z2_LFS/Far_Fences/SmallWireFence01_x12 (7)/Collider/%GROUP%_Mesh00A74A0005001059",
      "position": "(0,7.1,-1.55)",
      "rotation": "(-0.7071068,0,0,0.7071068)",
      "hash": "04D005930A0926270:04CE459A140925400",
      "properties": {
        "type": "Point",
        "intensity": 1.0,
        "range": 20.0,
        "colour": "#FFB24D",
        "corona": {
          "sprite": "corona_orange01.png",
          "scale": 0.75,
          "range": 100.0
        },
        "dutyCycle": "DuskTillDawn()"
      }
    },
    {
      "parent": "/Far__x1_z2/Far__x1_z2_LFS/Far_Fences/SmallWireFence01_x12 (7)/Collider/%GROUP%_Mesh00C54E0005001051",
      "position": "(0,7.1,1.55)",
      "rotation": "(-0.7071068,0,0,0.7071068)",
      "hash": "04C111930A0940300:04C2339A1409411A0",
      "properties": {
        "type": "Point",
        "intensity": 1.0,
        "range": 20.0,
        "colour": "#FFB24D",
        "corona": {
          "sprite": "corona_orange01.png",
          "scale": 0.75,
          "range": 100.0
        },
        "dutyCycle": "DuskTillDawn()"
      }
    },
    {
      "parent": "/Far__x1_z2/Far__x1_z2_LFS/Far_Fences/SmallWireFence01_x12 (7)/Collider/%GROUP%_Mesh00C54E0005001051",
      "position": "(0,7.1,-1.55)",
      "rotation": "(-0.7071068,0,0,0.7071068)",
      "hash": "04C111930A0940300:04BF539A14093F470",
      "properties": {
        "type": "Point",
        "intensity": 1.0,
        "range": 20.0,
        "colour": "#FFB24D",
        "corona": {
          "sprite": "corona_orange01.png",
          "scale": 0.75,
          "range": 100.0
        },
        "dutyCycle": "DuskTillDawn()"
      }
    }
  ],
  "meshes": [
    {
      "parent": "/Far__x1_z2/Far__x1_z2_LFS/Far_Fences/SmallWireFence01_x12 (7)/Collider",
      "position": "(-77.82193,-0.0505981445,17.2155113)",
      "rotation": "(0,0.5075384,0,0.8616292)",
      "hash": "051409930F088C0E0:04FC44930A08D8200",
      "properties": {
        "file": "meshes_lampposts.assetbundle",
        "mesh": "LampPostDouble_Floor"
      }
    },
    {
      "parent": "/Far__x1_z2/Far__x1_z2_LFS/Far_Fences/SmallWireFence01_x12 (7)/Collider",
      "position": "(-107.795883,-0.0505981445,17.0990963)",
      "rotation": "(0,0.5075384,0,0.8616292)",
      "hash": "051409930F088C0E0:04ED50930A08F2220",
      "properties": {
        "file": "meshes_lampposts.assetbundle",
        "mesh": "LampPostDouble_Floor"
      }
    },
    {
      "parent": "/Far__x1_z2/Far__x1_z2_LFS/Far_Fences/SmallWireFence01_x12 (7)/Collider",
      "position": "(-137.780624,-0.0505981445,17.018116)",
      "rotation": "(0,0.49999997,0,0.8660254)",
      "hash": "051409930F088C0E0:04DE5E930A090C270",
      "properties": {
        "file": "meshes_lampposts.assetbundle",
        "mesh": "LampPostDouble_Floor"
      }
    },
    {
      "parent": "/Far__x1_z2/Far__x1_z2_LFS/Far_Fences/SmallWireFence01_x12 (7)/Collider",
      "position": "(-167.744736,-0.0505981445,16.89036)",
      "rotation": "(0,0.5075384,0,0.8616292)",
      "hash": "051409930F088C0E0:04D005930A0926270",
      "properties": {
        "file": "meshes_lampposts.assetbundle",
        "mesh": "LampPostDouble_Floor"
      }
    },
    {
      "parent": "/Far__x1_z2/Far__x1_z2_LFS/Far_Fences/SmallWireFence01_x12 (7)/Collider",
      "position": "(-197.781464,-0.0505981445,16.81767)",
      "rotation": "(0,0.49999997,0,0.8660254)",
      "hash": "051409930F088C0E0:04C111930A0940300",
      "properties": {
        "file": "meshes_lampposts.assetbundle",
        "mesh": "LampPostDouble_Floor"
      }
    }
  ],
  "decorations": []
}