{
  "version": 92,
  "enabled": true,
  "priority": "High",
  "lights": [
    {
      "parent": "/Far__x9_z13/Far__x9_z13_LFS/Far_Roads/Road_60x8 (18)/Collider/%GROUP%_Mesh00AD52000E020247",
      "position": "(-0.5636624,3.15479636,-0.09394385)",
      "rotation": "(-0.7071068,0,0,0.7071068)",
      "hash": "255A4477113596560:255B197A213596570",
      "properties": {
        "type": "Point",
        "intensity": 1.0,
        "range": 5.0,
        "colour": "#FF0000",
        "corona": {
          "sprite": "corona_orange01.png",
          "scale": 0.25,
          "range": 100.0
        },
        "dutyCycle": "FlashingGlobal(2)"
      }
    },
    {
      "parent": "/Far__x9_z13/Far__x9_z13_LFS/Far_Roads/Road_60x8 (18)/Collider/%GROUP%_Mesh00AD52000E020247",
      "position": "(-0.5636624,3.15479636,-0.432141364)",
      "rotation": "(-0.7071068,0,0,0.7071068)",
      "hash": "255A4477113596560:255B1E7A213597150",
      "properties": {
        "type": "Point",
        "intensity": 1.0,
        "range": 5.0,
        "colour": "#FF0000",
        "corona": {
          "sprite": "corona_orange01.png",
          "scale": 0.25,
          "range": 100.0
        },
        "dutyCycle": "FlashingGlobal(2,true)"
      }
    },
    {
      "parent": "/Far__x9_z13/Far__x9_z13_LFS/Far_Roads/Road_60x8 (18)/Collider/%GROUP%_Mesh009E47000E01F922",
      "position": "(-0.5636624,3.15479636,-0.09394385)",
      "rotation": "(-0.7071068,0,0,0.7071068)",
      "hash": "25491677113593350:2548427A2135933F0",
      "properties": {
        "type": "Point",
        "intensity": 1.0,
        "range": 5.0,
        "colour": "#FF0000",
        "corona": {
          "sprite": "corona_orange01.png",
          "scale": 0.25,
          "range": 100.0
        },
        "dutyCycle": "FlashingGlobal(2)"
      }
    },
    {
      "parent": "/Far__x9_z13/Far__x9_z13_LFS/Far_Roads/Road_60x8 (18)/Collider/%GROUP%_Mesh009E47000E01F922",
      "position": "(-0.5636624,3.15479636,-0.432141364)",
      "rotation": "(-0.7071068,0,0,0.7071068)",
      "hash": "25491677113593350:2548367A213593200",
      "properties": {
        "type": "Point",
        "intensity": 1.0,
        "range": 5.0,
        "colour": "#FF0000",
        "corona": {
          "sprite": "corona_orange01.png",
          "scale": 0.25,
          "range": 100.0
        },
        "dutyCycle": "FlashingGlobal(2,true)"
      }
    },
    {
      "parent": "/Far__x8_z12/Far__x8_z12_LFS/Far_BoxCollider(Clone)#1/%GROUP%_Mesh003E01091B00EE04",
      "position": "(-0.5636624,3.15479636,-0.09394385)",
      "rotation": "(-0.7071068,0,0,0.7071068)",
      "hash": "247A377711336B0D0:247B097A21336A5F0",
      "properties": {
        "type": "Point",
        "intensity": 1.0,
        "range": 5.0,
        "colour": "#FF0000",
        "corona": {
          "sprite": "corona_orange01.png",
          "scale": 0.25,
          "range": 100.0
        },
        "dutyCycle": "FlashingGlobal(2)"
      }
    },
    {
      "parent": "/Far__x8_z12/Far__x8_z12_LFS/Far_BoxCollider(Clone)#1/%GROUP%_Mesh003E01091B00EE04",
      "position": "(-0.5636624,3.15479636,-0.432141364)",
      "rotation": "(-0.7071068,0,0,0.7071068)",
      "hash": "247A377711336B0D0:247B197A21336B180",
      "properties": {
        "type": "Point",
        "intensity": 1.0,
        "range": 5.0,
        "colour": "#FF0000",
        "corona": {
          "sprite": "corona_orange01.png",
          "scale": 0.25,
          "range": 100.0
        },
        "dutyCycle": "FlashingGlobal(2,true)"
      }
    },
    {
      "parent": "/Far__x8_z12/Far__x8_z12_LFS/Far_BoxCollider(Clone)#1/%GROUP%_Mesh004617082300D72D",
      "position": "(-0.5636624,3.15479636,-0.09394385)",
      "rotation": "(-0.7071068,0,0,0.7071068)",
      "hash": "24623977113369180:2462007A2133691E0",
      "properties": {
        "type": "Point",
        "intensity": 1.0,
        "range": 5.0,
        "colour": "#FF0000",
        "corona": {
          "sprite": "corona_orange01.png",
          "scale": 0.25,
          "range": 100.0
        },
        "dutyCycle": "FlashingGlobal(2)"
      }
    },
    {
      "parent": "/Far__x8_z12/Far__x8_z12_LFS/Far_BoxCollider(Clone)#1/%GROUP%_Mesh004617082300D72D",
      "position": "(-0.5636624,3.15479636,-0.432141364)",
      "rotation": "(-0.7071068,0,0,0.7071068)",
      "hash": "24623977113369180:24615B7A213368610",
      "properties": {
        "type": "Point",
        "intensity": 1.0,
        "range": 5.0,
        "colour": "#FF0000",
        "corona": {
          "sprite": "corona_orange01.png",
          "scale": 0.25,
          "range": 100.0
        },
        "dutyCycle": "FlashingGlobal(2,true)"
      }
    },
    {
      "parent": "/Far__x8_z12/Far__x8_z12_LFS/Far_BoxCollider(Clone)#1/%GROUP%_Mesh00B6550A1701053F",
      "position": "(-0.5636624,3.15479636,-0.09394385)",
      "rotation": "(-0.7071068,0,0,0.7071068)",
      "hash": "245D61771133E2580:245D2B7A2133E2450",
      "properties": {
        "type": "Point",
        "intensity": 1.0,
        "range": 5.0,
        "colour": "#FF0000",
        "corona": {
          "sprite": "corona_orange01.png",
          "scale": 0.25,
          "range": 100.0
        },
        "dutyCycle": "FlashingGlobal(2)"
      }
    },
    {
      "parent": "/Far__x8_z12/Far__x8_z12_LFS/Far_BoxCollider(Clone)#1/%GROUP%_Mesh00B6550A1701053F",
      "position": "(-0.5636624,3.15479636,-0.432141364)",
      "rotation": "(-0.7071068,0,0,0.7071068)",
      "hash": "245D61771133E2580:245D317A2133E2240",
      "properties": {
        "type": "Point",
        "intensity": 1.0,
        "range": 5.0,
        "colour": "#FF0000",
        "corona": {
          "sprite": "corona_orange01.png",
          "scale": 0.25,
          "range": 100.0
        },
        "dutyCycle": "FlashingGlobal(2,true)"
      }
    },
    {
      "parent": "/Far__x9_z13/Far__x9_z13_LFS/Far_Roads/Road_60x8 (18)/Collider/%GROUP%_Mesh005D30000E003E34",
      "position": "(-0.5636624,3.15479636,-0.09394385)",
      "rotation": "(-0.7071068,0,0,0.7071068)",
      "hash": "246D377711340D360:246E0C7A21340D380",
      "properties": {
        "type": "Point",
        "intensity": 1.0,
        "range": 5.0,
        "colour": "#FF0000",
        "corona": {
          "sprite": "corona_orange01.png",
          "scale": 0.25,
          "range": 100.0
        },
        "dutyCycle": "FlashingGlobal(2)"
      }
    },
    {
      "parent": "/Far__x9_z13/Far__x9_z13_LFS/Far_Roads/Road_60x8 (18)/Collider/%GROUP%_Mesh005D30000E003E34",
      "position": "(-0.5636624,3.15479636,-0.432141364)",
      "rotation": "(-0.7071068,0,0,0.7071068)",
      "hash": "246D377711340D360:246E117A21340D5A0",
      "properties": {
        "type": "Point",
        "intensity": 1.0,
        "range": 5.0,
        "colour": "#FF0000",
        "corona": {
          "sprite": "corona_orange01.png",
          "scale": 0.25,
          "range": 100.0
        },
        "dutyCycle": "FlashingGlobal(2,true)"
      }
    },
    {
      "parent": "/Far__x9_z13/Far__x9_z13_LFS/Far_Roads/Road_60x8 (18)/Collider/%GROUP%_Mesh004B27000E01A752",
      "position": "(-0.5636624,3.15479636,-0.09394385)",
      "rotation": "(-0.7071068,0,0,0.7071068)",
      "hash": "24DE15771135651E0:24DD417A213565290",
      "properties": {
        "type": "Point",
        "intensity": 1.0,
        "range": 5.0,
        "colour": "#FF0000",
        "corona": {
          "sprite": "corona_orange01.png",
          "scale": 0.25,
          "range": 100.0
        },
        "dutyCycle": "FlashingGlobal(2)"
      }
    },
    {
      "parent": "/Far__x9_z13/Far__x9_z13_LFS/Far_Roads/Road_60x8 (18)/Collider/%GROUP%_Mesh004B27000E01A752",
      "position": "(-0.5636624,3.15479636,-0.432141364)",
      "rotation": "(-0.7071068,0,0,0.7071068)",
      "hash": "24DE15771135651E0:24DD367A213565090",
      "properties": {
        "type": "Point",
        "intensity": 1.0,
        "range": 5.0,
        "colour": "#FF0000",
        "corona": {
          "sprite": "corona_orange01.png",
          "scale": 0.25,
          "range": 100.0
        },
        "dutyCycle": "FlashingGlobal(2,true)"
      }
    },
    {
      "parent": "/Far__x9_z13/Far__x9_z13_LFS/Far_Roads/Road_60x8 (18)/Collider/%GROUP%_Mesh00560D000E01B329",
      "position": "(-0.5636624,3.15479636,-0.09394385)",
      "rotation": "(-0.7071068,0,0,0.7071068)",
      "hash": "24EC277711356C1B0:24EC5F7A21356C0F0",
      "properties": {
        "type": "Point",
        "intensity": 1.0,
        "range": 5.0,
        "colour": "#FF0000",
        "corona": {
          "sprite": "corona_orange01.png",
          "scale": 0.25,
          "range": 100.0
        },
        "dutyCycle": "FlashingGlobal(2)"
      }
    },
    {
      "parent": "/Far__x9_z13/Far__x9_z13_LFS/Far_Roads/Road_60x8 (18)/Collider/%GROUP%_Mesh00560D000E01B329",
      "position": "(-0.5636624,3.15479636,-0.432141364)",
      "rotation": "(-0.7071068,0,0,0.7071068)",
      "hash": "24EC277711356C1B0:24ED087A21356C2E0",
      "properties": {
        "type": "Point",
        "intensity": 1.0,
        "range": 5.0,
        "colour": "#FF0000",
        "corona": {
          "sprite": "corona_orange01.png",
          "scale": 0.25,
          "range": 100.0
        },
        "dutyCycle": "FlashingGlobal(2,true)"
      }
    }
  ],
  "meshes": [
    {
      "parent": "/Far__x9_z13/Far__x9_z13_LFS/Far_Roads/Road_60x8 (18)/Collider",
      "position": "(-173.820618,-0.140922546,-514.7106)",
      "rotation": "(0,0.9975641,0,-0.06975648)",
      "hash": "23FF57771F33F4450:255A4477113596560",
      "properties": {
        "file": "meshes_levelcrossings.assetbundle",
        "mesh": "LevelCrossing"
      }
    },
    {
      "parent": "/Far__x9_z13/Far__x9_z13_LFS/Far_Roads/Road_60x8 (18)/Collider",
      "position": "(-158.716064,-0.140922546,-505.342957)",
      "rotation": "(0,0.173648164,0,0.9848078)",
      "hash": "23FF57771F33F4450:25491677113593350",
      "properties": {
        "file": "meshes_levelcrossings.assetbundle",
        "mesh": "LevelCrossing"
      }
    },
    {
      "parent": "/Far__x8_z12/Far__x8_z12_LFS/Far_BoxCollider(Clone)#1",
      "position": "(-62.01901,9.275011,238.045059)",
      "rotation": "(0,0.9702957,0,-0.241921887)",
      "hash": "23BB2B773632CF610:247A377711336B0D0",
      "properties": {
        "file": "meshes_levelcrossings.assetbundle",
        "mesh": "LevelCrossing"
      }
    },
    {
      "parent": "/Far__x8_z12/Far__x8_z12_LFS/Far_BoxCollider(Clone)#1",
      "position": "(-70.23893,8.359865,215.456039)",
      "rotation": "(0,0.1305262,0,0.9914449)",
      "hash": "23BB2B773632CF610:24623977113369180",
      "properties": {
        "file": "meshes_levelcrossings.assetbundle",
        "mesh": "LevelCrossing"
      }
    },
    {
      "parent": "/Far__x8_z12/Far__x8_z12_LFS/Far_BoxCollider(Clone)#1",
      "position": "(-182.853546,10.23081,261.6375)",
      "rotation": "(0,-0.08715588,0,0.9961947)",
      "hash": "23BB2B773632CF610:245D61771133E2580",
      "properties": {
        "file": "meshes_levelcrossings.assetbundle",
        "mesh": "LevelCrossing"
      }
    },
    {
      "parent": "/Far__x9_z13/Far__x9_z13_LFS/Far_Roads/Road_60x8 (18)/Collider",
      "position": "(-93.4838257,-0.140922546,-62.52069)",
      "rotation": "(0,0.998134851,0,-0.0610484779)",
      "hash": "23FF57771F33F4450:246D377711340D360",
      "properties": {
        "file": "meshes_levelcrossings.assetbundle",
        "mesh": "LevelCrossing"
      }
    },
    {
      "parent": "/Far__x9_z13/Far__x9_z13_LFS/Far_Roads/Road_60x8 (18)/Collider",
      "position": "(-75.39923,-0.140922546,-423.8203)",
      "rotation": "(0,0.173648164,0,0.9848078)",
      "hash": "23FF57771F33F4450:24DE15771135651E0",
      "properties": {
        "file": "meshes_levelcrossings.assetbundle",
        "mesh": "LevelCrossing"
      }
    },
    {
      "parent": "/Far__x9_z13/Far__x9_z13_LFS/Far_Roads/Road_60x8 (18)/Collider",
      "position": "(-86.13592,-0.140922546,-435.4113)",
      "rotation": "(0,0.9816272,0,-0.190809041)",
      "hash": "23FF57771F33F4450:24EC277711356C1B0",
      "properties": {
        "file": "meshes_levelcrossings.assetbundle",
        "mesh": "LevelCrossing"
      }
    }
  ],
  "decorations": []
}