{
  "version": 92,
  "enabled": true,
  "lights": [
    {
      "parent": "/Far__x2_z10/Far__x2_z10_LFS/Far_Station_MachineFactory/CivilBuildings/House_02/collider",
      "position": "(8.966309,1.77253723,-0.02178955)",
      "hash": "089B599F1F28DF080:08A455A10928DE510",
      "properties": {
        "type": "Point",
        "intensity": 0.4,
        "range": 10.0,
        "colour": "#FFE5B2",
        "corona": null,
        "dutyCycle": "DuskTillDawn()"
      }
    },
    {
      "parent": "/Far__x2_z10/Far__x2_z10_LFS/Far_Station_MachineFactory/CivilBuildings/House_02/collider",
      "position": "(9.015213,1.800354,-4.00054932)",
      "hash": "089B599F1F28DF080:08A44EA10B28DA530",
      "properties": {
        "type": "Point",
        "intensity": 0.4,
        "range": 10.0,
        "colour": "#FFE5B2",
        "corona": null,
        "dutyCycle": "DuskTillDawn()"
      }
    },
    {
      "parent": "/Far__x2_z10/Far__x2_z10_LFS/Far_Station_MachineFactory/CivilBuildings/House_02/collider",
      "position": "(5.95632935,1.86474609,7.88882446)",
      "rotation": "(-0.7071068,0,0,0.7071068)",
      "hash": "089B599F1F28DF080:08A206A11228E6500",
      "properties": {
        "type": "Point",
        "intensity": 0.4,
        "range": 10.0,
        "colour": "#FFE5B2",
        "corona": null,
        "dutyCycle": "DuskTillDawn()"
      }
    },
    {
      "parent": "/Far__x2_z10/Far__x2_z10_LFS/Far_Station_MachineFactory/CivilBuildings/House_02/collider",
      "position": "(0.001449585,1.898941,7.80609131)",
      "rotation": "(-0.7071068,0,0,0.7071068)",
      "hash": "089B599F1F28DF080:089C0BA11528E6590",
      "properties": {
        "type": "Point",
        "intensity": 0.4,
        "range": 10.0,
        "colour": "#FFE5B2",
        "corona": null,
        "dutyCycle": "DuskTillDawn()"
      }
    }
  ],
  "meshes": [],
  "decorations": [
    {
      "parent": "/Far__x2_z10/Far__x2_z10_LFS/Far_Station_MachineFactory/CivilBuildings/House_17 (5)",
      "hash": "0929439F1F2B5B500:0929439F1F2B5B500",
      "id": "WINDOWS_1:LIT",
      "properties": {
        "file": "meshes_decoration_lights.assetbundle",
        "mesh": "house_17_Windows",
        "assignMaterials": {
          "hideSourcePrefab": true,
          "assignments": []
        }
      },
      "dutyCycle": "DuskTillDawn()"
    },
    {
      "parent": "/Far__x2_z10/Far__x2_z10_LFS/Far_Station_MachineFactory/CivilBuildings/House_11 (2)",
      "hash": "09285F9F1F2B7A220:09285F9F1F2B7A220",
      "id": "WINDOWS_1:LIT",
      "properties": {
        "file": "meshes_decoration_lights.assetbundle",
        "mesh": "house_11_Windows",
        "assignMaterials": {
          "hideSourcePrefab": true,
          "assignments": []
        }
      },
      "dutyCycle": "DuskTillDawn()"
    },
    {
      "parent": "/Far__x2_z10/Far__x2_z10_LFS/Far_Station_MachineFactory/CivilBuildings/House_02 (3)",
      "hash": "094F469F1F2B94220:094F469F1F2B94220",
      "id": "WINDOWS_1:LIT",
      "properties": {
        "file": "meshes_decoration_lights.assetbundle",
        "mesh": "house_02_Windows",
        "assignMaterials": {
          "hideSourcePrefab": true,
          "assignments": []
        }
      },
      "dutyCycle": "DuskTillDawn()"
    },
    {
      "parent": "/Far__x2_z10/Far__x2_z10_LFS/Far_Station_MachineFactory/CivilBuildings/House_06 (1)",
      "hash": "09394E9F1F2BBE3D0:09394E9F1F2BBE3D0",
      "id": "WINDOWS_1:LIT",
      "properties": {
        "file": "meshes_decoration_lights.assetbundle",
        "mesh": "house_06_Windows",
        "assignMaterials": {
          "hideSourcePrefab": true,
          "assignments": []
        }
      },
      "dutyCycle": "DuskTillDawn()"
    },
    {
      "parent": "/Far__x2_z10/Far__x2_z10_LFS/Far_Station_MachineFactory/CivilBuildings/House_03 (5)",
      "hash": "095C159F1F2BD3470:095C159F1F2BD3470",
      "id": "WINDOWS_1:LIT",
      "properties": {
        "file": "meshes_decoration_lights.assetbundle",
        "mesh": "house_03_Windows",
        "assignMaterials": {
          "hideSourcePrefab": true,
          "assignments": []
        }
      },
      "dutyCycle": "DuskTillDawn()"
    },
    {
      "parent": "/Far__x2_z10/Far__x2_z10_LFS/Far_Station_MachineFactory/CivilBuildings/House_05 (4)",
      "hash": "0947179F1F2BF40C0:0947179F1F2BF40C0",
      "id": "WINDOWS_1:LIT",
      "properties": {
        "file": "meshes_decoration_lights.assetbundle",
        "mesh": "house_05_Windows",
        "assignMaterials": {
          "hideSourcePrefab": true,
          "assignments": []
        }
      },
      "dutyCycle": "DuskTillDawn()"
    },
    {
      "parent": "/Far__x2_z10/Far__x2_z10_LFS/Far_Station_MachineFactory/CivilBuildings/House_06 (2)",
      "hash": "09792F9F1F2C22330:09792F9F1F2C22330",
      "id": "WINDOWS_1:LIT",
      "properties": {
        "file": "meshes_decoration_lights.assetbundle",
        "mesh": "house_06_Windows",
        "assignMaterials": {
          "hideSourcePrefab": true,
          "assignments": []
        }
      },
      "dutyCycle": "DuskTillDawn()"
    },
    {
      "parent": "/Far__x2_z10/Far__x2_z10_LFS/Far_Station_MachineFactory/CivilBuildings/House_17 (6)",
      "hash": "09983C9F1F2C1C160:09983C9F1F2C1C160",
      "id": "WINDOWS_1:LIT",
      "properties": {
        "file": "meshes_decoration_lights.assetbundle",
        "mesh": "house_17_Windows",
        "assignMaterials": {
          "hideSourcePrefab": true,
          "assignments": []
        }
      },
      "dutyCycle": "DuskTillDawn()"
    },
    {
      "parent": "/Far__x2_z10/Far__x2_z10_LFS/Far_Station_MachineFactory/CivilBuildings/House_02 (4)",
      "hash": "0885039F1F2C0C070:0885039F1F2C0C070",
      "id": "WINDOWS_1:LIT",
      "properties": {
        "file": "meshes_decoration_lights.assetbundle",
        "mesh": "house_02_Windows",
        "assignMaterials": {
          "hideSourcePrefab": true,
          "assignments": []
        }
      },
      "dutyCycle": "DuskTillDawn()"
    },
    {
      "parent": "/Far__x2_z10/Far__x2_z10_LFS/Far_Station_MachineFactory/CivilBuildings/House_04 (4)",
      "hash": "0870599F1F2BE0480:0870599F1F2BE0480",
      "id": "WINDOWS_1:LIT",
      "properties": {
        "file": "meshes_decoration_lights.assetbundle",
        "mesh": "house_04_Windows",
        "assignMaterials": {
          "hideSourcePrefab": true,
          "assignments": []
        }
      },
      "dutyCycle": "DuskTillDawn()"
    },
    {
      "parent": "/Far__x2_z10/Far__x2_z10_LFS/Far_Station_MachineFactory/CivilBuildings/House_03 (4)",
      "hash": "08964A9F1F2BDA5E0:08964A9F1F2BDA5E0",
      "id": "WINDOWS_1:LIT",
      "properties": {
        "file": "meshes_decoration_lights.assetbundle",
        "mesh": "house_03_Windows",
        "assignMaterials": {
          "hideSourcePrefab": true,
          "assignments": []
        }
      },
      "dutyCycle": "DuskTillDawn()"
    },
    {
      "parent": "/Far__x2_z10/Far__x2_z10_LFS/Far_Station_MachineFactory/CivilBuildings/House_02 (2)",
      "hash": "08C4129F1F2BCA180:08C4129F1F2BCA180",
      "id": "WINDOWS_1:LIT",
      "properties": {
        "file": "meshes_decoration_lights.assetbundle",
        "mesh": "house_02_Windows",
        "assignMaterials": {
          "hideSourcePrefab": true,
          "assignments": []
        }
      },
      "dutyCycle": "DuskTillDawn()"
    },
    {
      "parent": "/Far__x2_z10/Far__x2_z10_LFS/Far_Station_MachineFactory/CivilBuildings/House_12 (4)",
      "hash": "08D0609F1F2B6D5E0:08D0609F1F2B6D5E0",
      "id": "WINDOWS_1:LIT",
      "properties": {
        "file": "meshes_decoration_lights.assetbundle",
        "mesh": "house_12_Windows",
        "assignMaterials": {
          "hideSourcePrefab": true,
          "assignments": []
        }
      },
      "dutyCycle": "DuskTillDawn()"
    },
    {
      "parent": "/Far__x2_z10/Far__x2_z10_LFS/Far_Station_MachineFactory/CivilBuildings/House_12 (3)",
      "hash": "08D0219F1F2B575F0:08D0219F1F2B575F0",
      "id": "WINDOWS_1:LIT",
      "properties": {
        "file": "meshes_decoration_lights.assetbundle",
        "mesh": "house_12_Windows",
        "assignMaterials": {
          "hideSourcePrefab": true,
          "assignments": []
        }
      },
      "dutyCycle": "DuskTillDawn()"
    },
    {
      "parent": "/Far__x2_z10/Far__x2_z10_LFS/Far_Station_MachineFactory/CivilBuildings/House_16",
      "hash": "086B639F1F295E280:086B639F1F295E280",
      "id": "WINDOWS_1:LIT",
      "properties": {
        "file": "meshes_decoration_lights.assetbundle",
        "mesh": "house_16_Windows",
        "assignMaterials": {
          "hideSourcePrefab": true,
          "assignments": []
        }
      },
      "dutyCycle": "DuskTillDawn()"
    },
    {
      "parent": "/Far__x2_z10/Far__x2_z10_LFS/Far_Station_MachineFactory/CivilBuildings/House_10",
      "hash": "08994A9F1F2943130:08994A9F1F2943130",
      "id": "WINDOWS_1:LIT",
      "properties": {
        "file": "meshes_decoration_lights.assetbundle",
        "mesh": "house_10_Windows",
        "assignMaterials": {
          "hideSourcePrefab": true,
          "assignments": []
        }
      },
      "dutyCycle": "DuskTillDawn()"
    },
    {
      "parent": "/Far__x2_z10/Far__x2_z10_LFS/Far_Station_MachineFactory/CivilBuildings/House_17",
      "hash": "0878489F1F29200B0:0878489F1F29200B0",
      "id": "WINDOWS_1:LIT",
      "properties": {
        "file": "meshes_decoration_lights.assetbundle",
        "mesh": "house_17_Windows",
        "assignMaterials": {
          "hideSourcePrefab": true,
          "assignments": []
        }
      },
      "dutyCycle": "DuskTillDawn()"
    },
    {
      "parent": "/Far__x2_z10/Far__x2_z10_LFS/Far_Station_MachineFactory/CivilBuildings/House_15",
      "hash": "089B4D9F1F29210C0:089B4D9F1F29210C0",
      "id": "WINDOWS_1:LIT",
      "properties": {
        "file": "meshes_decoration_lights.assetbundle",
        "mesh": "house_15_Windows",
        "assignMaterials": {
          "hideSourcePrefab": true,
          "assignments": []
        }
      },
      "dutyCycle": "DuskTillDawn()"
    },
    {
      "parent": "/Far__x2_z10/Far__x2_z10_LFS/Far_Station_MachineFactory/CivilBuildings/House_11",
      "hash": "089C4A9F1F28FD070:089C4A9F1F28FD070",
      "id": "WINDOWS_1:LIT",
      "properties": {
        "file": "meshes_decoration_lights.assetbundle",
        "mesh": "house_11_Windows",
        "assignMaterials": {
          "hideSourcePrefab": true,
          "assignments": []
        }
      },
      "dutyCycle": "DuskTillDawn()"
    },
    {
      "parent": "/Far__x2_z10/Far__x2_z10_LFS/Far_Station_MachineFactory/CivilBuildings/House_02",
      "hash": "089B599F1F28DF080:089B599F1F28DF080",
      "id": "WINDOWS_1:LIT",
      "properties": {
        "file": "meshes_decoration_lights.assetbundle",
        "mesh": "house_02_Windows",
        "assignMaterials": {
          "hideSourcePrefab": true,
          "assignments": []
        }
      },
      "dutyCycle": "DuskTillDawn()"
    },
    {
      "parent": "/Far__x2_z10/Far__x2_z10_LFS/Far_Station_MachineFactory/CivilBuildings/House_04 (1)",
      "hash": "0876329F1F28D20E0:0876329F1F28D20E0",
      "id": "WINDOWS_1:LIT",
      "properties": {
        "file": "meshes_decoration_lights.assetbundle",
        "mesh": "house_04_Windows",
        "assignMaterials": {
          "hideSourcePrefab": true,
          "assignments": []
        }
      },
      "dutyCycle": "DuskTillDawn()"
    },
    {
      "parent": "/Far__x2_z10/Far__x2_z10_LFS/Far_Station_MachineFactory/CivilBuildings/House_15 (1)",
      "hash": "0917359F1F29213B0:0917359F1F29213B0",
      "id": "WINDOWS_1:LIT",
      "properties": {
        "file": "meshes_decoration_lights.assetbundle",
        "mesh": "house_15_Windows",
        "assignMaterials": {
          "hideSourcePrefab": true,
          "assignments": []
        }
      },
      "dutyCycle": "DuskTillDawn()"
    },
    {
      "parent": "/Far__x2_z10/Far__x2_z10_LFS/Far_Station_MachineFactory/CivilBuildings/House_05",
      "hash": "092B119F1F290A020:092B119F1F290A020",
      "id": "WINDOWS_1:LIT",
      "properties": {
        "file": "meshes_decoration_lights.assetbundle",
        "mesh": "house_05_Windows",
        "assignMaterials": {
          "hideSourcePrefab": true,
          "assignments": []
        }
      },
      "dutyCycle": "DuskTillDawn()"
    },
    {
      "parent": "/Far__x2_z10/Far__x2_z10_LFS/Far_Station_MachineFactory/CivilBuildings/House_03 (1)",
      "hash": "0944209F1F292E480:0944209F1F292E480",
      "id": "WINDOWS_1:LIT",
      "properties": {
        "file": "meshes_decoration_lights.assetbundle",
        "mesh": "house_03_Windows",
        "assignMaterials": {
          "hideSourcePrefab": true,
          "assignments": []
        }
      },
      "dutyCycle": "DuskTillDawn()"
    },
    {
      "parent": "/Far__x2_z10/Far__x2_z10_LFS/Far_Station_MachineFactory/CivilBuildings/House_05 (6)",
      "hash": "09663A9F1F29370F0:09663A9F1F29370F0",
      "id": "WINDOWS_1:LIT",
      "properties": {
        "file": "meshes_decoration_lights.assetbundle",
        "mesh": "house_05_Windows",
        "assignMaterials": {
          "hideSourcePrefab": true,
          "assignments": []
        }
      },
      "dutyCycle": "DuskTillDawn()"
    },
    {
      "parent": "/Far__x2_z10/Far__x2_z10_LFS/Far_Station_MachineFactory/CivilBuildings/House_11 (1)",
      "hash": "09574D9F1F29644F0:09574D9F1F29644F0",
      "id": "WINDOWS_1:LIT",
      "properties": {
        "file": "meshes_decoration_lights.assetbundle",
        "mesh": "house_11_Windows",
        "assignMaterials": {
          "hideSourcePrefab": true,
          "assignments": []
        }
      },
      "dutyCycle": "DuskTillDawn()"
    },
    {
      "parent": "/Far__x2_z10/Far__x2_z10_LFS/Far_Station_MachineFactory/CivilBuildings/House_03 (3)",
      "hash": "09960C9F1F2926270:09960C9F1F2926270",
      "id": "WINDOWS_1:LIT",
      "properties": {
        "file": "meshes_decoration_lights.assetbundle",
        "mesh": "house_03_Windows",
        "assignMaterials": {
          "hideSourcePrefab": true,
          "assignments": []
        }
      },
      "dutyCycle": "DuskTillDawn()"
    },
    {
      "parent": "/Far__x2_z10/Far__x2_z10_LFS/Far_Station_MachineFactory/CivilBuildings/House_05 (5)",
      "hash": "09725D9F1F29073A0:09725D9F1F29073A0",
      "id": "WINDOWS_1:LIT",
      "properties": {
        "file": "meshes_decoration_lights.assetbundle",
        "mesh": "house_05_Windows",
        "assignMaterials": {
          "hideSourcePrefab": true,
          "assignments": []
        }
      },
      "dutyCycle": "DuskTillDawn()"
    },
    {
      "parent": "/Far__x2_z10/Far__x2_z10_LFS/Far_Station_MachineFactory/CivilBuildings/House_07",
      "hash": "09692E9F1F28F0180:09692E9F1F28F0180",
      "id": "WINDOWS_1:LIT",
      "properties": {
        "file": "meshes_decoration_lights.assetbundle",
        "mesh": "house_07_Windows",
        "assignMaterials": {
          "hideSourcePrefab": true,
          "assignments": []
        }
      },
      "dutyCycle": "DuskTillDawn()"
    },
    {
      "parent": "/Far__x2_z10/Far__x2_z10_LFS/Far_Station_MachineFactory/CivilBuildings/House_10 (1)",
      "hash": "0979229F1F28C84D0:0979229F1F28C84D0",
      "id": "WINDOWS_1:LIT",
      "properties": {
        "file": "meshes_decoration_lights.assetbundle",
        "mesh": "house_10_Windows",
        "assignMaterials": {
          "hideSourcePrefab": true,
          "assignments": []
        }
      },
      "dutyCycle": "DuskTillDawn()"
    },
    {
      "parent": "/Far__x2_z10/Far__x2_z10_LFS/Far_Station_MachineFactory/CivilBuildings/House_02 (1)",
      "hash": "0966549F1F28941B0:0966549F1F28941B0",
      "id": "WINDOWS_1:LIT",
      "properties": {
        "file": "meshes_decoration_lights.assetbundle",
        "mesh": "house_02_Windows",
        "assignMaterials": {
          "hideSourcePrefab": true,
          "assignments": []
        }
      },
      "dutyCycle": "DuskTillDawn()"
    },
    {
      "parent": "/Far__x2_z10/Far__x2_z10_LFS/Far_Station_MachineFactory/CivilBuildings/House_12 (1)",
      "hash": "098F329F1F28AB0C0:098F329F1F28AB0C0",
      "id": "WINDOWS_1:LIT",
      "properties": {
        "file": "meshes_decoration_lights.assetbundle",
        "mesh": "house_12_Windows",
        "assignMaterials": {
          "hideSourcePrefab": true,
          "assignments": []
        }
      },
      "dutyCycle": "DuskTillDawn()"
    },
    {
      "parent": "/Far__x2_z10/Far__x2_z10_LFS/Far_Station_MachineFactory/CivilBuildings/House_13",
      "hash": "09BA2C9F1F288D160:09BA2C9F1F288D160",
      "id": "WINDOWS_1:LIT",
      "properties": {
        "file": "meshes_decoration_lights.assetbundle",
        "mesh": "house_13_Windows",
        "assignMaterials": {
          "hideSourcePrefab": true,
          "assignments": []
        }
      },
      "dutyCycle": "DuskTillDawn()"
    },
    {
      "parent": "/Far__x2_z10/Far__x2_z10_LFS/Far_Station_MachineFactory/CivilBuildings/House_12 (2)",
      "hash": "09C42D9F1F28EE4A0:09C42D9F1F28EE4A0",
      "id": "WINDOWS_1:LIT",
      "properties": {
        "file": "meshes_decoration_lights.assetbundle",
        "mesh": "house_12_Windows",
        "assignMaterials": {
          "hideSourcePrefab": true,
          "assignments": []
        }
      },
      "dutyCycle": "DuskTillDawn()"
    },
    {
      "parent": "/Far__x2_z10/Far__x2_z10_LFS/Far_Station_MachineFactory/CivilBuildings/House_05 (2)",
      "hash": "09BA289F1F291A370:09BA289F1F291A370",
      "id": "WINDOWS_1:LIT",
      "properties": {
        "file": "meshes_decoration_lights.assetbundle",
        "mesh": "house_05_Windows",
        "assignMaterials": {
          "hideSourcePrefab": true,
          "assignments": []
        }
      },
      "dutyCycle": "DuskTillDawn()"
    },
    {
      "parent": "/Far__x2_z10/Far__x2_z10_LFS/Far_Station_MachineFactory/CivilBuildings/House_04 (5)",
      "hash": "09970C9F1F294C610:09970C9F1F294C610",
      "id": "WINDOWS_1:LIT",
      "properties": {
        "file": "meshes_decoration_lights.assetbundle",
        "mesh": "house_04_Windows",
        "assignMaterials": {
          "hideSourcePrefab": true,
          "assignments": []
        }
      },
      "dutyCycle": "DuskTillDawn()"
    },
    {
      "parent": "/Far__x2_z10/Far__x2_z10_LFS/Far_Station_MachineFactory/CivilBuildings/House_17 (9)",
      "hash": "094F009F1F2990050:094F009F1F2990050",
      "id": "WINDOWS_1:LIT",
      "properties": {
        "file": "meshes_decoration_lights.assetbundle",
        "mesh": "house_17_Windows",
        "assignMaterials": {
          "hideSourcePrefab": true,
          "assignments": []
        }
      },
      "dutyCycle": "DuskTillDawn()"
    },
    {
      "parent": "/Far__x2_z10/Far__x2_z10_LFS/Far_Station_MachineFactory/CivilBuildings/House_10 (2)",
      "hash": "093C0F9F1F29723A0:093C0F9F1F29723A0",
      "id": "WINDOWS_1:LIT",
      "properties": {
        "file": "meshes_decoration_lights.assetbundle",
        "mesh": "house_10_Windows",
        "assignMaterials": {
          "hideSourcePrefab": true,
          "assignments": []
        }
      },
      "dutyCycle": "DuskTillDawn()"
    },
    {
      "parent": "/Far__x2_z10/Far__x2_z10_LFS/Far_Station_MachineFactory/CivilBuildings/House_06",
      "hash": "09185C9F1F29812F0:09185C9F1F29812F0",
      "id": "WINDOWS_1:LIT",
      "properties": {
        "file": "meshes_decoration_lights.assetbundle",
        "mesh": "house_06_Windows",
        "assignMaterials": {
          "hideSourcePrefab": true,
          "assignments": []
        }
      },
      "dutyCycle": "DuskTillDawn()"
    },
    {
      "parent": "/Far__x2_z10/Far__x2_z10_LFS/Far_Station_MachineFactory/CivilBuildings/House_15 (2)",
      "hash": "0926269F1F29C1170:0926269F1F29C1170",
      "id": "WINDOWS_1:LIT",
      "properties": {
        "file": "meshes_decoration_lights.assetbundle",
        "mesh": "house_15_Windows",
        "assignMaterials": {
          "hideSourcePrefab": true,
          "assignments": []
        }
      },
      "dutyCycle": "DuskTillDawn()"
    },
    {
      "parent": "/Far__x2_z10/Far__x2_z10_LFS/Far_Station_MachineFactory/CivilBuildings/House_17 (3)",
      "hash": "0946149F1F29DD220:0946149F1F29DD220",
      "id": "WINDOWS_1:LIT",
      "properties": {
        "file": "meshes_decoration_lights.assetbundle",
        "mesh": "house_17_Windows",
        "assignMaterials": {
          "hideSourcePrefab": true,
          "assignments": []
        }
      },
      "dutyCycle": "DuskTillDawn()"
    }
  ]
}