{
  "version": 92,
  "enabled": true,
  "lights": [],
  "meshes": [],
  "decorations": [
    {
      "parent": "/Far__x2_z10/Far__x2_z10_LFS/Far_Station_MachineFactory/RussianBuildings/rus_build_5et_02 (1)",
      "hash": "08AB299F0B2B22580:08AB299F0B2B22580",
      "id": "WINDOWS_2:LIT",
      "properties": {
        "file": "meshes_decoration_lights.assetbundle",
        "mesh": "rus_build_01_02_03_04_05_Windows",
        "assignMaterials": {
          "hideSourcePrefab": true,
          "assignments": [
            {
              "renderer": "Regroup13",
              "fromIndex": 1
            }
          ],
          "randomAlpha": 0.7
        }
      },
      "dutyCycle": "DuskTillDawn()"
    },
    {
      "parent": "/Far__x2_z10/Far__x2_z10_LFS/Far_Station_MachineFactory/RussianBuildings/rus_build_5et_02 (1)",
      "hash": "08AB299F0B2B22580:08AB299F0B2B22580",
      "id": "WINDOWS_3:LIT",
      "properties": {
        "file": "meshes_decoration_lights.assetbundle",
        "mesh": "rus_build_01_02_03_04_05_Windows",
        "assignMaterials": {
          "hideSourcePrefab": true,
          "assignments": [
            {
              "renderer": "Regroup13",
              "fromIndex": 2
            }
          ],
          "randomAlpha": 0.7
        }
      },
      "dutyCycle": "DuskTillDawn()"
    },
    {
      "parent": "/Far__x2_z10/Far__x2_z10_LFS/Far_Station_MachineFactory/RussianBuildings/rus_build_5et_02 (1)",
      "hash": "08AB299F0B2B22580:08AB299F0B2B22580",
      "id": "WINDOWS_5:LIT",
      "properties": {
        "file": "meshes_decoration_lights.assetbundle",
        "mesh": "rus_build_01_02_03_04_05_Windows",
        "assignMaterials": {
          "hideSourcePrefab": true,
          "assignments": [
            {
              "renderer": "Regroup13",
              "fromIndex": 4
            }
          ],
          "randomAlpha": 0.7
        }
      },
      "dutyCycle": "DuskTillDawn()"
    },
    {
      "parent": "/Far__x2_z10/Far__x2_z10_LFS/Far_Station_MachineFactory/RussianBuildings/rus_build_9et_03b (1)",
      "hash": "08A9129F0B2AF75C0:08A9129F0B2AF75C0",
      "id": "WINDOWS_2:LIT",
      "properties": {
        "file": "meshes_decoration_lights.assetbundle",
        "mesh": "rus_build_08_09_10_Windows",
        "assignMaterials": {
          "hideSourcePrefab": true,
          "assignments": [
            {
              "renderer": "Regroup13",
              "fromIndex": 1
            }
          ],
          "randomAlpha": 0.7
        }
      },
      "dutyCycle": "DuskTillDawn()"
    },
    {
      "parent": "/Far__x2_z10/Far__x2_z10_LFS/Far_Station_MachineFactory/RussianBuildings/rus_build_9et_03b (1)",
      "hash": "08A9129F0B2AF75C0:08A9129F0B2AF75C0",
      "id": "WINDOWS_1:LIT",
      "properties": {
        "file": "meshes_decoration_lights.assetbundle",
        "mesh": "rus_build_08_09_10_Windows",
        "assignMaterials": {
          "hideSourcePrefab": true,
          "assignments": [
            {
              "renderer": "Regroup13",
              "fromIndex": 0
            }
          ],
          "randomAlpha": 0.7
        }
      },
      "dutyCycle": "DuskTillDawn()"
    },
    {
      "parent": "/Far__x2_z10/Far__x2_z10_LFS/Far_Station_MachineFactory/RussianBuildings/rus_build_9et_03b (1)",
      "hash": "08A9129F0B2AF75C0:08A9129F0B2AF75C0",
      "id": "WINDOWS_4:LIT",
      "properties": {
        "file": "meshes_decoration_lights.assetbundle",
        "mesh": "rus_build_08_09_10_Windows",
        "assignMaterials": {
          "hideSourcePrefab": true,
          "assignments": [
            {
              "renderer": "Regroup13",
              "fromIndex": 3
            }
          ],
          "randomAlpha": 0.7
        }
      },
      "dutyCycle": "DuskTillDawn()"
    },
    {
      "parent": "/Far__x2_z10/Far__x2_z10_LFS/Far_Station_MachineFactory/RussianBuildings/rus_build_4et_01a",
      "hash": "086B0A9F0B2AD2440:086B0A9F0B2AD2440",
      "id": "WINDOWS_1:LIT",
      "properties": {
        "file": "meshes_decoration_lights.assetbundle",
        "mesh": "rus_build_06_07_12_13_Windows",
        "assignMaterials": {
          "hideSourcePrefab": true,
          "assignments": [
            {
              "renderer": "Regroup13",
              "fromIndex": 0
            }
          ],
          "randomAlpha": 0.7
        }
      },
      "dutyCycle": "DuskTillDawn()"
    },
    {
      "parent": "/Far__x2_z10/Far__x2_z10_LFS/Far_Station_MachineFactory/RussianBuildings/rus_build_4et_01a",
      "hash": "086B0A9F0B2AD2440:086B0A9F0B2AD2440",
      "id": "WINDOWS_3:LIT",
      "properties": {
        "file": "meshes_decoration_lights.assetbundle",
        "mesh": "rus_build_06_07_12_13_Windows",
        "assignMaterials": {
          "hideSourcePrefab": true,
          "assignments": [
            {
              "renderer": "Regroup13",
              "fromIndex": 2
            }
          ],
          "randomAlpha": 0.7
        }
      },
      "dutyCycle": "DuskTillDawn()"
    },
    {
      "parent": "/Far__x2_z10/Far__x2_z10_LFS/Far_Station_MachineFactory/RussianBuildings/rus_build_5et_03d",
      "hash": "08BE049F0B2AAC1E0:08BE049F0B2AAC1E0",
      "id": "WINDOWS_1:LIT",
      "properties": {
        "file": "meshes_decoration_lights.assetbundle",
        "mesh": "rus_build_11_14_16_17_Windows",
        "assignMaterials": {
          "hideSourcePrefab": true,
          "assignments": [
            {
              "renderer": "Regroup13",
              "fromIndex": 0
            }
          ],
          "randomAlpha": 0.7
        }
      },
      "dutyCycle": "DuskTillDawn()"
    },
    {
      "parent": "/Far__x2_z10/Far__x2_z10_LFS/Far_Station_MachineFactory/RussianBuildings/rus_build_5et_03d",
      "hash": "08BE049F0B2AAC1E0:08BE049F0B2AAC1E0",
      "id": "WINDOWS_3:LIT",
      "properties": {
        "file": "meshes_decoration_lights.assetbundle",
        "mesh": "rus_build_11_14_16_17_Windows",
        "assignMaterials": {
          "hideSourcePrefab": true,
          "assignments": [
            {
              "renderer": "Regroup13",
              "fromIndex": 2
            }
          ],
          "randomAlpha": 0.7
        }
      },
      "dutyCycle": "DuskTillDawn()"
    },
    {
      "parent": "/Far__x2_z10/Far__x2_z10_LFS/Far_Station_MachineFactory/RussianBuildings/rus_build_5et_03d",
      "hash": "08BE049F0B2AAC1E0:08BE049F0B2AAC1E0",
      "id": "WINDOWS_4:LIT",
      "properties": {
        "file": "meshes_decoration_lights.assetbundle",
        "mesh": "rus_build_11_14_16_17_Windows",
        "assignMaterials": {
          "hideSourcePrefab": true,
          "assignments": [
            {
              "renderer": "Regroup13",
              "fromIndex": 3
            }
          ],
          "randomAlpha": 0.7
        }
      },
      "dutyCycle": "DuskTillDawn()"
    },
    {
      "parent": "/Far__x2_z10/Far__x2_z10_LFS/Far_Station_MachineFactory/RussianBuildings/rus_build_9et_01b",
      "hash": "08905B9F0B2AA83A0:08905B9F0B2AA83A0",
      "id": "WINDOWS_1:LIT",
      "properties": {
        "file": "meshes_decoration_lights.assetbundle",
        "mesh": "rus_build_08_09_10_Windows",
        "assignMaterials": {
          "hideSourcePrefab": true,
          "assignments": [
            {
              "renderer": "Regroup13",
              "fromIndex": 0
            }
          ],
          "randomAlpha": 0.7
        }
      },
      "dutyCycle": "DuskTillDawn()"
    },
    {
      "parent": "/Far__x2_z10/Far__x2_z10_LFS/Far_Station_MachineFactory/RussianBuildings/rus_build_9et_01b",
      "hash": "08905B9F0B2AA83A0:08905B9F0B2AA83A0",
      "id": "WINDOWS_2:LIT",
      "properties": {
        "file": "meshes_decoration_lights.assetbundle",
        "mesh": "rus_build_08_09_10_Windows",
        "assignMaterials": {
          "hideSourcePrefab": true,
          "assignments": [
            {
              "renderer": "Regroup13",
              "fromIndex": 1
            }
          ],
          "randomAlpha": 0.7
        }
      },
      "dutyCycle": "DuskTillDawn()"
    },
    {
      "parent": "/Far__x2_z10/Far__x2_z10_LFS/Far_Station_MachineFactory/RussianBuildings/rus_build_4et_01a (2)",
      "hash": "0869299F0B2A97460:0869299F0B2A97460",
      "id": "WINDOWS_1:LIT",
      "properties": {
        "file": "meshes_decoration_lights.assetbundle",
        "mesh": "rus_build_06_07_12_13_Windows",
        "assignMaterials": {
          "hideSourcePrefab": true,
          "assignments": [
            {
              "renderer": "Regroup13",
              "fromIndex": 0
            }
          ],
          "randomAlpha": 0.7
        }
      },
      "dutyCycle": "DuskTillDawn()"
    },
    {
      "parent": "/Far__x2_z10/Far__x2_z10_LFS/Far_Station_MachineFactory/RussianBuildings/rus_build_4et_01a (2)",
      "hash": "0869299F0B2A97460:0869299F0B2A97460",
      "id": "WINDOWS_5:LIT",
      "properties": {
        "file": "meshes_decoration_lights.assetbundle",
        "mesh": "rus_build_06_07_12_13_Windows",
        "assignMaterials": {
          "hideSourcePrefab": true,
          "assignments": [
            {
              "renderer": "Regroup13",
              "fromIndex": 4
            }
          ],
          "randomAlpha": 0.7
        }
      },
      "dutyCycle": "DuskTillDawn()"
    },
    {
      "parent": "/Far__x2_z10/Far__x2_z10_LFS/Far_Station_MachineFactory/RussianBuildings/rus_build_4et_01a (1)",
      "hash": "0867479F0B2A5B490:0867479F0B2A5B490",
      "id": "WINDOWS_5:LIT",
      "properties": {
        "file": "meshes_decoration_lights.assetbundle",
        "mesh": "rus_build_06_07_12_13_Windows",
        "assignMaterials": {
          "hideSourcePrefab": true,
          "assignments": [
            {
              "renderer": "Regroup13",
              "fromIndex": 4
            }
          ],
          "randomAlpha": 0.7
        }
      },
      "dutyCycle": "DuskTillDawn()"
    },
    {
      "parent": "/Far__x2_z10/Far__x2_z10_LFS/Far_Station_MachineFactory/RussianBuildings/rus_build_4et_01a (1)",
      "hash": "0867479F0B2A5B490:0867479F0B2A5B490",
      "id": "WINDOWS_4:LIT",
      "properties": {
        "file": "meshes_decoration_lights.assetbundle",
        "mesh": "rus_build_06_07_12_13_Windows",
        "assignMaterials": {
          "hideSourcePrefab": true,
          "assignments": [
            {
              "renderer": "Regroup13",
              "fromIndex": 3
            }
          ],
          "randomAlpha": 0.7
        }
      },
      "dutyCycle": "DuskTillDawn()"
    },
    {
      "parent": "/Far__x2_z10/Far__x2_z10_LFS/Far_Station_MachineFactory/RussianBuildings/rus_build_4et_01a (1)",
      "hash": "0867479F0B2A5B490:0867479F0B2A5B490",
      "id": "WINDOWS_2:LIT",
      "properties": {
        "file": "meshes_decoration_lights.assetbundle",
        "mesh": "rus_build_06_07_12_13_Windows",
        "assignMaterials": {
          "hideSourcePrefab": true,
          "assignments": [
            {
              "renderer": "Regroup13",
              "fromIndex": 1
            }
          ],
          "randomAlpha": 0.7
        }
      },
      "dutyCycle": "DuskTillDawn()"
    },
    {
      "parent": "/Far__x2_z10/Far__x2_z10_LFS/Far_Station_MachineFactory/RussianBuildings/rus_build_9et_01b (1)",
      "hash": "088F1D9F0B2A6F3D0:088F1D9F0B2A6F3D0",
      "id": "WINDOWS_1:LIT",
      "properties": {
        "file": "meshes_decoration_lights.assetbundle",
        "mesh": "rus_build_08_09_10_Windows",
        "assignMaterials": {
          "hideSourcePrefab": true,
          "assignments": [
            {
              "renderer": "Regroup13",
              "fromIndex": 0
            }
          ],
          "randomAlpha": 0.7
        }
      },
      "dutyCycle": "DuskTillDawn()"
    },
    {
      "parent": "/Far__x2_z10/Far__x2_z10_LFS/Far_Station_MachineFactory/RussianBuildings/rus_build_9et_01b (1)",
      "hash": "088F1D9F0B2A6F3D0:088F1D9F0B2A6F3D0",
      "id": "WINDOWS_3:LIT",
      "properties": {
        "file": "meshes_decoration_lights.assetbundle",
        "mesh": "rus_build_08_09_10_Windows",
        "assignMaterials": {
          "hideSourcePrefab": true,
          "assignments": [
            {
              "renderer": "Regroup13",
              "fromIndex": 2
            }
          ],
          "randomAlpha": 0.7
        }
      },
      "dutyCycle": "DuskTillDawn()"
    },
    {
      "parent": "/Far__x2_z10/Far__x2_z10_LFS/Far_Station_MachineFactory/RussianBuildings/rus_build_5et_03",
      "hash": "08BC269F0B2A72200:08BC269F0B2A72200",
      "id": "WINDOWS_1:LIT",
      "properties": {
        "file": "meshes_decoration_lights.assetbundle",
        "mesh": "rus_build_01_02_03_04_05_Windows",
        "assignMaterials": {
          "hideSourcePrefab": true,
          "assignments": [
            {
              "renderer": "Regroup13",
              "fromIndex": 0
            }
          ],
          "randomAlpha": 0.7
        }
      },
      "dutyCycle": "DuskTillDawn()"
    },
    {
      "parent": "/Far__x2_z10/Far__x2_z10_LFS/Far_Station_MachineFactory/RussianBuildings/rus_build_5et_03",
      "hash": "08BC269F0B2A72200:08BC269F0B2A72200",
      "id": "WINDOWS_4:LIT",
      "properties": {
        "file": "meshes_decoration_lights.assetbundle",
        "mesh": "rus_build_01_02_03_04_05_Windows",
        "assignMaterials": {
          "hideSourcePrefab": true,
          "assignments": [
            {
              "renderer": "Regroup13",
              "fromIndex": 3
            }
          ],
          "randomAlpha": 0.7
        }
      },
      "dutyCycle": "DuskTillDawn()"
    },
    {
      "parent": "/Far__x2_z10/Far__x2_z10_LFS/Far_Station_MachineFactory/RussianBuildings/rus_build_5et_03",
      "hash": "08BC269F0B2A72200:08BC269F0B2A72200",
      "id": "WINDOWS_2:LIT",
      "properties": {
        "file": "meshes_decoration_lights.assetbundle",
        "mesh": "rus_build_01_02_03_04_05_Windows",
        "assignMaterials": {
          "hideSourcePrefab": true,
          "assignments": [
            {
              "renderer": "Regroup13",
              "fromIndex": 1
            }
          ],
          "randomAlpha": 0.7
        }
      },
      "dutyCycle": "DuskTillDawn()"
    },
    {
      "parent": "/Far__x2_z10/Far__x2_z10_LFS/Far_Station_MachineFactory/RussianBuildings/rus_build_9et_03b",
      "hash": "0867619F0B2A1E450:0867619F0B2A1E450",
      "id": "WINDOWS_2:LIT",
      "properties": {
        "file": "meshes_decoration_lights.assetbundle",
        "mesh": "rus_build_08_09_10_Windows",
        "assignMaterials": {
          "hideSourcePrefab": true,
          "assignments": [
            {
              "renderer": "Regroup13",
              "fromIndex": 1
            }
          ],
          "randomAlpha": 0.7
        }
      },
      "dutyCycle": "DuskTillDawn()"
    },
    {
      "parent": "/Far__x2_z10/Far__x2_z10_LFS/Far_Station_MachineFactory/RussianBuildings/rus_build_9et_03",
      "hash": "088E5F9F0B2A1D3A0:088E5F9F0B2A1D3A0",
      "id": "WINDOWS_2:LIT",
      "properties": {
        "file": "meshes_decoration_lights.assetbundle",
        "mesh": "rus_build_08_09_10_Windows",
        "assignMaterials": {
          "hideSourcePrefab": true,
          "assignments": [
            {
              "renderer": "Regroup13",
              "fromIndex": 1
            }
          ],
          "randomAlpha": 0.7
        }
      },
      "dutyCycle": "DuskTillDawn()"
    },
    {
      "parent": "/Far__x2_z10/Far__x2_z10_LFS/Far_Station_MachineFactory/RussianBuildings/rus_build_9et_03",
      "hash": "088E5F9F0B2A1D3A0:088E5F9F0B2A1D3A0",
      "id": "WINDOWS_4:LIT",
      "properties": {
        "file": "meshes_decoration_lights.assetbundle",
        "mesh": "rus_build_08_09_10_Windows",
        "assignMaterials": {
          "hideSourcePrefab": true,
          "assignments": [
            {
              "renderer": "Regroup13",
              "fromIndex": 3
            }
          ],
          "randomAlpha": 0.7
        }
      },
      "dutyCycle": "DuskTillDawn()"
    },
    {
      "parent": "/Far__x2_z10/Far__x2_z10_LFS/Far_Station_MachineFactory/RussianBuildings/rus_build_5et_05",
      "hash": "08B9309F0B2A0C240:08B9309F0B2A0C240",
      "id": "WINDOWS_2:LIT",
      "properties": {
        "file": "meshes_decoration_lights.assetbundle",
        "mesh": "rus_build_11_14_16_17_Windows",
        "assignMaterials": {
          "hideSourcePrefab": true,
          "assignments": [
            {
              "renderer": "Regroup13",
              "fromIndex": 1
            }
          ],
          "randomAlpha": 0.7
        }
      },
      "dutyCycle": "DuskTillDawn()"
    },
    {
      "parent": "/Far__x2_z10/Far__x2_z10_LFS/Far_Station_MachineFactory/RussianBuildings/rus_build_5et_05",
      "hash": "08B9309F0B2A0C240:08B9309F0B2A0C240",
      "id": "WINDOWS_3:LIT",
      "properties": {
        "file": "meshes_decoration_lights.assetbundle",
        "mesh": "rus_build_11_14_16_17_Windows",
        "assignMaterials": {
          "hideSourcePrefab": true,
          "assignments": [
            {
              "renderer": "Regroup13",
              "fromIndex": 2
            }
          ],
          "randomAlpha": 0.7
        }
      },
      "dutyCycle": "DuskTillDawn()"
    },
    {
      "parent": "/Far__x2_z10/Far__x2_z10_LFS/Far_Station_MachineFactory/RussianBuildings/rus_build_5et_01a",
      "hash": "088D249F0B29E53D0:088D249F0B29E53D0",
      "id": "WINDOWS_1:LIT",
      "properties": {
        "file": "meshes_decoration_lights.assetbundle",
        "mesh": "rus_build_01_02_03_04_05_Windows",
        "assignMaterials": {
          "hideSourcePrefab": true,
          "assignments": [
            {
              "renderer": "Regroup13",
              "fromIndex": 0
            }
          ],
          "randomAlpha": 0.7
        }
      },
      "dutyCycle": "DuskTillDawn()"
    },
    {
      "parent": "/Far__x2_z10/Far__x2_z10_LFS/Far_Station_MachineFactory/RussianBuildings/rus_build_5et_01a",
      "hash": "088D249F0B29E53D0:088D249F0B29E53D0",
      "id": "WINDOWS_4:LIT",
      "properties": {
        "file": "meshes_decoration_lights.assetbundle",
        "mesh": "rus_build_01_02_03_04_05_Windows",
        "assignMaterials": {
          "hideSourcePrefab": true,
          "assignments": [
            {
              "renderer": "Regroup13",
              "fromIndex": 3
            }
          ],
          "randomAlpha": 0.7
        }
      },
      "dutyCycle": "DuskTillDawn()"
    },
    {
      "parent": "/Far__x2_z10/Far__x2_z10_LFS/Far_Station_MachineFactory/RussianBuildings/rus_build_5et_01a",
      "hash": "088D249F0B29E53D0:088D249F0B29E53D0",
      "id": "WINDOWS_5:LIT",
      "properties": {
        "file": "meshes_decoration_lights.assetbundle",
        "mesh": "rus_build_01_02_03_04_05_Windows",
        "assignMaterials": {
          "hideSourcePrefab": true,
          "assignments": [
            {
              "renderer": "Regroup13",
              "fromIndex": 4
            }
          ],
          "randomAlpha": 0.7
        }
      },
      "dutyCycle": "DuskTillDawn()"
    },
    {
      "parent": "/Far__x2_z10/Far__x2_z10_LFS/Far_Station_MachineFactory/RussianBuildings/rus_build_5et_03 (1)",
      "hash": "0864619F0B29D84B0:0864619F0B29D84B0",
      "id": "WINDOWS_1:LIT",
      "properties": {
        "file": "meshes_decoration_lights.assetbundle",
        "mesh": "rus_build_01_02_03_04_05_Windows",
        "assignMaterials": {
          "hideSourcePrefab": true,
          "assignments": [
            {
              "renderer": "Regroup13",
              "fromIndex": 0
            }
          ],
          "randomAlpha": 0.7
        }
      },
      "dutyCycle": "DuskTillDawn()"
    },
    {
      "parent": "/Far__x2_z10/Far__x2_z10_LFS/Far_Station_MachineFactory/RussianBuildings/rus_build_5et_03 (1)",
      "hash": "0864619F0B29D84B0:0864619F0B29D84B0",
      "id": "WINDOWS_3:LIT",
      "properties": {
        "file": "meshes_decoration_lights.assetbundle",
        "mesh": "rus_build_01_02_03_04_05_Windows",
        "assignMaterials": {
          "hideSourcePrefab": true,
          "assignments": [
            {
              "renderer": "Regroup13",
              "fromIndex": 2
            }
          ],
          "randomAlpha": 0.7
        }
      },
      "dutyCycle": "DuskTillDawn()"
    },
    {
      "parent": "/Far__x2_z10/Far__x2_z10_LFS/Far_Station_MachineFactory/RussianBuildings/rus_build_5et_03 (1)",
      "hash": "0864619F0B29D84B0:0864619F0B29D84B0",
      "id": "WINDOWS_5:LIT",
      "properties": {
        "file": "meshes_decoration_lights.assetbundle",
        "mesh": "rus_build_01_02_03_04_05_Windows",
        "assignMaterials": {
          "hideSourcePrefab": true,
          "assignments": [
            {
              "renderer": "Regroup13",
              "fromIndex": 4
            }
          ],
          "randomAlpha": 0.7
        }
      },
      "dutyCycle": "DuskTillDawn()"
    },
    {
      "parent": "/Far__x2_z10/Far__x2_z10_LFS/Far_Station_MachineFactory/RussianBuildings/rus_build_5et_03 (2)",
      "hash": "0863209F0B299E4D0:0863209F0B299E4D0",
      "id": "WINDOWS_1:LIT",
      "properties": {
        "file": "meshes_decoration_lights.assetbundle",
        "mesh": "rus_build_01_02_03_04_05_Windows",
        "assignMaterials": {
          "hideSourcePrefab": true,
          "assignments": [
            {
              "renderer": "Regroup13",
              "fromIndex": 0
            }
          ],
          "randomAlpha": 0.7
        }
      },
      "dutyCycle": "DuskTillDawn()"
    },
    {
      "parent": "/Far__x2_z10/Far__x2_z10_LFS/Far_Station_MachineFactory/RussianBuildings/rus_build_5et_03 (2)",
      "hash": "0863209F0B299E4D0:0863209F0B299E4D0",
      "id": "WINDOWS_3:LIT",
      "properties": {
        "file": "meshes_decoration_lights.assetbundle",
        "mesh": "rus_build_01_02_03_04_05_Windows",
        "assignMaterials": {
          "hideSourcePrefab": true,
          "assignments": [
            {
              "renderer": "Regroup13",
              "fromIndex": 2
            }
          ],
          "randomAlpha": 0.7
        }
      },
      "dutyCycle": "DuskTillDawn()"
    },
    {
      "parent": "/Far__x2_z10/Far__x2_z10_LFS/Far_Station_MachineFactory/RussianBuildings/rus_build_5et_03 (2)",
      "hash": "0863209F0B299E4D0:0863209F0B299E4D0",
      "id": "WINDOWS_5:LIT",
      "properties": {
        "file": "meshes_decoration_lights.assetbundle",
        "mesh": "rus_build_01_02_03_04_05_Windows",
        "assignMaterials": {
          "hideSourcePrefab": true,
          "assignments": [
            {
              "renderer": "Regroup13",
              "fromIndex": 4
            }
          ],
          "randomAlpha": 0.7
        }
      },
      "dutyCycle": "DuskTillDawn()"
    }
  ]
}