{
  "version": 97,
  "enabled": true,
  "lights": [
    {
      "parent": "/Far__x2_z10/Far__x2_z10_LFS/Far_Station_MachineFactory/SilosCranes/Roundhouse/Collider/roundhouse",
      "position": "(-31.2741241,6.68061829,-2.74204826)",
      "rotation": "(0.03638134,0.7779577,-0.6256291,0.0452394933)",
      "hash": "08D3059F1F2970390:08D114A563298F5B0",
      "properties": {
        "type": "Point",
        "intensity": 1.0,
        "range": 20.0,
        "colour": "#FFB24D",
        "corona": {
          "sprite": "corona_orange01.png",
          "scale": 0.75,
          "range": 100.0
        },
        "dutyCycle": "DuskTillDawn()"
      }
    },
    {
      "parent": "/Far__x2_z10/Far__x2_z10_LFS/Far_Station_MachineFactory/SilosCranes/Roundhouse/Collider/roundhouse",
      "position": "(-30.31957,6.6809845,-8.1274395)",
      "rotation": "(0.03984092,0.7754048,-0.628285348,0.0491700843)",
      "hash": "08D3059F1F2970390:08CB4FA600298F0B0",
      "properties": {
        "type": "Point",
        "intensity": 1.0,
        "range": 20.0,
        "colour": "#FFB24D",
        "corona": {
          "sprite": "corona_orange01.png",
          "scale": 0.75,
          "range": 100.0
        },
        "dutyCycle": "DuskTillDawn()"
      }
    },
    {
      "parent": "/Far__x2_z10/Far__x2_z10_LFS/Far_Station_MachineFactory/SilosCranes/Roundhouse/Collider/roundhouse",
      "position": "(-25.7194862,6.671295,-18.0553818)",
      "rotation": "(0.181625187,0.7433905,-0.60361284,0.223683834)",
      "hash": "08D3059F1F2970390:08C14AA563298A500",
      "properties": {
        "type": "Point",
        "intensity": 1.0,
        "range": 20.0,
        "colour": "#FFB24D",
        "corona": {
          "sprite": "corona_orange01.png",
          "scale": 0.75,
          "range": 100.0
        },
        "dutyCycle": "DuskTillDawn()"
      }
    },
    {
      "parent": "/Far__x2_z10/Far__x2_z10_LFS/Far_Station_MachineFactory/SilosCranes/Roundhouse/Collider/roundhouse",
      "position": "(-18.0614662,6.65835571,-25.7903481)",
      "rotation": "(0.283681542,0.693254769,-0.5629042,0.3493731)",
      "hash": "08D3059F1F2970390:08B94FA5612983240",
      "properties": {
        "type": "Point",
        "intensity": 1.0,
        "range": 20.0,
        "colour": "#FFB24D",
        "corona": {
          "sprite": "corona_orange01.png",
          "scale": 0.75,
          "range": 100.0
        },
        "dutyCycle": "DuskTillDawn()"
      }
    },
    {
      "parent": "/Far__x2_z10/Far__x2_z10_LFS/Far_Station_MachineFactory/CivilBuildings/House_04 (1)/collider/%GROUP%_Mesh004233000C00A522",
      "position": "(0.75,12.25,0)",
      "rotation": "(-0.7071068,0,0,0.7071068)",
      "hash": "08BD469F122975350:08BD1CAB2B29745B0",
      "properties": {
        "type": "Point",
        "intensity": 1.0,
        "range": 30.0,
        "colour": "#FFFFFF",
        "corona": {
          "sprite": "corona_white01.png",
          "scale": 1.0,
          "range": 100.0
        },
        "dutyCycle": "DuskTillDawn()"
      }
    },
    {
      "parent": "/Far__x2_z10/Far__x2_z10_LFS/Far_Station_MachineFactory/CivilBuildings/House_04 (1)/collider/%GROUP%_Mesh004233000C00A522",
      "position": "(0,12.25,0.75)",
      "rotation": "(-0.7071068,0,0,0.7071068)",
      "hash": "08BD469F122975350:08BE20AB2B29750B0",
      "properties": {
        "type": "Point",
        "intensity": 1.0,
        "range": 30.0,
        "colour": "#FFFFFF",
        "corona": {
          "sprite": "corona_white01.png",
          "scale": 1.0,
          "range": 100.0
        },
        "dutyCycle": "DuskTillDawn()"
      }
    },
    {
      "parent": "/Far__x2_z10/Far__x2_z10_LFS/Far_Station_MachineFactory/CivilBuildings/House_04 (1)/collider/%GROUP%_Mesh004233000C00A522",
      "position": "(-0.75,12.25,0)",
      "rotation": "(-0.7071068,0,0,0.7071068)",
      "hash": "08BD469F122975350:08BE0CAB2B29760F0",
      "properties": {
        "type": "Point",
        "intensity": 1.0,
        "range": 30.0,
        "colour": "#FFFFFF",
        "corona": {
          "sprite": "corona_white01.png",
          "scale": 1.0,
          "range": 100.0
        },
        "dutyCycle": "DuskTillDawn()"
      }
    },
    {
      "parent": "/Far__x2_z10/Far__x2_z10_LFS/Far_Station_MachineFactory/CivilBuildings/House_04 (1)/collider/%GROUP%_Mesh004233000C00A522",
      "position": "(0,12.25,-0.75)",
      "rotation": "(-0.7071068,0,0,0.7071068)",
      "hash": "08BD469F122975350:08BD08AB2B29755F0",
      "properties": {
        "type": "Point",
        "intensity": 1.0,
        "range": 30.0,
        "colour": "#FFFFFF",
        "corona": {
          "sprite": "corona_white01.png",
          "scale": 1.0,
          "range": 100.0
        },
        "dutyCycle": "DuskTillDawn()"
      }
    },
    {
      "parent": "/Far__x2_z10/Far__x2_z10_LFS/Far_Station_MachineFactory/CivilBuildings/House_04 (1)/collider/%GROUP%_Mesh005D33000C00B841",
      "position": "(0.75,12.25,0)",
      "rotation": "(-0.7071068,0,0,0.7071068)",
      "hash": "08D9189F122988060:08D833AB2B29875B0",
      "properties": {
        "type": "Point",
        "intensity": 1.0,
        "range": 30.0,
        "colour": "#FFFFFF",
        "corona": {
          "sprite": "corona_white01.png",
          "scale": 1.0,
          "range": 100.0
        },
        "dutyCycle": "DuskTillDawn()"
      }
    },
    {
      "parent": "/Far__x2_z10/Far__x2_z10_LFS/Far_Station_MachineFactory/CivilBuildings/House_04 (1)/collider/%GROUP%_Mesh005D33000C00B841",
      "position": "(0,12.25,0.75)",
      "rotation": "(-0.7071068,0,0,0.7071068)",
      "hash": "08D9189F122988060:08D926AB2B2987200",
      "properties": {
        "type": "Point",
        "intensity": 1.0,
        "range": 30.0,
        "colour": "#FFFFFF",
        "corona": {
          "sprite": "corona_white01.png",
          "scale": 1.0,
          "range": 100.0
        },
        "dutyCycle": "DuskTillDawn()"
      }
    },
    {
      "parent": "/Far__x2_z10/Far__x2_z10_LFS/Far_Station_MachineFactory/CivilBuildings/House_04 (1)/collider/%GROUP%_Mesh005D33000C00B841",
      "position": "(-0.75,12.25,0)",
      "rotation": "(-0.7071068,0,0,0.7071068)",
      "hash": "08D9189F122988060:08D962AB2B2988140",
      "properties": {
        "type": "Point",
        "intensity": 1.0,
        "range": 30.0,
        "colour": "#FFFFFF",
        "corona": {
          "sprite": "corona_white01.png",
          "scale": 1.0,
          "range": 100.0
        },
        "dutyCycle": "DuskTillDawn()"
      }
    },
    {
      "parent": "/Far__x2_z10/Far__x2_z10_LFS/Far_Station_MachineFactory/CivilBuildings/House_04 (1)/collider/%GROUP%_Mesh005D33000C00B841",
      "position": "(0,12.25,-0.75)",
      "rotation": "(-0.7071068,0,0,0.7071068)",
      "hash": "08D9189F122988060:08D90AAB2B29884F0",
      "properties": {
        "type": "Point",
        "intensity": 1.0,
        "range": 30.0,
        "colour": "#FFFFFF",
        "corona": {
          "sprite": "corona_white01.png",
          "scale": 1.0,
          "range": 100.0
        },
        "dutyCycle": "DuskTillDawn()"
      }
    },
    {
      "parent": "/Far__x2_z10/Far__x2_z10_LFS/Far_Station_MachineFactory/SilosCranes/Roundhouse/Collider/roundhouse/%GROUP%_Mesh00335C075900090C",
      "position": "(0,0.25,0.5)",
      "hash": "08CB29A71429A4490:08CB30A65F29A4180",
      "properties": {
        "type": "Point",
        "intensity": 0.5,
        "range": 10.0,
        "colour": "#FFFFFF",
        "corona": null,
        "dutyCycle": "Always()"
      }
    },
    {
      "parent": "/Far__x2_z10/Far__x2_z10_LFS/Far_Station_MachineFactory/SilosCranes/Roundhouse/Collider/roundhouse/%GROUP%_Mesh00335C075900090C",
      "position": "(0,0.25,-0.5)",
      "hash": "08CB29A71429A4490:08CB22A65F29A5170",
      "properties": {
        "type": "Point",
        "intensity": 0.5,
        "range": 10.0,
        "colour": "#FFFFFF",
        "corona": null,
        "dutyCycle": "Always()"
      }
    },
    {
      "parent": "/Far__x2_z10/Far__x2_z10_LFS/Far_Station_MachineFactory/SilosCranes/Roundhouse/Collider/roundhouse/%GROUP%_Mesh00315F075900120D",
      "position": "(0,0.25,0.5)",
      "hash": "08C223A71429A3020:08C232A65F29A2370",
      "properties": {
        "type": "Point",
        "intensity": 0.5,
        "range": 10.0,
        "colour": "#FFFFFF",
        "corona": null,
        "dutyCycle": "Always()"
      }
    },
    {
      "parent": "/Far__x2_z10/Far__x2_z10_LFS/Far_Station_MachineFactory/SilosCranes/Roundhouse/Collider/roundhouse/%GROUP%_Mesh00315F075900120D",
      "position": "(0,0.25,-0.5)",
      "hash": "08C223A71429A3020:08C213A65F29A3320",
      "properties": {
        "type": "Point",
        "intensity": 0.5,
        "range": 10.0,
        "colour": "#FFFFFF",
        "corona": null,
        "dutyCycle": "Always()"
      }
    },
    {
      "parent": "/Far__x2_z10/Far__x2_z10_LFS/Far_Station_MachineFactory/SilosCranes/Roundhouse/Collider/roundhouse/%GROUP%_Mesh002E030759001A3B",
      "position": "(0,0.25,0.5)",
      "hash": "08B94EA714299F230:08BA01A65F299E5B0",
      "properties": {
        "type": "Point",
        "intensity": 0.5,
        "range": 10.0,
        "colour": "#FFFFFF",
        "corona": null,
        "dutyCycle": "Always()"
      }
    },
    {
      "parent": "/Far__x2_z10/Far__x2_z10_LFS/Far_Station_MachineFactory/SilosCranes/Roundhouse/Collider/roundhouse/%GROUP%_Mesh002E030759001A3B",
      "position": "(0,0.25,-0.5)",
      "hash": "08B94EA714299F230:08B936A65F299F4F0",
      "properties": {
        "type": "Point",
        "intensity": 0.5,
        "range": 10.0,
        "colour": "#FFFFFF",
        "corona": null,
        "dutyCycle": "Always()"
      }
    },
    {
      "parent": "/Far__x2_z10/Far__x2_z10_LFS/Far_Station_MachineFactory/SilosCranes/Roundhouse/Collider/roundhouse/%GROUP%_Mesh00282B0759002161",
      "position": "(0,0.25,0.5)",
      "hash": "08B219A7142999600:08B237A65F2999380",
      "properties": {
        "type": "Point",
        "intensity": 0.5,
        "range": 10.0,
        "colour": "#FFFFFF",
        "corona": null,
        "dutyCycle": "Always()"
      }
    },
    {
      "parent": "/Far__x2_z10/Far__x2_z10_LFS/Far_Station_MachineFactory/SilosCranes/Roundhouse/Collider/roundhouse/%GROUP%_Mesh00282B0759002161",
      "position": "(0,0.25,-0.5)",
      "hash": "08B219A7142999600:08B15EA65F299A230",
      "properties": {
        "type": "Point",
        "intensity": 0.5,
        "range": 10.0,
        "colour": "#FFFFFF",
        "corona": null,
        "dutyCycle": "Always()"
      }
    },
    {
      "parent": "/Far__x2_z10/Far__x2_z10_LFS/Far_Station_MachineFactory/SilosCranes/Roundhouse/Collider/roundhouse/%GROUP%_Mesh0022140759002847",
      "position": "(0,0.25,0.5)",
      "hash": "08AB21A71429935D0:08AB46A65F29933B0",
      "properties": {
        "type": "Point",
        "intensity": 0.5,
        "range": 10.0,
        "colour": "#FFFFFF",
        "corona": null,
        "dutyCycle": "Always()"
      }
    },
    {
      "parent": "/Far__x2_z10/Far__x2_z10_LFS/Far_Station_MachineFactory/SilosCranes/Roundhouse/Collider/roundhouse/%GROUP%_Mesh0022140759002847",
      "position": "(0,0.25,-0.5)",
      "hash": "08AB21A71429935D0:08AA60A65F29941A0",
      "properties": {
        "type": "Point",
        "intensity": 0.5,
        "range": 10.0,
        "colour": "#FFFFFF",
        "corona": null,
        "dutyCycle": "Always()"
      }
    },
    {
      "parent": "/Far__x2_z10/Far__x2_z10_LFS/Far_Station_MachineFactory/SilosCranes/Roundhouse/Collider/roundhouse/%GROUP%_Mesh001A270759002D4F",
      "position": "(0,0.25,0.5)",
      "hash": "08A602A714298C1A0:08A62DA65F298C000",
      "properties": {
        "type": "Point",
        "intensity": 0.5,
        "range": 10.0,
        "colour": "#FFFFFF",
        "corona": null,
        "dutyCycle": "Always()"
      }
    },
    {
      "parent": "/Far__x2_z10/Far__x2_z10_LFS/Far_Station_MachineFactory/SilosCranes/Roundhouse/Collider/roundhouse/%GROUP%_Mesh001A270759002D4F",
      "position": "(0,0.25,-0.5)",
      "hash": "08A602A714298C1A0:08A53CA65F298C350",
      "properties": {
        "type": "Point",
        "intensity": 0.5,
        "range": 10.0,
        "colour": "#FFFFFF",
        "corona": null,
        "dutyCycle": "Always()"
      }
    },
    {
      "parent": "/Far__x2_z10/Far__x2_z10_LFS/Far_Station_MachineFactory/SilosCranes/Roundhouse/Collider/roundhouse/%GROUP%_Mesh002352062D00143F",
      "position": "(0,0.285,-0.04)",
      "rotation": "(0,-0.24503836,0,0.9695134)",
      "hash": "08BF2DA54D2994610:08BF1FA5492995160",
      "properties": {
        "type": "Point",
        "intensity": 0.5,
        "range": 10.0,
        "colour": "#FFFFFF",
        "corona": {
          "sprite": "corona_flare02.png",
          "scale": 0.87,
          "range": 100.0
        },
        "dutyCycle": "Always()"
      }
    },
    {
      "parent": "/Far__x2_z10/Far__x2_z10_LFS/Far_Station_MachineFactory/SilosCranes/Roundhouse/Collider/roundhouse/%GROUP%_Mesh0026540633000E0D",
      "position": "(0,0.285,-0.04)",
      "hash": "08C603A5532997510:08C55EA54F2998080",
      "properties": {
        "type": "Point",
        "intensity": 0.5,
        "range": 10.0,
        "colour": "#FFFFFF",
        "corona": {
          "sprite": "corona_flare02.png",
          "scale": 0.87,
          "range": 100.0
        },
        "dutyCycle": "Always()"
      }
    },
    {
      "parent": "/Far__x2_z10/Far__x2_z10_LFS/Far_Station_MachineFactory/SilosCranes/Roundhouse/Collider/roundhouse/%GROUP%_Mesh00310C0644001C22",
      "position": "(0,0.285,-0.04)",
      "rotation": "(0,0.969517648,0,0.245021746)",
      "hash": "08B80CA60029A2300:08B81AA56029A2170",
      "properties": {
        "type": "Point",
        "intensity": 0.5,
        "range": 10.0,
        "colour": "#FFFFFF",
        "corona": {
          "sprite": "corona_flare02.png",
          "scale": 0.87,
          "range": 100.0
        },
        "dutyCycle": "Always()"
      }
    },
    {
      "parent": "/Far__x2_z10/Far__x2_z10_LFS/Far_Station_MachineFactory/SilosCranes/Roundhouse/Collider/roundhouse/%GROUP%_Mesh00351D0647001326",
      "position": "(0,0.285,-0.04)",
      "hash": "08C113A60329A6280:08C11CA56329A60C0",
      "properties": {
        "type": "Point",
        "intensity": 0.5,
        "range": 10.0,
        "colour": "#FFFFFF",
        "corona": {
          "sprite": "corona_flare02.png",
          "scale": 0.87,
          "range": 100.0
        },
        "dutyCycle": "Always()"
      }
    },
    {
      "parent": "/Far__x2_z10/Far__x2_z10_LFS/Far_Station_MachineFactory/CivilBuildings/House_04 (1)/collider/%GROUP%_Mesh006922000C008549",
      "position": "(0.75,12.25,0)",
      "rotation": "(-0.7071068,0,0,0.7071068)",
      "hash": "08E33D9F122954530:08E423AB2B29545E0",
      "properties": {
        "type": "Point",
        "intensity": 1.0,
        "range": 30.0,
        "colour": "#FFFFFF",
        "corona": {
          "sprite": "corona_white01.png",
          "scale": 1.0,
          "range": 100.0
        },
        "dutyCycle": "DuskTillDawn()"
      }
    },
    {
      "parent": "/Far__x2_z10/Far__x2_z10_LFS/Far_Station_MachineFactory/CivilBuildings/House_04 (1)/collider/%GROUP%_Mesh006922000C008549",
      "position": "(0,12.25,0.75)",
      "rotation": "(-0.7071068,0,0,0.7071068)",
      "hash": "08E33D9F122954530:08E331AB2B2955390",
      "properties": {
        "type": "Point",
        "intensity": 1.0,
        "range": 30.0,
        "colour": "#FFFFFF",
        "corona": {
          "sprite": "corona_white01.png",
          "scale": 1.0,
          "range": 100.0
        },
        "dutyCycle": "DuskTillDawn()"
      }
    },
    {
      "parent": "/Far__x2_z10/Far__x2_z10_LFS/Far_Station_MachineFactory/CivilBuildings/House_04 (1)/collider/%GROUP%_Mesh006922000C008549",
      "position": "(-0.75,12.25,0)",
      "rotation": "(-0.7071068,0,0,0.7071068)",
      "hash": "08E33D9F122954530:08E257AB2B2954470",
      "properties": {
        "type": "Point",
        "intensity": 1.0,
        "range": 30.0,
        "colour": "#FFFFFF",
        "corona": {
          "sprite": "corona_white01.png",
          "scale": 1.0,
          "range": 100.0
        },
        "dutyCycle": "DuskTillDawn()"
      }
    },
    {
      "parent": "/Far__x2_z10/Far__x2_z10_LFS/Far_Station_MachineFactory/CivilBuildings/House_04 (1)/collider/%GROUP%_Mesh006922000C008549",
      "position": "(0,12.25,-0.75)",
      "rotation": "(-0.7071068,0,0,0.7071068)",
      "hash": "08E33D9F122954530:08E349AB2B2954090",
      "properties": {
        "type": "Point",
        "intensity": 1.0,
        "range": 30.0,
        "colour": "#FFFFFF",
        "corona": {
          "sprite": "corona_white01.png",
          "scale": 1.0,
          "range": 100.0
        },
        "dutyCycle": "DuskTillDawn()"
      }
    }
  ],
  "meshes": [
    {
      "parent": "/Far__x2_z10/Far__x2_z10_LFS/Far_Station_MachineFactory/CivilBuildings/House_04 (1)/collider",
      "position": "(-66.5120239,-0.129928589,-165.3496)",
      "rotation": "(0,0.882947564,0,0.4694716)",
      "hash": "0876329F1F28D20E0:08BD469F122975350",
      "properties": {
        "file": "meshes_lampposts.assetbundle",
        "mesh": "YardLamp_Floor"
      }
    },
    {
      "parent": "/Far__x2_z10/Far__x2_z10_LFS/Far_Station_MachineFactory/CivilBuildings/House_04 (1)/collider",
      "position": "(-93.51738,-0.129928589,-184.651077)",
      "rotation": "(0,0.9953962,0,0.09584576)",
      "hash": "0876329F1F28D20E0:08D9189F122988060",
      "properties": {
        "file": "meshes_lampposts.assetbundle",
        "mesh": "YardLamp_Floor"
      }
    },
    {
      "parent": "/Far__x2_z10/Far__x2_z10_LFS/Far_Station_MachineFactory/SilosCranes/Roundhouse/Collider/roundhouse",
      "position": "(-51.9218826,7.89006042,-9.12891)",
      "rotation": "(0.9975641,0,0.06975651,0)",
      "hash": "08D3059F1F2970390:08CB29A71429A4490",
      "properties": {
        "file": "meshes_lampposts.assetbundle",
        "mesh": "IndustrialLamp_Ceiling"
      }
    },
    {
      "parent": "/Far__x2_z10/Far__x2_z10_LFS/Far_Station_MachineFactory/SilosCranes/Roundhouse/Collider/roundhouse",
      "position": "(-49.9556046,7.89006042,-18.13344)",
      "rotation": "(0.987688363,0,0.1564345,0)",
      "hash": "08D3059F1F2970390:08C223A71429A3020",
      "properties": {
        "file": "meshes_lampposts.assetbundle",
        "mesh": "IndustrialLamp_Ceiling"
      }
    },
    {
      "parent": "/Far__x2_z10/Far__x2_z10_LFS/Far_Station_MachineFactory/SilosCranes/Roundhouse/Collider/roundhouse",
      "position": "(-46.0361252,7.89006042,-26.5992165)",
      "rotation": "(0.9702957,0,0.241921917,0)",
      "hash": "08D3059F1F2970390:08B94EA714299F230",
      "properties": {
        "file": "meshes_lampposts.assetbundle",
        "mesh": "IndustrialLamp_Ceiling"
      }
    },
    {
      "parent": "/Far__x2_z10/Far__x2_z10_LFS/Far_Station_MachineFactory/SilosCranes/Roundhouse/Collider/roundhouse",
      "position": "(-40.4332352,7.89006042,-33.9711876)",
      "rotation": "(0.9455186,0,0.325568169,0)",
      "hash": "08D3059F1F2970390:08B219A7142999600",
      "properties": {
        "file": "meshes_lampposts.assetbundle",
        "mesh": "IndustrialLamp_Ceiling"
      }
    },
    {
      "parent": "/Far__x2_z10/Far__x2_z10_LFS/Far_Station_MachineFactory/SilosCranes/Roundhouse/Collider/roundhouse",
      "position": "(-34.20834,7.89006042,-40.7155533)",
      "rotation": "(0.9135455,0,0.4067366,0)",
      "hash": "08D3059F1F2970390:08AB21A71429935D0",
      "properties": {
        "file": "meshes_lampposts.assetbundle",
        "mesh": "IndustrialLamp_Ceiling"
      }
    },
    {
      "parent": "/Far__x2_z10/Far__x2_z10_LFS/Far_Station_MachineFactory/SilosCranes/Roundhouse/Collider/roundhouse",
      "position": "(-26.395298,7.89006042,-45.79975)",
      "rotation": "(0.8746197,0,0.4848096,0)",
      "hash": "08D3059F1F2970390:08A602A714298C1A0",
      "properties": {
        "file": "meshes_lampposts.assetbundle",
        "mesh": "IndustrialLamp_Ceiling"
      }
    },
    {
      "parent": "/Far__x2_z10/Far__x2_z10_LFS/Far_Station_MachineFactory/SilosCranes/Roundhouse/Collider/roundhouse",
      "position": "(-35.82306,6.459793,-20.631319)",
      "rotation": "(-0.1732683,0.685549557,0.6855495,0.1732683)",
      "hash": "08D3059F1F2970390:08BF2DA54D2994610",
      "properties": {
        "file": "meshes_lampposts.assetbundle",
        "mesh": "FloodLight_Wall"
      }
    },
    {
      "parent": "/Far__x2_z10/Far__x2_z10_LFS/Far_Station_MachineFactory/SilosCranes/Roundhouse/Collider/roundhouse",
      "position": "(-38.8482323,6.511627,-14.1335506)",
      "rotation": "(-0.112857386,0.698042452,0.698042452,0.112857386)",
      "hash": "08D3059F1F2970390:08C603A5532997510",
      "properties": {
        "file": "meshes_lampposts.assetbundle",
        "mesh": "FloodLight_Wall"
      }
    },
    {
      "parent": "/Far__x2_z10/Far__x2_z10_LFS/Far_Station_MachineFactory/SilosCranes/Roundhouse/Collider/roundhouse",
      "position": "(-49.1205826,6.688629,-28.3411026)",
      "rotation": "(-0.6855524,-0.173256546,-0.173256546,0.6855525)",
      "hash": "08D3059F1F2970390:08B80CA60029A2300",
      "properties": {
        "file": "meshes_lampposts.assetbundle",
        "mesh": "FloodLight_Wall"
      }
    },
    {
      "parent": "/Far__x2_z10/Far__x2_z10_LFS/Far_Station_MachineFactory/SilosCranes/Roundhouse/Collider/roundhouse",
      "position": "(-53.29232,6.718048,-19.3884163)",
      "rotation": "(-0.6980411,-0.11286591,-0.11286591,0.698041)",
      "hash": "08D3059F1F2970390:08C113A60329A6280",
      "properties": {
        "file": "meshes_lampposts.assetbundle",
        "mesh": "FloodLight_Wall"
      }
    },
    {
      "parent": "/Far__x2_z10/Far__x2_z10_LFS/Far_Station_MachineFactory/CivilBuildings/House_04 (1)/collider",
      "position": "(-105.343033,-0.129928589,-133.737778)",
      "rotation": "(0,-0.07845905,0,0.996917367)",
      "hash": "0876329F1F28D20E0:08E33D9F122954530",
      "properties": {
        "file": "meshes_lampposts.assetbundle",
        "mesh": "YardLamp_Floor"
      }
    }
  ],
  "decorations": []
}