{
  "version": 97,
  "enabled": true,
  "lights": [
    {
      "parent": "/Far__x2_z10/Far__x2_z10_LFS/Far_Station_MachineFactory/CivilBuildings/House_04 (1)/collider/%GROUP%_Mesh01052E000C00DA59",
      "position": "(0.75,12.25,0)",
      "rotation": "(-0.7071068,0,0,0.7071068)",
      "hash": "0982099F1229A5320:098122AB2B29A5350",
      "properties": {
        "type": "Point",
        "intensity": 1.0,
        "range": 30.0,
        "colour": "#FFFFFF",
        "corona": {
          "sprite": "corona_white01.png",
          "scale": 1.0,
          "range": 100.0
        },
        "dutyCycle": "DuskTillDawn()"
      }
    },
    {
      "parent": "/Far__x2_z10/Far__x2_z10_LFS/Far_Station_MachineFactory/CivilBuildings/House_04 (1)/collider/%GROUP%_Mesh01052E000C00DA59",
      "position": "(0,12.25,0.75)",
      "rotation": "(-0.7071068,0,0,0.7071068)",
      "hash": "0982099F1229A5320:098207AB2B29A44B0",
      "properties": {
        "type": "Point",
        "intensity": 1.0,
        "range": 30.0,
        "colour": "#FFFFFF",
        "corona": {
          "sprite": "corona_white01.png",
          "scale": 1.0,
          "range": 100.0
        },
        "dutyCycle": "DuskTillDawn()"
      }
    },
    {
      "parent": "/Far__x2_z10/Far__x2_z10_LFS/Far_Station_MachineFactory/CivilBuildings/House_04 (1)/collider/%GROUP%_Mesh01052E000C00DA59",
      "position": "(-0.75,12.25,0)",
      "rotation": "(-0.7071068,0,0,0.7071068)",
      "hash": "0982099F1229A5320:098254AB2B29A52F0",
      "properties": {
        "type": "Point",
        "intensity": 1.0,
        "range": 30.0,
        "colour": "#FFFFFF",
        "corona": {
          "sprite": "corona_white01.png",
          "scale": 1.0,
          "range": 100.0
        },
        "dutyCycle": "DuskTillDawn()"
      }
    },
    {
      "parent": "/Far__x2_z10/Far__x2_z10_LFS/Far_Station_MachineFactory/CivilBuildings/House_04 (1)/collider/%GROUP%_Mesh01052E000C00DA59",
      "position": "(0,12.25,-0.75)",
      "rotation": "(-0.7071068,0,0,0.7071068)",
      "hash": "0982099F1229A5320:09820CAB2B29A6190",
      "properties": {
        "type": "Point",
        "intensity": 1.0,
        "range": 30.0,
        "colour": "#FFFFFF",
        "corona": {
          "sprite": "corona_white01.png",
          "scale": 1.0,
          "range": 100.0
        },
        "dutyCycle": "DuskTillDawn()"
      }
    },
    {
      "parent": "/Far__x2_z10/Far__x2_z10_LFS/Far_Station_MachineFactory/CivilBuildings/House_04 (1)/collider/%GROUP%_Mesh01052E000C010313",
      "position": "(0.75,12.25,0)",
      "rotation": "(-0.7071068,0,0,0.7071068)",
      "hash": "0983199F1229CD4E0:098400AB2B29CD4C0",
      "properties": {
        "type": "Point",
        "intensity": 1.0,
        "range": 30.0,
        "colour": "#FFFFFF",
        "corona": {
          "sprite": "corona_white01.png",
          "scale": 1.0,
          "range": 100.0
        },
        "dutyCycle": "DuskTillDawn()"
      }
    },
    {
      "parent": "/Far__x2_z10/Far__x2_z10_LFS/Far_Station_MachineFactory/CivilBuildings/House_04 (1)/collider/%GROUP%_Mesh01052E000C010313",
      "position": "(0,12.25,0.75)",
      "rotation": "(-0.7071068,0,0,0.7071068)",
      "hash": "0983199F1229CD4E0:09831BAB2B29CE350",
      "properties": {
        "type": "Point",
        "intensity": 1.0,
        "range": 30.0,
        "colour": "#FFFFFF",
        "corona": {
          "sprite": "corona_white01.png",
          "scale": 1.0,
          "range": 100.0
        },
        "dutyCycle": "DuskTillDawn()"
      }
    },
    {
      "parent": "/Far__x2_z10/Far__x2_z10_LFS/Far_Station_MachineFactory/CivilBuildings/House_04 (1)/collider/%GROUP%_Mesh01052E000C010313",
      "position": "(-0.75,12.25,0)",
      "rotation": "(-0.7071068,0,0,0.7071068)",
      "hash": "0983199F1229CD4E0:098232AB2B29CD510",
      "properties": {
        "type": "Point",
        "intensity": 1.0,
        "range": 30.0,
        "colour": "#FFFFFF",
        "corona": {
          "sprite": "corona_white01.png",
          "scale": 1.0,
          "range": 100.0
        },
        "dutyCycle": "DuskTillDawn()"
      }
    },
    {
      "parent": "/Far__x2_z10/Far__x2_z10_LFS/Far_Station_MachineFactory/CivilBuildings/House_04 (1)/collider/%GROUP%_Mesh01052E000C010313",
      "position": "(0,12.25,-0.75)",
      "rotation": "(-0.7071068,0,0,0.7071068)",
      "hash": "0983199F1229CD4E0:098316AB2B29CD030",
      "properties": {
        "type": "Point",
        "intensity": 1.0,
        "range": 30.0,
        "colour": "#FFFFFF",
        "corona": {
          "sprite": "corona_white01.png",
          "scale": 1.0,
          "range": 100.0
        },
        "dutyCycle": "DuskTillDawn()"
      }
    },
    {
      "parent": "/Far__x2_z10/Far__x2_z10_LFS/Far_Station_MachineFactory/CivilBuildings/House_04 (1)/collider/%GROUP%_Mesh010532000C012B28",
      "position": "(0.75,12.25,0)",
      "rotation": "(-0.7071068,0,0,0.7071068)",
      "hash": "09842B9F1229F5620:098512AB2B29F55F0",
      "properties": {
        "type": "Point",
        "intensity": 1.0,
        "range": 30.0,
        "colour": "#FFFFFF",
        "corona": {
          "sprite": "corona_white01.png",
          "scale": 1.0,
          "range": 100.0
        },
        "dutyCycle": "DuskTillDawn()"
      }
    },
    {
      "parent": "/Far__x2_z10/Far__x2_z10_LFS/Far_Station_MachineFactory/CivilBuildings/House_04 (1)/collider/%GROUP%_Mesh010532000C012B28",
      "position": "(0,12.25,0.75)",
      "rotation": "(-0.7071068,0,0,0.7071068)",
      "hash": "09842B9F1229F5620:09842DAB2B29F6490",
      "properties": {
        "type": "Point",
        "intensity": 1.0,
        "range": 30.0,
        "colour": "#FFFFFF",
        "corona": {
          "sprite": "corona_white01.png",
          "scale": 1.0,
          "range": 100.0
        },
        "dutyCycle": "DuskTillDawn()"
      }
    },
    {
      "parent": "/Far__x2_z10/Far__x2_z10_LFS/Far_Station_MachineFactory/CivilBuildings/House_04 (1)/collider/%GROUP%_Mesh010532000C012B28",
      "position": "(-0.75,12.25,0)",
      "rotation": "(-0.7071068,0,0,0.7071068)",
      "hash": "09842B9F1229F5620:098344AB2B29F6010",
      "properties": {
        "type": "Point",
        "intensity": 1.0,
        "range": 30.0,
        "colour": "#FFFFFF",
        "corona": {
          "sprite": "corona_white01.png",
          "scale": 1.0,
          "range": 100.0
        },
        "dutyCycle": "DuskTillDawn()"
      }
    },
    {
      "parent": "/Far__x2_z10/Far__x2_z10_LFS/Far_Station_MachineFactory/CivilBuildings/House_04 (1)/collider/%GROUP%_Mesh010532000C012B28",
      "position": "(0,12.25,-0.75)",
      "rotation": "(-0.7071068,0,0,0.7071068)",
      "hash": "09842B9F1229F5620:098428AB2B29F5170",
      "properties": {
        "type": "Point",
        "intensity": 1.0,
        "range": 30.0,
        "colour": "#FFFFFF",
        "corona": {
          "sprite": "corona_white01.png",
          "scale": 1.0,
          "range": 100.0
        },
        "dutyCycle": "DuskTillDawn()"
      }
    },
    {
      "parent": "/Far__x2_z10/Far__x2_z10_LFS/Far_Station_MachineFactory/Roads/Flat_40x40 (5)/Collider/%GROUP%_Mesh000B370004001810",
      "position": "(0.75,12.25,0)",
      "rotation": "(-0.7071068,0,0,0.7071068)",
      "hash": "09853D9F1A2A1D480:098624AB332A1D460",
      "properties": {
        "type": "Point",
        "intensity": 1.0,
        "range": 30.0,
        "colour": "#FFFFFF",
        "corona": {
          "sprite": "corona_white01.png",
          "scale": 1.0,
          "range": 100.0
        },
        "dutyCycle": "DuskTillDawn()"
      }
    },
    {
      "parent": "/Far__x2_z10/Far__x2_z10_LFS/Far_Station_MachineFactory/Roads/Flat_40x40 (5)/Collider/%GROUP%_Mesh000B370004001810",
      "position": "(0,12.25,0.75)",
      "rotation": "(-0.7071068,0,0,0.7071068)",
      "hash": "09853D9F1A2A1D480:098540AB332A1E2F0",
      "properties": {
        "type": "Point",
        "intensity": 1.0,
        "range": 30.0,
        "colour": "#FFFFFF",
        "corona": {
          "sprite": "corona_white01.png",
          "scale": 1.0,
          "range": 100.0
        },
        "dutyCycle": "DuskTillDawn()"
      }
    },
    {
      "parent": "/Far__x2_z10/Far__x2_z10_LFS/Far_Station_MachineFactory/Roads/Flat_40x40 (5)/Collider/%GROUP%_Mesh000B370004001810",
      "position": "(-0.75,12.25,0)",
      "rotation": "(-0.7071068,0,0,0.7071068)",
      "hash": "09853D9F1A2A1D480:098456AB332A1D4B0",
      "properties": {
        "type": "Point",
        "intensity": 1.0,
        "range": 30.0,
        "colour": "#FFFFFF",
        "corona": {
          "sprite": "corona_white01.png",
          "scale": 1.0,
          "range": 100.0
        },
        "dutyCycle": "DuskTillDawn()"
      }
    },
    {
      "parent": "/Far__x2_z10/Far__x2_z10_LFS/Far_Station_MachineFactory/Roads/Flat_40x40 (5)/Collider/%GROUP%_Mesh000B370004001810",
      "position": "(0,12.25,-0.75)",
      "rotation": "(-0.7071068,0,0,0.7071068)",
      "hash": "09853D9F1A2A1D480:09853BAB332A1C610",
      "properties": {
        "type": "Point",
        "intensity": 1.0,
        "range": 30.0,
        "colour": "#FFFFFF",
        "corona": {
          "sprite": "corona_white01.png",
          "scale": 1.0,
          "range": 100.0
        },
        "dutyCycle": "DuskTillDawn()"
      }
    },
    {
      "parent": "/Far__x2_z10/Far__x2_z10_LFS/Far_Station_MachineFactory/Roads/Flat_40x40 (4)/Collider/%GROUP%_Mesh000B36000400180F",
      "position": "(0.75,12.25,0)",
      "rotation": "(-0.7071068,0,0,0.7071068)",
      "hash": "09864A9F1A2A45460:098731AB332A45430",
      "properties": {
        "type": "Point",
        "intensity": 1.0,
        "range": 30.0,
        "colour": "#FFFFFF",
        "corona": {
          "sprite": "corona_white01.png",
          "scale": 1.0,
          "range": 100.0
        },
        "dutyCycle": "DuskTillDawn()"
      }
    },
    {
      "parent": "/Far__x2_z10/Far__x2_z10_LFS/Far_Station_MachineFactory/Roads/Flat_40x40 (4)/Collider/%GROUP%_Mesh000B36000400180F",
      "position": "(0,12.25,0.75)",
      "rotation": "(-0.7071068,0,0,0.7071068)",
      "hash": "09864A9F1A2A45460:09864CAB332A462D0",
      "properties": {
        "type": "Point",
        "intensity": 1.0,
        "range": 30.0,
        "colour": "#FFFFFF",
        "corona": {
          "sprite": "corona_white01.png",
          "scale": 1.0,
          "range": 100.0
        },
        "dutyCycle": "DuskTillDawn()"
      }
    },
    {
      "parent": "/Far__x2_z10/Far__x2_z10_LFS/Far_Station_MachineFactory/Roads/Flat_40x40 (4)/Collider/%GROUP%_Mesh000B36000400180F",
      "position": "(-0.75,12.25,0)",
      "rotation": "(-0.7071068,0,0,0.7071068)",
      "hash": "09864A9F1A2A45460:098563AB332A45480",
      "properties": {
        "type": "Point",
        "intensity": 1.0,
        "range": 30.0,
        "colour": "#FFFFFF",
        "corona": {
          "sprite": "corona_white01.png",
          "scale": 1.0,
          "range": 100.0
        },
        "dutyCycle": "DuskTillDawn()"
      }
    },
    {
      "parent": "/Far__x2_z10/Far__x2_z10_LFS/Far_Station_MachineFactory/Roads/Flat_40x40 (4)/Collider/%GROUP%_Mesh000B36000400180F",
      "position": "(0,12.25,-0.75)",
      "rotation": "(-0.7071068,0,0,0.7071068)",
      "hash": "09864A9F1A2A45460:098647AB332A445F0",
      "properties": {
        "type": "Point",
        "intensity": 1.0,
        "range": 30.0,
        "colour": "#FFFFFF",
        "corona": {
          "sprite": "corona_white01.png",
          "scale": 1.0,
          "range": 100.0
        },
        "dutyCycle": "DuskTillDawn()"
      }
    },
    {
      "parent": "/Far__x2_z10/Far__x2_z10_LFS/Far_Station_MachineFactory/Roads/Flat_40x40 (3)/Collider/%GROUP%_Mesh000B300004001803",
      "position": "(0.75,12.25,0)",
      "rotation": "(-0.7071068,0,0,0.7071068)",
      "hash": "0987529F1A2A6D390:098839AB332A6D360",
      "properties": {
        "type": "Point",
        "intensity": 1.0,
        "range": 30.0,
        "colour": "#FFFFFF",
        "corona": {
          "sprite": "corona_white01.png",
          "scale": 1.0,
          "range": 100.0
        },
        "dutyCycle": "DuskTillDawn()"
      }
    },
    {
      "parent": "/Far__x2_z10/Far__x2_z10_LFS/Far_Station_MachineFactory/Roads/Flat_40x40 (3)/Collider/%GROUP%_Mesh000B300004001803",
      "position": "(0,12.25,0.75)",
      "rotation": "(-0.7071068,0,0,0.7071068)",
      "hash": "0987529F1A2A6D390:098755AB332A6E200",
      "properties": {
        "type": "Point",
        "intensity": 1.0,
        "range": 30.0,
        "colour": "#FFFFFF",
        "corona": {
          "sprite": "corona_white01.png",
          "scale": 1.0,
          "range": 100.0
        },
        "dutyCycle": "DuskTillDawn()"
      }
    },
    {
      "parent": "/Far__x2_z10/Far__x2_z10_LFS/Far_Station_MachineFactory/Roads/Flat_40x40 (3)/Collider/%GROUP%_Mesh000B300004001803",
      "position": "(-0.75,12.25,0)",
      "rotation": "(-0.7071068,0,0,0.7071068)",
      "hash": "0987529F1A2A6D390:098707AB332A6D3B0",
      "properties": {
        "type": "Point",
        "intensity": 1.0,
        "range": 30.0,
        "colour": "#FFFFFF",
        "corona": {
          "sprite": "corona_white01.png",
          "scale": 1.0,
          "range": 100.0
        },
        "dutyCycle": "DuskTillDawn()"
      }
    },
    {
      "parent": "/Far__x2_z10/Far__x2_z10_LFS/Far_Station_MachineFactory/Roads/Flat_40x40 (3)/Collider/%GROUP%_Mesh000B300004001803",
      "position": "(0,12.25,-0.75)",
      "rotation": "(-0.7071068,0,0,0.7071068)",
      "hash": "0987529F1A2A6D390:09874FAB332A6C520",
      "properties": {
        "type": "Point",
        "intensity": 1.0,
        "range": 30.0,
        "colour": "#FFFFFF",
        "corona": {
          "sprite": "corona_white01.png",
          "scale": 1.0,
          "range": 100.0
        },
        "dutyCycle": "DuskTillDawn()"
      }
    },
    {
      "parent": "/Far__x2_z10/Far__x2_z10_LFS/Far_Station_MachineFactory/Roads/Flat_40x40 (2)/Collider/%GROUP%_Mesh000B4B000400173A",
      "position": "(0.75,12.25,0)",
      "rotation": "(-0.7071068,0,0,0.7071068)",
      "hash": "0989169F1A2A95080:098961AB332A95060",
      "properties": {
        "type": "Point",
        "intensity": 1.0,
        "range": 30.0,
        "colour": "#FFFFFF",
        "corona": {
          "sprite": "corona_white01.png",
          "scale": 1.0,
          "range": 100.0
        },
        "dutyCycle": "DuskTillDawn()"
      }
    },
    {
      "parent": "/Far__x2_z10/Far__x2_z10_LFS/Far_Station_MachineFactory/Roads/Flat_40x40 (2)/Collider/%GROUP%_Mesh000B4B000400173A",
      "position": "(0,12.25,0.75)",
      "rotation": "(-0.7071068,0,0,0.7071068)",
      "hash": "0989169F1A2A95080:098918AB332A95530",
      "properties": {
        "type": "Point",
        "intensity": 1.0,
        "range": 30.0,
        "colour": "#FFFFFF",
        "corona": {
          "sprite": "corona_white01.png",
          "scale": 1.0,
          "range": 100.0
        },
        "dutyCycle": "DuskTillDawn()"
      }
    },
    {
      "parent": "/Far__x2_z10/Far__x2_z10_LFS/Far_Station_MachineFactory/Roads/Flat_40x40 (2)/Collider/%GROUP%_Mesh000B4B000400173A",
      "position": "(-0.75,12.25,0)",
      "rotation": "(-0.7071068,0,0,0.7071068)",
      "hash": "0989169F1A2A95080:09882FAB332A950B0",
      "properties": {
        "type": "Point",
        "intensity": 1.0,
        "range": 30.0,
        "colour": "#FFFFFF",
        "corona": {
          "sprite": "corona_white01.png",
          "scale": 1.0,
          "range": 100.0
        },
        "dutyCycle": "DuskTillDawn()"
      }
    },
    {
      "parent": "/Far__x2_z10/Far__x2_z10_LFS/Far_Station_MachineFactory/Roads/Flat_40x40 (2)/Collider/%GROUP%_Mesh000B4B000400173A",
      "position": "(0,12.25,-0.75)",
      "rotation": "(-0.7071068,0,0,0.7071068)",
      "hash": "0989169F1A2A95080:098913AB332A94210",
      "properties": {
        "type": "Point",
        "intensity": 1.0,
        "range": 30.0,
        "colour": "#FFFFFF",
        "corona": {
          "sprite": "corona_white01.png",
          "scale": 1.0,
          "range": 100.0
        },
        "dutyCycle": "DuskTillDawn()"
      }
    },
    {
      "parent": "/Far__x2_z10/Far__x2_z10_LFS/Far_Station_MachineFactory/Roads/Flat_40x40 (1)/Collider/%GROUP%_Mesh000B4C0004001808",
      "position": "(0.75,12.25,0)",
      "rotation": "(-0.7071068,0,0,0.7071068)",
      "hash": "098A259F1A2ABD390:09893EAB332ABD3D0",
      "properties": {
        "type": "Point",
        "intensity": 1.0,
        "range": 30.0,
        "colour": "#FFFFFF",
        "corona": {
          "sprite": "corona_white01.png",
          "scale": 1.0,
          "range": 100.0
        },
        "dutyCycle": "DuskTillDawn()"
      }
    },
    {
      "parent": "/Far__x2_z10/Far__x2_z10_LFS/Far_Station_MachineFactory/Roads/Flat_40x40 (1)/Collider/%GROUP%_Mesh000B4C0004001808",
      "position": "(0,12.25,0.75)",
      "rotation": "(-0.7071068,0,0,0.7071068)",
      "hash": "098A259F1A2ABD390:098A21AB332ABC520",
      "properties": {
        "type": "Point",
        "intensity": 1.0,
        "range": 30.0,
        "colour": "#FFFFFF",
        "corona": {
          "sprite": "corona_white01.png",
          "scale": 1.0,
          "range": 100.0
        },
        "dutyCycle": "DuskTillDawn()"
      }
    },
    {
      "parent": "/Far__x2_z10/Far__x2_z10_LFS/Far_Station_MachineFactory/Roads/Flat_40x40 (1)/Collider/%GROUP%_Mesh000B4C0004001808",
      "position": "(-0.75,12.25,0)",
      "rotation": "(-0.7071068,0,0,0.7071068)",
      "hash": "098A259F1A2ABD390:098B0CAB332ABD350",
      "properties": {
        "type": "Point",
        "intensity": 1.0,
        "range": 30.0,
        "colour": "#FFFFFF",
        "corona": {
          "sprite": "corona_white01.png",
          "scale": 1.0,
          "range": 100.0
        },
        "dutyCycle": "DuskTillDawn()"
      }
    },
    {
      "parent": "/Far__x2_z10/Far__x2_z10_LFS/Far_Station_MachineFactory/Roads/Flat_40x40 (1)/Collider/%GROUP%_Mesh000B4C0004001808",
      "position": "(0,12.25,-0.75)",
      "rotation": "(-0.7071068,0,0,0.7071068)",
      "hash": "098A259F1A2ABD390:098A29AB332ABE200",
      "properties": {
        "type": "Point",
        "intensity": 1.0,
        "range": 30.0,
        "colour": "#FFFFFF",
        "corona": {
          "sprite": "corona_white01.png",
          "scale": 1.0,
          "range": 100.0
        },
        "dutyCycle": "DuskTillDawn()"
      }
    },
    {
      "parent": "/Far__x2_z10/Far__x2_z10_LFS/Far_Station_MachineFactory/Roads/Flat_40x40/Collider/%GROUP%_Mesh000B580004001727",
      "position": "(0.75,12.25,0)",
      "rotation": "(-0.7071068,0,0,0.7071068)",
      "hash": "098B3D9F1A2AE4560:098C24AB332AE4520",
      "properties": {
        "type": "Point",
        "intensity": 1.0,
        "range": 30.0,
        "colour": "#FFFFFF",
        "corona": {
          "sprite": "corona_white01.png",
          "scale": 1.0,
          "range": 100.0
        },
        "dutyCycle": "DuskTillDawn()"
      }
    },
    {
      "parent": "/Far__x2_z10/Far__x2_z10_LFS/Far_Station_MachineFactory/Roads/Flat_40x40/Collider/%GROUP%_Mesh000B580004001727",
      "position": "(0,12.25,0.75)",
      "rotation": "(-0.7071068,0,0,0.7071068)",
      "hash": "098B3D9F1A2AE4560:098B41AB332AE53D0",
      "properties": {
        "type": "Point",
        "intensity": 1.0,
        "range": 30.0,
        "colour": "#FFFFFF",
        "corona": {
          "sprite": "corona_white01.png",
          "scale": 1.0,
          "range": 100.0
        },
        "dutyCycle": "DuskTillDawn()"
      }
    },
    {
      "parent": "/Far__x2_z10/Far__x2_z10_LFS/Far_Station_MachineFactory/Roads/Flat_40x40/Collider/%GROUP%_Mesh000B580004001727",
      "position": "(-0.75,12.25,0)",
      "rotation": "(-0.7071068,0,0,0.7071068)",
      "hash": "098B3D9F1A2AE4560:098A56AB332AE45A0",
      "properties": {
        "type": "Point",
        "intensity": 1.0,
        "range": 30.0,
        "colour": "#FFFFFF",
        "corona": {
          "sprite": "corona_white01.png",
          "scale": 1.0,
          "range": 100.0
        },
        "dutyCycle": "DuskTillDawn()"
      }
    },
    {
      "parent": "/Far__x2_z10/Far__x2_z10_LFS/Far_Station_MachineFactory/Roads/Flat_40x40/Collider/%GROUP%_Mesh000B580004001727",
      "position": "(0,12.25,-0.75)",
      "rotation": "(-0.7071068,0,0,0.7071068)",
      "hash": "098B3D9F1A2AE4560:098B39AB332AE40B0",
      "properties": {
        "type": "Point",
        "intensity": 1.0,
        "range": 30.0,
        "colour": "#FFFFFF",
        "corona": {
          "sprite": "corona_white01.png",
          "scale": 1.0,
          "range": 100.0
        },
        "dutyCycle": "DuskTillDawn()"
      }
    },
    {
      "parent": "/Far__x2_z10/Far__x2_z10_LFS/Far_Station_MachineFactory/Roads/Road_30x8 (11)/Collider/%GROUP%_Mesh010B09000C013C60",
      "position": "(0.75,12.25,0)",
      "rotation": "(-0.7071068,0,0,0.7071068)",
      "hash": "098C629F122B0D290:098C17AB2B2B0D2D0",
      "properties": {
        "type": "Point",
        "intensity": 1.0,
        "range": 30.0,
        "colour": "#FFFFFF",
        "corona": {
          "sprite": "corona_white01.png",
          "scale": 1.0,
          "range": 100.0
        },
        "dutyCycle": "DuskTillDawn()"
      }
    },
    {
      "parent": "/Far__x2_z10/Far__x2_z10_LFS/Far_Station_MachineFactory/Roads/Road_30x8 (11)/Collider/%GROUP%_Mesh010B09000C013C60",
      "position": "(0,12.25,0.75)",
      "rotation": "(-0.7071068,0,0,0.7071068)",
      "hash": "098C629F122B0D290:098C5EAB2B2B0C420",
      "properties": {
        "type": "Point",
        "intensity": 1.0,
        "range": 30.0,
        "colour": "#FFFFFF",
        "corona": {
          "sprite": "corona_white01.png",
          "scale": 1.0,
          "range": 100.0
        },
        "dutyCycle": "DuskTillDawn()"
      }
    },
    {
      "parent": "/Far__x2_z10/Far__x2_z10_LFS/Far_Station_MachineFactory/Roads/Road_30x8 (11)/Collider/%GROUP%_Mesh010B09000C013C60",
      "position": "(-0.75,12.25,0)",
      "rotation": "(-0.7071068,0,0,0.7071068)",
      "hash": "098C629F122B0D290:098D49AB2B2B0D250",
      "properties": {
        "type": "Point",
        "intensity": 1.0,
        "range": 30.0,
        "colour": "#FFFFFF",
        "corona": {
          "sprite": "corona_white01.png",
          "scale": 1.0,
          "range": 100.0
        },
        "dutyCycle": "DuskTillDawn()"
      }
    },
    {
      "parent": "/Far__x2_z10/Far__x2_z10_LFS/Far_Station_MachineFactory/Roads/Road_30x8 (11)/Collider/%GROUP%_Mesh010B09000C013C60",
      "position": "(0,12.25,-0.75)",
      "rotation": "(-0.7071068,0,0,0.7071068)",
      "hash": "098C629F122B0D290:098D02AB2B2B0E100",
      "properties": {
        "type": "Point",
        "intensity": 1.0,
        "range": 30.0,
        "colour": "#FFFFFF",
        "corona": {
          "sprite": "corona_white01.png",
          "scale": 1.0,
          "range": 100.0
        },
        "dutyCycle": "DuskTillDawn()"
      }
    },
    {
      "parent": "/Far__x2_z10/Far__x2_z10_LFS/Far_Station_MachineFactory/Roads/Flat_40x40 (13)/Collider/%GROUP%_Mesh000D3A0004001742",
      "position": "(0.75,12.25,0)",
      "rotation": "(-0.7071068,0,0,0.7071068)",
      "hash": "0965229F1A2AE6160:09643BAB332AE6190",
      "properties": {
        "type": "Point",
        "intensity": 1.0,
        "range": 30.0,
        "colour": "#FFFFFF",
        "corona": {
          "sprite": "corona_white01.png",
          "scale": 1.0,
          "range": 100.0
        },
        "dutyCycle": "DuskTillDawn()"
      }
    },
    {
      "parent": "/Far__x2_z10/Far__x2_z10_LFS/Far_Station_MachineFactory/Roads/Flat_40x40 (13)/Collider/%GROUP%_Mesh000D3A0004001742",
      "position": "(0,12.25,0.75)",
      "rotation": "(-0.7071068,0,0,0.7071068)",
      "hash": "0965229F1A2AE6160:09651FAB332AE52F0",
      "properties": {
        "type": "Point",
        "intensity": 1.0,
        "range": 30.0,
        "colour": "#FFFFFF",
        "corona": {
          "sprite": "corona_white01.png",
          "scale": 1.0,
          "range": 100.0
        },
        "dutyCycle": "DuskTillDawn()"
      }
    },
    {
      "parent": "/Far__x2_z10/Far__x2_z10_LFS/Far_Station_MachineFactory/Roads/Flat_40x40 (13)/Collider/%GROUP%_Mesh000D3A0004001742",
      "position": "(-0.75,12.25,0)",
      "rotation": "(-0.7071068,0,0,0.7071068)",
      "hash": "0965229F1A2AE6160:096609AB332AE6140",
      "properties": {
        "type": "Point",
        "intensity": 1.0,
        "range": 30.0,
        "colour": "#FFFFFF",
        "corona": {
          "sprite": "corona_white01.png",
          "scale": 1.0,
          "range": 100.0
        },
        "dutyCycle": "DuskTillDawn()"
      }
    },
    {
      "parent": "/Far__x2_z10/Far__x2_z10_LFS/Far_Station_MachineFactory/Roads/Flat_40x40 (13)/Collider/%GROUP%_Mesh000D3A0004001742",
      "position": "(0,12.25,-0.75)",
      "rotation": "(-0.7071068,0,0,0.7071068)",
      "hash": "0965229F1A2AE6160:096524AB332AE6610",
      "properties": {
        "type": "Point",
        "intensity": 1.0,
        "range": 30.0,
        "colour": "#FFFFFF",
        "corona": {
          "sprite": "corona_white01.png",
          "scale": 1.0,
          "range": 100.0
        },
        "dutyCycle": "DuskTillDawn()"
      }
    },
    {
      "parent": "/Far__x2_z10/Far__x2_z10_LFS/Far_Station_MachineFactory/Roads/Road_30x8 (11)/Collider/%GROUP%_Mesh00E44D000C013D21",
      "position": "(0.75,12.25,0)",
      "rotation": "(-0.7071068,0,0,0.7071068)",
      "hash": "0966449F122B0E570:09672BAB2B2B0E560",
      "properties": {
        "type": "Point",
        "intensity": 1.0,
        "range": 30.0,
        "colour": "#FFFFFF",
        "corona": {
          "sprite": "corona_white01.png",
          "scale": 1.0,
          "range": 100.0
        },
        "dutyCycle": "DuskTillDawn()"
      }
    },
    {
      "parent": "/Far__x2_z10/Far__x2_z10_LFS/Far_Station_MachineFactory/Roads/Road_30x8 (11)/Collider/%GROUP%_Mesh00E44D000C013D21",
      "position": "(0,12.25,0.75)",
      "rotation": "(-0.7071068,0,0,0.7071068)",
      "hash": "0966449F122B0E570:096646AB2B2B0F3E0",
      "properties": {
        "type": "Point",
        "intensity": 1.0,
        "range": 30.0,
        "colour": "#FFFFFF",
        "corona": {
          "sprite": "corona_white01.png",
          "scale": 1.0,
          "range": 100.0
        },
        "dutyCycle": "DuskTillDawn()"
      }
    },
    {
      "parent": "/Far__x2_z10/Far__x2_z10_LFS/Far_Station_MachineFactory/Roads/Road_30x8 (11)/Collider/%GROUP%_Mesh00E44D000C013D21",
      "position": "(-0.75,12.25,0)",
      "rotation": "(-0.7071068,0,0,0.7071068)",
      "hash": "0966449F122B0E570:09655DAB2B2B0E580",
      "properties": {
        "type": "Point",
        "intensity": 1.0,
        "range": 30.0,
        "colour": "#FFFFFF",
        "corona": {
          "sprite": "corona_white01.png",
          "scale": 1.0,
          "range": 100.0
        },
        "dutyCycle": "DuskTillDawn()"
      }
    },
    {
      "parent": "/Far__x2_z10/Far__x2_z10_LFS/Far_Station_MachineFactory/Roads/Road_30x8 (11)/Collider/%GROUP%_Mesh00E44D000C013D21",
      "position": "(0,12.25,-0.75)",
      "rotation": "(-0.7071068,0,0,0.7071068)",
      "hash": "0966449F122B0E570:096643AB2B2B0E0C0",
      "properties": {
        "type": "Point",
        "intensity": 1.0,
        "range": 30.0,
        "colour": "#FFFFFF",
        "corona": {
          "sprite": "corona_white01.png",
          "scale": 1.0,
          "range": 100.0
        },
        "dutyCycle": "DuskTillDawn()"
      }
    },
    {
      "parent": "/Far__x2_z10/Far__x2_z10_LFS/Far_Station_MachineFactory/Roads/Flat_40x40 (19)/Collider/%GROUP%_Mesh000F580004001806",
      "position": "(0.75,12.25,0)",
      "rotation": "(-0.7071068,0,0,0.7071068)",
      "hash": "093F439F1A2AE7460:093E5CAB332AE74A0",
      "properties": {
        "type": "Point",
        "intensity": 1.0,
        "range": 30.0,
        "colour": "#FFFFFF",
        "corona": {
          "sprite": "corona_white01.png",
          "scale": 1.0,
          "range": 100.0
        },
        "dutyCycle": "DuskTillDawn()"
      }
    },
    {
      "parent": "/Far__x2_z10/Far__x2_z10_LFS/Far_Station_MachineFactory/Roads/Flat_40x40 (19)/Collider/%GROUP%_Mesh000F580004001806",
      "position": "(0,12.25,0.75)",
      "rotation": "(-0.7071068,0,0,0.7071068)",
      "hash": "093F439F1A2AE7460:093F3FAB332AE65F0",
      "properties": {
        "type": "Point",
        "intensity": 1.0,
        "range": 30.0,
        "colour": "#FFFFFF",
        "corona": {
          "sprite": "corona_white01.png",
          "scale": 1.0,
          "range": 100.0
        },
        "dutyCycle": "DuskTillDawn()"
      }
    },
    {
      "parent": "/Far__x2_z10/Far__x2_z10_LFS/Far_Station_MachineFactory/Roads/Flat_40x40 (19)/Collider/%GROUP%_Mesh000F580004001806",
      "position": "(-0.75,12.25,0)",
      "rotation": "(-0.7071068,0,0,0.7071068)",
      "hash": "093F439F1A2AE7460:09402AAB332AE7420",
      "properties": {
        "type": "Point",
        "intensity": 1.0,
        "range": 30.0,
        "colour": "#FFFFFF",
        "corona": {
          "sprite": "corona_white01.png",
          "scale": 1.0,
          "range": 100.0
        },
        "dutyCycle": "DuskTillDawn()"
      }
    },
    {
      "parent": "/Far__x2_z10/Far__x2_z10_LFS/Far_Station_MachineFactory/Roads/Flat_40x40 (19)/Collider/%GROUP%_Mesh000F580004001806",
      "position": "(0,12.25,-0.75)",
      "rotation": "(-0.7071068,0,0,0.7071068)",
      "hash": "093F439F1A2AE7460:093F47AB332AE82D0",
      "properties": {
        "type": "Point",
        "intensity": 1.0,
        "range": 30.0,
        "colour": "#FFFFFF",
        "corona": {
          "sprite": "corona_white01.png",
          "scale": 1.0,
          "range": 100.0
        },
        "dutyCycle": "DuskTillDawn()"
      }
    },
    {
      "parent": "/Far__x2_z10/Far__x2_z10_LFS/Far_Station_MachineFactory/Roads/Flat_40x40 (21)/Collider/%GROUP%_Mesh000F4B000400175B",
      "position": "(0.75,12.25,0)",
      "rotation": "(-0.7071068,0,0,0.7071068)",
      "hash": "093E279F1A2ABF380:093D40AB332ABF3C0",
      "properties": {
        "type": "Point",
        "intensity": 1.0,
        "range": 30.0,
        "colour": "#FFFFFF",
        "corona": {
          "sprite": "corona_white01.png",
          "scale": 1.0,
          "range": 100.0
        },
        "dutyCycle": "DuskTillDawn()"
      }
    },
    {
      "parent": "/Far__x2_z10/Far__x2_z10_LFS/Far_Station_MachineFactory/Roads/Flat_40x40 (21)/Collider/%GROUP%_Mesh000F4B000400175B",
      "position": "(0,12.25,0.75)",
      "rotation": "(-0.7071068,0,0,0.7071068)",
      "hash": "093E279F1A2ABF380:093E23AB332ABE520",
      "properties": {
        "type": "Point",
        "intensity": 1.0,
        "range": 30.0,
        "colour": "#FFFFFF",
        "corona": {
          "sprite": "corona_white01.png",
          "scale": 1.0,
          "range": 100.0
        },
        "dutyCycle": "DuskTillDawn()"
      }
    },
    {
      "parent": "/Far__x2_z10/Far__x2_z10_LFS/Far_Station_MachineFactory/Roads/Flat_40x40 (21)/Collider/%GROUP%_Mesh000F4B000400175B",
      "position": "(-0.75,12.25,0)",
      "rotation": "(-0.7071068,0,0,0.7071068)",
      "hash": "093E279F1A2ABF380:093F0EAB332ABF350",
      "properties": {
        "type": "Point",
        "intensity": 1.0,
        "range": 30.0,
        "colour": "#FFFFFF",
        "corona": {
          "sprite": "corona_white01.png",
          "scale": 1.0,
          "range": 100.0
        },
        "dutyCycle": "DuskTillDawn()"
      }
    },
    {
      "parent": "/Far__x2_z10/Far__x2_z10_LFS/Far_Station_MachineFactory/Roads/Flat_40x40 (21)/Collider/%GROUP%_Mesh000F4B000400175B",
      "position": "(0,12.25,-0.75)",
      "rotation": "(-0.7071068,0,0,0.7071068)",
      "hash": "093E279F1A2ABF380:093E2BAB332AC01F0",
      "properties": {
        "type": "Point",
        "intensity": 1.0,
        "range": 30.0,
        "colour": "#FFFFFF",
        "corona": {
          "sprite": "corona_white01.png",
          "scale": 1.0,
          "range": 100.0
        },
        "dutyCycle": "DuskTillDawn()"
      }
    },
    {
      "parent": "/Far__x2_z10/Far__x2_z10_LFS/Far_Station_MachineFactory/Roads/Flat_40x40 (22)/Collider/%GROUP%_Mesh000F3E0004001755",
      "position": "(0.75,12.25,0)",
      "rotation": "(-0.7071068,0,0,0.7071068)",
      "hash": "093D0C9F1A2A97350:093C25AB332A97390",
      "properties": {
        "type": "Point",
        "intensity": 1.0,
        "range": 30.0,
        "colour": "#FFFFFF",
        "corona": {
          "sprite": "corona_white01.png",
          "scale": 1.0,
          "range": 100.0
        },
        "dutyCycle": "DuskTillDawn()"
      }
    },
    {
      "parent": "/Far__x2_z10/Far__x2_z10_LFS/Far_Station_MachineFactory/Roads/Flat_40x40 (22)/Collider/%GROUP%_Mesh000F3E0004001755",
      "position": "(0,12.25,0.75)",
      "rotation": "(-0.7071068,0,0,0.7071068)",
      "hash": "093D0C9F1A2A97350:093D08AB332A964E0",
      "properties": {
        "type": "Point",
        "intensity": 1.0,
        "range": 30.0,
        "colour": "#FFFFFF",
        "corona": {
          "sprite": "corona_white01.png",
          "scale": 1.0,
          "range": 100.0
        },
        "dutyCycle": "DuskTillDawn()"
      }
    },
    {
      "parent": "/Far__x2_z10/Far__x2_z10_LFS/Far_Station_MachineFactory/Roads/Flat_40x40 (22)/Collider/%GROUP%_Mesh000F3E0004001755",
      "position": "(-0.75,12.25,0)",
      "rotation": "(-0.7071068,0,0,0.7071068)",
      "hash": "093D0C9F1A2A97350:093D57AB332A97310",
      "properties": {
        "type": "Point",
        "intensity": 1.0,
        "range": 30.0,
        "colour": "#FFFFFF",
        "corona": {
          "sprite": "corona_white01.png",
          "scale": 1.0,
          "range": 100.0
        },
        "dutyCycle": "DuskTillDawn()"
      }
    },
    {
      "parent": "/Far__x2_z10/Far__x2_z10_LFS/Far_Station_MachineFactory/Roads/Flat_40x40 (22)/Collider/%GROUP%_Mesh000F3E0004001755",
      "position": "(0,12.25,-0.75)",
      "rotation": "(-0.7071068,0,0,0.7071068)",
      "hash": "093D0C9F1A2A97350:093D10AB332A981C0",
      "properties": {
        "type": "Point",
        "intensity": 1.0,
        "range": 30.0,
        "colour": "#FFFFFF",
        "corona": {
          "sprite": "corona_white01.png",
          "scale": 1.0,
          "range": 100.0
        },
        "dutyCycle": "DuskTillDawn()"
      }
    },
    {
      "parent": "/Far__x2_z10/Far__x2_z10_LFS/Far_Station_MachineFactory/Roads/Flat_40x40 (20)/Collider/%GROUP%_Mesh000F3C000400174B",
      "position": "(0.75,12.25,0)",
      "rotation": "(-0.7071068,0,0,0.7071068)",
      "hash": "093B609F1A2A6F2D0:093B15AB332A6F2F0",
      "properties": {
        "type": "Point",
        "intensity": 1.0,
        "range": 30.0,
        "colour": "#FFFFFF",
        "corona": {
          "sprite": "corona_white01.png",
          "scale": 1.0,
          "range": 100.0
        },
        "dutyCycle": "DuskTillDawn()"
      }
    },
    {
      "parent": "/Far__x2_z10/Far__x2_z10_LFS/Far_Station_MachineFactory/Roads/Flat_40x40 (20)/Collider/%GROUP%_Mesh000F3C000400174B",
      "position": "(0,12.25,0.75)",
      "rotation": "(-0.7071068,0,0,0.7071068)",
      "hash": "093B609F1A2A6F2D0:093B5EAB332A6E460",
      "properties": {
        "type": "Point",
        "intensity": 1.0,
        "range": 30.0,
        "colour": "#FFFFFF",
        "corona": {
          "sprite": "corona_white01.png",
          "scale": 1.0,
          "range": 100.0
        },
        "dutyCycle": "DuskTillDawn()"
      }
    },
    {
      "parent": "/Far__x2_z10/Far__x2_z10_LFS/Far_Station_MachineFactory/Roads/Flat_40x40 (20)/Collider/%GROUP%_Mesh000F3C000400174B",
      "position": "(-0.75,12.25,0)",
      "rotation": "(-0.7071068,0,0,0.7071068)",
      "hash": "093B609F1A2A6F2D0:093C47AB332A6F2A0",
      "properties": {
        "type": "Point",
        "intensity": 1.0,
        "range": 30.0,
        "colour": "#FFFFFF",
        "corona": {
          "sprite": "corona_white01.png",
          "scale": 1.0,
          "range": 100.0
        },
        "dutyCycle": "DuskTillDawn()"
      }
    },
    {
      "parent": "/Far__x2_z10/Far__x2_z10_LFS/Far_Station_MachineFactory/Roads/Flat_40x40 (20)/Collider/%GROUP%_Mesh000F3C000400174B",
      "position": "(0,12.25,-0.75)",
      "rotation": "(-0.7071068,0,0,0.7071068)",
      "hash": "093B609F1A2A6F2D0:093B63AB332A70140",
      "properties": {
        "type": "Point",
        "intensity": 1.0,
        "range": 30.0,
        "colour": "#FFFFFF",
        "corona": {
          "sprite": "corona_white01.png",
          "scale": 1.0,
          "range": 100.0
        },
        "dutyCycle": "DuskTillDawn()"
      }
    },
    {
      "parent": "/Far__x2_z10/Far__x2_z10_LFS/Far_Station_MachineFactory/Roads/Flat_40x40 (23)/Collider/%GROUP%_Mesh000F1E0004001757",
      "position": "(0.75,12.25,0)",
      "rotation": "(-0.7071068,0,0,0.7071068)",
      "hash": "093A349F1A2A473B0:09394DAB332A473E0",
      "properties": {
        "type": "Point",
        "intensity": 1.0,
        "range": 30.0,
        "colour": "#FFFFFF",
        "corona": {
          "sprite": "corona_white01.png",
          "scale": 1.0,
          "range": 100.0
        },
        "dutyCycle": "DuskTillDawn()"
      }
    },
    {
      "parent": "/Far__x2_z10/Far__x2_z10_LFS/Far_Station_MachineFactory/Roads/Flat_40x40 (23)/Collider/%GROUP%_Mesh000F1E0004001757",
      "position": "(0,12.25,0.75)",
      "rotation": "(-0.7071068,0,0,0.7071068)",
      "hash": "093A349F1A2A473B0:093A31AB332A46540",
      "properties": {
        "type": "Point",
        "intensity": 1.0,
        "range": 30.0,
        "colour": "#FFFFFF",
        "corona": {
          "sprite": "corona_white01.png",
          "scale": 1.0,
          "range": 100.0
        },
        "dutyCycle": "DuskTillDawn()"
      }
    },
    {
      "parent": "/Far__x2_z10/Far__x2_z10_LFS/Far_Station_MachineFactory/Roads/Flat_40x40 (23)/Collider/%GROUP%_Mesh000F1E0004001757",
      "position": "(-0.75,12.25,0)",
      "rotation": "(-0.7071068,0,0,0.7071068)",
      "hash": "093A349F1A2A473B0:093B1BAB332A47380",
      "properties": {
        "type": "Point",
        "intensity": 1.0,
        "range": 30.0,
        "colour": "#FFFFFF",
        "corona": {
          "sprite": "corona_white01.png",
          "scale": 1.0,
          "range": 100.0
        },
        "dutyCycle": "DuskTillDawn()"
      }
    },
    {
      "parent": "/Far__x2_z10/Far__x2_z10_LFS/Far_Station_MachineFactory/Roads/Flat_40x40 (23)/Collider/%GROUP%_Mesh000F1E0004001757",
      "position": "(0,12.25,-0.75)",
      "rotation": "(-0.7071068,0,0,0.7071068)",
      "hash": "093A349F1A2A473B0:093A37AB332A48220",
      "properties": {
        "type": "Point",
        "intensity": 1.0,
        "range": 30.0,
        "colour": "#FFFFFF",
        "corona": {
          "sprite": "corona_white01.png",
          "scale": 1.0,
          "range": 100.0
        },
        "dutyCycle": "DuskTillDawn()"
      }
    },
    {
      "parent": "/Far__x2_z10/Far__x2_z10_LFS/Far_Station_MachineFactory/Roads/Flat_40x40 (24)/Collider/%GROUP%_Mesh000F1A0004001761",
      "position": "(0.75,12.25,0)",
      "rotation": "(-0.7071068,0,0,0.7071068)",
      "hash": "0939239F1A2A1F470:09383CAB332A1F480",
      "properties": {
        "type": "Point",
        "intensity": 1.0,
        "range": 30.0,
        "colour": "#FFFFFF",
        "corona": {
          "sprite": "corona_white01.png",
          "scale": 1.0,
          "range": 100.0
        },
        "dutyCycle": "DuskTillDawn()"
      }
    },
    {
      "parent": "/Far__x2_z10/Far__x2_z10_LFS/Far_Station_MachineFactory/Roads/Flat_40x40 (24)/Collider/%GROUP%_Mesh000F1A0004001761",
      "position": "(0,12.25,0.75)",
      "rotation": "(-0.7071068,0,0,0.7071068)",
      "hash": "0939239F1A2A1F470:093921AB332A1E600",
      "properties": {
        "type": "Point",
        "intensity": 1.0,
        "range": 30.0,
        "colour": "#FFFFFF",
        "corona": {
          "sprite": "corona_white01.png",
          "scale": 1.0,
          "range": 100.0
        },
        "dutyCycle": "DuskTillDawn()"
      }
    },
    {
      "parent": "/Far__x2_z10/Far__x2_z10_LFS/Far_Station_MachineFactory/Roads/Flat_40x40 (24)/Collider/%GROUP%_Mesh000F1A0004001761",
      "position": "(-0.75,12.25,0)",
      "rotation": "(-0.7071068,0,0,0.7071068)",
      "hash": "0939239F1A2A1F470:093A0AAB332A1F460",
      "properties": {
        "type": "Point",
        "intensity": 1.0,
        "range": 30.0,
        "colour": "#FFFFFF",
        "corona": {
          "sprite": "corona_white01.png",
          "scale": 1.0,
          "range": 100.0
        },
        "dutyCycle": "DuskTillDawn()"
      }
    },
    {
      "parent": "/Far__x2_z10/Far__x2_z10_LFS/Far_Station_MachineFactory/Roads/Flat_40x40 (24)/Collider/%GROUP%_Mesh000F1A0004001761",
      "position": "(0,12.25,-0.75)",
      "rotation": "(-0.7071068,0,0,0.7071068)",
      "hash": "0939239F1A2A1F470:093924AB332A202E0",
      "properties": {
        "type": "Point",
        "intensity": 1.0,
        "range": 30.0,
        "colour": "#FFFFFF",
        "corona": {
          "sprite": "corona_white01.png",
          "scale": 1.0,
          "range": 100.0
        },
        "dutyCycle": "DuskTillDawn()"
      }
    },
    {
      "parent": "/Far__x2_z10/Far__x2_z10_LFS/Far_Station_MachineFactory/CivilBuildings/House_04 (1)/collider/%GROUP%_Mesh00B938000C012B00",
      "position": "(0.75,12.25,0)",
      "rotation": "(-0.7071068,0,0,0.7071068)",
      "hash": "0938339F1229F74B0:09374CAB2B29F74E0",
      "properties": {
        "type": "Point",
        "intensity": 1.0,
        "range": 30.0,
        "colour": "#FFFFFF",
        "corona": {
          "sprite": "corona_white01.png",
          "scale": 1.0,
          "range": 100.0
        },
        "dutyCycle": "DuskTillDawn()"
      }
    },
    {
      "parent": "/Far__x2_z10/Far__x2_z10_LFS/Far_Station_MachineFactory/CivilBuildings/House_04 (1)/collider/%GROUP%_Mesh00B938000C012B00",
      "position": "(0,12.25,0.75)",
      "rotation": "(-0.7071068,0,0,0.7071068)",
      "hash": "0938339F1229F74B0:09382FAB2B29F7000",
      "properties": {
        "type": "Point",
        "intensity": 1.0,
        "range": 30.0,
        "colour": "#FFFFFF",
        "corona": {
          "sprite": "corona_white01.png",
          "scale": 1.0,
          "range": 100.0
        },
        "dutyCycle": "DuskTillDawn()"
      }
    },
    {
      "parent": "/Far__x2_z10/Far__x2_z10_LFS/Far_Station_MachineFactory/CivilBuildings/House_04 (1)/collider/%GROUP%_Mesh00B938000C012B00",
      "position": "(-0.75,12.25,0)",
      "rotation": "(-0.7071068,0,0,0.7071068)",
      "hash": "0938339F1229F74B0:09391AAB2B29F7470",
      "properties": {
        "type": "Point",
        "intensity": 1.0,
        "range": 30.0,
        "colour": "#FFFFFF",
        "corona": {
          "sprite": "corona_white01.png",
          "scale": 1.0,
          "range": 100.0
        },
        "dutyCycle": "DuskTillDawn()"
      }
    },
    {
      "parent": "/Far__x2_z10/Far__x2_z10_LFS/Far_Station_MachineFactory/CivilBuildings/House_04 (1)/collider/%GROUP%_Mesh00B938000C012B00",
      "position": "(0,12.25,-0.75)",
      "rotation": "(-0.7071068,0,0,0.7071068)",
      "hash": "0938339F1229F74B0:093837AB2B29F8310",
      "properties": {
        "type": "Point",
        "intensity": 1.0,
        "range": 30.0,
        "colour": "#FFFFFF",
        "corona": {
          "sprite": "corona_white01.png",
          "scale": 1.0,
          "range": 100.0
        },
        "dutyCycle": "DuskTillDawn()"
      }
    },
    {
      "parent": "/Far__x2_z10/Far__x2_z10_LFS/Far_Station_MachineFactory/CivilBuildings/House_04 (1)/collider/%GROUP%_Mesh00DE59000C012B21",
      "position": "(0.75,12.25,0)",
      "rotation": "(-0.7071068,0,0,0.7071068)",
      "hash": "095D539F1229F7000:095E3AAB2B29F6630",
      "properties": {
        "type": "Point",
        "intensity": 1.0,
        "range": 30.0,
        "colour": "#FFFFFF",
        "corona": {
          "sprite": "corona_white01.png",
          "scale": 1.0,
          "range": 100.0
        },
        "dutyCycle": "DuskTillDawn()"
      }
    },
    {
      "parent": "/Far__x2_z10/Far__x2_z10_LFS/Far_Station_MachineFactory/CivilBuildings/House_04 (1)/collider/%GROUP%_Mesh00DE59000C012B21",
      "position": "(0,12.25,0.75)",
      "rotation": "(-0.7071068,0,0,0.7071068)",
      "hash": "095D539F1229F7000:095D55AB2B29F74B0",
      "properties": {
        "type": "Point",
        "intensity": 1.0,
        "range": 30.0,
        "colour": "#FFFFFF",
        "corona": {
          "sprite": "corona_white01.png",
          "scale": 1.0,
          "range": 100.0
        },
        "dutyCycle": "DuskTillDawn()"
      }
    },
    {
      "parent": "/Far__x2_z10/Far__x2_z10_LFS/Far_Station_MachineFactory/CivilBuildings/House_04 (1)/collider/%GROUP%_Mesh00DE59000C012B21",
      "position": "(-0.75,12.25,0)",
      "rotation": "(-0.7071068,0,0,0.7071068)",
      "hash": "095D539F1229F7000:095D08AB2B29F7020",
      "properties": {
        "type": "Point",
        "intensity": 1.0,
        "range": 30.0,
        "colour": "#FFFFFF",
        "corona": {
          "sprite": "corona_white01.png",
          "scale": 1.0,
          "range": 100.0
        },
        "dutyCycle": "DuskTillDawn()"
      }
    },
    {
      "parent": "/Far__x2_z10/Far__x2_z10_LFS/Far_Station_MachineFactory/CivilBuildings/House_04 (1)/collider/%GROUP%_Mesh00DE59000C012B21",
      "position": "(0,12.25,-0.75)",
      "rotation": "(-0.7071068,0,0,0.7071068)",
      "hash": "095D539F1229F7000:095D52AB2B29F6190",
      "properties": {
        "type": "Point",
        "intensity": 1.0,
        "range": 30.0,
        "colour": "#FFFFFF",
        "corona": {
          "sprite": "corona_white01.png",
          "scale": 1.0,
          "range": 100.0
        },
        "dutyCycle": "DuskTillDawn()"
      }
    },
    {
      "parent": "/Far__x2_z10/Far__x2_z10_LFS/Far_Station_MachineFactory/CivilBuildings/House_04 (1)/collider/%GROUP%_Mesh00DD5A000C00DA62",
      "position": "(0.75,12.25,0)",
      "rotation": "(-0.7071068,0,0,0.7071068)",
      "hash": "095A389F1229A6480:095B1FAB2B29A6460",
      "properties": {
        "type": "Point",
        "intensity": 1.0,
        "range": 30.0,
        "colour": "#FFFFFF",
        "corona": {
          "sprite": "corona_white01.png",
          "scale": 1.0,
          "range": 100.0
        },
        "dutyCycle": "DuskTillDawn()"
      }
    },
    {
      "parent": "/Far__x2_z10/Far__x2_z10_LFS/Far_Station_MachineFactory/CivilBuildings/House_04 (1)/collider/%GROUP%_Mesh00DD5A000C00DA62",
      "position": "(0,12.25,0.75)",
      "rotation": "(-0.7071068,0,0,0.7071068)",
      "hash": "095A389F1229A6480:095A3AAB2B29A72F0",
      "properties": {
        "type": "Point",
        "intensity": 1.0,
        "range": 30.0,
        "colour": "#FFFFFF",
        "corona": {
          "sprite": "corona_white01.png",
          "scale": 1.0,
          "range": 100.0
        },
        "dutyCycle": "DuskTillDawn()"
      }
    },
    {
      "parent": "/Far__x2_z10/Far__x2_z10_LFS/Far_Station_MachineFactory/CivilBuildings/House_04 (1)/collider/%GROUP%_Mesh00DD5A000C00DA62",
      "position": "(-0.75,12.25,0)",
      "rotation": "(-0.7071068,0,0,0.7071068)",
      "hash": "095A389F1229A6480:095951AB2B29A64B0",
      "properties": {
        "type": "Point",
        "intensity": 1.0,
        "range": 30.0,
        "colour": "#FFFFFF",
        "corona": {
          "sprite": "corona_white01.png",
          "scale": 1.0,
          "range": 100.0
        },
        "dutyCycle": "DuskTillDawn()"
      }
    },
    {
      "parent": "/Far__x2_z10/Far__x2_z10_LFS/Far_Station_MachineFactory/CivilBuildings/House_04 (1)/collider/%GROUP%_Mesh00DD5A000C00DA62",
      "position": "(0,12.25,-0.75)",
      "rotation": "(-0.7071068,0,0,0.7071068)",
      "hash": "095A389F1229A6480:095A35AB2B29A5610",
      "properties": {
        "type": "Point",
        "intensity": 1.0,
        "range": 30.0,
        "colour": "#FFFFFF",
        "corona": {
          "sprite": "corona_white01.png",
          "scale": 1.0,
          "range": 100.0
        },
        "dutyCycle": "DuskTillDawn()"
      }
    },
    {
      "parent": "/Far__x2_z10/Far__x2_z10_LFS/Far_Station_MachineFactory/SilosCranes/Portal_Crane/collider (1)/%GROUP%_Mesh0000010F3900034E",
      "position": "(0,1.245,-0.188)",
      "rotation": "(0,0.71710664,0,0.6969635)",
      "hash": "096E27AE532A45160:096F40AE402A45130",
      "properties": {
        "type": "Point",
        "intensity": 1.0,
        "range": 30.0,
        "colour": "#FFFFFF",
        "corona": {
          "sprite": "corona_white01.png",
          "scale": 1.0,
          "range": 100.0
        },
        "dutyCycle": "DuskTillDawn()"
      }
    },
    {
      "parent": "/Far__x2_z10/Far__x2_z10_LFS/Far_Station_MachineFactory/SilosCranes/Portal_Crane/collider (1)/%GROUP%_Mesh0000010F3900034E",
      "position": "(-0.705,0.867,-0.153)",
      "rotation": "(0,0.71710664,0,0.6969635)",
      "hash": "096E27AE532A45160:096F18AE442A44310",
      "properties": {
        "type": "Point",
        "intensity": 1.0,
        "range": 30.0,
        "colour": "#FFFFFF",
        "corona": {
          "sprite": "corona_white01.png",
          "scale": 1.0,
          "range": 100.0
        },
        "dutyCycle": "DuskTillDawn()"
      }
    },
    {
      "parent": "/Far__x2_z10/Far__x2_z10_LFS/Far_Station_MachineFactory/SilosCranes/Portal_Crane/collider (1)/%GROUP%_Mesh0000010F3900034E",
      "position": "(0.705,0.867,-0.153)",
      "rotation": "(0,0.71710664,0,0.6969635)",
      "hash": "096E27AE532A45160:096F1CAE442A455A0",
      "properties": {
        "type": "Point",
        "intensity": 1.0,
        "range": 30.0,
        "colour": "#FFFFFF",
        "corona": {
          "sprite": "corona_white01.png",
          "scale": 1.0,
          "range": 100.0
        },
        "dutyCycle": "DuskTillDawn()"
      }
    },
    {
      "parent": "/Far__x2_z10/Far__x2_z10_LFS/Far_Station_MachineFactory/Roads/Flat_40x40 (18)/Collider/%GROUP%_Mesh000204000400175E",
      "position": "(0,7.1,1.55)",
      "rotation": "(-0.7071068,0,0,0.7071068)",
      "hash": "09540B9F1A2A1E5B0:095238A6242A1E610",
      "properties": {
        "type": "Point",
        "intensity": 1.0,
        "range": 20.0,
        "colour": "#DDEEFF",
        "corona": {
          "sprite": "corona_flare02.png",
          "scale": 1.0,
          "range": 100.0
        },
        "dutyCycle": "DuskTillDawn()"
      }
    },
    {
      "parent": "/Far__x2_z10/Far__x2_z10_LFS/Far_Station_MachineFactory/Roads/Flat_40x40 (18)/Collider/%GROUP%_Mesh000204000400175E",
      "position": "(0,7.1,-1.55)",
      "rotation": "(-0.7071068,0,0,0.7071068)",
      "hash": "09540B9F1A2A1E5B0:095542A6242A1E560",
      "properties": {
        "type": "Point",
        "intensity": 1.0,
        "range": 20.0,
        "colour": "#DDEEFF",
        "corona": {
          "sprite": "corona_flare02.png",
          "scale": 1.0,
          "range": 100.0
        },
        "dutyCycle": "DuskTillDawn()"
      }
    },
    {
      "parent": "/Far__x2_z10/Far__x2_z10_LFS/Far_Station_MachineFactory/Roads/Flat_40x40 (17)/Collider/%GROUP%_Mesh00022A0004001754",
      "position": "(0,7.1,1.55)",
      "rotation": "(-0.7071068,0,0,0.7071068)",
      "hash": "09553F9F1A2A464E0:095408A6242A46530",
      "properties": {
        "type": "Point",
        "intensity": 1.0,
        "range": 20.0,
        "colour": "#DDEEFF",
        "corona": {
          "sprite": "corona_flare02.png",
          "scale": 1.0,
          "range": 100.0
        },
        "dutyCycle": "DuskTillDawn()"
      }
    },
    {
      "parent": "/Far__x2_z10/Far__x2_z10_LFS/Far_Station_MachineFactory/Roads/Flat_40x40 (17)/Collider/%GROUP%_Mesh00022A0004001754",
      "position": "(0,7.1,-1.55)",
      "rotation": "(-0.7071068,0,0,0.7071068)",
      "hash": "09553F9F1A2A464E0:095712A6242A46490",
      "properties": {
        "type": "Point",
        "intensity": 1.0,
        "range": 20.0,
        "colour": "#DDEEFF",
        "corona": {
          "sprite": "corona_flare02.png",
          "scale": 1.0,
          "range": 100.0
        },
        "dutyCycle": "DuskTillDawn()"
      }
    },
    {
      "parent": "/Far__x2_z10/Far__x2_z10_LFS/Far_Station_MachineFactory/Roads/Flat_40x40 (16)/Collider/%GROUP%_Mesh00023B0004001809",
      "position": "(0,7.1,1.55)",
      "rotation": "(-0.7071068,0,0,0.7071068)",
      "hash": "09565F9F1A2A6F020:095528A6242A6F070",
      "properties": {
        "type": "Point",
        "intensity": 1.0,
        "range": 20.0,
        "colour": "#DDEEFF",
        "corona": {
          "sprite": "corona_flare02.png",
          "scale": 1.0,
          "range": 100.0
        },
        "dutyCycle": "DuskTillDawn()"
      }
    },
    {
      "parent": "/Far__x2_z10/Far__x2_z10_LFS/Far_Station_MachineFactory/Roads/Flat_40x40 (16)/Collider/%GROUP%_Mesh00023B0004001809",
      "position": "(0,7.1,-1.55)",
      "rotation": "(-0.7071068,0,0,0.7071068)",
      "hash": "09565F9F1A2A6F020:095832A6242A6E600",
      "properties": {
        "type": "Point",
        "intensity": 1.0,
        "range": 20.0,
        "colour": "#DDEEFF",
        "corona": {
          "sprite": "corona_flare02.png",
          "scale": 1.0,
          "range": 100.0
        },
        "dutyCycle": "DuskTillDawn()"
      }
    },
    {
      "parent": "/Far__x2_z10/Far__x2_z10_LFS/Far_Station_MachineFactory/Roads/Flat_40x40 (15)/Collider/%GROUP%_Mesh00025A0004001801",
      "position": "(0,7.1,1.55)",
      "rotation": "(-0.7071068,0,0,0.7071068)",
      "hash": "0958279F1A2A965B0:095655A6242A96630",
      "properties": {
        "type": "Point",
        "intensity": 1.0,
        "range": 20.0,
        "colour": "#DDEEFF",
        "corona": {
          "sprite": "corona_flare02.png",
          "scale": 1.0,
          "range": 100.0
        },
        "dutyCycle": "DuskTillDawn()"
      }
    },
    {
      "parent": "/Far__x2_z10/Far__x2_z10_LFS/Far_Station_MachineFactory/Roads/Flat_40x40 (15)/Collider/%GROUP%_Mesh00025A0004001801",
      "position": "(0,7.1,-1.55)",
      "rotation": "(-0.7071068,0,0,0.7071068)",
      "hash": "0958279F1A2A965B0:09595EA6242A96530",
      "properties": {
        "type": "Point",
        "intensity": 1.0,
        "range": 20.0,
        "colour": "#DDEEFF",
        "corona": {
          "sprite": "corona_flare02.png",
          "scale": 1.0,
          "range": 100.0
        },
        "dutyCycle": "DuskTillDawn()"
      }
    },
    {
      "parent": "/Far__x2_z10/Far__x2_z10_LFS/Far_Station_MachineFactory/Roads/Flat_40x40 (14)/Collider/%GROUP%_Mesh0003120004001804",
      "position": "(0,7.1,1.55)",
      "rotation": "(-0.7071068,0,0,0.7071068)",
      "hash": "0959519F1A2ABE5B0:09581AA6242ABE610",
      "properties": {
        "type": "Point",
        "intensity": 1.0,
        "range": 20.0,
        "colour": "#DDEEFF",
        "corona": {
          "sprite": "corona_flare02.png",
          "scale": 1.0,
          "range": 100.0
        },
        "dutyCycle": "DuskTillDawn()"
      }
    },
    {
      "parent": "/Far__x2_z10/Far__x2_z10_LFS/Far_Station_MachineFactory/Roads/Flat_40x40 (14)/Collider/%GROUP%_Mesh0003120004001804",
      "position": "(0,7.1,-1.55)",
      "rotation": "(-0.7071068,0,0,0.7071068)",
      "hash": "0959519F1A2ABE5B0:095B24A6242ABE560",
      "properties": {
        "type": "Point",
        "intensity": 1.0,
        "range": 20.0,
        "colour": "#DDEEFF",
        "corona": {
          "sprite": "corona_flare02.png",
          "scale": 1.0,
          "range": 100.0
        },
        "dutyCycle": "DuskTillDawn()"
      }
    },
    {
      "parent": "/Far__x2_z10/Far__x2_z10_LFS/Far_Station_MachineFactory/CivilBuildings/House_04 (1)/collider/%GROUP%_Mesh00DE02000C01041B",
      "position": "(0.75,12.25,0)",
      "rotation": "(-0.7071068,0,0,0.7071068)",
      "hash": "095B569F1229CF630:095C3CAB2B29CF5E0",
      "properties": {
        "type": "Point",
        "intensity": 1.0,
        "range": 30.0,
        "colour": "#FFFFFF",
        "corona": {
          "sprite": "corona_white01.png",
          "scale": 1.0,
          "range": 100.0
        },
        "dutyCycle": "DuskTillDawn()"
      }
    },
    {
      "parent": "/Far__x2_z10/Far__x2_z10_LFS/Far_Station_MachineFactory/CivilBuildings/House_04 (1)/collider/%GROUP%_Mesh00DE02000C01041B",
      "position": "(0,12.25,0.75)",
      "rotation": "(-0.7071068,0,0,0.7071068)",
      "hash": "095B569F1229CF630:095B5BAB2B29D04A0",
      "properties": {
        "type": "Point",
        "intensity": 1.0,
        "range": 30.0,
        "colour": "#FFFFFF",
        "corona": {
          "sprite": "corona_white01.png",
          "scale": 1.0,
          "range": 100.0
        },
        "dutyCycle": "DuskTillDawn()"
      }
    },
    {
      "parent": "/Far__x2_z10/Far__x2_z10_LFS/Far_Station_MachineFactory/CivilBuildings/House_04 (1)/collider/%GROUP%_Mesh00DE02000C01041B",
      "position": "(-0.75,12.25,0)",
      "rotation": "(-0.7071068,0,0,0.7071068)",
      "hash": "095B569F1229CF630:095B0BAB2B29D0040",
      "properties": {
        "type": "Point",
        "intensity": 1.0,
        "range": 30.0,
        "colour": "#FFFFFF",
        "corona": {
          "sprite": "corona_white01.png",
          "scale": 1.0,
          "range": 100.0
        },
        "dutyCycle": "DuskTillDawn()"
      }
    },
    {
      "parent": "/Far__x2_z10/Far__x2_z10_LFS/Far_Station_MachineFactory/CivilBuildings/House_04 (1)/collider/%GROUP%_Mesh00DE02000C01041B",
      "position": "(0,12.25,-0.75)",
      "rotation": "(-0.7071068,0,0,0.7071068)",
      "hash": "095B569F1229CF630:095B50AB2B29CF180",
      "properties": {
        "type": "Point",
        "intensity": 1.0,
        "range": 30.0,
        "colour": "#FFFFFF",
        "corona": {
          "sprite": "corona_white01.png",
          "scale": 1.0,
          "range": 100.0
        },
        "dutyCycle": "DuskTillDawn()"
      }
    }
  ],
  "meshes": [
    {
      "parent": "/Far__x2_z10/Far__x2_z10_LFS/Far_Station_MachineFactory/CivilBuildings/House_04 (1)/collider",
      "position": "(-261.461517,-0.129928589,-218.8931)",
      "rotation": "(0,0.9998477,0,-0.0174523517)",
      "hash": "0876329F1F28D20E0:0982099F1229A5320",
      "properties": {
        "file": "meshes_lampposts.assetbundle",
        "mesh": "YardLamp_Floor"
      }
    },
    {
      "parent": "/Far__x2_z10/Far__x2_z10_LFS/Far_Station_MachineFactory/CivilBuildings/House_04 (1)/collider",
      "position": "(-261.469635,-0.129928589,-259.191925)",
      "rotation": "(0,0.0174524058,0,0.9998477)",
      "hash": "0876329F1F28D20E0:0983199F1229CD4E0",
      "properties": {
        "file": "meshes_lampposts.assetbundle",
        "mesh": "YardLamp_Floor"
      }
    },
    {
      "parent": "/Far__x2_z10/Far__x2_z10_LFS/Far_Station_MachineFactory/CivilBuildings/House_04 (1)/collider",
      "position": "(-261.502167,-0.129928589,-299.406464)",
      "rotation": "(0,0.0174524058,0,0.9998477)",
      "hash": "0876329F1F28D20E0:09842B9F1229F5620",
      "properties": {
        "file": "meshes_lampposts.assetbundle",
        "mesh": "YardLamp_Floor"
      }
    },
    {
      "parent": "/Far__x2_z10/Far__x2_z10_LFS/Far_Station_MachineFactory/Roads/Flat_40x40 (5)/Collider",
      "position": "(11.5554581,-0.049987793,24.1647339)",
      "rotation": "(0,0.0174524058,0,0.9998477)",
      "hash": "0979259F1F2A055A0:09853D9F1A2A1D480",
      "properties": {
        "file": "meshes_lampposts.assetbundle",
        "mesh": "YardLamp_Floor"
      }
    },
    {
      "parent": "/Far__x2_z10/Far__x2_z10_LFS/Far_Station_MachineFactory/Roads/Flat_40x40 (4)/Collider",
      "position": "(11.5421982,-0.049987793,24.1542168)",
      "rotation": "(0,0.0174524058,0,0.9998477)",
      "hash": "097A339F1F2A2D580:09864A9F1A2A45460",
      "properties": {
        "file": "meshes_lampposts.assetbundle",
        "mesh": "YardLamp_Floor"
      }
    },
    {
      "parent": "/Far__x2_z10/Far__x2_z10_LFS/Far_Station_MachineFactory/Roads/Flat_40x40 (3)/Collider",
      "position": "(11.4891739,-0.049987793,24.0390129)",
      "rotation": "(0,0.0174524058,0,0.9998477)",
      "hash": "097B419F1F2A55560:0987529F1A2A6D390",
      "properties": {
        "file": "meshes_lampposts.assetbundle",
        "mesh": "YardLamp_Floor"
      }
    },
    {
      "parent": "/Far__x2_z10/Far__x2_z10_LFS/Far_Station_MachineFactory/Roads/Flat_40x40 (2)/Collider",
      "position": "(11.7587509,-0.049987793,23.5822754)",
      "rotation": "(0,0.0174524058,0,0.9998477)",
      "hash": "097C4F9F1F2A7D550:0989169F1A2A95080",
      "properties": {
        "file": "meshes_lampposts.assetbundle",
        "mesh": "YardLamp_Floor"
      }
    },
    {
      "parent": "/Far__x2_z10/Far__x2_z10_LFS/Far_Station_MachineFactory/Roads/Flat_40x40 (1)/Collider",
      "position": "(11.7615738,-0.049987793,24.0870743)",
      "rotation": "(0,0.999657333,0,-0.0261769611)",
      "hash": "097D5D9F1F2AA5530:098A259F1A2ABD390",
      "properties": {
        "file": "meshes_lampposts.assetbundle",
        "mesh": "YardLamp_Floor"
      }
    },
    {
      "parent": "/Far__x2_z10/Far__x2_z10_LFS/Far_Station_MachineFactory/Roads/Flat_40x40/Collider",
      "position": "(11.8828049,-0.049987793,23.3936)",
      "rotation": "(0,0.0261769481,0,0.999657333)",
      "hash": "097F079F1F2ACD510:098B3D9F1A2AE4560",
      "properties": {
        "file": "meshes_lampposts.assetbundle",
        "mesh": "YardLamp_Floor"
      }
    },
    {
      "parent": "/Far__x2_z10/Far__x2_z10_LFS/Far_Station_MachineFactory/Roads/Road_30x8 (11)/Collider",
      "position": "(-267.0972,-0.129928589,-316.968628)",
      "rotation": "(0,0.999657333,0,-0.0261769611)",
      "hash": "0878619F1F29D8120:098C629F122B0D290",
      "properties": {
        "file": "meshes_lampposts.assetbundle",
        "mesh": "YardLamp_Floor"
      }
    },
    {
      "parent": "/Far__x2_z10/Far__x2_z10_LFS/Far_Station_MachineFactory/Roads/Flat_40x40 (13)/Collider",
      "position": "(13.5842247,-0.049987793,23.6660385)",
      "rotation": "(0,0.9998477,0,-0.0174523517)",
      "hash": "0957089F1F2ACE5F0:0965229F1A2AE6160",
      "properties": {
        "file": "meshes_lampposts.assetbundle",
        "mesh": "YardLamp_Floor"
      }
    },
    {
      "parent": "/Far__x2_z10/Far__x2_z10_LFS/Far_Station_MachineFactory/Roads/Road_30x8 (11)/Collider",
      "position": "(-228.7724,-0.129928589,-317.333282)",
      "rotation": "(0,0.008726535,0,0.9999619)",
      "hash": "0878619F1F29D8120:0966449F122B0E570",
      "properties": {
        "file": "meshes_lampposts.assetbundle",
        "mesh": "YardLamp_Floor"
      }
    },
    {
      "parent": "/Far__x2_z10/Far__x2_z10_LFS/Far_Station_MachineFactory/Roads/Flat_40x40 (19)/Collider",
      "position": "(15.8891382,-0.049987793,24.0682678)",
      "rotation": "(0,0.999657333,0,-0.0261769611)",
      "hash": "092F0A9F1F2AD0090:093F439F1A2AE7460",
      "properties": {
        "file": "meshes_lampposts.assetbundle",
        "mesh": "YardLamp_Floor"
      }
    },
    {
      "parent": "/Far__x2_z10/Far__x2_z10_LFS/Far_Station_MachineFactory/Roads/Flat_40x40 (21)/Collider",
      "position": "(15.753232,-0.049987793,23.913353)",
      "rotation": "(0,0.999657333,0,-0.0261769611)",
      "hash": "092D609F1F2AA80B0:093E279F1A2ABF380",
      "properties": {
        "file": "meshes_lampposts.assetbundle",
        "mesh": "YardLamp_Floor"
      }
    },
    {
      "parent": "/Far__x2_z10/Far__x2_z10_LFS/Far_Station_MachineFactory/Roads/Flat_40x40 (22)/Collider",
      "position": "(15.6238585,-0.049987793,23.8553143)",
      "rotation": "(0,0.999657333,0,-0.0261769611)",
      "hash": "092C529F1F2A800D0:093D0C9F1A2A97350",
      "properties": {
        "file": "meshes_lampposts.assetbundle",
        "mesh": "YardLamp_Floor"
      }
    },
    {
      "parent": "/Far__x2_z10/Far__x2_z10_LFS/Far_Station_MachineFactory/Roads/Flat_40x40 (20)/Collider",
      "position": "(15.6074533,-0.049987793,23.7584915)",
      "rotation": "(0,0.9998477,0,-0.0174523517)",
      "hash": "092B449F1F2A580E0:093B609F1A2A6F2D0",
      "properties": {
        "file": "meshes_lampposts.assetbundle",
        "mesh": "YardLamp_Floor"
      }
    },
    {
      "parent": "/Far__x2_z10/Far__x2_z10_LFS/Far_Station_MachineFactory/Roads/Flat_40x40 (23)/Collider",
      "position": "(15.3023224,-0.049987793,23.87717)",
      "rotation": "(0,0.9998477,0,-0.0174523517)",
      "hash": "092A369F1F2A30100:093A349F1A2A473B0",
      "properties": {
        "file": "meshes_lampposts.assetbundle",
        "mesh": "YardLamp_Floor"
      }
    },
    {
      "parent": "/Far__x2_z10/Far__x2_z10_LFS/Far_Station_MachineFactory/Roads/Flat_40x40 (24)/Collider",
      "position": "(15.26429,-0.049987793,23.9781647)",
      "rotation": "(0,0.9999619,0,-0.008726531)",
      "hash": "0929299F1F2A08110:0939239F1A2A1F470",
      "properties": {
        "file": "meshes_lampposts.assetbundle",
        "mesh": "YardLamp_Floor"
      }
    },
    {
      "parent": "/Far__x2_z10/Far__x2_z10_LFS/Far_Station_MachineFactory/CivilBuildings/House_04 (1)/collider",
      "position": "(-185.566162,-0.129928589,-299.007935)",
      "rotation": "(0,0.999657333,0,-0.0261769611)",
      "hash": "0876329F1F28D20E0:0938339F1229F74B0",
      "properties": {
        "file": "meshes_lampposts.assetbundle",
        "mesh": "YardLamp_Floor"
      }
    },
    {
      "parent": "/Far__x2_z10/Far__x2_z10_LFS/Far_Station_MachineFactory/CivilBuildings/House_04 (1)/collider",
      "position": "(-222.89389,-0.129928589,-299.331116)",
      "rotation": "(0,0.008726535,0,0.9999619)",
      "hash": "0876329F1F28D20E0:095D539F1229F7000",
      "properties": {
        "file": "meshes_lampposts.assetbundle",
        "mesh": "YardLamp_Floor"
      }
    },
    {
      "parent": "/Far__x2_z10/Far__x2_z10_LFS/Far_Station_MachineFactory/CivilBuildings/House_04 (1)/collider",
      "position": "(-221.90831,-0.129928589,-218.989166)",
      "rotation": "(0,0.0174524058,0,0.9998477)",
      "hash": "0876329F1F28D20E0:095A389F1229A6480",
      "properties": {
        "file": "meshes_lampposts.assetbundle",
        "mesh": "YardLamp_Floor"
      }
    },
    {
      "parent": "/Far__x2_z10/Far__x2_z10_LFS/Far_Station_MachineFactory/SilosCranes/Portal_Crane/collider (1)",
      "position": "(0.01267481,15.5737944,-3.78088427)",
      "rotation": "(-0.507071,-0.492827624,-0.492827624,0.507070959)",
      "hash": "0972119F192A450D0:096E27AE532A45160",
      "properties": {
        "file": "meshes_lampposts.assetbundle",
        "mesh": "YardLamp_Wall"
      }
    },
    {
      "parent": "/Far__x2_z10/Far__x2_z10_LFS/Far_Station_MachineFactory/Roads/Flat_40x40 (18)/Collider",
      "position": "(2.04031372,-0.049987793,23.9476929)",
      "rotation": "(0,-0.694658458,0,0.7193397)",
      "hash": "0951279F1F2A07040:09540B9F1A2A1E5B0",
      "properties": {
        "file": "meshes_lampposts.assetbundle",
        "mesh": "LampPostDouble_Floor"
      }
    },
    {
      "parent": "/Far__x2_z10/Far__x2_z10_LFS/Far_Station_MachineFactory/Roads/Flat_40x40 (17)/Collider",
      "position": "(2.425335,-0.049987793,23.8409538)",
      "rotation": "(0,-0.694658458,0,0.7193397)",
      "hash": "0952359F1F2A2F020:09553F9F1A2A464E0",
      "properties": {
        "file": "meshes_lampposts.assetbundle",
        "mesh": "LampPostDouble_Floor"
      }
    },
    {
      "parent": "/Far__x2_z10/Far__x2_z10_LFS/Far_Station_MachineFactory/Roads/Flat_40x40 (16)/Collider",
      "position": "(2.59954453,-0.049987793,24.0995617)",
      "rotation": "(0,-0.694658458,0,0.7193397)",
      "hash": "0953439F1F2A57000:09565F9F1A2A6F020",
      "properties": {
        "file": "meshes_lampposts.assetbundle",
        "mesh": "LampPostDouble_Floor"
      }
    },
    {
      "parent": "/Far__x2_z10/Far__x2_z10_LFS/Far_Station_MachineFactory/Roads/Flat_40x40 (15)/Collider",
      "position": "(2.9042778,-0.049987793,24.0121384)",
      "rotation": "(0,-0.6883545,0,0.72537446)",
      "hash": "0954519F1F2A7E630:0958279F1A2A965B0",
      "properties": {
        "file": "meshes_lampposts.assetbundle",
        "mesh": "LampPostDouble_Floor"
      }
    },
    {
      "parent": "/Far__x2_z10/Far__x2_z10_LFS/Far_Station_MachineFactory/Roads/Flat_40x40 (14)/Collider",
      "position": "(3.182457,-0.049987793,24.0421677)",
      "rotation": "(0,-0.694658458,0,0.7193397)",
      "hash": "09555F9F1F2AA6610:0959519F1A2ABE5B0",
      "properties": {
        "file": "meshes_lampposts.assetbundle",
        "mesh": "LampPostDouble_Floor"
      }
    },
    {
      "parent": "/Far__x2_z10/Far__x2_z10_LFS/Far_Station_MachineFactory/CivilBuildings/House_04 (1)/collider",
      "position": "(-222.0295,-0.129928589,-260.274048)",
      "rotation": "(0,0.0348994955,0,0.999390841)",
      "hash": "0876329F1F28D20E0:095B569F1229CF630",
      "properties": {
        "file": "meshes_lampposts.assetbundle",
        "mesh": "YardLamp_Floor"
      }
    }
  ],
  "decorations": []
}