{
  "version": 92,
  "enabled": true,
  "lights": [
    {
      "parent": "/Near__x5_z8/Near__x5_z8_LFS/Near_BoxCollider#8/%GROUP%_Mesh000747035300024B",
      "position": "(0.75,12.25,0)",
      "rotation": "(-0.635555446,0.144155025,0.1223968,0.748537)",
      "hash": "15E4508C17211B1C0:15E5329830211B370",
      "properties": {
        "type": "Point",
        "intensity": 0.3,
        "range": 30.0,
        "colour": "#FFFFFF",
        "corona": {
          "sprite": "corona_flare02.png",
          "scale": 1.0,
          "range": 100.0
        },
        "dutyCycle": "DuskTillDawn()"
      }
    },
    {
      "parent": "/Near__x5_z8/Near__x5_z8_LFS/Near_BoxCollider#8/%GROUP%_Mesh000747035300024B",
      "position": "(0,12.25,0.75)",
      "rotation": "(-0.635555446,0.144155025,0.1223968,0.748537)",
      "hash": "15E4508C17211B1C0:15E4359830211B620",
      "properties": {
        "type": "Point",
        "intensity": 0.3,
        "range": 30.0,
        "colour": "#FFFFFF",
        "corona": {
          "sprite": "corona_flare02.png",
          "scale": 1.0,
          "range": 100.0
        },
        "dutyCycle": "DuskTillDawn()"
      }
    },
    {
      "parent": "/Near__x5_z8/Near__x5_z8_LFS/Near_BoxCollider#8/%GROUP%_Mesh000747035300024B",
      "position": "(-0.75,12.25,0)",
      "rotation": "(-0.635555446,0.144155025,0.1223968,0.748537)",
      "hash": "15E4508C17211B1C0:15E40A9830211B010",
      "properties": {
        "type": "Point",
        "intensity": 0.3,
        "range": 30.0,
        "colour": "#FFFFFF",
        "corona": {
          "sprite": "corona_flare02.png",
          "scale": 1.0,
          "range": 100.0
        },
        "dutyCycle": "DuskTillDawn()"
      }
    },
    {
      "parent": "/Near__x5_z8/Near__x5_z8_LFS/Near_BoxCollider#8/%GROUP%_Mesh000747035300024B",
      "position": "(0,12.25,-0.75)",
      "rotation": "(-0.635555446,0.144155025,0.1223968,0.748537)",
      "hash": "15E4508C17211B1C0:15E5079830211A3A0",
      "properties": {
        "type": "Point",
        "intensity": 0.3,
        "range": 30.0,
        "colour": "#FFFFFF",
        "corona": {
          "sprite": "corona_flare02.png",
          "scale": 1.0,
          "range": 100.0
        },
        "dutyCycle": "DuskTillDawn()"
      }
    },
    {
      "parent": "/Far__x5_z8/Far__x5_z8_LFS/Far_BoxCollider(Clone)#8/%GROUP%_Mesh002D62004A007316",
      "position": "(0.75,12.25,0)",
      "rotation": "(-0.7071068,0,0,0.7071068)",
      "hash": "15CA61905A218F180:15CB3F9D0F218E590",
      "properties": {
        "type": "Point",
        "intensity": 0.3,
        "range": 30.0,
        "colour": "#FFFFFF",
        "corona": {
          "sprite": "corona_flare02.png",
          "scale": 1.0,
          "range": 100.0
        },
        "dutyCycle": "DuskTillDawn()"
      }
    },
    {
      "parent": "/Far__x5_z8/Far__x5_z8_LFS/Far_BoxCollider(Clone)#8/%GROUP%_Mesh002D62004A007316",
      "position": "(0,12.25,0.75)",
      "rotation": "(-0.7071068,0,0,0.7071068)",
      "hash": "15CA61905A218F180:15CB209D0F218F5A0",
      "properties": {
        "type": "Point",
        "intensity": 0.3,
        "range": 30.0,
        "colour": "#FFFFFF",
        "corona": {
          "sprite": "corona_flare02.png",
          "scale": 1.0,
          "range": 100.0
        },
        "dutyCycle": "DuskTillDawn()"
      }
    },
    {
      "parent": "/Far__x5_z8/Far__x5_z8_LFS/Far_BoxCollider(Clone)#8/%GROUP%_Mesh002D62004A007316",
      "position": "(-0.75,12.25,0)",
      "rotation": "(-0.7071068,0,0,0.7071068)",
      "hash": "15CA61905A218F180:15CA1F9D0F218F3B0",
      "properties": {
        "type": "Point",
        "intensity": 0.3,
        "range": 30.0,
        "colour": "#FFFFFF",
        "corona": {
          "sprite": "corona_flare02.png",
          "scale": 1.0,
          "range": 100.0
        },
        "dutyCycle": "DuskTillDawn()"
      }
    },
    {
      "parent": "/Far__x5_z8/Far__x5_z8_LFS/Far_BoxCollider(Clone)#8/%GROUP%_Mesh002D62004A007316",
      "position": "(0,12.25,-0.75)",
      "rotation": "(-0.7071068,0,0,0.7071068)",
      "hash": "15CA61905A218F180:15CA3E9D0F218E3A0",
      "properties": {
        "type": "Point",
        "intensity": 0.3,
        "range": 30.0,
        "colour": "#FFFFFF",
        "corona": {
          "sprite": "corona_flare02.png",
          "scale": 1.0,
          "range": 100.0
        },
        "dutyCycle": "DuskTillDawn()"
      }
    },
    {
      "parent": "/Near__x5_z8/Near__x5_z8_LFS/Near_BoxCollider#8/%GROUP%_Mesh006A150047009714",
      "position": "(0.75,12.25,0)",
      "rotation": "(-0.7071068,0,0,0.7071068)",
      "hash": "15EB46905A21CD1E0:15EC1A9D0F21CC500",
      "properties": {
        "type": "Point",
        "intensity": 1.0,
        "range": 30.0,
        "colour": "#FFFFFF",
        "corona": {
          "sprite": "corona_white01.png",
          "scale": 1.0,
          "range": 100.0
        },
        "dutyCycle": "DuskTillDawn()"
      }
    },
    {
      "parent": "/Near__x5_z8/Near__x5_z8_LFS/Near_BoxCollider#8/%GROUP%_Mesh006A150047009714",
      "position": "(0,12.25,0.75)",
      "rotation": "(-0.7071068,0,0,0.7071068)",
      "hash": "15EB46905A21CD1E0:15EC149D0F21CD560",
      "properties": {
        "type": "Point",
        "intensity": 1.0,
        "range": 30.0,
        "colour": "#FFFFFF",
        "corona": {
          "sprite": "corona_white01.png",
          "scale": 1.0,
          "range": 100.0
        },
        "dutyCycle": "DuskTillDawn()"
      }
    },
    {
      "parent": "/Near__x5_z8/Near__x5_z8_LFS/Near_BoxCollider#8/%GROUP%_Mesh006A150047009714",
      "position": "(-0.75,12.25,0)",
      "rotation": "(-0.7071068,0,0,0.7071068)",
      "hash": "15EB46905A21CD1E0:15EB0E9D0F21CD500",
      "properties": {
        "type": "Point",
        "intensity": 1.0,
        "range": 30.0,
        "colour": "#FFFFFF",
        "corona": {
          "sprite": "corona_white01.png",
          "scale": 1.0,
          "range": 100.0
        },
        "dutyCycle": "DuskTillDawn()"
      }
    },
    {
      "parent": "/Near__x5_z8/Near__x5_z8_LFS/Near_BoxCollider#8/%GROUP%_Mesh006A150047009714",
      "position": "(0,12.25,-0.75)",
      "rotation": "(-0.7071068,0,0,0.7071068)",
      "hash": "15EB46905A21CD1E0:15EB149D0F21CC4A0",
      "properties": {
        "type": "Point",
        "intensity": 1.0,
        "range": 30.0,
        "colour": "#FFFFFF",
        "corona": {
          "sprite": "corona_white01.png",
          "scale": 1.0,
          "range": 100.0
        },
        "dutyCycle": "DuskTillDawn()"
      }
    },
    {
      "parent": "/Near__x5_z8/Near__x5_z8_LFS/Near_collider#2/%GROUP%_Mesh009B06094400784A",
      "position": "(0.75,12.25,0)",
      "rotation": "(-0.7071068,0,0,0.7071068)",
      "hash": "16382B905A21AC060:1639039D0F21AB3C0",
      "properties": {
        "type": "Point",
        "intensity": 1.0,
        "range": 30.0,
        "colour": "#FFFFFF",
        "corona": {
          "sprite": "corona_white01.png",
          "scale": 1.0,
          "range": 100.0
        },
        "dutyCycle": "DuskTillDawn()"
      }
    },
    {
      "parent": "/Near__x5_z8/Near__x5_z8_LFS/Near_collider#2/%GROUP%_Mesh009B06094400784A",
      "position": "(0,12.25,0.75)",
      "rotation": "(-0.7071068,0,0,0.7071068)",
      "hash": "16382B905A21AC060:16385A9D0F21AC410",
      "properties": {
        "type": "Point",
        "intensity": 1.0,
        "range": 30.0,
        "colour": "#FFFFFF",
        "corona": {
          "sprite": "corona_white01.png",
          "scale": 1.0,
          "range": 100.0
        },
        "dutyCycle": "DuskTillDawn()"
      }
    },
    {
      "parent": "/Near__x5_z8/Near__x5_z8_LFS/Near_collider#2/%GROUP%_Mesh009B06094400784A",
      "position": "(-0.75,12.25,0)",
      "rotation": "(-0.7071068,0,0,0.7071068)",
      "hash": "16382B905A21AC060:1637549D0F21AC340",
      "properties": {
        "type": "Point",
        "intensity": 1.0,
        "range": 30.0,
        "colour": "#FFFFFF",
        "corona": {
          "sprite": "corona_white01.png",
          "scale": 1.0,
          "range": 100.0
        },
        "dutyCycle": "DuskTillDawn()"
      }
    },
    {
      "parent": "/Near__x5_z8/Near__x5_z8_LFS/Near_collider#2/%GROUP%_Mesh009B06094400784A",
      "position": "(0,12.25,-0.75)",
      "rotation": "(-0.7071068,0,0,0.7071068)",
      "hash": "16382B905A21AC060:1637619D0F21AB2F0",
      "properties": {
        "type": "Point",
        "intensity": 1.0,
        "range": 30.0,
        "colour": "#FFFFFF",
        "corona": {
          "sprite": "corona_white01.png",
          "scale": 1.0,
          "range": 100.0
        },
        "dutyCycle": "DuskTillDawn()"
      }
    },
    {
      "parent": "/Far__x5_z8/Far__x5_z8_LFS/Far_IndustryBuildings/Warehouse_OldMedium/collider/%GROUP%_Mesh0110600160002521",
      "position": "(0.75,12.25,0)",
      "rotation": "(-0.7071068,0,0,0.7071068)",
      "hash": "171501905A22ED470:1714229D0F22EE040",
      "properties": {
        "type": "Point",
        "intensity": 1.0,
        "range": 30.0,
        "colour": "#FFFFFF",
        "corona": {
          "sprite": "corona_white01.png",
          "scale": 1.0,
          "range": 100.0
        },
        "dutyCycle": "DuskTillDawn()"
      }
    },
    {
      "parent": "/Far__x5_z8/Far__x5_z8_LFS/Far_IndustryBuildings/Warehouse_OldMedium/collider/%GROUP%_Mesh0110600160002521",
      "position": "(0,12.25,0.75)",
      "rotation": "(-0.7071068,0,0,0.7071068)",
      "hash": "171501905A22ED470:1714449D0F22ED040",
      "properties": {
        "type": "Point",
        "intensity": 1.0,
        "range": 30.0,
        "colour": "#FFFFFF",
        "corona": {
          "sprite": "corona_white01.png",
          "scale": 1.0,
          "range": 100.0
        },
        "dutyCycle": "DuskTillDawn()"
      }
    },
    {
      "parent": "/Far__x5_z8/Far__x5_z8_LFS/Far_IndustryBuildings/Warehouse_OldMedium/collider/%GROUP%_Mesh0110600160002521",
      "position": "(-0.75,12.25,0)",
      "rotation": "(-0.7071068,0,0,0.7071068)",
      "hash": "171501905A22ED470:1715459D0F22ED260",
      "properties": {
        "type": "Point",
        "intensity": 1.0,
        "range": 30.0,
        "colour": "#FFFFFF",
        "corona": {
          "sprite": "corona_white01.png",
          "scale": 1.0,
          "range": 100.0
        },
        "dutyCycle": "DuskTillDawn()"
      }
    },
    {
      "parent": "/Far__x5_z8/Far__x5_z8_LFS/Far_IndustryBuildings/Warehouse_OldMedium/collider/%GROUP%_Mesh0110600160002521",
      "position": "(0,12.25,-0.75)",
      "rotation": "(-0.7071068,0,0,0.7071068)",
      "hash": "171501905A22ED470:1715229D0F22EE260",
      "properties": {
        "type": "Point",
        "intensity": 1.0,
        "range": 30.0,
        "colour": "#FFFFFF",
        "corona": {
          "sprite": "corona_white01.png",
          "scale": 1.0,
          "range": 100.0
        },
        "dutyCycle": "DuskTillDawn()"
      }
    }
  ],
  "meshes": [
    {
      "parent": "/Near__x5_z8/Near__x5_z8_LFS/Near_BoxCollider#8",
      "position": "(-7.71095133,-3.83634543,-2.75387573)",
      "rotation": "(0,-0.182235584,0,0.9832549)",
      "hash": "15DF41900721145B0:15E4508C17211B1C0",
      "properties": {
        "file": "meshes_lampposts.assetbundle",
        "mesh": "YardLamp_Floor"
      }
    },
    {
      "parent": "/Far__x5_z8/Far__x5_z8_LFS/Far_BoxCollider(Clone)#8",
      "position": "(-45.98128,0.7407066,-115.227646)",
      "rotation": "(0,0.241921917,0,0.9702957)",
      "hash": "15DF41900721145B0:15CA61905A218F180",
      "properties": {
        "file": "meshes_lampposts.assetbundle",
        "mesh": "YardLamp_Floor"
      }
    },
    {
      "parent": "/Near__x5_z8/Near__x5_z8_LFS/Near_BoxCollider#8",
      "position": "(-106.218437,0.710892,-151.204727)",
      "rotation": "(0,0.35836792,0,0.933580458)",
      "hash": "15DF41900721145B0:15EB46905A21CD1E0",
      "properties": {
        "file": "meshes_lampposts.assetbundle",
        "mesh": "YardLamp_Floor"
      }
    },
    {
      "parent": "/Near__x5_z8/Near__x5_z8_LFS/Near_collider#2",
      "position": "(-155.06662,-9.689475,-120.745827)",
      "rotation": "(0,0.32556814,0,0.9455186)",
      "hash": "15F438900320F3240:16382B905A21AC060",
      "properties": {
        "file": "meshes_lampposts.assetbundle",
        "mesh": "YardLamp_Floor"
      }
    },
    {
      "parent": "/Far__x5_z8/Far__x5_z8_LFS/Far_IndustryBuildings/Warehouse_OldMedium/collider",
      "position": "(272.9662,1.96612549,-37.33658)",
      "rotation": "(0,0.9743701,0,-0.224950984)",
      "hash": "165C088E5E2221310:171501905A22ED470",
      "properties": {
        "file": "meshes_lampposts.assetbundle",
        "mesh": "YardLamp_Floor"
      }
    }
  ],
  "decorations": []
}