{
  "version": 92,
  "enabled": true,
  "lights": [
    {
      "parent": "/Far__x5_z8/Far__x5_z8_LFS/Far_IndustryBuildings/Warehouse_OldMedium/collider",
      "position": "(-0.01386261,7.16778564,13.5648384)",
      "rotation": "(0.5572528,-0.362954736,0.294755846,0.686186731)",
      "hash": "165C088E5E2221310:165058960A22290E0",
      "properties": {
        "type": "Point",
        "intensity": 1.0,
        "range": 20.0,
        "colour": "#FFB24D",
        "corona": {
          "sprite": "corona_orange01.png",
          "scale": 0.75,
          "range": 100.0
        },
        "dutyCycle": "DuskTillDawn()"
      }
    },
    {
      "parent": "/Far__x5_z8/Far__x5_z8_LFS/Far_IndustryBuildings/Utility_ForestHouse/collider",
      "position": "(-5.52495861,7.16142273,-7.99566174)",
      "rotation": "(0.554894149,-0.3633445,0.292727679,0.6887552)",
      "hash": "16751B8E5E22343D0:166C14960A22310D0",
      "properties": {
        "type": "Point",
        "intensity": 1.0,
        "range": 20.0,
        "colour": "#FFB24D",
        "corona": {
          "sprite": "corona_orange01.png",
          "scale": 0.75,
          "range": 100.0
        },
        "dutyCycle": "DuskTillDawn()"
      }
    },
    {
      "parent": "/Far__x5_z8/Far__x5_z8_LFS/Far_IndustryBuildings/Warehouse_OldMedium/collider",
      "position": "(-0.0116043091,7.17166138,-13.5844593)",
      "rotation": "(0.294726133,0.6862304,-0.557201743,0.362974584)",
      "hash": "165C088E5E2221310:16671D960B2219510",
      "properties": {
        "type": "Point",
        "intensity": 1.0,
        "range": 20.0,
        "colour": "#FFB24D",
        "corona": {
          "sprite": "corona_orange01.png",
          "scale": 0.75,
          "range": 100.0
        },
        "dutyCycle": "DuskTillDawn()"
      }
    },
    {
      "parent": "/Far__x5_z8/Far__x5_z8_LFS/Far_IndustryBuildings/Utility_ForestHouse/collider",
      "position": "(5.5449357,7.165909,-7.986356)",
      "rotation": "(0.292727679,0.6887552,-0.554894149,0.3633445)",
      "hash": "16751B8E5E22343D0:167522960A222A580",
      "properties": {
        "type": "Point",
        "intensity": 1.0,
        "range": 20.0,
        "colour": "#FFB24D",
        "corona": {
          "sprite": "corona_orange01.png",
          "scale": 0.75,
          "range": 100.0
        },
        "dutyCycle": "DuskTillDawn()"
      }
    },
    {
      "parent": "/Far__x5_z8/Far__x5_z8_LFS/Far_IndustryBuildings/Utility_ForestHouse/collider",
      "position": "(-1.99908543,5.363693,4.363058)",
      "rotation": "(0.5815728,0.234425768,-0.179878384,0.757932365)",
      "hash": "16751B8E5E22343D0:167609941E2239220",
      "properties": {
        "type": "Point",
        "intensity": 1.0,
        "range": 20.0,
        "colour": "#DDEEFF",
        "corona": {
          "sprite": "corona_flare02.png",
          "scale": 1.0,
          "range": 100.0
        },
        "dutyCycle": "DuskTillDawn()"
      }
    },
    {
      "parent": "/Far__x5_z8/Far__x5_z8_LFS/Far_IndustryBuildings/Warehouse_OldMedium/collider/%GROUP%_Mesh00383E044E000440",
      "position": "(0,0.285,-0.04)",
      "rotation": "(0,0.2963093,0,0.9550921)",
      "hash": "16381C934821F5260:16382C934421F53E0",
      "properties": {
        "type": "Point",
        "intensity": 0.5,
        "range": 10.0,
        "colour": "#FFFFFF",
        "corona": {
          "sprite": "corona_flare02.png",
          "scale": 0.87,
          "range": 100.0
        },
        "dutyCycle": "DuskTillDawn()"
      }
    },
    {
      "parent": "/Far__x5_z8/Far__x5_z8_LFS/Far_IndustryBuildings/Warehouse_OldMedium/collider/%GROUP%_Mesh002F12050D000049",
      "position": "(0,0.285,-0.04)",
      "rotation": "(0,0.8848742,0,0.46583)",
      "hash": "164053940821FA600:164107940421FA500",
      "properties": {
        "type": "Point",
        "intensity": 0.5,
        "range": 10.0,
        "colour": "#FFFFFF",
        "corona": {
          "sprite": "corona_flare02.png",
          "scale": 0.87,
          "range": 100.0
        },
        "dutyCycle": "DuskTillDawn()"
      }
    },
    {
      "parent": "/Far__x5_z8/Far__x5_z8_LFS/Far_IndustryBuildings/Warehouse_OldMedium (2)/collider",
      "position": "(-0.00357627915,7.16925049,13.57181)",
      "rotation": "(0.602461159,0.22855936,-0.185613245,0.741855145)",
      "hash": "16C65C8E5E22DF200:16CE3A960A22EA350",
      "properties": {
        "type": "Point",
        "intensity": 1.0,
        "range": 20.0,
        "colour": "#FFB24D",
        "corona": {
          "sprite": "corona_orange01.png",
          "scale": 0.75,
          "range": 100.0
        },
        "dutyCycle": "DuskTillDawn()"
      }
    },
    {
      "parent": "/Far__x5_z8/Far__x5_z8_LFS/Far_IndustryBuildings/Warehouse_OldMedium (1)/collider",
      "position": "(0.01633548,7.171646,13.5838318)",
      "rotation": "(0.602461159,0.2285593,-0.185613185,0.7418551)",
      "hash": "16D72A8E5E22D4030:16DF0B960B22DF180",
      "properties": {
        "type": "Point",
        "intensity": 1.0,
        "range": 20.0,
        "colour": "#FFB24D",
        "corona": {
          "sprite": "corona_orange01.png",
          "scale": 0.75,
          "range": 100.0
        },
        "dutyCycle": "DuskTillDawn()"
      }
    },
    {
      "parent": "/Far__x5_z8/Far__x5_z8_LFS/Far_IndustryBuildings/Warehouse_OldMedium (1)/collider",
      "position": "(-0.005799291,7.17272949,-13.588623)",
      "rotation": "(-0.185598046,0.7419001,-0.602403939,-0.228576168)",
      "hash": "16D72A8E5E22D4030:16CF4B960B22C8520",
      "properties": {
        "type": "Point",
        "intensity": 1.0,
        "range": 20.0,
        "colour": "#FFB24D",
        "corona": {
          "sprite": "corona_orange01.png",
          "scale": 0.75,
          "range": 100.0
        },
        "dutyCycle": "DuskTillDawn()"
      }
    },
    {
      "parent": "/Far__x5_z8/Far__x5_z8_LFS/Far_IndustryBuildings/Warehouse_OldMedium (2)/collider",
      "position": "(0.00048637396,7.166641,-13.5602665)",
      "rotation": "(-0.18559809,0.7419001,-0.602404058,-0.228576228)",
      "hash": "16C65C8E5E22DF200:16BF1A960A22D40D0",
      "properties": {
        "type": "Point",
        "intensity": 1.0,
        "range": 20.0,
        "colour": "#FFB24D",
        "corona": {
          "sprite": "corona_orange01.png",
          "scale": 0.75,
          "range": 100.0
        },
        "dutyCycle": "DuskTillDawn()"
      }
    },
    {
      "parent": "/Far__x5_z8/Far__x5_z8_LFS/Far_IndustryBuildings/FakeOffice_4/collider/%GROUP%_Mesh00010A0425000000",
      "position": "(0,0.285,-0.04)",
      "hash": "16BB06931F2298440:16BB1D931B2298340",
      "properties": {
        "type": "Point",
        "intensity": 0.5,
        "range": 10.0,
        "colour": "#FFFFFF",
        "corona": {
          "sprite": "corona_flare02.png",
          "scale": 0.87,
          "range": 100.0
        },
        "dutyCycle": "DuskTillDawn()"
      }
    }
  ],
  "meshes": [
    {
      "parent": "/Far__x5_z8/Far__x5_z8_LFS/Far_IndustryBuildings/Warehouse_OldMedium/collider",
      "position": "(-56.6212,4.781006,4.64597845)",
      "rotation": "(0.209522322,0.6753521,0.6753521,-0.209522322)",
      "hash": "165C088E5E2221310:16381C934821F5260",
      "properties": {
        "file": "meshes_lampposts.assetbundle",
        "mesh": "FloodLight_Wall"
      }
    },
    {
      "parent": "/Far__x5_z8/Far__x5_z8_LFS/Far_IndustryBuildings/Warehouse_OldMedium/collider",
      "position": "(-47.1843872,5.139923,0.7388222)",
      "rotation": "(-0.6257006,-0.3293916,-0.3293916,0.625700533)",
      "hash": "165C088E5E2221310:164053940821FA600",
      "properties": {
        "file": "meshes_lampposts.assetbundle",
        "mesh": "FloodLight_Wall"
      }
    },
    {
      "parent": "/Far__x5_z8/Far__x5_z8_LFS/Far_IndustryBuildings/FakeOffice_4/collider",
      "position": "(-1.10027516,4.37313843,0.00497066975)",
      "rotation": "(-0.625416934,-0.3299299,-0.3299299,0.6254169)",
      "hash": "16BA0F8E5E22991E0:16BB06931F2298440",
      "properties": {
        "file": "meshes_lampposts.assetbundle",
        "mesh": "FloodLight_Wall"
      }
    }
  ],
  "decorations": []
}