{
  "version": 92,
  "enabled": true,
  "lights": [
    {
      "parent": "/Far__x5_z8/Far__x5_z8_LFS/Far_IndustryBuildings/Warehouse_OldMedium/collider/%GROUP%_Mesh0023550160002143",
      "position": "(0.75,12.25,0)",
      "rotation": "(-0.7071068,0,0,0.7071068)",
      "hash": "162C05905A22165B0:162C449D0F2216340",
      "properties": {
        "type": "Point",
        "intensity": 1.0,
        "range": 30.0,
        "colour": "#FFFFFF",
        "corona": {
          "sprite": "corona_white01.png",
          "scale": 1.0,
          "range": 100.0
        },
        "dutyCycle": "DuskTillDawn()"
      }
    },
    {
      "parent": "/Far__x5_z8/Far__x5_z8_LFS/Far_IndustryBuildings/Warehouse_OldMedium/collider/%GROUP%_Mesh0023550160002143",
      "position": "(0,12.25,0.75)",
      "rotation": "(-0.7071068,0,0,0.7071068)",
      "hash": "162C05905A22165B0:162C2C9D0F2217370",
      "properties": {
        "type": "Point",
        "intensity": 1.0,
        "range": 30.0,
        "colour": "#FFFFFF",
        "corona": {
          "sprite": "corona_white01.png",
          "scale": 1.0,
          "range": 100.0
        },
        "dutyCycle": "DuskTillDawn()"
      }
    },
    {
      "parent": "/Far__x5_z8/Far__x5_z8_LFS/Far_IndustryBuildings/Warehouse_OldMedium/collider/%GROUP%_Mesh0023550160002143",
      "position": "(-0.75,12.25,0)",
      "rotation": "(-0.7071068,0,0,0.7071068)",
      "hash": "162C05905A22165B0:162B299D0F22171F0",
      "properties": {
        "type": "Point",
        "intensity": 1.0,
        "range": 30.0,
        "colour": "#FFFFFF",
        "corona": {
          "sprite": "corona_white01.png",
          "scale": 1.0,
          "range": 100.0
        },
        "dutyCycle": "DuskTillDawn()"
      }
    },
    {
      "parent": "/Far__x5_z8/Far__x5_z8_LFS/Far_IndustryBuildings/Warehouse_OldMedium/collider/%GROUP%_Mesh0023550160002143",
      "position": "(0,12.25,-0.75)",
      "rotation": "(-0.7071068,0,0,0.7071068)",
      "hash": "162C05905A22165B0:162B419D0F22161C0",
      "properties": {
        "type": "Point",
        "intensity": 1.0,
        "range": 30.0,
        "colour": "#FFFFFF",
        "corona": {
          "sprite": "corona_white01.png",
          "scale": 1.0,
          "range": 100.0
        },
        "dutyCycle": "DuskTillDawn()"
      }
    },
    {
      "parent": "/Far__x5_z8/Far__x5_z8_LFS/Far_IndustryBuildings/Warehouse_OldMedium/collider/%GROUP%_Mesh0005560160002303",
      "position": "(0.75,12.25,0)",
      "rotation": "(-0.7071068,0,0,0.7071068)",
      "hash": "163B55905A22302B0:163C319D0F2230040",
      "properties": {
        "type": "Point",
        "intensity": 1.0,
        "range": 30.0,
        "colour": "#FFFFFF",
        "corona": {
          "sprite": "corona_white01.png",
          "scale": 1.0,
          "range": 100.0
        },
        "dutyCycle": "DuskTillDawn()"
      }
    },
    {
      "parent": "/Far__x5_z8/Far__x5_z8_LFS/Far_IndustryBuildings/Warehouse_OldMedium/collider/%GROUP%_Mesh0005560160002303",
      "position": "(0,12.25,0.75)",
      "rotation": "(-0.7071068,0,0,0.7071068)",
      "hash": "163B55905A22302B0:163C199D0F2231070",
      "properties": {
        "type": "Point",
        "intensity": 1.0,
        "range": 30.0,
        "colour": "#FFFFFF",
        "corona": {
          "sprite": "corona_white01.png",
          "scale": 1.0,
          "range": 100.0
        },
        "dutyCycle": "DuskTillDawn()"
      }
    },
    {
      "parent": "/Far__x5_z8/Far__x5_z8_LFS/Far_IndustryBuildings/Warehouse_OldMedium/collider/%GROUP%_Mesh0005560160002303",
      "position": "(-0.75,12.25,0)",
      "rotation": "(-0.7071068,0,0,0.7071068)",
      "hash": "163B55905A22302B0:163B169D0F2230530",
      "properties": {
        "type": "Point",
        "intensity": 1.0,
        "range": 30.0,
        "colour": "#FFFFFF",
        "corona": {
          "sprite": "corona_white01.png",
          "scale": 1.0,
          "range": 100.0
        },
        "dutyCycle": "DuskTillDawn()"
      }
    },
    {
      "parent": "/Far__x5_z8/Far__x5_z8_LFS/Far_IndustryBuildings/Warehouse_OldMedium/collider/%GROUP%_Mesh0005560160002303",
      "position": "(0,12.25,-0.75)",
      "rotation": "(-0.7071068,0,0,0.7071068)",
      "hash": "163B55905A22302B0:163B2D9D0F222F500",
      "properties": {
        "type": "Point",
        "intensity": 1.0,
        "range": 30.0,
        "colour": "#FFFFFF",
        "corona": {
          "sprite": "corona_white01.png",
          "scale": 1.0,
          "range": 100.0
        },
        "dutyCycle": "DuskTillDawn()"
      }
    },
    {
      "parent": "/Far__x5_z8/Far__x5_z8_LFS/Far_IndustryBuildings/Warehouse_OldMedium/collider/%GROUP%_Mesh00180F016000242C",
      "position": "(0.75,12.25,0)",
      "rotation": "(-0.7071068,0,0,0.7071068)",
      "hash": "164B40905A224A000:164C1C9D0F22493C0",
      "properties": {
        "type": "Point",
        "intensity": 1.0,
        "range": 30.0,
        "colour": "#FFFFFF",
        "corona": {
          "sprite": "corona_white01.png",
          "scale": 1.0,
          "range": 100.0
        },
        "dutyCycle": "DuskTillDawn()"
      }
    },
    {
      "parent": "/Far__x5_z8/Far__x5_z8_LFS/Far_IndustryBuildings/Warehouse_OldMedium/collider/%GROUP%_Mesh00180F016000242C",
      "position": "(0,12.25,0.75)",
      "rotation": "(-0.7071068,0,0,0.7071068)",
      "hash": "164B40905A224A000:164C049D0F224A400",
      "properties": {
        "type": "Point",
        "intensity": 1.0,
        "range": 30.0,
        "colour": "#FFFFFF",
        "corona": {
          "sprite": "corona_white01.png",
          "scale": 1.0,
          "range": 100.0
        },
        "dutyCycle": "DuskTillDawn()"
      }
    },
    {
      "parent": "/Far__x5_z8/Far__x5_z8_LFS/Far_IndustryBuildings/Warehouse_OldMedium/collider/%GROUP%_Mesh00180F016000242C",
      "position": "(-0.75,12.25,0)",
      "rotation": "(-0.7071068,0,0,0.7071068)",
      "hash": "164B40905A224A000:164B019D0F224A280",
      "properties": {
        "type": "Point",
        "intensity": 1.0,
        "range": 30.0,
        "colour": "#FFFFFF",
        "corona": {
          "sprite": "corona_white01.png",
          "scale": 1.0,
          "range": 100.0
        },
        "dutyCycle": "DuskTillDawn()"
      }
    },
    {
      "parent": "/Far__x5_z8/Far__x5_z8_LFS/Far_IndustryBuildings/Warehouse_OldMedium/collider/%GROUP%_Mesh00180F016000242C",
      "position": "(0,12.25,-0.75)",
      "rotation": "(-0.7071068,0,0,0.7071068)",
      "hash": "164B40905A224A000:164B199D0F2249250",
      "properties": {
        "type": "Point",
        "intensity": 1.0,
        "range": 30.0,
        "colour": "#FFFFFF",
        "corona": {
          "sprite": "corona_white01.png",
          "scale": 1.0,
          "range": 100.0
        },
        "dutyCycle": "DuskTillDawn()"
      }
    },
    {
      "parent": "/Far__x5_z8/Far__x5_z8_LFS/Far_IndustryBuildings/Warehouse_OldMedium/collider/%GROUP%_Mesh0036010160002558",
      "position": "(0.75,12.25,0)",
      "rotation": "(-0.7071068,0,0,0.7071068)",
      "hash": "165B1F905A22632E0:165B5F9D0F2263060",
      "properties": {
        "type": "Point",
        "intensity": 1.0,
        "range": 30.0,
        "colour": "#FFFFFF",
        "corona": {
          "sprite": "corona_white01.png",
          "scale": 1.0,
          "range": 100.0
        },
        "dutyCycle": "DuskTillDawn()"
      }
    },
    {
      "parent": "/Far__x5_z8/Far__x5_z8_LFS/Far_IndustryBuildings/Warehouse_OldMedium/collider/%GROUP%_Mesh0036010160002558",
      "position": "(0,12.25,0.75)",
      "rotation": "(-0.7071068,0,0,0.7071068)",
      "hash": "165B1F905A22632E0:165B479D0F22640A0",
      "properties": {
        "type": "Point",
        "intensity": 1.0,
        "range": 30.0,
        "colour": "#FFFFFF",
        "corona": {
          "sprite": "corona_white01.png",
          "scale": 1.0,
          "range": 100.0
        },
        "dutyCycle": "DuskTillDawn()"
      }
    },
    {
      "parent": "/Far__x5_z8/Far__x5_z8_LFS/Far_IndustryBuildings/Warehouse_OldMedium/collider/%GROUP%_Mesh0036010160002558",
      "position": "(-0.75,12.25,0)",
      "rotation": "(-0.7071068,0,0,0.7071068)",
      "hash": "165B1F905A22632E0:165A449D0F2263560",
      "properties": {
        "type": "Point",
        "intensity": 1.0,
        "range": 30.0,
        "colour": "#FFFFFF",
        "corona": {
          "sprite": "corona_white01.png",
          "scale": 1.0,
          "range": 100.0
        },
        "dutyCycle": "DuskTillDawn()"
      }
    },
    {
      "parent": "/Far__x5_z8/Far__x5_z8_LFS/Far_IndustryBuildings/Warehouse_OldMedium/collider/%GROUP%_Mesh0036010160002558",
      "position": "(0,12.25,-0.75)",
      "rotation": "(-0.7071068,0,0,0.7071068)",
      "hash": "165B1F905A22632E0:165A5B9D0F2262530",
      "properties": {
        "type": "Point",
        "intensity": 1.0,
        "range": 30.0,
        "colour": "#FFFFFF",
        "corona": {
          "sprite": "corona_white01.png",
          "scale": 1.0,
          "range": 100.0
        },
        "dutyCycle": "DuskTillDawn()"
      }
    },
    {
      "parent": "/Far__x5_z8/Far__x5_z8_LFS/Far_IndustryBuildings/Warehouse_OldMedium/collider/%GROUP%_Mesh0053600160002719",
      "position": "(0.75,12.25,0)",
      "rotation": "(-0.7071068,0,0,0.7071068)",
      "hash": "166B09905A227C5F0:166B489D0F227C370",
      "properties": {
        "type": "Point",
        "intensity": 1.0,
        "range": 30.0,
        "colour": "#FFFFFF",
        "corona": {
          "sprite": "corona_white01.png",
          "scale": 1.0,
          "range": 100.0
        },
        "dutyCycle": "DuskTillDawn()"
      }
    },
    {
      "parent": "/Far__x5_z8/Far__x5_z8_LFS/Far_IndustryBuildings/Warehouse_OldMedium/collider/%GROUP%_Mesh0053600160002719",
      "position": "(0,12.25,0.75)",
      "rotation": "(-0.7071068,0,0,0.7071068)",
      "hash": "166B09905A227C5F0:166B329D0F227D3A0",
      "properties": {
        "type": "Point",
        "intensity": 1.0,
        "range": 30.0,
        "colour": "#FFFFFF",
        "corona": {
          "sprite": "corona_white01.png",
          "scale": 1.0,
          "range": 100.0
        },
        "dutyCycle": "DuskTillDawn()"
      }
    },
    {
      "parent": "/Far__x5_z8/Far__x5_z8_LFS/Far_IndustryBuildings/Warehouse_OldMedium/collider/%GROUP%_Mesh0053600160002719",
      "position": "(-0.75,12.25,0)",
      "rotation": "(-0.7071068,0,0,0.7071068)",
      "hash": "166B09905A227C5F0:166A2E9D0F227D240",
      "properties": {
        "type": "Point",
        "intensity": 1.0,
        "range": 30.0,
        "colour": "#FFFFFF",
        "corona": {
          "sprite": "corona_white01.png",
          "scale": 1.0,
          "range": 100.0
        },
        "dutyCycle": "DuskTillDawn()"
      }
    },
    {
      "parent": "/Far__x5_z8/Far__x5_z8_LFS/Far_IndustryBuildings/Warehouse_OldMedium/collider/%GROUP%_Mesh0053600160002719",
      "position": "(0,12.25,-0.75)",
      "rotation": "(-0.7071068,0,0,0.7071068)",
      "hash": "166B09905A227C5F0:166A449D0F227C210",
      "properties": {
        "type": "Point",
        "intensity": 1.0,
        "range": 30.0,
        "colour": "#FFFFFF",
        "corona": {
          "sprite": "corona_white01.png",
          "scale": 1.0,
          "range": 100.0
        },
        "dutyCycle": "DuskTillDawn()"
      }
    },
    {
      "parent": "/Far__x5_z8/Far__x5_z8_LFS/Far_IndustryBuildings/Warehouse_OldMedium/collider/%GROUP%_Mesh0072010160002848",
      "position": "(0.75,12.25,0)",
      "rotation": "(-0.7071068,0,0,0.7071068)",
      "hash": "167A54905A22963B0:167B309D0F2296140",
      "properties": {
        "type": "Point",
        "intensity": 1.0,
        "range": 30.0,
        "colour": "#FFFFFF",
        "corona": {
          "sprite": "corona_white01.png",
          "scale": 1.0,
          "range": 100.0
        },
        "dutyCycle": "DuskTillDawn()"
      }
    },
    {
      "parent": "/Far__x5_z8/Far__x5_z8_LFS/Far_IndustryBuildings/Warehouse_OldMedium/collider/%GROUP%_Mesh0072010160002848",
      "position": "(0,12.25,0.75)",
      "rotation": "(-0.7071068,0,0,0.7071068)",
      "hash": "167A54905A22963B0:167B169D0F2297170",
      "properties": {
        "type": "Point",
        "intensity": 1.0,
        "range": 30.0,
        "colour": "#FFFFFF",
        "corona": {
          "sprite": "corona_white01.png",
          "scale": 1.0,
          "range": 100.0
        },
        "dutyCycle": "DuskTillDawn()"
      }
    },
    {
      "parent": "/Far__x5_z8/Far__x5_z8_LFS/Far_IndustryBuildings/Warehouse_OldMedium/collider/%GROUP%_Mesh0072010160002848",
      "position": "(-0.75,12.25,0)",
      "rotation": "(-0.7071068,0,0,0.7071068)",
      "hash": "167A54905A22963B0:167A139D0F2296610",
      "properties": {
        "type": "Point",
        "intensity": 1.0,
        "range": 30.0,
        "colour": "#FFFFFF",
        "corona": {
          "sprite": "corona_white01.png",
          "scale": 1.0,
          "range": 100.0
        },
        "dutyCycle": "DuskTillDawn()"
      }
    },
    {
      "parent": "/Far__x5_z8/Far__x5_z8_LFS/Far_IndustryBuildings/Warehouse_OldMedium/collider/%GROUP%_Mesh0072010160002848",
      "position": "(0,12.25,-0.75)",
      "rotation": "(-0.7071068,0,0,0.7071068)",
      "hash": "167A54905A22963B0:167A2D9D0F22955F0",
      "properties": {
        "type": "Point",
        "intensity": 1.0,
        "range": 30.0,
        "colour": "#FFFFFF",
        "corona": {
          "sprite": "corona_white01.png",
          "scale": 1.0,
          "range": 100.0
        },
        "dutyCycle": "DuskTillDawn()"
      }
    },
    {
      "parent": "/Far__x5_z8/Far__x5_z8_LFS/Far_IndustryBuildings/Warehouse_OldMedium/collider/%GROUP%_Mesh008F600160002A0D",
      "position": "(0.75,12.25,0)",
      "rotation": "(-0.7071068,0,0,0.7071068)",
      "hash": "168A3B905A22B00B0:168B179D0F22AF480",
      "properties": {
        "type": "Point",
        "intensity": 1.0,
        "range": 30.0,
        "colour": "#FFFFFF",
        "corona": {
          "sprite": "corona_white01.png",
          "scale": 1.0,
          "range": 100.0
        },
        "dutyCycle": "DuskTillDawn()"
      }
    },
    {
      "parent": "/Far__x5_z8/Far__x5_z8_LFS/Far_IndustryBuildings/Warehouse_OldMedium/collider/%GROUP%_Mesh008F600160002A0D",
      "position": "(0,12.25,0.75)",
      "rotation": "(-0.7071068,0,0,0.7071068)",
      "hash": "168A3B905A22B00B0:168A629D0F22B04B0",
      "properties": {
        "type": "Point",
        "intensity": 1.0,
        "range": 30.0,
        "colour": "#FFFFFF",
        "corona": {
          "sprite": "corona_white01.png",
          "scale": 1.0,
          "range": 100.0
        },
        "dutyCycle": "DuskTillDawn()"
      }
    },
    {
      "parent": "/Far__x5_z8/Far__x5_z8_LFS/Far_IndustryBuildings/Warehouse_OldMedium/collider/%GROUP%_Mesh008F600160002A0D",
      "position": "(-0.75,12.25,0)",
      "rotation": "(-0.7071068,0,0,0.7071068)",
      "hash": "168A3B905A22B00B0:16895F9D0F22B0310",
      "properties": {
        "type": "Point",
        "intensity": 1.0,
        "range": 30.0,
        "colour": "#FFFFFF",
        "corona": {
          "sprite": "corona_white01.png",
          "scale": 1.0,
          "range": 100.0
        },
        "dutyCycle": "DuskTillDawn()"
      }
    },
    {
      "parent": "/Far__x5_z8/Far__x5_z8_LFS/Far_IndustryBuildings/Warehouse_OldMedium/collider/%GROUP%_Mesh008F600160002A0D",
      "position": "(0,12.25,-0.75)",
      "rotation": "(-0.7071068,0,0,0.7071068)",
      "hash": "168A3B905A22B00B0:168A149D0F22AF2E0",
      "properties": {
        "type": "Point",
        "intensity": 1.0,
        "range": 30.0,
        "colour": "#FFFFFF",
        "corona": {
          "sprite": "corona_white01.png",
          "scale": 1.0,
          "range": 100.0
        },
        "dutyCycle": "DuskTillDawn()"
      }
    },
    {
      "parent": "/Far__x5_z8/Far__x5_z8_LFS/Far_IndustryBuildings/Warehouse_OldMedium/collider/%GROUP%_Mesh00AD5F0160002B37",
      "position": "(0.75,12.25,0)",
      "rotation": "(-0.7071068,0,0,0.7071068)",
      "hash": "169A23905A22C9420:169A639D0F22C91B0",
      "properties": {
        "type": "Point",
        "intensity": 1.0,
        "range": 30.0,
        "colour": "#FFFFFF",
        "corona": {
          "sprite": "corona_white01.png",
          "scale": 1.0,
          "range": 100.0
        },
        "dutyCycle": "DuskTillDawn()"
      }
    },
    {
      "parent": "/Far__x5_z8/Far__x5_z8_LFS/Far_IndustryBuildings/Warehouse_OldMedium/collider/%GROUP%_Mesh00AD5F0160002B37",
      "position": "(0,12.25,0.75)",
      "rotation": "(-0.7071068,0,0,0.7071068)",
      "hash": "169A23905A22C9420:169A4A9D0F22CA1E0",
      "properties": {
        "type": "Point",
        "intensity": 1.0,
        "range": 30.0,
        "colour": "#FFFFFF",
        "corona": {
          "sprite": "corona_white01.png",
          "scale": 1.0,
          "range": 100.0
        },
        "dutyCycle": "DuskTillDawn()"
      }
    },
    {
      "parent": "/Far__x5_z8/Far__x5_z8_LFS/Far_IndustryBuildings/Warehouse_OldMedium/collider/%GROUP%_Mesh00AD5F0160002B37",
      "position": "(-0.75,12.25,0)",
      "rotation": "(-0.7071068,0,0,0.7071068)",
      "hash": "169A23905A22C9420:1699479D0F22CA050",
      "properties": {
        "type": "Point",
        "intensity": 1.0,
        "range": 30.0,
        "colour": "#FFFFFF",
        "corona": {
          "sprite": "corona_white01.png",
          "scale": 1.0,
          "range": 100.0
        },
        "dutyCycle": "DuskTillDawn()"
      }
    },
    {
      "parent": "/Far__x5_z8/Far__x5_z8_LFS/Far_IndustryBuildings/Warehouse_OldMedium/collider/%GROUP%_Mesh00AD5F0160002B37",
      "position": "(0,12.25,-0.75)",
      "rotation": "(-0.7071068,0,0,0.7071068)",
      "hash": "169A23905A22C9420:1699609D0F22C9020",
      "properties": {
        "type": "Point",
        "intensity": 1.0,
        "range": 30.0,
        "colour": "#FFFFFF",
        "corona": {
          "sprite": "corona_white01.png",
          "scale": 1.0,
          "range": 100.0
        },
        "dutyCycle": "DuskTillDawn()"
      }
    },
    {
      "parent": "/Far__x5_z8/Far__x5_z8_LFS/Far_IndustryBuildings/Warehouse_OldMedium/collider/%GROUP%_Mesh00CB5A0160002C60",
      "position": "(0.75,12.25,0)",
      "rotation": "(-0.7071068,0,0,0.7071068)",
      "hash": "16AA09905A22E3120:16AA499D0F22E24E0",
      "properties": {
        "type": "Point",
        "intensity": 1.0,
        "range": 30.0,
        "colour": "#FFFFFF",
        "corona": {
          "sprite": "corona_white01.png",
          "scale": 1.0,
          "range": 100.0
        },
        "dutyCycle": "DuskTillDawn()"
      }
    },
    {
      "parent": "/Far__x5_z8/Far__x5_z8_LFS/Far_IndustryBuildings/Warehouse_OldMedium/collider/%GROUP%_Mesh00CB5A0160002C60",
      "position": "(0,12.25,0.75)",
      "rotation": "(-0.7071068,0,0,0.7071068)",
      "hash": "16AA09905A22E3120:16AA319D0F22E3510",
      "properties": {
        "type": "Point",
        "intensity": 1.0,
        "range": 30.0,
        "colour": "#FFFFFF",
        "corona": {
          "sprite": "corona_white01.png",
          "scale": 1.0,
          "range": 100.0
        },
        "dutyCycle": "DuskTillDawn()"
      }
    },
    {
      "parent": "/Far__x5_z8/Far__x5_z8_LFS/Far_IndustryBuildings/Warehouse_OldMedium/collider/%GROUP%_Mesh00CB5A0160002C60",
      "position": "(-0.75,12.25,0)",
      "rotation": "(-0.7071068,0,0,0.7071068)",
      "hash": "16AA09905A22E3120:16A92E9D0F22E3390",
      "properties": {
        "type": "Point",
        "intensity": 1.0,
        "range": 30.0,
        "colour": "#FFFFFF",
        "corona": {
          "sprite": "corona_white01.png",
          "scale": 1.0,
          "range": 100.0
        },
        "dutyCycle": "DuskTillDawn()"
      }
    },
    {
      "parent": "/Far__x5_z8/Far__x5_z8_LFS/Far_IndustryBuildings/Warehouse_OldMedium/collider/%GROUP%_Mesh00CB5A0160002C60",
      "position": "(0,12.25,-0.75)",
      "rotation": "(-0.7071068,0,0,0.7071068)",
      "hash": "16AA09905A22E3120:16A9469D0F22E2360",
      "properties": {
        "type": "Point",
        "intensity": 1.0,
        "range": 30.0,
        "colour": "#FFFFFF",
        "corona": {
          "sprite": "corona_white01.png",
          "scale": 1.0,
          "range": 100.0
        },
        "dutyCycle": "DuskTillDawn()"
      }
    },
    {
      "parent": "/Far__x5_z8/Far__x5_z8_LFS/Far_IndustryBuildings/Warehouse_OldMedium/collider/%GROUP%_Mesh00E95E0160002E1F",
      "position": "(0.75,12.25,0)",
      "rotation": "(-0.7071068,0,0,0.7071068)",
      "hash": "16B95E905A22FC4A0:16BA399D0F22FC210",
      "properties": {
        "type": "Point",
        "intensity": 1.0,
        "range": 30.0,
        "colour": "#FFFFFF",
        "corona": {
          "sprite": "corona_white01.png",
          "scale": 1.0,
          "range": 100.0
        },
        "dutyCycle": "DuskTillDawn()"
      }
    },
    {
      "parent": "/Far__x5_z8/Far__x5_z8_LFS/Far_IndustryBuildings/Warehouse_OldMedium/collider/%GROUP%_Mesh00E95E0160002E1F",
      "position": "(0,12.25,0.75)",
      "rotation": "(-0.7071068,0,0,0.7071068)",
      "hash": "16B95E905A22FC4A0:16BA239D0F22FD240",
      "properties": {
        "type": "Point",
        "intensity": 1.0,
        "range": 30.0,
        "colour": "#FFFFFF",
        "corona": {
          "sprite": "corona_white01.png",
          "scale": 1.0,
          "range": 100.0
        },
        "dutyCycle": "DuskTillDawn()"
      }
    },
    {
      "parent": "/Far__x5_z8/Far__x5_z8_LFS/Far_IndustryBuildings/Warehouse_OldMedium/collider/%GROUP%_Mesh00E95E0160002E1F",
      "position": "(-0.75,12.25,0)",
      "rotation": "(-0.7071068,0,0,0.7071068)",
      "hash": "16B95E905A22FC4A0:16B91F9D0F22FD0E0",
      "properties": {
        "type": "Point",
        "intensity": 1.0,
        "range": 30.0,
        "colour": "#FFFFFF",
        "corona": {
          "sprite": "corona_white01.png",
          "scale": 1.0,
          "range": 100.0
        },
        "dutyCycle": "DuskTillDawn()"
      }
    },
    {
      "parent": "/Far__x5_z8/Far__x5_z8_LFS/Far_IndustryBuildings/Warehouse_OldMedium/collider/%GROUP%_Mesh00E95E0160002E1F",
      "position": "(0,12.25,-0.75)",
      "rotation": "(-0.7071068,0,0,0.7071068)",
      "hash": "16B95E905A22FC4A0:16B9359D0F22FC0B0",
      "properties": {
        "type": "Point",
        "intensity": 1.0,
        "range": 30.0,
        "colour": "#FFFFFF",
        "corona": {
          "sprite": "corona_white01.png",
          "scale": 1.0,
          "range": 100.0
        },
        "dutyCycle": "DuskTillDawn()"
      }
    },
    {
      "parent": "/Far__x5_z8/Far__x5_z8_LFS/Far_IndustryBuildings/Warehouse_OldMedium/collider/%GROUP%_Mesh01254F0160003109",
      "position": "(0.75,12.25,0)",
      "rotation": "(-0.7071068,0,0,0.7071068)",
      "hash": "16D92B905A232F460:16DA089D0F232F1F0",
      "properties": {
        "type": "Point",
        "intensity": 1.0,
        "range": 30.0,
        "colour": "#FFFFFF",
        "corona": {
          "sprite": "corona_white01.png",
          "scale": 1.0,
          "range": 100.0
        },
        "dutyCycle": "DuskTillDawn()"
      }
    },
    {
      "parent": "/Far__x5_z8/Far__x5_z8_LFS/Far_IndustryBuildings/Warehouse_OldMedium/collider/%GROUP%_Mesh01254F0160003109",
      "position": "(0,12.25,0.75)",
      "rotation": "(-0.7071068,0,0,0.7071068)",
      "hash": "16D92B905A232F460:16D9529D0F2330220",
      "properties": {
        "type": "Point",
        "intensity": 1.0,
        "range": 30.0,
        "colour": "#FFFFFF",
        "corona": {
          "sprite": "corona_white01.png",
          "scale": 1.0,
          "range": 100.0
        },
        "dutyCycle": "DuskTillDawn()"
      }
    },
    {
      "parent": "/Far__x5_z8/Far__x5_z8_LFS/Far_IndustryBuildings/Warehouse_OldMedium/collider/%GROUP%_Mesh01254F0160003109",
      "position": "(-0.75,12.25,0)",
      "rotation": "(-0.7071068,0,0,0.7071068)",
      "hash": "16D92B905A232F460:16D84F9D0F2330080",
      "properties": {
        "type": "Point",
        "intensity": 1.0,
        "range": 30.0,
        "colour": "#FFFFFF",
        "corona": {
          "sprite": "corona_white01.png",
          "scale": 1.0,
          "range": 100.0
        },
        "dutyCycle": "DuskTillDawn()"
      }
    },
    {
      "parent": "/Far__x5_z8/Far__x5_z8_LFS/Far_IndustryBuildings/Warehouse_OldMedium/collider/%GROUP%_Mesh01254F0160003109",
      "position": "(0,12.25,-0.75)",
      "rotation": "(-0.7071068,0,0,0.7071068)",
      "hash": "16D92B905A232F460:16D9059D0F232F050",
      "properties": {
        "type": "Point",
        "intensity": 1.0,
        "range": 30.0,
        "colour": "#FFFFFF",
        "corona": {
          "sprite": "corona_white01.png",
          "scale": 1.0,
          "range": 100.0
        },
        "dutyCycle": "DuskTillDawn()"
      }
    },
    {
      "parent": "/Far__x5_z8/Far__x5_z8_LFS/Far_IndustryBuildings/Warehouse_OldMedium/collider/%GROUP%_Mesh0143520160003230",
      "position": "(0.75,12.25,0)",
      "rotation": "(-0.7071068,0,0,0.7071068)",
      "hash": "16E918905A23491B0:16E9589D0F2348570",
      "properties": {
        "type": "Point",
        "intensity": 1.0,
        "range": 30.0,
        "colour": "#FFFFFF",
        "corona": {
          "sprite": "corona_white01.png",
          "scale": 1.0,
          "range": 100.0
        },
        "dutyCycle": "DuskTillDawn()"
      }
    },
    {
      "parent": "/Far__x5_z8/Far__x5_z8_LFS/Far_IndustryBuildings/Warehouse_OldMedium/collider/%GROUP%_Mesh0143520160003230",
      "position": "(0,12.25,0.75)",
      "rotation": "(-0.7071068,0,0,0.7071068)",
      "hash": "16E918905A23491B0:16E9409D0F23495B0",
      "properties": {
        "type": "Point",
        "intensity": 1.0,
        "range": 30.0,
        "colour": "#FFFFFF",
        "corona": {
          "sprite": "corona_white01.png",
          "scale": 1.0,
          "range": 100.0
        },
        "dutyCycle": "DuskTillDawn()"
      }
    },
    {
      "parent": "/Far__x5_z8/Far__x5_z8_LFS/Far_IndustryBuildings/Warehouse_OldMedium/collider/%GROUP%_Mesh0143520160003230",
      "position": "(-0.75,12.25,0)",
      "rotation": "(-0.7071068,0,0,0.7071068)",
      "hash": "16E918905A23491B0:16E83D9D0F2349430",
      "properties": {
        "type": "Point",
        "intensity": 1.0,
        "range": 30.0,
        "colour": "#FFFFFF",
        "corona": {
          "sprite": "corona_white01.png",
          "scale": 1.0,
          "range": 100.0
        },
        "dutyCycle": "DuskTillDawn()"
      }
    },
    {
      "parent": "/Far__x5_z8/Far__x5_z8_LFS/Far_IndustryBuildings/Warehouse_OldMedium/collider/%GROUP%_Mesh0143520160003230",
      "position": "(0,12.25,-0.75)",
      "rotation": "(-0.7071068,0,0,0.7071068)",
      "hash": "16E918905A23491B0:16E8559D0F23483F0",
      "properties": {
        "type": "Point",
        "intensity": 1.0,
        "range": 30.0,
        "colour": "#FFFFFF",
        "corona": {
          "sprite": "corona_white01.png",
          "scale": 1.0,
          "range": 100.0
        },
        "dutyCycle": "DuskTillDawn()"
      }
    },
    {
      "parent": "/Near__x5_z8/Near__x5_z8_LFS/Near_collider#2/%GROUP%_Mesh009C06101800C347",
      "position": "(0.75,12.25,0)",
      "rotation": "(-0.7071068,0,0,0.7071068)",
      "hash": "16113C905A21EC340:1612179D0F21EC0C0",
      "properties": {
        "type": "Point",
        "intensity": 1.0,
        "range": 30.0,
        "colour": "#FFFFFF",
        "corona": {
          "sprite": "corona_white01.png",
          "scale": 1.0,
          "range": 100.0
        },
        "dutyCycle": "DuskTillDawn()"
      }
    },
    {
      "parent": "/Near__x5_z8/Near__x5_z8_LFS/Near_collider#2/%GROUP%_Mesh009C06101800C347",
      "position": "(0,12.25,0.75)",
      "rotation": "(-0.7071068,0,0,0.7071068)",
      "hash": "16113C905A21EC340:1612019D0F21ED0F0",
      "properties": {
        "type": "Point",
        "intensity": 1.0,
        "range": 30.0,
        "colour": "#FFFFFF",
        "corona": {
          "sprite": "corona_white01.png",
          "scale": 1.0,
          "range": 100.0
        },
        "dutyCycle": "DuskTillDawn()"
      }
    },
    {
      "parent": "/Near__x5_z8/Near__x5_z8_LFS/Near_collider#2/%GROUP%_Mesh009C06101800C347",
      "position": "(-0.75,12.25,0)",
      "rotation": "(-0.7071068,0,0,0.7071068)",
      "hash": "16113C905A21EC340:1610619D0F21EC5D0",
      "properties": {
        "type": "Point",
        "intensity": 1.0,
        "range": 30.0,
        "colour": "#FFFFFF",
        "corona": {
          "sprite": "corona_white01.png",
          "scale": 1.0,
          "range": 100.0
        },
        "dutyCycle": "DuskTillDawn()"
      }
    },
    {
      "parent": "/Near__x5_z8/Near__x5_z8_LFS/Near_collider#2/%GROUP%_Mesh009C06101800C347",
      "position": "(0,12.25,-0.75)",
      "rotation": "(-0.7071068,0,0,0.7071068)",
      "hash": "16113C905A21EC340:1611139D0F21EB590",
      "properties": {
        "type": "Point",
        "intensity": 1.0,
        "range": 30.0,
        "colour": "#FFFFFF",
        "corona": {
          "sprite": "corona_white01.png",
          "scale": 1.0,
          "range": 100.0
        },
        "dutyCycle": "DuskTillDawn()"
      }
    },
    {
      "parent": "/Far__x5_z8/Far__x5_z8_LFS/Far_IndustryBuildings/Warehouse_OldMedium/collider/%GROUP%_Mesh0022330160000348",
      "position": "(0.75,12.25,0)",
      "rotation": "(-0.7071068,0,0,0.7071068)",
      "hash": "164535905A22070A0:1646109D0F2206470",
      "properties": {
        "type": "Point",
        "intensity": 1.0,
        "range": 30.0,
        "colour": "#FFFFFF",
        "corona": {
          "sprite": "corona_white01.png",
          "scale": 1.0,
          "range": 100.0
        },
        "dutyCycle": "DuskTillDawn()"
      }
    },
    {
      "parent": "/Far__x5_z8/Far__x5_z8_LFS/Far_IndustryBuildings/Warehouse_OldMedium/collider/%GROUP%_Mesh0022330160000348",
      "position": "(0,12.25,0.75)",
      "rotation": "(-0.7071068,0,0,0.7071068)",
      "hash": "164535905A22070A0:16455C9D0F22074A0",
      "properties": {
        "type": "Point",
        "intensity": 1.0,
        "range": 30.0,
        "colour": "#FFFFFF",
        "corona": {
          "sprite": "corona_white01.png",
          "scale": 1.0,
          "range": 100.0
        },
        "dutyCycle": "DuskTillDawn()"
      }
    },
    {
      "parent": "/Far__x5_z8/Far__x5_z8_LFS/Far_IndustryBuildings/Warehouse_OldMedium/collider/%GROUP%_Mesh0022330160000348",
      "position": "(-0.75,12.25,0)",
      "rotation": "(-0.7071068,0,0,0.7071068)",
      "hash": "164535905A22070A0:1644599D0F2207320",
      "properties": {
        "type": "Point",
        "intensity": 1.0,
        "range": 30.0,
        "colour": "#FFFFFF",
        "corona": {
          "sprite": "corona_white01.png",
          "scale": 1.0,
          "range": 100.0
        },
        "dutyCycle": "DuskTillDawn()"
      }
    },
    {
      "parent": "/Far__x5_z8/Far__x5_z8_LFS/Far_IndustryBuildings/Warehouse_OldMedium/collider/%GROUP%_Mesh0022330160000348",
      "position": "(0,12.25,-0.75)",
      "rotation": "(-0.7071068,0,0,0.7071068)",
      "hash": "164535905A22070A0:16450D9D0F22062F0",
      "properties": {
        "type": "Point",
        "intensity": 1.0,
        "range": 30.0,
        "colour": "#FFFFFF",
        "corona": {
          "sprite": "corona_white01.png",
          "scale": 1.0,
          "range": 100.0
        },
        "dutyCycle": "DuskTillDawn()"
      }
    },
    {
      "parent": "/Near__x5_z8/Near__x5_z8_LFS/Near_collider#2/%GROUP%_Mesh00E4220D1E00A20C",
      "position": "(0.75,12.25,0)",
      "rotation": "(-0.7071068,0,0,0.7071068)",
      "hash": "16604F905A21F5630:1661289D0F21F5370",
      "properties": {
        "type": "Point",
        "intensity": 1.0,
        "range": 30.0,
        "colour": "#FFFFFF",
        "corona": {
          "sprite": "corona_white01.png",
          "scale": 1.0,
          "range": 100.0
        },
        "dutyCycle": "DuskTillDawn()"
      }
    },
    {
      "parent": "/Near__x5_z8/Near__x5_z8_LFS/Near_collider#2/%GROUP%_Mesh00E4220D1E00A20C",
      "position": "(0,12.25,0.75)",
      "rotation": "(-0.7071068,0,0,0.7071068)",
      "hash": "16604F905A21F5630:1661179D0F21F63C0",
      "properties": {
        "type": "Point",
        "intensity": 1.0,
        "range": 30.0,
        "colour": "#FFFFFF",
        "corona": {
          "sprite": "corona_white01.png",
          "scale": 1.0,
          "range": 100.0
        },
        "dutyCycle": "DuskTillDawn()"
      }
    },
    {
      "parent": "/Near__x5_z8/Near__x5_z8_LFS/Near_collider#2/%GROUP%_Mesh00E4220D1E00A20C",
      "position": "(-0.75,12.25,0)",
      "rotation": "(-0.7071068,0,0,0.7071068)",
      "hash": "16604F905A21F5630:1660129D0F21F62B0",
      "properties": {
        "type": "Point",
        "intensity": 1.0,
        "range": 30.0,
        "colour": "#FFFFFF",
        "corona": {
          "sprite": "corona_white01.png",
          "scale": 1.0,
          "range": 100.0
        },
        "dutyCycle": "DuskTillDawn()"
      }
    },
    {
      "parent": "/Near__x5_z8/Near__x5_z8_LFS/Near_collider#2/%GROUP%_Mesh00E4220D1E00A20C",
      "position": "(0,12.25,-0.75)",
      "rotation": "(-0.7071068,0,0,0.7071068)",
      "hash": "16604F905A21F5630:1660239D0F21F5270",
      "properties": {
        "type": "Point",
        "intensity": 1.0,
        "range": 30.0,
        "colour": "#FFFFFF",
        "corona": {
          "sprite": "corona_white01.png",
          "scale": 1.0,
          "range": 100.0
        },
        "dutyCycle": "DuskTillDawn()"
      }
    },
    {
      "parent": "/Far__x5_z8/Far__x5_z8_LFS/Far_IndustryBuildings/Warehouse_OldMedium/collider/%GROUP%_Mesh0003140160001C33",
      "position": "(0.75,12.25,0)",
      "rotation": "(-0.7071068,0,0,0.7071068)",
      "hash": "167151905A220E4B0:16722B9D0F220E200",
      "properties": {
        "type": "Point",
        "intensity": 1.0,
        "range": 30.0,
        "colour": "#FFFFFF",
        "corona": {
          "sprite": "corona_white01.png",
          "scale": 1.0,
          "range": 100.0
        },
        "dutyCycle": "DuskTillDawn()"
      }
    },
    {
      "parent": "/Far__x5_z8/Far__x5_z8_LFS/Far_IndustryBuildings/Warehouse_OldMedium/collider/%GROUP%_Mesh0003140160001C33",
      "position": "(0,12.25,0.75)",
      "rotation": "(-0.7071068,0,0,0.7071068)",
      "hash": "167151905A220E4B0:1672189D0F220F240",
      "properties": {
        "type": "Point",
        "intensity": 1.0,
        "range": 30.0,
        "colour": "#FFFFFF",
        "corona": {
          "sprite": "corona_white01.png",
          "scale": 1.0,
          "range": 100.0
        },
        "dutyCycle": "DuskTillDawn()"
      }
    },
    {
      "parent": "/Far__x5_z8/Far__x5_z8_LFS/Far_IndustryBuildings/Warehouse_OldMedium/collider/%GROUP%_Mesh0003140160001C33",
      "position": "(-0.75,12.25,0)",
      "rotation": "(-0.7071068,0,0,0.7071068)",
      "hash": "167151905A220E4B0:1671149D0F220F120",
      "properties": {
        "type": "Point",
        "intensity": 1.0,
        "range": 30.0,
        "colour": "#FFFFFF",
        "corona": {
          "sprite": "corona_white01.png",
          "scale": 1.0,
          "range": 100.0
        },
        "dutyCycle": "DuskTillDawn()"
      }
    },
    {
      "parent": "/Far__x5_z8/Far__x5_z8_LFS/Far_IndustryBuildings/Warehouse_OldMedium/collider/%GROUP%_Mesh0003140160001C33",
      "position": "(0,12.25,-0.75)",
      "rotation": "(-0.7071068,0,0,0.7071068)",
      "hash": "167151905A220E4B0:1671269D0F220E0D0",
      "properties": {
        "type": "Point",
        "intensity": 1.0,
        "range": 30.0,
        "colour": "#FFFFFF",
        "corona": {
          "sprite": "corona_white01.png",
          "scale": 1.0,
          "range": 100.0
        },
        "dutyCycle": "DuskTillDawn()"
      }
    },
    {
      "parent": "/Far__x5_z8/Far__x5_z8_LFS/Far_IndustryBuildings/Warehouse_OldMedium/collider/%GROUP%_Mesh001A590160001C34",
      "position": "(0.75,12.25,0)",
      "rotation": "(-0.7071068,0,0,0.7071068)",
      "hash": "168251905A22273A0:16832A9D0F22270F0",
      "properties": {
        "type": "Point",
        "intensity": 1.0,
        "range": 30.0,
        "colour": "#FFFFFF",
        "corona": {
          "sprite": "corona_white01.png",
          "scale": 1.0,
          "range": 100.0
        },
        "dutyCycle": "DuskTillDawn()"
      }
    },
    {
      "parent": "/Far__x5_z8/Far__x5_z8_LFS/Far_IndustryBuildings/Warehouse_OldMedium/collider/%GROUP%_Mesh001A590160001C34",
      "position": "(0,12.25,0.75)",
      "rotation": "(-0.7071068,0,0,0.7071068)",
      "hash": "168251905A22273A0:1683189D0F2228140",
      "properties": {
        "type": "Point",
        "intensity": 1.0,
        "range": 30.0,
        "colour": "#FFFFFF",
        "corona": {
          "sprite": "corona_white01.png",
          "scale": 1.0,
          "range": 100.0
        },
        "dutyCycle": "DuskTillDawn()"
      }
    },
    {
      "parent": "/Far__x5_z8/Far__x5_z8_LFS/Far_IndustryBuildings/Warehouse_OldMedium/collider/%GROUP%_Mesh001A590160001C34",
      "position": "(-0.75,12.25,0)",
      "rotation": "(-0.7071068,0,0,0.7071068)",
      "hash": "168251905A22273A0:1682139D0F2228010",
      "properties": {
        "type": "Point",
        "intensity": 1.0,
        "range": 30.0,
        "colour": "#FFFFFF",
        "corona": {
          "sprite": "corona_white01.png",
          "scale": 1.0,
          "range": 100.0
        },
        "dutyCycle": "DuskTillDawn()"
      }
    },
    {
      "parent": "/Far__x5_z8/Far__x5_z8_LFS/Far_IndustryBuildings/Warehouse_OldMedium/collider/%GROUP%_Mesh001A590160001C34",
      "position": "(0,12.25,-0.75)",
      "rotation": "(-0.7071068,0,0,0.7071068)",
      "hash": "168251905A22273A0:1682269D0F2226610",
      "properties": {
        "type": "Point",
        "intensity": 1.0,
        "range": 30.0,
        "colour": "#FFFFFF",
        "corona": {
          "sprite": "corona_white01.png",
          "scale": 1.0,
          "range": 100.0
        },
        "dutyCycle": "DuskTillDawn()"
      }
    },
    {
      "parent": "/Far__x5_z8/Far__x5_z8_LFS/Far_IndustryBuildings/Warehouse_OldMedium/collider/%GROUP%_Mesh00385D0160001C30",
      "position": "(0.75,12.25,0)",
      "rotation": "(-0.7071068,0,0,0.7071068)",
      "hash": "16934A905A2240290:1694239D0F223F620",
      "properties": {
        "type": "Point",
        "intensity": 1.0,
        "range": 30.0,
        "colour": "#FFFFFF",
        "corona": {
          "sprite": "corona_white01.png",
          "scale": 1.0,
          "range": 100.0
        },
        "dutyCycle": "DuskTillDawn()"
      }
    },
    {
      "parent": "/Far__x5_z8/Far__x5_z8_LFS/Far_IndustryBuildings/Warehouse_OldMedium/collider/%GROUP%_Mesh00385D0160001C30",
      "position": "(0,12.25,0.75)",
      "rotation": "(-0.7071068,0,0,0.7071068)",
      "hash": "16934A905A2240290:1694119D0F2241020",
      "properties": {
        "type": "Point",
        "intensity": 1.0,
        "range": 30.0,
        "colour": "#FFFFFF",
        "corona": {
          "sprite": "corona_white01.png",
          "scale": 1.0,
          "range": 100.0
        },
        "dutyCycle": "DuskTillDawn()"
      }
    },
    {
      "parent": "/Far__x5_z8/Far__x5_z8_LFS/Far_IndustryBuildings/Warehouse_OldMedium/collider/%GROUP%_Mesh00385D0160001C30",
      "position": "(-0.75,12.25,0)",
      "rotation": "(-0.7071068,0,0,0.7071068)",
      "hash": "16934A905A2240290:16930D9D0F2240540",
      "properties": {
        "type": "Point",
        "intensity": 1.0,
        "range": 30.0,
        "colour": "#FFFFFF",
        "corona": {
          "sprite": "corona_white01.png",
          "scale": 1.0,
          "range": 100.0
        },
        "dutyCycle": "DuskTillDawn()"
      }
    },
    {
      "parent": "/Far__x5_z8/Far__x5_z8_LFS/Far_IndustryBuildings/Warehouse_OldMedium/collider/%GROUP%_Mesh00385D0160001C30",
      "position": "(0,12.25,-0.75)",
      "rotation": "(-0.7071068,0,0,0.7071068)",
      "hash": "16934A905A2240290:16931F9D0F223F4F0",
      "properties": {
        "type": "Point",
        "intensity": 1.0,
        "range": 30.0,
        "colour": "#FFFFFF",
        "corona": {
          "sprite": "corona_white01.png",
          "scale": 1.0,
          "range": 100.0
        },
        "dutyCycle": "DuskTillDawn()"
      }
    },
    {
      "parent": "/Far__x5_z8/Far__x5_z8_LFS/Far_IndustryBuildings/Warehouse_OldMedium/collider/%GROUP%_Mesh0056570160001C32",
      "position": "(0.75,12.25,0)",
      "rotation": "(-0.7071068,0,0,0.7071068)",
      "hash": "16A442905A22590A0:16A51B9D0F2258430",
      "properties": {
        "type": "Point",
        "intensity": 1.0,
        "range": 30.0,
        "colour": "#FFFFFF",
        "corona": {
          "sprite": "corona_white01.png",
          "scale": 1.0,
          "range": 100.0
        },
        "dutyCycle": "DuskTillDawn()"
      }
    },
    {
      "parent": "/Far__x5_z8/Far__x5_z8_LFS/Far_IndustryBuildings/Warehouse_OldMedium/collider/%GROUP%_Mesh0056570160001C32",
      "position": "(0,12.25,0.75)",
      "rotation": "(-0.7071068,0,0,0.7071068)",
      "hash": "16A442905A22590A0:16A5099D0F2259470",
      "properties": {
        "type": "Point",
        "intensity": 1.0,
        "range": 30.0,
        "colour": "#FFFFFF",
        "corona": {
          "sprite": "corona_white01.png",
          "scale": 1.0,
          "range": 100.0
        },
        "dutyCycle": "DuskTillDawn()"
      }
    },
    {
      "parent": "/Far__x5_z8/Far__x5_z8_LFS/Far_IndustryBuildings/Warehouse_OldMedium/collider/%GROUP%_Mesh0056570160001C32",
      "position": "(-0.75,12.25,0)",
      "rotation": "(-0.7071068,0,0,0.7071068)",
      "hash": "16A442905A22590A0:16A4049D0F2259350",
      "properties": {
        "type": "Point",
        "intensity": 1.0,
        "range": 30.0,
        "colour": "#FFFFFF",
        "corona": {
          "sprite": "corona_white01.png",
          "scale": 1.0,
          "range": 100.0
        },
        "dutyCycle": "DuskTillDawn()"
      }
    },
    {
      "parent": "/Far__x5_z8/Far__x5_z8_LFS/Far_IndustryBuildings/Warehouse_OldMedium/collider/%GROUP%_Mesh0056570160001C32",
      "position": "(0,12.25,-0.75)",
      "rotation": "(-0.7071068,0,0,0.7071068)",
      "hash": "16A442905A22590A0:16A4179D0F2258300",
      "properties": {
        "type": "Point",
        "intensity": 1.0,
        "range": 30.0,
        "colour": "#FFFFFF",
        "corona": {
          "sprite": "corona_white01.png",
          "scale": 1.0,
          "range": 100.0
        },
        "dutyCycle": "DuskTillDawn()"
      }
    },
    {
      "parent": "/Far__x5_z8/Far__x5_z8_LFS/Far_IndustryBuildings/Warehouse_OldMedium/collider/%GROUP%_Mesh00745E0160001C38",
      "position": "(0.75,12.25,0)",
      "rotation": "(-0.7071068,0,0,0.7071068)",
      "hash": "16B544905A2271590:16B61E9D0F22712E0",
      "properties": {
        "type": "Point",
        "intensity": 1.0,
        "range": 30.0,
        "colour": "#FFFFFF",
        "corona": {
          "sprite": "corona_white01.png",
          "scale": 1.0,
          "range": 100.0
        },
        "dutyCycle": "DuskTillDawn()"
      }
    },
    {
      "parent": "/Far__x5_z8/Far__x5_z8_LFS/Far_IndustryBuildings/Warehouse_OldMedium/collider/%GROUP%_Mesh00745E0160001C38",
      "position": "(0,12.25,0.75)",
      "rotation": "(-0.7071068,0,0,0.7071068)",
      "hash": "16B544905A2271590:16B60B9D0F2272320",
      "properties": {
        "type": "Point",
        "intensity": 1.0,
        "range": 30.0,
        "colour": "#FFFFFF",
        "corona": {
          "sprite": "corona_white01.png",
          "scale": 1.0,
          "range": 100.0
        },
        "dutyCycle": "DuskTillDawn()"
      }
    },
    {
      "parent": "/Far__x5_z8/Far__x5_z8_LFS/Far_IndustryBuildings/Warehouse_OldMedium/collider/%GROUP%_Mesh00745E0160001C38",
      "position": "(-0.75,12.25,0)",
      "rotation": "(-0.7071068,0,0,0.7071068)",
      "hash": "16B544905A2271590:16B5079D0F2272200",
      "properties": {
        "type": "Point",
        "intensity": 1.0,
        "range": 30.0,
        "colour": "#FFFFFF",
        "corona": {
          "sprite": "corona_white01.png",
          "scale": 1.0,
          "range": 100.0
        },
        "dutyCycle": "DuskTillDawn()"
      }
    },
    {
      "parent": "/Far__x5_z8/Far__x5_z8_LFS/Far_IndustryBuildings/Warehouse_OldMedium/collider/%GROUP%_Mesh00745E0160001C38",
      "position": "(0,12.25,-0.75)",
      "rotation": "(-0.7071068,0,0,0.7071068)",
      "hash": "16B544905A2271590:16B5199D0F22711C0",
      "properties": {
        "type": "Point",
        "intensity": 1.0,
        "range": 30.0,
        "colour": "#FFFFFF",
        "corona": {
          "sprite": "corona_white01.png",
          "scale": 1.0,
          "range": 100.0
        },
        "dutyCycle": "DuskTillDawn()"
      }
    },
    {
      "parent": "/Far__x5_z8/Far__x5_z8_LFS/Far_IndustryBuildings/Warehouse_OldMedium/collider/%GROUP%_Mesh0093010160001C45",
      "position": "(0.75,12.25,0)",
      "rotation": "(-0.7071068,0,0,0.7071068)",
      "hash": "16C64D905A228A3F0:16C7269D0F228A140",
      "properties": {
        "type": "Point",
        "intensity": 1.0,
        "range": 30.0,
        "colour": "#FFFFFF",
        "corona": {
          "sprite": "corona_white01.png",
          "scale": 1.0,
          "range": 100.0
        },
        "dutyCycle": "DuskTillDawn()"
      }
    },
    {
      "parent": "/Far__x5_z8/Far__x5_z8_LFS/Far_IndustryBuildings/Warehouse_OldMedium/collider/%GROUP%_Mesh0093010160001C45",
      "position": "(0,12.25,0.75)",
      "rotation": "(-0.7071068,0,0,0.7071068)",
      "hash": "16C64D905A228A3F0:16C7149D0F228B190",
      "properties": {
        "type": "Point",
        "intensity": 1.0,
        "range": 30.0,
        "colour": "#FFFFFF",
        "corona": {
          "sprite": "corona_white01.png",
          "scale": 1.0,
          "range": 100.0
        },
        "dutyCycle": "DuskTillDawn()"
      }
    },
    {
      "parent": "/Far__x5_z8/Far__x5_z8_LFS/Far_IndustryBuildings/Warehouse_OldMedium/collider/%GROUP%_Mesh0093010160001C45",
      "position": "(-0.75,12.25,0)",
      "rotation": "(-0.7071068,0,0,0.7071068)",
      "hash": "16C64D905A228A3F0:16C60F9D0F228B060",
      "properties": {
        "type": "Point",
        "intensity": 1.0,
        "range": 30.0,
        "colour": "#FFFFFF",
        "corona": {
          "sprite": "corona_white01.png",
          "scale": 1.0,
          "range": 100.0
        },
        "dutyCycle": "DuskTillDawn()"
      }
    },
    {
      "parent": "/Far__x5_z8/Far__x5_z8_LFS/Far_IndustryBuildings/Warehouse_OldMedium/collider/%GROUP%_Mesh0093010160001C45",
      "position": "(0,12.25,-0.75)",
      "rotation": "(-0.7071068,0,0,0.7071068)",
      "hash": "16C64D905A228A3F0:16C6229D0F228A020",
      "properties": {
        "type": "Point",
        "intensity": 1.0,
        "range": 30.0,
        "colour": "#FFFFFF",
        "corona": {
          "sprite": "corona_white01.png",
          "scale": 1.0,
          "range": 100.0
        },
        "dutyCycle": "DuskTillDawn()"
      }
    },
    {
      "parent": "/Far__x5_z8/Far__x5_z8_LFS/Far_IndustryBuildings/Warehouse_OldMedium/collider/%GROUP%_Mesh00B05F0160001C3B",
      "position": "(0.75,12.25,0)",
      "rotation": "(-0.7071068,0,0,0.7071068)",
      "hash": "16D73B905A22A3280:16D8159D0F22A2630",
      "properties": {
        "type": "Point",
        "intensity": 1.0,
        "range": 30.0,
        "colour": "#FFFFFF",
        "corona": {
          "sprite": "corona_white01.png",
          "scale": 1.0,
          "range": 100.0
        },
        "dutyCycle": "DuskTillDawn()"
      }
    },
    {
      "parent": "/Far__x5_z8/Far__x5_z8_LFS/Far_IndustryBuildings/Warehouse_OldMedium/collider/%GROUP%_Mesh00B05F0160001C3B",
      "position": "(0,12.25,0.75)",
      "rotation": "(-0.7071068,0,0,0.7071068)",
      "hash": "16D73B905A22A3280:16D8019D0F22A4030",
      "properties": {
        "type": "Point",
        "intensity": 1.0,
        "range": 30.0,
        "colour": "#FFFFFF",
        "corona": {
          "sprite": "corona_white01.png",
          "scale": 1.0,
          "range": 100.0
        },
        "dutyCycle": "DuskTillDawn()"
      }
    },
    {
      "parent": "/Far__x5_z8/Far__x5_z8_LFS/Far_IndustryBuildings/Warehouse_OldMedium/collider/%GROUP%_Mesh00B05F0160001C3B",
      "position": "(-0.75,12.25,0)",
      "rotation": "(-0.7071068,0,0,0.7071068)",
      "hash": "16D73B905A22A3280:16D6619D0F22A3520",
      "properties": {
        "type": "Point",
        "intensity": 1.0,
        "range": 30.0,
        "colour": "#FFFFFF",
        "corona": {
          "sprite": "corona_white01.png",
          "scale": 1.0,
          "range": 100.0
        },
        "dutyCycle": "DuskTillDawn()"
      }
    },
    {
      "parent": "/Far__x5_z8/Far__x5_z8_LFS/Far_IndustryBuildings/Warehouse_OldMedium/collider/%GROUP%_Mesh00B05F0160001C3B",
      "position": "(0,12.25,-0.75)",
      "rotation": "(-0.7071068,0,0,0.7071068)",
      "hash": "16D73B905A22A3280:16D7119D0F22A24E0",
      "properties": {
        "type": "Point",
        "intensity": 1.0,
        "range": 30.0,
        "colour": "#FFFFFF",
        "corona": {
          "sprite": "corona_white01.png",
          "scale": 1.0,
          "range": 100.0
        },
        "dutyCycle": "DuskTillDawn()"
      }
    },
    {
      "parent": "/Far__x5_z8/Far__x5_z8_LFS/Far_IndustryBuildings/Warehouse_OldMedium/collider/%GROUP%_Mesh001933016000045B",
      "position": "(0.75,12.25,0)",
      "rotation": "(-0.7071068,0,0,0.7071068)",
      "hash": "16662B905A2239210:1667069D0F22385C0",
      "properties": {
        "type": "Point",
        "intensity": 1.0,
        "range": 30.0,
        "colour": "#FFFFFF",
        "corona": {
          "sprite": "corona_white01.png",
          "scale": 1.0,
          "range": 100.0
        },
        "dutyCycle": "DuskTillDawn()"
      }
    },
    {
      "parent": "/Far__x5_z8/Far__x5_z8_LFS/Far_IndustryBuildings/Warehouse_OldMedium/collider/%GROUP%_Mesh001933016000045B",
      "position": "(0,12.25,0.75)",
      "rotation": "(-0.7071068,0,0,0.7071068)",
      "hash": "16662B905A2239210:1666549D0F2239600",
      "properties": {
        "type": "Point",
        "intensity": 1.0,
        "range": 30.0,
        "colour": "#FFFFFF",
        "corona": {
          "sprite": "corona_white01.png",
          "scale": 1.0,
          "range": 100.0
        },
        "dutyCycle": "DuskTillDawn()"
      }
    },
    {
      "parent": "/Far__x5_z8/Far__x5_z8_LFS/Far_IndustryBuildings/Warehouse_OldMedium/collider/%GROUP%_Mesh001933016000045B",
      "position": "(-0.75,12.25,0)",
      "rotation": "(-0.7071068,0,0,0.7071068)",
      "hash": "16662B905A2239210:1665509D0F22394A0",
      "properties": {
        "type": "Point",
        "intensity": 1.0,
        "range": 30.0,
        "colour": "#FFFFFF",
        "corona": {
          "sprite": "corona_white01.png",
          "scale": 1.0,
          "range": 100.0
        },
        "dutyCycle": "DuskTillDawn()"
      }
    },
    {
      "parent": "/Far__x5_z8/Far__x5_z8_LFS/Far_IndustryBuildings/Warehouse_OldMedium/collider/%GROUP%_Mesh001933016000045B",
      "position": "(0,12.25,-0.75)",
      "rotation": "(-0.7071068,0,0,0.7071068)",
      "hash": "16662B905A2239210:1666029D0F2238460",
      "properties": {
        "type": "Point",
        "intensity": 1.0,
        "range": 30.0,
        "colour": "#FFFFFF",
        "corona": {
          "sprite": "corona_white01.png",
          "scale": 1.0,
          "range": 100.0
        },
        "dutyCycle": "DuskTillDawn()"
      }
    },
    {
      "parent": "/Far__x5_z8/Far__x5_z8_LFS/Far_IndustryBuildings/Warehouse_OldMedium/collider/%GROUP%_Mesh0037440160000532",
      "position": "(0.75,12.25,0)",
      "rotation": "(-0.7071068,0,0,0.7071068)",
      "hash": "167662905A2252390:16773D9D0F2252100",
      "properties": {
        "type": "Point",
        "intensity": 1.0,
        "range": 30.0,
        "colour": "#FFFFFF",
        "corona": {
          "sprite": "corona_white01.png",
          "scale": 1.0,
          "range": 100.0
        },
        "dutyCycle": "DuskTillDawn()"
      }
    },
    {
      "parent": "/Far__x5_z8/Far__x5_z8_LFS/Far_IndustryBuildings/Warehouse_OldMedium/collider/%GROUP%_Mesh0037440160000532",
      "position": "(0,12.25,0.75)",
      "rotation": "(-0.7071068,0,0,0.7071068)",
      "hash": "167662905A2252390:1677279D0F2253130",
      "properties": {
        "type": "Point",
        "intensity": 1.0,
        "range": 30.0,
        "colour": "#FFFFFF",
        "corona": {
          "sprite": "corona_white01.png",
          "scale": 1.0,
          "range": 100.0
        },
        "dutyCycle": "DuskTillDawn()"
      }
    },
    {
      "parent": "/Far__x5_z8/Far__x5_z8_LFS/Far_IndustryBuildings/Warehouse_OldMedium/collider/%GROUP%_Mesh0037440160000532",
      "position": "(-0.75,12.25,0)",
      "rotation": "(-0.7071068,0,0,0.7071068)",
      "hash": "167662905A2252390:1676239D0F2252610",
      "properties": {
        "type": "Point",
        "intensity": 1.0,
        "range": 30.0,
        "colour": "#FFFFFF",
        "corona": {
          "sprite": "corona_white01.png",
          "scale": 1.0,
          "range": 100.0
        },
        "dutyCycle": "DuskTillDawn()"
      }
    },
    {
      "parent": "/Far__x5_z8/Far__x5_z8_LFS/Far_IndustryBuildings/Warehouse_OldMedium/collider/%GROUP%_Mesh0037440160000532",
      "position": "(0,12.25,-0.75)",
      "rotation": "(-0.7071068,0,0,0.7071068)",
      "hash": "167662905A2252390:1676399D0F22515E0",
      "properties": {
        "type": "Point",
        "intensity": 1.0,
        "range": 30.0,
        "colour": "#FFFFFF",
        "corona": {
          "sprite": "corona_white01.png",
          "scale": 1.0,
          "range": 100.0
        },
        "dutyCycle": "DuskTillDawn()"
      }
    },
    {
      "parent": "/Far__x5_z8/Far__x5_z8_LFS/Far_IndustryBuildings/Warehouse_OldMedium/collider/%GROUP%_Mesh005545016000061A",
      "position": "(0.75,12.25,0)",
      "rotation": "(-0.7071068,0,0,0.7071068)",
      "hash": "16871D905A226B4C0:16875D9D0F226B240",
      "properties": {
        "type": "Point",
        "intensity": 1.0,
        "range": 30.0,
        "colour": "#FFFFFF",
        "corona": {
          "sprite": "corona_white01.png",
          "scale": 1.0,
          "range": 100.0
        },
        "dutyCycle": "DuskTillDawn()"
      }
    },
    {
      "parent": "/Far__x5_z8/Far__x5_z8_LFS/Far_IndustryBuildings/Warehouse_OldMedium/collider/%GROUP%_Mesh005545016000061A",
      "position": "(0,12.25,0.75)",
      "rotation": "(-0.7071068,0,0,0.7071068)",
      "hash": "16871D905A226B4C0:1687459D0F226C280",
      "properties": {
        "type": "Point",
        "intensity": 1.0,
        "range": 30.0,
        "colour": "#FFFFFF",
        "corona": {
          "sprite": "corona_white01.png",
          "scale": 1.0,
          "range": 100.0
        },
        "dutyCycle": "DuskTillDawn()"
      }
    },
    {
      "parent": "/Far__x5_z8/Far__x5_z8_LFS/Far_IndustryBuildings/Warehouse_OldMedium/collider/%GROUP%_Mesh005545016000061A",
      "position": "(-0.75,12.25,0)",
      "rotation": "(-0.7071068,0,0,0.7071068)",
      "hash": "16871D905A226B4C0:1686419D0F226C100",
      "properties": {
        "type": "Point",
        "intensity": 1.0,
        "range": 30.0,
        "colour": "#FFFFFF",
        "corona": {
          "sprite": "corona_white01.png",
          "scale": 1.0,
          "range": 100.0
        },
        "dutyCycle": "DuskTillDawn()"
      }
    },
    {
      "parent": "/Far__x5_z8/Far__x5_z8_LFS/Far_IndustryBuildings/Warehouse_OldMedium/collider/%GROUP%_Mesh005545016000061A",
      "position": "(0,12.25,-0.75)",
      "rotation": "(-0.7071068,0,0,0.7071068)",
      "hash": "16871D905A226B4C0:1686599D0F226B0C0",
      "properties": {
        "type": "Point",
        "intensity": 1.0,
        "range": 30.0,
        "colour": "#FFFFFF",
        "corona": {
          "sprite": "corona_white01.png",
          "scale": 1.0,
          "range": 100.0
        },
        "dutyCycle": "DuskTillDawn()"
      }
    },
    {
      "parent": "/Far__x5_z8/Far__x5_z8_LFS/Far_IndustryBuildings/Warehouse_OldMedium/collider/%GROUP%_Mesh00733F0160000657",
      "position": "(0.75,12.25,0)",
      "rotation": "(-0.7071068,0,0,0.7071068)",
      "hash": "169746905A2284510:1698219D0F2284280",
      "properties": {
        "type": "Point",
        "intensity": 1.0,
        "range": 30.0,
        "colour": "#FFFFFF",
        "corona": {
          "sprite": "corona_white01.png",
          "scale": 1.0,
          "range": 100.0
        },
        "dutyCycle": "DuskTillDawn()"
      }
    },
    {
      "parent": "/Far__x5_z8/Far__x5_z8_LFS/Far_IndustryBuildings/Warehouse_OldMedium/collider/%GROUP%_Mesh00733F0160000657",
      "position": "(0,12.25,0.75)",
      "rotation": "(-0.7071068,0,0,0.7071068)",
      "hash": "169746905A2284510:16980B9D0F22852C0",
      "properties": {
        "type": "Point",
        "intensity": 1.0,
        "range": 30.0,
        "colour": "#FFFFFF",
        "corona": {
          "sprite": "corona_white01.png",
          "scale": 1.0,
          "range": 100.0
        },
        "dutyCycle": "DuskTillDawn()"
      }
    },
    {
      "parent": "/Far__x5_z8/Far__x5_z8_LFS/Far_IndustryBuildings/Warehouse_OldMedium/collider/%GROUP%_Mesh00733F0160000657",
      "position": "(-0.75,12.25,0)",
      "rotation": "(-0.7071068,0,0,0.7071068)",
      "hash": "169746905A2284510:1697079D0F2285160",
      "properties": {
        "type": "Point",
        "intensity": 1.0,
        "range": 30.0,
        "colour": "#FFFFFF",
        "corona": {
          "sprite": "corona_white01.png",
          "scale": 1.0,
          "range": 100.0
        },
        "dutyCycle": "DuskTillDawn()"
      }
    },
    {
      "parent": "/Far__x5_z8/Far__x5_z8_LFS/Far_IndustryBuildings/Warehouse_OldMedium/collider/%GROUP%_Mesh00733F0160000657",
      "position": "(0,12.25,-0.75)",
      "rotation": "(-0.7071068,0,0,0.7071068)",
      "hash": "169746905A2284510:16971D9D0F2284120",
      "properties": {
        "type": "Point",
        "intensity": 1.0,
        "range": 30.0,
        "colour": "#FFFFFF",
        "corona": {
          "sprite": "corona_white01.png",
          "scale": 1.0,
          "range": 100.0
        },
        "dutyCycle": "DuskTillDawn()"
      }
    },
    {
      "parent": "/Far__x5_z8/Far__x5_z8_LFS/Far_IndustryBuildings/Warehouse_OldMedium/collider/%GROUP%_Mesh009145016000072D",
      "position": "(0.75,12.25,0)",
      "rotation": "(-0.7071068,0,0,0.7071068)",
      "hash": "16A813905A229D5F0:16A8529D0F229D370",
      "properties": {
        "type": "Point",
        "intensity": 1.0,
        "range": 30.0,
        "colour": "#FFFFFF",
        "corona": {
          "sprite": "corona_white01.png",
          "scale": 1.0,
          "range": 100.0
        },
        "dutyCycle": "DuskTillDawn()"
      }
    },
    {
      "parent": "/Far__x5_z8/Far__x5_z8_LFS/Far_IndustryBuildings/Warehouse_OldMedium/collider/%GROUP%_Mesh009145016000072D",
      "position": "(0,12.25,0.75)",
      "rotation": "(-0.7071068,0,0,0.7071068)",
      "hash": "16A813905A229D5F0:16A83C9D0F229E3A0",
      "properties": {
        "type": "Point",
        "intensity": 1.0,
        "range": 30.0,
        "colour": "#FFFFFF",
        "corona": {
          "sprite": "corona_white01.png",
          "scale": 1.0,
          "range": 100.0
        },
        "dutyCycle": "DuskTillDawn()"
      }
    },
    {
      "parent": "/Far__x5_z8/Far__x5_z8_LFS/Far_IndustryBuildings/Warehouse_OldMedium/collider/%GROUP%_Mesh009145016000072D",
      "position": "(-0.75,12.25,0)",
      "rotation": "(-0.7071068,0,0,0.7071068)",
      "hash": "16A813905A229D5F0:16A7389D0F229E240",
      "properties": {
        "type": "Point",
        "intensity": 1.0,
        "range": 30.0,
        "colour": "#FFFFFF",
        "corona": {
          "sprite": "corona_white01.png",
          "scale": 1.0,
          "range": 100.0
        },
        "dutyCycle": "DuskTillDawn()"
      }
    },
    {
      "parent": "/Far__x5_z8/Far__x5_z8_LFS/Far_IndustryBuildings/Warehouse_OldMedium/collider/%GROUP%_Mesh009145016000072D",
      "position": "(0,12.25,-0.75)",
      "rotation": "(-0.7071068,0,0,0.7071068)",
      "hash": "16A813905A229D5F0:16A74E9D0F229D210",
      "properties": {
        "type": "Point",
        "intensity": 1.0,
        "range": 30.0,
        "colour": "#FFFFFF",
        "corona": {
          "sprite": "corona_white01.png",
          "scale": 1.0,
          "range": 100.0
        },
        "dutyCycle": "DuskTillDawn()"
      }
    },
    {
      "parent": "/Far__x5_z8/Far__x5_z8_LFS/Far_IndustryBuildings/Warehouse_OldMedium/collider/%GROUP%_Mesh00AF4B0160000801",
      "position": "(0.75,12.25,0)",
      "rotation": "(-0.7071068,0,0,0.7071068)",
      "hash": "16B846905A22B7080:16B9209D0F22B6430",
      "properties": {
        "type": "Point",
        "intensity": 1.0,
        "range": 30.0,
        "colour": "#FFFFFF",
        "corona": {
          "sprite": "corona_white01.png",
          "scale": 1.0,
          "range": 100.0
        },
        "dutyCycle": "DuskTillDawn()"
      }
    },
    {
      "parent": "/Far__x5_z8/Far__x5_z8_LFS/Far_IndustryBuildings/Warehouse_OldMedium/collider/%GROUP%_Mesh00AF4B0160000801",
      "position": "(0,12.25,0.75)",
      "rotation": "(-0.7071068,0,0,0.7071068)",
      "hash": "16B846905A22B7080:16B90A9D0F22B7470",
      "properties": {
        "type": "Point",
        "intensity": 1.0,
        "range": 30.0,
        "colour": "#FFFFFF",
        "corona": {
          "sprite": "corona_white01.png",
          "scale": 1.0,
          "range": 100.0
        },
        "dutyCycle": "DuskTillDawn()"
      }
    },
    {
      "parent": "/Far__x5_z8/Far__x5_z8_LFS/Far_IndustryBuildings/Warehouse_OldMedium/collider/%GROUP%_Mesh00AF4B0160000801",
      "position": "(-0.75,12.25,0)",
      "rotation": "(-0.7071068,0,0,0.7071068)",
      "hash": "16B846905A22B7080:16B8079D0F22B7310",
      "properties": {
        "type": "Point",
        "intensity": 1.0,
        "range": 30.0,
        "colour": "#FFFFFF",
        "corona": {
          "sprite": "corona_white01.png",
          "scale": 1.0,
          "range": 100.0
        },
        "dutyCycle": "DuskTillDawn()"
      }
    },
    {
      "parent": "/Far__x5_z8/Far__x5_z8_LFS/Far_IndustryBuildings/Warehouse_OldMedium/collider/%GROUP%_Mesh00AF4B0160000801",
      "position": "(0,12.25,-0.75)",
      "rotation": "(-0.7071068,0,0,0.7071068)",
      "hash": "16B846905A22B7080:16B81D9D0F22B62D0",
      "properties": {
        "type": "Point",
        "intensity": 1.0,
        "range": 30.0,
        "colour": "#FFFFFF",
        "corona": {
          "sprite": "corona_white01.png",
          "scale": 1.0,
          "range": 100.0
        },
        "dutyCycle": "DuskTillDawn()"
      }
    },
    {
      "parent": "/Near__x5_z8/Near__x5_z8_LFS/Near_collider#2/%GROUP%_Mesh00A90D0D5E00A928",
      "position": "(0.75,12.25,0)",
      "rotation": "(-0.7071068,0,0,0.7071068)",
      "hash": "162A3F905A21DC620:162B1A9D0F21DC390",
      "properties": {
        "type": "Point",
        "intensity": 1.0,
        "range": 30.0,
        "colour": "#FFFFFF",
        "corona": {
          "sprite": "corona_white01.png",
          "scale": 1.0,
          "range": 100.0
        },
        "dutyCycle": "DuskTillDawn()"
      }
    },
    {
      "parent": "/Near__x5_z8/Near__x5_z8_LFS/Near_collider#2/%GROUP%_Mesh00A90D0D5E00A928",
      "position": "(0,12.25,0.75)",
      "rotation": "(-0.7071068,0,0,0.7071068)",
      "hash": "162A3F905A21DC620:162B049D0F21DD3D0",
      "properties": {
        "type": "Point",
        "intensity": 1.0,
        "range": 30.0,
        "colour": "#FFFFFF",
        "corona": {
          "sprite": "corona_white01.png",
          "scale": 1.0,
          "range": 100.0
        },
        "dutyCycle": "DuskTillDawn()"
      }
    },
    {
      "parent": "/Near__x5_z8/Near__x5_z8_LFS/Near_collider#2/%GROUP%_Mesh00A90D0D5E00A928",
      "position": "(-0.75,12.25,0)",
      "rotation": "(-0.7071068,0,0,0.7071068)",
      "hash": "162A3F905A21DC620:162A009D0F21DD270",
      "properties": {
        "type": "Point",
        "intensity": 1.0,
        "range": 30.0,
        "colour": "#FFFFFF",
        "corona": {
          "sprite": "corona_white01.png",
          "scale": 1.0,
          "range": 100.0
        },
        "dutyCycle": "DuskTillDawn()"
      }
    },
    {
      "parent": "/Near__x5_z8/Near__x5_z8_LFS/Near_collider#2/%GROUP%_Mesh00A90D0D5E00A928",
      "position": "(0,12.25,-0.75)",
      "rotation": "(-0.7071068,0,0,0.7071068)",
      "hash": "162A3F905A21DC620:162A179D0F21DC230",
      "properties": {
        "type": "Point",
        "intensity": 1.0,
        "range": 30.0,
        "colour": "#FFFFFF",
        "corona": {
          "sprite": "corona_white01.png",
          "scale": 1.0,
          "range": 100.0
        },
        "dutyCycle": "DuskTillDawn()"
      }
    }
  ],
  "meshes": [
    {
      "parent": "/Far__x5_z8/Far__x5_z8_LFS/Far_IndustryBuildings/Warehouse_OldMedium/collider",
      "position": "(-35.8518448,1.96612549,33.6774178)",
      "rotation": "(0,0.275637358,0,0.9612617)",
      "hash": "165C088E5E2221310:162C05905A22165B0",
      "properties": {
        "file": "meshes_lampposts.assetbundle",
        "mesh": "YardLamp_Floor"
      }
    },
    {
      "parent": "/Far__x5_z8/Far__x5_z8_LFS/Far_IndustryBuildings/Warehouse_OldMedium/collider",
      "position": "(-5.86504364,1.96612549,35.0396919)",
      "rotation": "(0,0.275637358,0,0.9612617)",
      "hash": "165C088E5E2221310:163B55905A22302B0",
      "properties": {
        "file": "meshes_lampposts.assetbundle",
        "mesh": "YardLamp_Floor"
      }
    },
    {
      "parent": "/Far__x5_z8/Far__x5_z8_LFS/Far_IndustryBuildings/Warehouse_OldMedium/collider",
      "position": "(24.1559982,1.96612549,36.4401665)",
      "rotation": "(0,0.275637358,0,0.9612617)",
      "hash": "165C088E5E2221310:164B40905A224A000",
      "properties": {
        "file": "meshes_lampposts.assetbundle",
        "mesh": "YardLamp_Floor"
      }
    },
    {
      "parent": "/Far__x5_z8/Far__x5_z8_LFS/Far_IndustryBuildings/Warehouse_OldMedium/collider",
      "position": "(54.0153465,1.96612549,37.8832664)",
      "rotation": "(0,0.275637358,0,0.9612617)",
      "hash": "165C088E5E2221310:165B1F905A22632E0",
      "properties": {
        "file": "meshes_lampposts.assetbundle",
        "mesh": "YardLamp_Floor"
      }
    },
    {
      "parent": "/Far__x5_z8/Far__x5_z8_LFS/Far_IndustryBuildings/Warehouse_OldMedium/collider",
      "position": "(83.96661,1.96612549,39.2508049)",
      "rotation": "(0,0.2840154,0,0.958819747)",
      "hash": "165C088E5E2221310:166B09905A227C5F0",
      "properties": {
        "file": "meshes_lampposts.assetbundle",
        "mesh": "YardLamp_Floor"
      }
    },
    {
      "parent": "/Far__x5_z8/Far__x5_z8_LFS/Far_IndustryBuildings/Warehouse_OldMedium/collider",
      "position": "(114.012192,1.96612549,40.7278175)",
      "rotation": "(0,0.267238379,0,0.963630438)",
      "hash": "165C088E5E2221310:167A54905A22963B0",
      "properties": {
        "file": "meshes_lampposts.assetbundle",
        "mesh": "YardLamp_Floor"
      }
    },
    {
      "parent": "/Far__x5_z8/Far__x5_z8_LFS/Far_IndustryBuildings/Warehouse_OldMedium/collider",
      "position": "(143.967072,1.96612549,42.13332)",
      "rotation": "(0,0.267238379,0,0.963630438)",
      "hash": "165C088E5E2221310:168A3B905A22B00B0",
      "properties": {
        "file": "meshes_lampposts.assetbundle",
        "mesh": "YardLamp_Floor"
      }
    },
    {
      "parent": "/Far__x5_z8/Far__x5_z8_LFS/Far_IndustryBuildings/Warehouse_OldMedium/collider",
      "position": "(173.957535,1.96612549,43.55252)",
      "rotation": "(0,0.267238379,0,0.963630438)",
      "hash": "165C088E5E2221310:169A23905A22C9420",
      "properties": {
        "file": "meshes_lampposts.assetbundle",
        "mesh": "YardLamp_Floor"
      }
    },
    {
      "parent": "/Far__x5_z8/Far__x5_z8_LFS/Far_IndustryBuildings/Warehouse_OldMedium/collider",
      "position": "(203.907471,1.96612549,44.9635239)",
      "rotation": "(0,0.275637358,0,0.9612617)",
      "hash": "165C088E5E2221310:16AA09905A22E3120",
      "properties": {
        "file": "meshes_lampposts.assetbundle",
        "mesh": "YardLamp_Floor"
      }
    },
    {
      "parent": "/Far__x5_z8/Far__x5_z8_LFS/Far_IndustryBuildings/Warehouse_OldMedium/collider",
      "position": "(233.947479,1.96612549,46.3172264)",
      "rotation": "(0,0.2840154,0,0.958819747)",
      "hash": "165C088E5E2221310:16B95E905A22FC4A0",
      "properties": {
        "file": "meshes_lampposts.assetbundle",
        "mesh": "YardLamp_Floor"
      }
    },
    {
      "parent": "/Far__x5_z8/Far__x5_z8_LFS/Far_IndustryBuildings/Warehouse_OldMedium/collider",
      "position": "(293.7921,1.96612549,49.0919762)",
      "rotation": "(0,0.267238379,0,0.963630438)",
      "hash": "165C088E5E2221310:16D92B905A232F460",
      "properties": {
        "file": "meshes_lampposts.assetbundle",
        "mesh": "YardLamp_Floor"
      }
    },
    {
      "parent": "/Far__x5_z8/Far__x5_z8_LFS/Far_IndustryBuildings/Warehouse_OldMedium/collider",
      "position": "(323.825745,1.96612549,50.48094)",
      "rotation": "(0,0.275637358,0,0.9612617)",
      "hash": "165C088E5E2221310:16E918905A23491B0",
      "properties": {
        "file": "meshes_lampposts.assetbundle",
        "mesh": "YardLamp_Floor"
      }
    },
    {
      "parent": "/Near__x5_z8/Near__x5_z8_LFS/Near_collider#2",
      "position": "(-156.0668,-16.2481422,-195.711563)",
      "rotation": "(0,0.2840154,0,0.958819747)",
      "hash": "15F438900320F3240:16113C905A21EC340",
      "properties": {
        "file": "meshes_lampposts.assetbundle",
        "mesh": "YardLamp_Floor"
      }
    },
    {
      "parent": "/Far__x5_z8/Far__x5_z8_LFS/Far_IndustryBuildings/Warehouse_OldMedium/collider",
      "position": "(-34.514595,1.96612549,3.72199821)",
      "rotation": "(0,0.275637358,0,0.9612617)",
      "hash": "165C088E5E2221310:164535905A22070A0",
      "properties": {
        "file": "meshes_lampposts.assetbundle",
        "mesh": "YardLamp_Floor"
      }
    },
    {
      "parent": "/Near__x5_z8/Near__x5_z8_LFS/Near_collider#2",
      "position": "(-228.345276,-13.309515,-162.123)",
      "rotation": "(0,0.309017,0,0.95105654)",
      "hash": "15F438900320F3240:16604F905A21F5630",
      "properties": {
        "file": "meshes_lampposts.assetbundle",
        "mesh": "YardLamp_Floor"
      }
    },
    {
      "parent": "/Far__x5_z8/Far__x5_z8_LFS/Far_IndustryBuildings/Warehouse_OldMedium/collider",
      "position": "(-3.20394135,1.96612549,-28.5167961)",
      "rotation": "(0,0.3007058,0,0.953717)",
      "hash": "165C088E5E2221310:167151905A220E4B0",
      "properties": {
        "file": "meshes_lampposts.assetbundle",
        "mesh": "YardLamp_Floor"
      }
    },
    {
      "parent": "/Far__x5_z8/Far__x5_z8_LFS/Far_IndustryBuildings/Warehouse_OldMedium/collider",
      "position": "(26.8901787,1.96612549,-28.5204525)",
      "rotation": "(0,0.3007058,0,0.953717)",
      "hash": "165C088E5E2221310:168251905A22273A0",
      "properties": {
        "file": "meshes_lampposts.assetbundle",
        "mesh": "YardLamp_Floor"
      }
    },
    {
      "parent": "/Far__x5_z8/Far__x5_z8_LFS/Far_IndustryBuildings/Warehouse_OldMedium/collider",
      "position": "(56.93938,1.96612549,-28.4826584)",
      "rotation": "(0,0.3007058,0,0.953717)",
      "hash": "165C088E5E2221310:16934A905A2240290",
      "properties": {
        "file": "meshes_lampposts.assetbundle",
        "mesh": "YardLamp_Floor"
      }
    },
    {
      "parent": "/Far__x5_z8/Far__x5_z8_LFS/Far_IndustryBuildings/Warehouse_OldMedium/collider",
      "position": "(86.8720245,1.96612549,-28.5062523)",
      "rotation": "(0,0.3007058,0,0.953717)",
      "hash": "165C088E5E2221310:16A442905A22590A0",
      "properties": {
        "file": "meshes_lampposts.assetbundle",
        "mesh": "YardLamp_Floor"
      }
    },
    {
      "parent": "/Far__x5_z8/Far__x5_z8_LFS/Far_IndustryBuildings/Warehouse_OldMedium/collider",
      "position": "(116.946426,1.96612549,-28.56066)",
      "rotation": "(0,0.3007058,0,0.953717)",
      "hash": "165C088E5E2221310:16B544905A2271590",
      "properties": {
        "file": "meshes_lampposts.assetbundle",
        "mesh": "YardLamp_Floor"
      }
    },
    {
      "parent": "/Far__x5_z8/Far__x5_z8_LFS/Far_IndustryBuildings/Warehouse_OldMedium/collider",
      "position": "(147.013092,1.96612549,-28.6919518)",
      "rotation": "(0,0.3007058,0,0.953717)",
      "hash": "165C088E5E2221310:16C64D905A228A3F0",
      "properties": {
        "file": "meshes_lampposts.assetbundle",
        "mesh": "YardLamp_Floor"
      }
    },
    {
      "parent": "/Far__x5_z8/Far__x5_z8_LFS/Far_IndustryBuildings/Warehouse_OldMedium/collider",
      "position": "(176.956985,1.96612549,-28.59189)",
      "rotation": "(0,0.2923717,0,0.9563048)",
      "hash": "165C088E5E2221310:16D73B905A22A3280",
      "properties": {
        "file": "meshes_lampposts.assetbundle",
        "mesh": "YardLamp_Floor"
      }
    },
    {
      "parent": "/Far__x5_z8/Far__x5_z8_LFS/Far_IndustryBuildings/Warehouse_OldMedium/collider",
      "position": "(25.5195084,1.96612549,4.919027)",
      "rotation": "(0,0.2840154,0,0.958819747)",
      "hash": "165C088E5E2221310:16662B905A2239210",
      "properties": {
        "file": "meshes_lampposts.assetbundle",
        "mesh": "YardLamp_Floor"
      }
    },
    {
      "parent": "/Far__x5_z8/Far__x5_z8_LFS/Far_IndustryBuildings/Warehouse_OldMedium/collider",
      "position": "(55.6899834,1.96612549,5.507725)",
      "rotation": "(0,0.2840154,0,0.958819747)",
      "hash": "165C088E5E2221310:167662905A2252390",
      "properties": {
        "file": "meshes_lampposts.assetbundle",
        "mesh": "YardLamp_Floor"
      }
    },
    {
      "parent": "/Far__x5_z8/Far__x5_z8_LFS/Far_IndustryBuildings/Warehouse_OldMedium/collider",
      "position": "(85.693985,1.96612549,6.26887751)",
      "rotation": "(0,0.275637358,0,0.9612617)",
      "hash": "165C088E5E2221310:16871D905A226B4C0",
      "properties": {
        "file": "meshes_lampposts.assetbundle",
        "mesh": "YardLamp_Floor"
      }
    },
    {
      "parent": "/Far__x5_z8/Far__x5_z8_LFS/Far_IndustryBuildings/Warehouse_OldMedium/collider",
      "position": "(115.6346,1.96612549,6.871899)",
      "rotation": "(0,0.2840154,0,0.958819747)",
      "hash": "165C088E5E2221310:169746905A2284510",
      "properties": {
        "file": "meshes_lampposts.assetbundle",
        "mesh": "YardLamp_Floor"
      }
    },
    {
      "parent": "/Far__x5_z8/Far__x5_z8_LFS/Far_IndustryBuildings/Warehouse_OldMedium/collider",
      "position": "(145.696777,1.96612549,7.45632553)",
      "rotation": "(0,0.2840154,0,0.958819747)",
      "hash": "165C088E5E2221310:16A813905A229D5F0",
      "properties": {
        "file": "meshes_lampposts.assetbundle",
        "mesh": "YardLamp_Floor"
      }
    },
    {
      "parent": "/Far__x5_z8/Far__x5_z8_LFS/Far_IndustryBuildings/Warehouse_OldMedium/collider",
      "position": "(175.753845,1.96612549,8.015362)",
      "rotation": "(0,0.2840154,0,0.958819747)",
      "hash": "165C088E5E2221310:16B846905A22B7080",
      "properties": {
        "file": "meshes_lampposts.assetbundle",
        "mesh": "YardLamp_Floor"
      }
    },
    {
      "parent": "/Near__x5_z8/Near__x5_z8_LFS/Near_collider#2",
      "position": "(-169.139938,-13.9464388,-169.403046)",
      "rotation": "(0,0.2840154,0,0.958819747)",
      "hash": "15F438900320F3240:162A3F905A21DC620",
      "properties": {
        "file": "meshes_lampposts.assetbundle",
        "mesh": "YardLamp_Floor"
      }
    }
  ],
  "decorations": []
}