{
  "version": 97,
  "enabled": true,
  "lights": [
    {
      "parent": "/Far__x7_z6/Far__x7_z6_LFS/Far_Station_SteelMillIndustry/IndustryBuildings (1)/Industry_Steel/collider",
      "position": "(4.613089,44.8038826,68.00534)",
      "rotation": "(-0.7071068,0,0,0.7071068)",
      "hash": "1EC73E814F1BC4470:1EEA01AE3B1BFF380",
      "properties": {
        "type": "Point",
        "intensity": 0.3,
        "range": 15.0,
        "colour": "#FF0000",
        "corona": {
          "sprite": "corona_white01.png",
          "scale": 0.33,
          "range": 500.0
        },
        "dutyCycle": "Always()"
      }
    },
    {
      "parent": "/Far__x7_z6/Far__x7_z6_LFS/Far_Station_SteelMillIndustry/IndustryBuildings (1)/Industry_Steel/collider",
      "position": "(7.374118,44.8038826,68.0052948)",
      "rotation": "(-0.7071068,0,0,0.7071068)",
      "hash": "1EC73E814F1BC4470:1EEC30AE3B1BFE210",
      "properties": {
        "type": "Point",
        "intensity": 0.3,
        "range": 15.0,
        "colour": "#FF0000",
        "corona": {
          "sprite": "corona_white01.png",
          "scale": 0.33,
          "range": 500.0
        },
        "dutyCycle": "Always()"
      }
    },
    {
      "parent": "/Far__x7_z6/Far__x7_z6_LFS/Far_Station_SteelMillIndustry/IndustryBuildings (1)/Industry_Steel/collider",
      "position": "(-6.236264,53.1178,16.9991436)",
      "rotation": "(-0.7071068,0,0,0.7071068)",
      "hash": "1EC73E814F1BC4470:1EC93CB65A1BD6470",
      "properties": {
        "type": "Point",
        "intensity": 1.0,
        "range": 20.0,
        "colour": "#FF0000",
        "corona": {
          "sprite": "corona_flare02.png",
          "scale": 0.5,
          "range": 500.0
        },
        "dutyCycle": "Always()"
      }
    },
    {
      "parent": "/Far__x7_z6/Far__x7_z6_LFS/Far_Station_SteelMillIndustry/IndustryBuildings (1)/Industry_Steel/collider",
      "position": "(8.104558,53.0733223,17.0082474)",
      "rotation": "(-0.7071068,0,0,0.7071068)",
      "hash": "1EC73E814F1BC4470:1ED62DB6561BD0220",
      "properties": {
        "type": "Point",
        "intensity": 1.0,
        "range": 20.0,
        "colour": "#FF0000",
        "corona": {
          "sprite": "corona_flare02.png",
          "scale": 0.5,
          "range": 500.0
        },
        "dutyCycle": "Always()"
      }
    },
    {
      "parent": "/Far__x7_z6/Far__x7_z6_LFS/Far_Station_SteelMillIndustry/IndustryBuildings (1)/Industry_Steel/collider",
      "position": "(8.097842,53.0733223,3.82961178)",
      "rotation": "(-0.7071068,0,0,0.7071068)",
      "hash": "1EC73E814F1BC4470:1ED03AB6561BC4360",
      "properties": {
        "type": "Point",
        "intensity": 1.0,
        "range": 20.0,
        "colour": "#FF0000",
        "corona": {
          "sprite": "corona_flare02.png",
          "scale": 0.5,
          "range": 500.0
        },
        "dutyCycle": "Always()"
      }
    },
    {
      "parent": "/Far__x7_z6/Far__x7_z6_LFS/Far_Station_SteelMillIndustry/IndustryBuildings (1)/Industry_Steel/collider",
      "position": "(-6.20082,53.1178169,3.826734)",
      "rotation": "(-0.7071068,0,0,0.7071068)",
      "hash": "1EC73E814F1BC4470:1EC34DB65A1BCA5A0",
      "properties": {
        "type": "Point",
        "intensity": 1.0,
        "range": 20.0,
        "colour": "#FF0000",
        "corona": {
          "sprite": "corona_flare02.png",
          "scale": 0.5,
          "range": 500.0
        },
        "dutyCycle": "Always()"
      }
    },
    {
      "parent": "/Far__x7_z6/Far__x7_z6_LFS/Far_Station_SteelMillIndustry/Roads (1)/Road_Turn_4/Collider",
      "position": "(-13.7641811,52.1588058,0.901826739)",
      "hash": "1F0E2F83591B7B370:1F0236B8041B82300",
      "properties": {
        "type": "Point",
        "intensity": 1.0,
        "range": 20.0,
        "colour": "#FF0000",
        "corona": {
          "sprite": "corona_flare02.png",
          "scale": 0.5,
          "range": 500.0
        },
        "dutyCycle": "Always()"
      }
    },
    {
      "parent": "/Far__x7_z6/Far__x7_z6_LFS/Far_Station_SteelMillIndustry/Roads (1)/Road_Curve_60x8b_R/Collider",
      "position": "(-25.6534958,52.0580978,-17.1869812)",
      "hash": "1EEC6083591B701C0:1EE862B75E1B8E5A0",
      "properties": {
        "type": "Point",
        "intensity": 1.0,
        "range": 20.0,
        "colour": "#FF0000",
        "corona": {
          "sprite": "corona_flare02.png",
          "scale": 0.5,
          "range": 500.0
        },
        "dutyCycle": "Always()"
      }
    }
  ],
  "meshes": [],
  "decorations": []
}