{
  "version": 92,
  "enabled": true,
  "lights": [
    {
      "parent": "/Far__x7_z6/Far__x7_z6_LFS/Far_Station_SteelMillIndustry/IndustryBuildings (1)/Industry_Steel/collider",
      "position": "(0.802860141,54.3952522,-7.48612928)",
      "hash": "1EC73E814F1BC4470:1EC501B8121BBD410",
      "properties": {
        "type": "Point",
        "intensity": 0.6,
        "range": 50.0,
        "colour": "#FF6600",
        "corona": null,
        "dutyCycle": null
      }
    },
    {
      "parent": "/Far__x7_z6/Far__x7_z6_LFS/Far_Station_SteelMillIndustry/Roads (1)/Flat_40x40 (4)/Collider",
      "position": "(7.19971848,32.25883,8.053696)",
      "rotation": "(0,-0.526814163,0,0.8499805)",
      "hash": "1EBA3683511BF21D0:1EC439A4071BF61E0",
      "properties": {
        "type": "Point",
        "intensity": 0.6,
        "range": 50.0,
        "colour": "#FF6600",
        "corona": null,
        "dutyCycle": null
      }
    },
    {
      "parent": "/Far__x7_z6/Far__x7_z6_LFS/Far_Station_SteelMillTrackside/Containers/ContainerRusty (1)/collider",
      "position": "(17.7294064,26.8850746,-9.153173)",
      "hash": "1F0315861A1BDE620:1EF744A10E1BEF1A0",
      "properties": {
        "type": "Point",
        "intensity": 0.6,
        "range": 50.0,
        "colour": "#FF6600",
        "corona": null,
        "dutyCycle": null
      }
    },
    {
      "parent": "/Far__x7_z6/Far__x7_z6_LFS/Far_Station_SteelMillIndustry/SilosCranes (1)/AboveGroundPipeRack01_old/Collider",
      "position": "(-10.6880989,46.9013,-16.2361469)",
      "rotation": "(0,0.849980354,0,0.5268144)",
      "hash": "1EFC5283221BCC5A0:1EEC02B2181BC30B0",
      "properties": {
        "type": "Point",
        "intensity": 0.6,
        "range": 50.0,
        "colour": "#FF6600",
        "corona": null,
        "dutyCycle": null
      }
    },
    {
      "parent": "/Far__x7_z6/Far__x7_z6_LFS/Far_Station_SteelMillIndustry/Roads (1)/Road_60x8/Collider",
      "position": "(44.4672623,22.7280369,-9.437202)",
      "rotation": "(0,0.7071068,0,0.7071068)",
      "hash": "1ED72783591C450A0:1EFB029A3D1C28560",
      "properties": {
        "type": "Point",
        "intensity": 0.6,
        "range": 50.0,
        "colour": "#FF6600",
        "corona": null,
        "dutyCycle": null
      }
    },
    {
      "parent": "/Far__x7_z6/Far__x7_z6_LFS/Far_Station_SteelMillIndustry/Roads (1)/ParkingLot07#1/Collider",
      "position": "(-8.29643,39.1738663,29.124651)",
      "hash": "1E9B2783591BB33C0:1EA05CAB061BD1260",
      "properties": {
        "type": "Point",
        "intensity": 0.6,
        "range": 50.0,
        "colour": "#FF6600",
        "corona": null,
        "dutyCycle": null
      }
    }
  ],
  "meshes": [],
  "decorations": []
}