{
  "version": 92,
  "enabled": true,
  "lights": [
    {
      "parent": "/Far__x1_z13/Far__x1_z13_LFS/Far_Roads/Flat_20x20 (1)/Collider/%GROUP%_Mesh006643000D00204D",
      "position": "(0,7.1,-1.55)",
      "rotation": "(-0.7071068,0,0,0.7071068)",
      "hash": "0878128537342B140:0879158C41342A040",
      "properties": {
        "type": "Point",
        "intensity": 1.0,
        "range": 20.0,
        "colour": "#FFB24D",
        "corona": {
          "sprite": "corona_orange01.png",
          "scale": 0.75,
          "range": 100.0
        },
        "dutyCycle": "DuskTillDawn()"
      }
    },
    {
      "parent": "/Far__x1_z13/Far__x1_z13_LFS/Far_Roads/Flat_20x20 (1)/Collider/%GROUP%_Mesh008501000D003107",
      "position": "(0,7.1,-1.55)",
      "rotation": "(-0.7071068,0,0,0.7071068)",
      "hash": "08995785373432240:0898558C413431130",
      "properties": {
        "type": "Point",
        "intensity": 1.0,
        "range": 20.0,
        "colour": "#FFB24D",
        "corona": {
          "sprite": "corona_orange01.png",
          "scale": 0.75,
          "range": 100.0
        },
        "dutyCycle": "DuskTillDawn()"
      }
    },
    {
      "parent": "/Far__x1_z13/Far__x1_z13_LFS/Far_Roads/Flat_20x20 (1)/Collider/%GROUP%_Mesh00851B000D00590B",
      "position": "(0,7.1,-1.55)",
      "rotation": "(-0.7071068,0,0,0.7071068)",
      "hash": "08B35E85373413620:08B24D8C413412600",
      "properties": {
        "type": "Point",
        "intensity": 1.0,
        "range": 20.0,
        "colour": "#FFB24D",
        "corona": {
          "sprite": "corona_orange01.png",
          "scale": 0.75,
          "range": 100.0
        },
        "dutyCycle": "DuskTillDawn()"
      }
    },
    {
      "parent": "/Far__x1_z12/Far__x1_z12_LFS/Far_viaduct_bridge Start Object(Clone)#1/collider/%GROUP%_Mesh02AD3F1028011754",
      "position": "(0,7.1,-1.55)",
      "rotation": "(-0.7071068,0,0,0.7071068)",
      "hash": "08CD45853733F5270:08CC318C4133F42A0",
      "properties": {
        "type": "Point",
        "intensity": 1.0,
        "range": 20.0,
        "colour": "#FFB24D",
        "corona": {
          "sprite": "corona_orange01.png",
          "scale": 0.75,
          "range": 100.0
        },
        "dutyCycle": "DuskTillDawn()"
      }
    },
    {
      "parent": "/Far__x1_z12/Far__x1_z12_LFS/Far_viaduct_bridge Start Object(Clone)#1/collider/%GROUP%_Mesh029D560D1400F319",
      "position": "(0,7.1,-1.55)",
      "rotation": "(-0.7071068,0,0,0.7071068)",
      "hash": "08E01C853733D2010:08DE508C4133D22E0",
      "properties": {
        "type": "Point",
        "intensity": 1.0,
        "range": 20.0,
        "colour": "#FFB24D",
        "corona": {
          "sprite": "corona_orange01.png",
          "scale": 0.75,
          "range": 100.0
        },
        "dutyCycle": "DuskTillDawn()"
      }
    },
    {
      "parent": "/Far__x1_z12/Far__x1_z12_LFS/Far_viaduct_bridge Start Object(Clone)#1/collider/%GROUP%_Mesh02794D0E1B00FF35",
      "position": "(0,7.1,-1.55)",
      "rotation": "(-0.7071068,0,0,0.7071068)",
      "hash": "08BF60853733BD4B0:08C0628C4133BC3A0",
      "properties": {
        "type": "Point",
        "intensity": 1.0,
        "range": 20.0,
        "colour": "#FFB24D",
        "corona": {
          "sprite": "corona_orange01.png",
          "scale": 0.75,
          "range": 100.0
        },
        "dutyCycle": "DuskTillDawn()"
      }
    },
    {
      "parent": "/Far__x1_z12/Far__x1_z12_LFS/Far_viaduct_bridge Start Object(Clone)#1/collider/%GROUP%_Mesh02624E0B4400E156",
      "position": "(0,7.1,-1.55)",
      "rotation": "(-0.7071068,0,0,0.7071068)",
      "hash": "08C83D853733990D0:08C94F8C41339A0D0",
      "properties": {
        "type": "Point",
        "intensity": 1.0,
        "range": 20.0,
        "colour": "#FFB24D",
        "corona": {
          "sprite": "corona_orange01.png",
          "scale": 0.75,
          "range": 100.0
        },
        "dutyCycle": "DuskTillDawn()"
      }
    },
    {
      "parent": "/Far__x1_z12/Far__x1_z12_LFS/Far_viaduct_bridge Start Object(Clone)#1/collider/%GROUP%_Mesh025B32081900BA42",
      "position": "(0,7.1,-1.55)",
      "rotation": "(-0.7071068,0,0,0.7071068)",
      "hash": "08E2388537337A440:08E3508C41337B3E0",
      "properties": {
        "type": "Point",
        "intensity": 1.0,
        "range": 20.0,
        "colour": "#FFB24D",
        "corona": {
          "sprite": "corona_orange01.png",
          "scale": 0.75,
          "range": 100.0
        },
        "dutyCycle": "DuskTillDawn()"
      }
    },
    {
      "parent": "/Far__x1_z12/Far__x1_z12_LFS/Far_viaduct_bridge Start Object(Clone)#1/collider/%GROUP%_Mesh024153060100A106",
      "position": "(0,7.1,-1.55)",
      "rotation": "(-0.7071068,0,0,0.7071068)",
      "hash": "08E62385373356380:08E51D8C413357450",
      "properties": {
        "type": "Point",
        "intensity": 1.0,
        "range": 20.0,
        "colour": "#FFB24D",
        "corona": {
          "sprite": "corona_orange01.png",
          "scale": 0.75,
          "range": 100.0
        },
        "dutyCycle": "DuskTillDawn()"
      }
    },
    {
      "parent": "/Far__x1_z12/Far__x1_z12_LFS/Far_viaduct_bridge Start Object(Clone)#1/collider/%GROUP%_Mesh02332F091B00C621",
      "position": "(0,7.1,-1.55)",
      "rotation": "(-0.7071068,0,0,0.7071068)",
      "hash": "08C01885373362630:08BF068C413361630",
      "properties": {
        "type": "Point",
        "intensity": 1.0,
        "range": 20.0,
        "colour": "#FFB24D",
        "corona": {
          "sprite": "corona_orange01.png",
          "scale": 0.75,
          "range": 100.0
        },
        "dutyCycle": "DuskTillDawn()"
      }
    },
    {
      "parent": "/Far__x1_z12/Far__x1_z12_LFS/Far_viaduct_bridge Start Object(Clone)#1/collider/%GROUP%_Mesh023A560C4500ED2C",
      "position": "(0,7.1,-1.55)",
      "rotation": "(-0.7071068,0,0,0.7071068)",
      "hash": "08A62A853733812E0:08A5198C4133802C0",
      "properties": {
        "type": "Point",
        "intensity": 1.0,
        "range": 20.0,
        "colour": "#FFB24D",
        "corona": {
          "sprite": "corona_orange01.png",
          "scale": 0.75,
          "range": 100.0
        },
        "dutyCycle": "DuskTillDawn()"
      }
    },
    {
      "parent": "/Far__x1_z12/Far__x1_z12_LFS/Far_viaduct_bridge Start Object(Clone)#1/collider/%GROUP%_Mesh02421C100C011440",
      "position": "(0,7.1,-1.55)",
      "rotation": "(-0.7071068,0,0,0.7071068)",
      "hash": "088C36853733A0020:088B258C41339F000",
      "properties": {
        "type": "Point",
        "intensity": 1.0,
        "range": 20.0,
        "colour": "#FFB24D",
        "corona": {
          "sprite": "corona_orange01.png",
          "scale": 0.75,
          "range": 100.0
        },
        "dutyCycle": "DuskTillDawn()"
      }
    },
    {
      "parent": "/Near__x1_z12/Near__x1_z12_LFS/Near_collider#2/%GROUP%_Mesh0249411337013B50",
      "position": "(0,7.1,-1.55)",
      "rotation": "(-0.7071068,0,0,0.7071068)",
      "hash": "087243853733BE330:0871328C4133BD310",
      "properties": {
        "type": "Point",
        "intensity": 1.0,
        "range": 20.0,
        "colour": "#FFB24D",
        "corona": {
          "sprite": "corona_orange01.png",
          "scale": 0.75,
          "range": 100.0
        },
        "dutyCycle": "DuskTillDawn()"
      }
    },
    {
      "parent": "/Far__x1_z12/Far__x1_z12_LFS/Far_viaduct_bridge Start Object(Clone)#1/collider/%GROUP%_Mesh0251061660016254",
      "position": "(0,7.1,-1.55)",
      "rotation": "(-0.7071068,0,0,0.7071068)",
      "hash": "08585A853733DC600:0857488C4133DB600",
      "properties": {
        "type": "Point",
        "intensity": 1.0,
        "range": 20.0,
        "colour": "#FFB24D",
        "corona": {
          "sprite": "corona_orange01.png",
          "scale": 0.75,
          "range": 100.0
        },
        "dutyCycle": "DuskTillDawn()"
      }
    },
    {
      "parent": "/Near__x1_z12/Near__x1_z12_LFS/Near_collider#2/%GROUP%_Mesh0258311A28018A12",
      "position": "(0,7.1,-1.55)",
      "rotation": "(-0.7071068,0,0,0.7071068)",
      "hash": "083E5C853733FB3E0:083D448C4133FA450",
      "properties": {
        "type": "Point",
        "intensity": 1.0,
        "range": 20.0,
        "colour": "#FFB24D",
        "corona": {
          "sprite": "corona_orange01.png",
          "scale": 0.75,
          "range": 100.0
        },
        "dutyCycle": "DuskTillDawn()"
      }
    },
    {
      "parent": "/Far__x1_z13/Far__x1_z13_LFS/Far_Roads/Flat_20x20 (1)/Collider/%GROUP%_Mesh001C1C000D000751",
      "position": "(0,7.1,-1.55)",
      "rotation": "(-0.7071068,0,0,0.7071068)",
      "hash": "0825128537341A0B0:0824088C413419020",
      "properties": {
        "type": "Point",
        "intensity": 1.0,
        "range": 20.0,
        "colour": "#FFB24D",
        "corona": {
          "sprite": "corona_orange01.png",
          "scale": 0.75,
          "range": 100.0
        },
        "dutyCycle": "DuskTillDawn()"
      }
    },
    {
      "parent": "/Far__x1_z13/Far__x1_z13_LFS/Far_Roads/Flat_20x20 (1)/Collider/%GROUP%_Mesh001C17000D002F58",
      "position": "(0,7.1,-1.55)",
      "rotation": "(-0.7071068,0,0,0.7071068)",
      "hash": "080B1985373438420:080A0E8C4134373A0",
      "properties": {
        "type": "Point",
        "intensity": 1.0,
        "range": 20.0,
        "colour": "#FFB24D",
        "corona": {
          "sprite": "corona_orange01.png",
          "scale": 0.75,
          "range": 100.0
        },
        "dutyCycle": "DuskTillDawn()"
      }
    },
    {
      "parent": "/Far__x1_z13/Far__x1_z13_LFS/Far_tunnel/%GROUP%_Mesh00FB0D022900761C",
      "position": "(0,7.1,-1.55)",
      "rotation": "(-0.7071068,0,0,0.7071068)",
      "hash": "07F41085373440160:07F32B8C4134413B0",
      "properties": {
        "type": "Point",
        "intensity": 1.0,
        "range": 20.0,
        "colour": "#FFB24D",
        "corona": {
          "sprite": "corona_orange01.png",
          "scale": 0.75,
          "range": 100.0
        },
        "dutyCycle": "DuskTillDawn()"
      }
    },
    {
      "parent": "/Far__x1_z13/Far__x1_z13_LFS/Far_tunnel/%GROUP%_Mesh00E5380229006317",
      "position": "(0,7.1,-1.55)",
      "rotation": "(-0.7071068,0,0,0.7071068)",
      "hash": "07DE3B853734531B0:07DF508C4134521E0",
      "properties": {
        "type": "Point",
        "intensity": 1.0,
        "range": 20.0,
        "colour": "#FFB24D",
        "corona": {
          "sprite": "corona_orange01.png",
          "scale": 0.75,
          "range": 100.0
        },
        "dutyCycle": "DuskTillDawn()"
      }
    },
    {
      "parent": "/Far__x1_z13/Far__x1_z13_LFS/Far_tunnel/%GROUP%_Mesh00F30A0229005734",
      "position": "(0,7.1,-1.55)",
      "rotation": "(-0.7071068,0,0,0.7071068)",
      "hash": "07EC0D8537345E620:07ED0F8C41345D510",
      "properties": {
        "type": "Point",
        "intensity": 1.0,
        "range": 20.0,
        "colour": "#FFB24D",
        "corona": {
          "sprite": "corona_orange01.png",
          "scale": 0.75,
          "range": 100.0
        },
        "dutyCycle": "DuskTillDawn()"
      }
    },
    {
      "parent": "/Far__x1_z13/Far__x1_z13_LFS/Far_Roads/Road_Tjunction/Collider/%GROUP%_Mesh0007230000000524",
      "position": "(0,7.1,-1.55)",
      "rotation": "(-0.7071068,0,0,0.7071068)",
      "hash": "0810058545347D5B0:08112F8C4F347D1C0",
      "properties": {
        "type": "Point",
        "intensity": 1.0,
        "range": 20.0,
        "colour": "#FFB24D",
        "corona": {
          "sprite": "corona_orange01.png",
          "scale": 0.75,
          "range": 100.0
        },
        "dutyCycle": "DuskTillDawn()"
      }
    },
    {
      "parent": "/Far__x1_z13/Far__x1_z13_LFS/Far_Roads/Flat_20x20 (1)/Collider/%GROUP%_Mesh004F4F000D00241E",
      "position": "(0,7.1,-1.55)",
      "rotation": "(-0.7071068,0,0,0.7071068)",
      "hash": "083A08853734510F0:083B158C413452140",
      "properties": {
        "type": "Point",
        "intensity": 1.0,
        "range": 20.0,
        "colour": "#FFB24D",
        "corona": {
          "sprite": "corona_orange01.png",
          "scale": 0.75,
          "range": 100.0
        },
        "dutyCycle": "DuskTillDawn()"
      }
    },
    {
      "parent": "/Far__x1_z13/Far__x1_z13_LFS/Far_Roads/Flat_20x20 (1)/Collider/%GROUP%_Mesh004F50000D004306",
      "position": "(0,7.1,-1.55)",
      "rotation": "(-0.7071068,0,0,0.7071068)",
      "hash": "082615853734683F0:0827268C413469400",
      "properties": {
        "type": "Point",
        "intensity": 1.0,
        "range": 20.0,
        "colour": "#FFB24D",
        "corona": {
          "sprite": "corona_orange01.png",
          "scale": 0.75,
          "range": 100.0
        },
        "dutyCycle": "DuskTillDawn()"
      }
    },
    {
      "parent": "/Far__x1_z13/Far__x1_z13_LFS/Far_Roads/Flat_40x40 (2)/Collider/%GROUP%_Mesh002011000400274F",
      "position": "(0,7.1,-1.55)",
      "rotation": "(-0.7071068,0,0,0.7071068)",
      "hash": "082F578540349B450:0830578C4A349A320",
      "properties": {
        "type": "Point",
        "intensity": 1.0,
        "range": 20.0,
        "colour": "#DDEEFF",
        "corona": {
          "sprite": "corona_flare02.png",
          "scale": 1.0,
          "range": 100.0
        },
        "dutyCycle": "DuskTillDawn()"
      }
    },
    {
      "parent": "/Far__x1_z13/Far__x1_z13_LFS/Far_Roads/Flat_40x40 (2)/Collider/%GROUP%_Mesh0002150004002751",
      "position": "(0,7.1,-1.55)",
      "rotation": "(-0.7071068,0,0,0.7071068)",
      "hash": "08186385403488220:0819618C4A34870E0",
      "properties": {
        "type": "Point",
        "intensity": 1.0,
        "range": 20.0,
        "colour": "#DDEEFF",
        "corona": {
          "sprite": "corona_flare02.png",
          "scale": 1.0,
          "range": 100.0
        },
        "dutyCycle": "DuskTillDawn()"
      }
    },
    {
      "parent": "/Far__x1_z13/Far__x1_z13_LFS/Far_Roads/Flat_40x40 (2)/Collider/%GROUP%_Mesh00275C0004000110",
      "position": "(0,7.1,-1.55)",
      "rotation": "(-0.7071068,0,0,0.7071068)",
      "hash": "084E4B85403483160:084D368C4A3482180",
      "properties": {
        "type": "Point",
        "intensity": 1.0,
        "range": 20.0,
        "colour": "#DDEEFF",
        "corona": {
          "sprite": "corona_flare02.png",
          "scale": 1.0,
          "range": 100.0
        },
        "dutyCycle": "DuskTillDawn()"
      }
    },
    {
      "parent": "/Far__x1_z13/Far__x1_z13_LFS/Far_Roads/Flat_40x40 (1)/Collider/%GROUP%_Mesh0027500004000B18",
      "position": "(0,7.1,-1.55)",
      "rotation": "(-0.7071068,0,0,0.7071068)",
      "hash": "0861628540346C1E0:0860508C4A346B1E0",
      "properties": {
        "type": "Point",
        "intensity": 1.0,
        "range": 20.0,
        "colour": "#DDEEFF",
        "corona": {
          "sprite": "corona_flare02.png",
          "scale": 1.0,
          "range": 100.0
        },
        "dutyCycle": "DuskTillDawn()"
      }
    },
    {
      "parent": "/Far__x1_z13/Far__x1_z13_LFS/Far_Roads/Flat_40x40 (1)/Collider/%GROUP%_Mesh000C1D000400001C",
      "position": "(0,7.1,-1.55)",
      "rotation": "(-0.7071068,0,0,0.7071068)",
      "hash": "08540785403452100:0853048C4A3453200",
      "properties": {
        "type": "Point",
        "intensity": 1.0,
        "range": 20.0,
        "colour": "#DDEEFF",
        "corona": {
          "sprite": "corona_flare02.png",
          "scale": 1.0,
          "range": 100.0
        },
        "dutyCycle": "DuskTillDawn()"
      }
    },
    {
      "parent": "/Far__x1_z13/Far__x1_z13_LFS/Far_Roads/ParkingLot03/Collider/%GROUP%_Mesh000A01000000035A",
      "position": "(0,7.1,1.55)",
      "rotation": "(-0.7071068,0,0,0.7071068)",
      "hash": "08872E854533FF250:0888428C4F3400230",
      "properties": {
        "type": "Point",
        "intensity": 1.0,
        "range": 20.0,
        "colour": "#DDEEFF",
        "corona": {
          "sprite": "corona_flare02.png",
          "scale": 1.0,
          "range": 100.0
        },
        "dutyCycle": "DuskTillDawn()"
      }
    },
    {
      "parent": "/Far__x1_z13/Far__x1_z13_LFS/Far_Roads/ParkingLot03/Collider/%GROUP%_Mesh000A01000000035A",
      "position": "(0,7.1,-1.55)",
      "rotation": "(-0.7071068,0,0,0.7071068)",
      "hash": "08872E854533FF250:0886198C4F33FE280",
      "properties": {
        "type": "Point",
        "intensity": 1.0,
        "range": 20.0,
        "colour": "#DDEEFF",
        "corona": {
          "sprite": "corona_flare02.png",
          "scale": 1.0,
          "range": 100.0
        },
        "dutyCycle": "DuskTillDawn()"
      }
    },
    {
      "parent": "/Far__x1_z13/Far__x1_z13_LFS/Far_Roads/ParkingLot03/Collider/%GROUP%_Mesh000A02000000194A",
      "position": "(0,7.1,1.55)",
      "rotation": "(-0.7071068,0,0,0.7071068)",
      "hash": "08792385453410050:087A378C4F3411020",
      "properties": {
        "type": "Point",
        "intensity": 1.0,
        "range": 20.0,
        "colour": "#DDEEFF",
        "corona": {
          "sprite": "corona_flare02.png",
          "scale": 1.0,
          "range": 100.0
        },
        "dutyCycle": "DuskTillDawn()"
      }
    },
    {
      "parent": "/Far__x1_z13/Far__x1_z13_LFS/Far_Roads/ParkingLot03/Collider/%GROUP%_Mesh000A02000000194A",
      "position": "(0,7.1,-1.55)",
      "rotation": "(-0.7071068,0,0,0.7071068)",
      "hash": "08792385453410050:08780E8C4F340F070",
      "properties": {
        "type": "Point",
        "intensity": 1.0,
        "range": 20.0,
        "colour": "#DDEEFF",
        "corona": {
          "sprite": "corona_flare02.png",
          "scale": 1.0,
          "range": 100.0
        },
        "dutyCycle": "DuskTillDawn()"
      }
    },
    {
      "parent": "/Far__x1_z13/Far__x1_z13_LFS/Far_Roads/ParkingLot07/Collider/%GROUP%_Mesh000D310000001329",
      "position": "(0,7.1,-1.55)",
      "rotation": "(-0.7071068,0,0,0.7071068)",
      "hash": "086024854533A9220:0861358C4F33AA240",
      "properties": {
        "type": "Point",
        "intensity": 1.0,
        "range": 20.0,
        "colour": "#DDEEFF",
        "corona": {
          "sprite": "corona_flare02.png",
          "scale": 1.0,
          "range": 100.0
        },
        "dutyCycle": "DuskTillDawn()"
      }
    },
    {
      "parent": "/Far__x1_z13/Far__x1_z13_LFS/Far_Roads/ParkingLot07/Collider/%GROUP%_Mesh002901000000133D",
      "position": "(0,7.1,-1.55)",
      "rotation": "(-0.7071068,0,0,0.7071068)",
      "hash": "08716385453394150:08730E8C4F3395190",
      "properties": {
        "type": "Point",
        "intensity": 1.0,
        "range": 20.0,
        "colour": "#DDEEFF",
        "corona": {
          "sprite": "corona_flare02.png",
          "scale": 1.0,
          "range": 100.0
        },
        "dutyCycle": "DuskTillDawn()"
      }
    },
    {
      "parent": "/Far__x1_z13/Far__x1_z13_LFS/Far_Roads/Flat_20x20 (5)/Collider/%GROUP%_Mesh000025000400050A",
      "position": "(0,7.1,-1.55)",
      "rotation": "(-0.7071068,0,0,0.7071068)",
      "hash": "084520854033C8600:0846318C4A33C9610",
      "properties": {
        "type": "Point",
        "intensity": 1.0,
        "range": 20.0,
        "colour": "#DDEEFF",
        "corona": {
          "sprite": "corona_flare02.png",
          "scale": 1.0,
          "range": 100.0
        },
        "dutyCycle": "DuskTillDawn()"
      }
    },
    {
      "parent": "/Far__x1_z13/Far__x1_z13_LFS/Far_Roads/Flat_20x20 (4)/Collider/%GROUP%_Mesh0000170004000D5D",
      "position": "(0,7.1,-1.55)",
      "rotation": "(-0.7071068,0,0,0.7071068)",
      "hash": "08323A854033DE570:08334B8C4A33DF580",
      "properties": {
        "type": "Point",
        "intensity": 1.0,
        "range": 20.0,
        "colour": "#DDEEFF",
        "corona": {
          "sprite": "corona_flare02.png",
          "scale": 1.0,
          "range": 100.0
        },
        "dutyCycle": "DuskTillDawn()"
      }
    }
  ],
  "meshes": [
    {
      "parent": "/Far__x1_z13/Far__x1_z13_LFS/Far_Roads/Flat_20x20 (1)/Collider",
      "position": "(102.671051,-0.137115479,-32.7787628)",
      "rotation": "(0,-0.35836792,0,0.933580458)",
      "hash": "08144085453401570:0878128537342B140",
      "properties": {
        "file": "meshes_lampposts.assetbundle",
        "mesh": "LampPostSmall_Floor"
      }
    },
    {
      "parent": "/Far__x1_z13/Far__x1_z13_LFS/Far_Roads/Flat_20x20 (1)/Collider",
      "position": "(133.014145,-0.137115479,-49.0782928)",
      "rotation": "(0,0.3502074,0,0.9366722)",
      "hash": "08144085453401570:08995785373432240",
      "properties": {
        "file": "meshes_lampposts.assetbundle",
        "mesh": "LampPostSmall_Floor"
      }
    },
    {
      "parent": "/Far__x1_z13/Far__x1_z13_LFS/Far_Roads/Flat_20x20 (1)/Collider",
      "position": "(133.278717,-0.137115479,-89.11867)",
      "rotation": "(0,0.414693266,0,0.9099613)",
      "hash": "08144085453401570:08B35E85373413620",
      "properties": {
        "file": "meshes_lampposts.assetbundle",
        "mesh": "LampPostSmall_Floor"
      }
    },
    {
      "parent": "/Far__x1_z12/Far__x1_z12_LFS/Far_viaduct_bridge Start Object(Clone)#1/collider",
      "position": "(685.631836,16.4042988,279.8443)",
      "rotation": "(0,0.4305111,0,0.9025853)",
      "hash": "07F7148D3C31302D0:08CD45853733F5270",
      "properties": {
        "file": "meshes_lampposts.assetbundle",
        "mesh": "LampPostSmall_Floor"
      }
    },
    {
      "parent": "/Far__x1_z12/Far__x1_z12_LFS/Far_viaduct_bridge Start Object(Clone)#1/collider",
      "position": "(669.868469,13.20293,243.252533)",
      "rotation": "(0,0.80385685,0,0.5948228)",
      "hash": "07F7148D3C31302D0:08E01C853733D2010",
      "properties": {
        "file": "meshes_lampposts.assetbundle",
        "mesh": "LampPostSmall_Floor"
      }
    },
    {
      "parent": "/Far__x1_z12/Far__x1_z12_LFS/Far_viaduct_bridge Start Object(Clone)#1/collider",
      "position": "(633.771057,14.2775993,255.536072)",
      "rotation": "(0,-0.350207448,0,0.936672151)",
      "hash": "07F7148D3C31302D0:08BF60853733BD4B0",
      "properties": {
        "file": "meshes_lampposts.assetbundle",
        "mesh": "LampPostSmall_Floor"
      }
    },
    {
      "parent": "/Far__x1_z12/Far__x1_z12_LFS/Far_viaduct_bridge Start Object(Clone)#1/collider",
      "position": "(610.7894,11.6816082,225.86377)",
      "rotation": "(0,0.906307757,0,-0.422618359)",
      "hash": "07F7148D3C31302D0:08C83D853733990D0",
      "properties": {
        "file": "meshes_lampposts.assetbundle",
        "mesh": "LampPostSmall_Floor"
      }
    },
    {
      "parent": "/Far__x1_z12/Far__x1_z12_LFS/Far_viaduct_bridge Start Object(Clone)#1/collider",
      "position": "(603.503052,8.252525,186.669159)",
      "rotation": "(0,0.8949344,0,-0.446197718)",
      "hash": "07F7148D3C31302D0:08E2388537337A440",
      "properties": {
        "file": "meshes_lampposts.assetbundle",
        "mesh": "LampPostSmall_Floor"
      }
    },
    {
      "parent": "/Far__x1_z12/Far__x1_z12_LFS/Far_viaduct_bridge Start Object(Clone)#1/collider",
      "position": "(577.8374,6.01215649,161.061646)",
      "rotation": "(0,0.9304176,0,0.3665012)",
      "hash": "07F7148D3C31302D0:08E62385373356380",
      "properties": {
        "file": "meshes_lampposts.assetbundle",
        "mesh": "LampPostSmall_Floor"
      }
    },
    {
      "parent": "/Far__x1_z12/Far__x1_z12_LFS/Far_viaduct_bridge Start Object(Clone)#1/collider",
      "position": "(563.4791,9.273567,198.339752)",
      "rotation": "(0,0.4226183,0,0.9063078)",
      "hash": "07F7148D3C31302D0:08C01885373362630",
      "properties": {
        "file": "meshes_lampposts.assetbundle",
        "mesh": "LampPostSmall_Floor"
      }
    },
    {
      "parent": "/Far__x1_z12/Far__x1_z12_LFS/Far_viaduct_bridge Start Object(Clone)#1/collider",
      "position": "(570.8619,12.6946068,237.442413)",
      "rotation": "(0,0.414693266,0,0.9099613)",
      "hash": "07F7148D3C31302D0:08A62A853733812E0",
      "properties": {
        "file": "meshes_lampposts.assetbundle",
        "mesh": "LampPostSmall_Floor"
      }
    },
    {
      "parent": "/Far__x1_z12/Far__x1_z12_LFS/Far_viaduct_bridge Start Object(Clone)#1/collider",
      "position": "(578.2846,16.1244564,276.6457)",
      "rotation": "(0,0.414693266,0,0.9099613)",
      "hash": "07F7148D3C31302D0:088C36853733A0020",
      "properties": {
        "file": "meshes_lampposts.assetbundle",
        "mesh": "LampPostSmall_Floor"
      }
    },
    {
      "parent": "/Near__x1_z12/Near__x1_z12_LFS/Near_collider#2",
      "position": "(585.6537,19.55014,315.801117)",
      "rotation": "(0,0.414693266,0,0.9099613)",
      "hash": "07F7148D3C31302D0:087243853733BE330",
      "properties": {
        "file": "meshes_lampposts.assetbundle",
        "mesh": "LampPostSmall_Floor"
      }
    },
    {
      "parent": "/Far__x1_z12/Far__x1_z12_LFS/Far_viaduct_bridge Start Object(Clone)#1/collider",
      "position": "(593.061646,22.96583,354.842957)",
      "rotation": "(0,0.4226183,0,0.9063078)",
      "hash": "07F7148D3C31302D0:08585A853733DC600",
      "properties": {
        "file": "meshes_lampposts.assetbundle",
        "mesh": "LampPostSmall_Floor"
      }
    },
    {
      "parent": "/Near__x1_z12/Near__x1_z12_LFS/Near_collider#2",
      "position": "(600.494568,26.4080219,394.187)",
      "rotation": "(0,0.4461978,0,0.894934356)",
      "hash": "07F7148D3C31302D0:083E5C853733FB3E0",
      "properties": {
        "file": "meshes_lampposts.assetbundle",
        "mesh": "LampPostSmall_Floor"
      }
    },
    {
      "parent": "/Far__x1_z13/Far__x1_z13_LFS/Far_Roads/Flat_20x20 (1)/Collider",
      "position": "(28.28614,-0.137115479,7.81517029)",
      "rotation": "(0,0.382683456,0,0.9238795)",
      "hash": "08144085453401570:0825128537341A0B0",
      "properties": {
        "file": "meshes_lampposts.assetbundle",
        "mesh": "LampPostSmall_Floor"
      }
    },
    {
      "parent": "/Far__x1_z13/Far__x1_z13_LFS/Far_Roads/Flat_20x20 (1)/Collider",
      "position": "(28.23965,-0.137115479,47.8807755)",
      "rotation": "(0,0.3907311,0,0.920504868)",
      "hash": "08144085453401570:080B1985373438420",
      "properties": {
        "file": "meshes_lampposts.assetbundle",
        "mesh": "LampPostSmall_Floor"
      }
    },
    {
      "parent": "/Far__x1_z13/Far__x1_z13_LFS/Far_tunnel",
      "position": "(251.133911,-2.41230774,-118.286133)",
      "rotation": "(0,0.9702957,0,0.241921917)",
      "hash": "06F903876034B6320:07F41085373440160",
      "properties": {
        "file": "meshes_lampposts.assetbundle",
        "mesh": "LampPostSmall_Floor"
      }
    },
    {
      "parent": "/Far__x1_z13/Far__x1_z13_LFS/Far_tunnel",
      "position": "(229.5675,-2.41230774,-99.2314453)",
      "rotation": "(0,-0.4305111,0,0.902585268)",
      "hash": "06F903876034B6320:07DE3B853734531B0",
      "properties": {
        "file": "meshes_lampposts.assetbundle",
        "mesh": "LampPostSmall_Floor"
      }
    },
    {
      "parent": "/Far__x1_z13/Far__x1_z13_LFS/Far_tunnel",
      "position": "(243.105469,-2.41230774,-87.5214844)",
      "rotation": "(0,-0.350207448,0,0.936672151)",
      "hash": "06F903876034B6320:07EC0D8537345E620",
      "properties": {
        "file": "meshes_lampposts.assetbundle",
        "mesh": "LampPostSmall_Floor"
      }
    },
    {
      "parent": "/Far__x1_z13/Far__x1_z13_LFS/Far_Roads/Road_Tjunction/Collider",
      "position": "(-7.3509016,0,-5.36996841)",
      "rotation": "(0,-0.544639051,0,0.838670552)",
      "hash": "081213854534864C0:0810058545347D5B0",
      "properties": {
        "file": "meshes_lampposts.assetbundle",
        "mesh": "LampPostSmall_Floor"
      }
    },
    {
      "parent": "/Far__x1_z13/Far__x1_z13_LFS/Far_Roads/Flat_20x20 (1)/Collider",
      "position": "(79.79819,-0.137115479,36.3095932)",
      "rotation": "(0,0.9170601,0,-0.398749083)",
      "hash": "08144085453401570:083A08853734510F0",
      "properties": {
        "file": "meshes_lampposts.assetbundle",
        "mesh": "LampPostSmall_Floor"
      }
    },
    {
      "parent": "/Far__x1_z13/Far__x1_z13_LFS/Far_Roads/Flat_20x20 (1)/Collider",
      "position": "(79.80791,-0.137115479,67.0699158)",
      "rotation": "(0,0.9099613,0,-0.414693266)",
      "hash": "08144085453401570:082615853734683F0",
      "properties": {
        "file": "meshes_lampposts.assetbundle",
        "mesh": "LampPostSmall_Floor"
      }
    },
    {
      "parent": "/Far__x1_z13/Far__x1_z13_LFS/Far_Roads/Flat_40x40 (2)/Collider",
      "position": "(32.1794434,-0.049987793,39.79383)",
      "rotation": "(0,-0.3420202,0,0.9396926)",
      "hash": "08310385453468350:082F578540349B450",
      "properties": {
        "file": "meshes_lampposts.assetbundle",
        "mesh": "LampPostSmall_Floor"
      }
    },
    {
      "parent": "/Far__x1_z13/Far__x1_z13_LFS/Far_Roads/Flat_40x40 (2)/Collider",
      "position": "(2.2138176,-0.049987793,39.8149719)",
      "rotation": "(0,-0.333807,0,0.942641437)",
      "hash": "08310385453468350:08186385403488220",
      "properties": {
        "file": "meshes_lampposts.assetbundle",
        "mesh": "LampPostSmall_Floor"
      }
    },
    {
      "parent": "/Far__x1_z13/Far__x1_z13_LFS/Far_Roads/Flat_40x40 (2)/Collider",
      "position": "(39.92607,-0.049987793,1.16776276)",
      "rotation": "(0,0.4305111,0,0.9025853)",
      "hash": "08310385453468350:084E4B85403483160",
      "properties": {
        "file": "meshes_lampposts.assetbundle",
        "mesh": "LampPostSmall_Floor"
      }
    },
    {
      "parent": "/Far__x1_z13/Far__x1_z13_LFS/Far_Roads/Flat_40x40 (1)/Collider",
      "position": "(39.80169,-0.049987793,11.2479553)",
      "rotation": "(0,0.4226183,0,0.9063078)",
      "hash": "084A588545344A000:0861628540346C1E0",
      "properties": {
        "file": "meshes_lampposts.assetbundle",
        "mesh": "LampPostSmall_Floor"
      }
    },
    {
      "parent": "/Far__x1_z13/Far__x1_z13_LFS/Far_Roads/Flat_40x40 (1)/Collider",
      "position": "(12.2980194,-0.049987793,0.289077759)",
      "rotation": "(0,0.933580458,0,0.35836798)",
      "hash": "084A588545344A000:08540785403452100",
      "properties": {
        "file": "meshes_lampposts.assetbundle",
        "mesh": "LampPostSmall_Floor"
      }
    },
    {
      "parent": "/Far__x1_z13/Far__x1_z13_LFS/Far_Roads/ParkingLot03/Collider",
      "position": "(10.0156326,0,3.90329)",
      "rotation": "(0,0.4305111,0,0.9025853)",
      "hash": "088221854533F55C0:08872E854533FF250",
      "properties": {
        "file": "meshes_lampposts.assetbundle",
        "mesh": "LampPostDouble_Floor"
      }
    },
    {
      "parent": "/Far__x1_z13/Far__x1_z13_LFS/Far_Roads/ParkingLot03/Collider",
      "position": "(10.022727,0,25.7433777)",
      "rotation": "(0,0.4305111,0,0.9025853)",
      "hash": "088221854533F55C0:08792385453410050",
      "properties": {
        "file": "meshes_lampposts.assetbundle",
        "mesh": "LampPostDouble_Floor"
      }
    },
    {
      "parent": "/Far__x1_z13/Far__x1_z13_LFS/Far_Roads/ParkingLot07/Collider",
      "position": "(-13.496273,0,19.4133759)",
      "rotation": "(0,0.9099613,0,-0.414693266)",
      "hash": "08662E854533C0130:086024854533A9220",
      "properties": {
        "file": "meshes_lampposts.assetbundle",
        "mesh": "LampPostSmall_Floor"
      }
    },
    {
      "parent": "/Far__x1_z13/Far__x1_z13_LFS/Far_Roads/ParkingLot07/Collider",
      "position": "(-41.01605,0,19.6111946)",
      "rotation": "(0,0.9135455,0,-0.406736583)",
      "hash": "08662E854533C0130:08716385453394150",
      "properties": {
        "file": "meshes_lampposts.assetbundle",
        "mesh": "LampPostSmall_Floor"
      }
    },
    {
      "parent": "/Far__x1_z13/Far__x1_z13_LFS/Far_Roads/Flat_20x20 (5)/Collider",
      "position": "(0.3782959,-0.049987793,5.104965)",
      "rotation": "(0,0.9099613,0,-0.414693266)",
      "hash": "084821854533C4520:084520854033C8600",
      "properties": {
        "file": "meshes_lampposts.assetbundle",
        "mesh": "LampPostSmall_Floor"
      }
    },
    {
      "parent": "/Far__x1_z13/Far__x1_z13_LFS/Far_Roads/Flat_20x20 (4)/Collider",
      "position": "(0.233787537,-0.049987793,13.9382935)",
      "rotation": "(0,0.9099613,0,-0.414693266)",
      "hash": "083B29854533D4080:08323A854033DE570",
      "properties": {
        "file": "meshes_lampposts.assetbundle",
        "mesh": "LampPostSmall_Floor"
      }
    }
  ],
  "decorations": []
}