{
  "version": 97,
  "enabled": true,
  "priority": "Low",
  "lights": [
    {
      "parent": "/Far__x7_z6/Far__x7_z6_LFS/Far_Station_SteelMillIndustry/IndustryBuildings (1)/Warehouse_MediumFlat/collider",
      "position": "(20.57179,7.17178631,-0.024105072)",
      "rotation": "(0.6107737,0.177947611,-0.143363222,0.7581143)",
      "hash": "1ED34B814F1C5D180:1EDC5D88601C6F410",
      "properties": {
        "type": "Point",
        "intensity": 1.0,
        "range": 20.0,
        "colour": "#FFB24D",
        "corona": {
          "sprite": "corona_orange01.png",
          "scale": 0.75,
          "range": 100.0
        },
        "dutyCycle": "DuskTillDawn()"
      }
    },
    {
      "parent": "/Far__x7_z6/Far__x7_z6_LFS/Far_Station_SteelMillIndustry/IndustryBuildings (1)/Warehouse_MediumFlat/collider",
      "position": "(-13.0447912,7.762637,-8.564629)",
      "rotation": "(0.243255347,0.753942251,-0.392477,0.467289776)",
      "hash": "1ED34B814F1C5D180:1ED53E89371C4D4B0",
      "properties": {
        "type": "Point",
        "intensity": 1.0,
        "range": 20.0,
        "colour": "#FFB24D",
        "corona": {
          "sprite": "corona_orange01.png",
          "scale": 0.75,
          "range": 100.0
        },
        "dutyCycle": "DuskTillDawn()"
      }
    },
    {
      "parent": "/Far__x7_z6/Far__x7_z6_LFS/Far_Station_SteelMillIndustry/IndustryBuildings (1)/Warehouse_MediumFlat/collider",
      "position": "(-5.03618574,7.758685,-8.558823)",
      "rotation": "(0.243255347,0.753942251,-0.392477,0.467289776)",
      "hash": "1ED34B814F1C5D180:1ED91289361C545C0",
      "properties": {
        "type": "Point",
        "intensity": 1.0,
        "range": 20.0,
        "colour": "#FFB24D",
        "corona": {
          "sprite": "corona_orange01.png",
          "scale": 0.75,
          "range": 100.0
        },
        "dutyCycle": "DuskTillDawn()"
      }
    },
    {
      "parent": "/Far__x7_z6/Far__x7_z6_LFS/Far_Station_SteelMillIndustry/IndustryBuildings (1)/Warehouse_MediumFlat/collider",
      "position": "(2.98773932,7.745242,-8.53994751)",
      "rotation": "(0.243255347,0.753942251,-0.392477,0.467289776)",
      "hash": "1ED34B814F1C5D180:1EDC4989351C5C0C0",
      "properties": {
        "type": "Point",
        "intensity": 1.0,
        "range": 20.0,
        "colour": "#FFB24D",
        "corona": {
          "sprite": "corona_orange01.png",
          "scale": 0.75,
          "range": 100.0
        },
        "dutyCycle": "DuskTillDawn()"
      }
    },
    {
      "parent": "/Far__x7_z6/Far__x7_z6_LFS/Far_Station_SteelMillIndustry/IndustryBuildings (1)/Warehouse_MediumFlat/collider",
      "position": "(10.9825354,7.76024151,-8.561185)",
      "rotation": "(0.243255347,0.753942251,-0.392477,0.467289776)",
      "hash": "1ED34B814F1C5D180:1EE01F89371C631B0",
      "properties": {
        "type": "Point",
        "intensity": 1.0,
        "range": 20.0,
        "colour": "#FFB24D",
        "corona": {
          "sprite": "corona_orange01.png",
          "scale": 0.75,
          "range": 100.0
        },
        "dutyCycle": "DuskTillDawn()"
      }
    },
    {
      "parent": "/Near__x7_z7/Near__x7_z7_LFS",
      "position": "(756.4531,135.212509,172.070313)",
      "rotation": "(0.555046439,-0.325844139,0.250029445,0.723349452)",
      "hash": "1C000000001C00000:1EF42D87151CAC070",
      "properties": {
        "type": "Point",
        "intensity": 1.0,
        "range": 20.0,
        "colour": "#FFFFFF",
        "corona": {
          "sprite": "corona_flare01.png",
          "scale": 1.0,
          "range": 100.0
        },
        "dutyCycle": "DuskTillDawn()"
      }
    },
    {
      "parent": "/Far__x7_z6/Far__x7_z6_LFS/Far_Station_SteelMillIndustry/IndustryBuildings (1)/ServiceDepot_03/Collider",
      "position": "(19.6245956,9.183261,0.0005970001)",
      "rotation": "(0.600627244,-0.224950239,0.181230947,0.745519757)",
      "hash": "1F6C5D814F1BDD2B0:1F62088A611BED4E0",
      "properties": {
        "type": "Point",
        "intensity": 1.0,
        "range": 20.0,
        "colour": "#FFB24D",
        "corona": {
          "sprite": "corona_orange01.png",
          "scale": 0.75,
          "range": 100.0
        },
        "dutyCycle": "DuskTillDawn()"
      }
    },
    {
      "parent": "/Far__x7_z6/Far__x7_z6_LFS/Far_Station_SteelMillIndustry/IndustryBuildings (1)/ServiceDepot_03/Collider/%GROUP%_Mesh0009630730000004",
      "position": "(0,0.25,0.5)",
      "hash": "1F6725891B1BE5490:1F665F89021BE52E0",
      "properties": {
        "type": "Point",
        "intensity": 0.5,
        "range": 10.0,
        "colour": "#FFFFFF",
        "corona": null,
        "dutyCycle": "Always()"
      }
    },
    {
      "parent": "/Far__x7_z6/Far__x7_z6_LFS/Far_Station_SteelMillIndustry/IndustryBuildings (1)/ServiceDepot_03/Collider/%GROUP%_Mesh0009630730000004",
      "position": "(0,0.25,-0.5)",
      "hash": "1F6725891B1BE5490:1F674F89021BE6000",
      "properties": {
        "type": "Point",
        "intensity": 0.5,
        "range": 10.0,
        "colour": "#FFFFFF",
        "corona": null,
        "dutyCycle": "Always()"
      }
    },
    {
      "parent": "/Far__x7_z6/Far__x7_z6_LFS/Far_Station_SteelMillIndustry/IndustryBuildings (1)/ServiceDepot_03/Collider/%GROUP%_Mesh0001630730000006",
      "position": "(0,0.25,0.5)",
      "hash": "1F6B4E891B1BDF060:1F6B2489021BDE4E0",
      "properties": {
        "type": "Point",
        "intensity": 0.5,
        "range": 10.0,
        "colour": "#FFFFFF",
        "corona": null,
        "dutyCycle": "Always()"
      }
    },
    {
      "parent": "/Far__x7_z6/Far__x7_z6_LFS/Far_Station_SteelMillIndustry/IndustryBuildings (1)/ServiceDepot_03/Collider/%GROUP%_Mesh0001630730000006",
      "position": "(0,0.25,-0.5)",
      "hash": "1F6B4E891B1BDF060:1F6C1489021BDF210",
      "properties": {
        "type": "Point",
        "intensity": 0.5,
        "range": 10.0,
        "colour": "#FFFFFF",
        "corona": null,
        "dutyCycle": "Always()"
      }
    },
    {
      "parent": "/Far__x7_z6/Far__x7_z6_LFS/Far_Station_SteelMillIndustry/IndustryBuildings (1)/ServiceDepot_03/Collider/%GROUP%_Mesh000A010730000001",
      "position": "(0,0.25,0.5)",
      "hash": "1F7230891B1BD5090:1F720789021BD4510",
      "properties": {
        "type": "Point",
        "intensity": 0.5,
        "range": 10.0,
        "colour": "#FFFFFF",
        "corona": null,
        "dutyCycle": "Always()"
      }
    },
    {
      "parent": "/Far__x7_z6/Far__x7_z6_LFS/Far_Station_SteelMillIndustry/IndustryBuildings (1)/ServiceDepot_03/Collider/%GROUP%_Mesh000A010730000001",
      "position": "(0,0.25,-0.5)",
      "hash": "1F7230891B1BD5090:1F725A89021BD5250",
      "properties": {
        "type": "Point",
        "intensity": 0.5,
        "range": 10.0,
        "colour": "#FFFFFF",
        "corona": null,
        "dutyCycle": "Always()"
      }
    },
    {
      "parent": "/Far__x7_z6/Far__x7_z6_LFS/Far_Station_SteelMillIndustry/IndustryBuildings (1)/Industry_Steel/collider",
      "position": "(24.0047913,10.15874,34.52224)",
      "rotation": "(0.6138844,0.176557422,-0.143382728,0.755919933)",
      "hash": "1EC73E814F1BC4470:1EEC308B5E1BD85F0",
      "properties": {
        "type": "Point",
        "intensity": 1.0,
        "range": 20.0,
        "colour": "#FFB24D",
        "corona": {
          "sprite": "corona_orange01.png",
          "scale": 0.75,
          "range": 100.0
        },
        "dutyCycle": "DuskTillDawn()"
      }
    },
    {
      "parent": "/Far__x7_z6/Far__x7_z6_LFS/Far_Station_SteelMillIndustry/IndustryBuildings (1)/Industry_Steel/collider",
      "position": "(16.003624,10.1597319,34.5266838)",
      "rotation": "(0.6138844,0.176557422,-0.143382728,0.755919933)",
      "hash": "1EC73E814F1BC4470:1EE5208B5E1BDC330",
      "properties": {
        "type": "Point",
        "intensity": 1.0,
        "range": 20.0,
        "colour": "#FFB24D",
        "corona": {
          "sprite": "corona_orange01.png",
          "scale": 0.75,
          "range": 100.0
        },
        "dutyCycle": "DuskTillDawn()"
      }
    },
    {
      "parent": "/Far__x7_z6/Far__x7_z6_LFS/Far_Station_SteelMillIndustry/IndustryBuildings (1)/Industry_Steel/collider",
      "position": "(16.0043163,10.162982,-16.5423126)",
      "rotation": "(-0.14336893,0.755968034,-0.6138251,-0.176568747)",
      "hash": "1EC73E814F1BC4470:1ECE3B8B5F1BAE4D0",
      "properties": {
        "type": "Point",
        "intensity": 1.0,
        "range": 20.0,
        "colour": "#FFB24D",
        "corona": {
          "sprite": "corona_orange01.png",
          "scale": 0.75,
          "range": 100.0
        },
        "dutyCycle": "DuskTillDawn()"
      }
    },
    {
      "parent": "/Far__x7_z6/Far__x7_z6_LFS/Far_Station_SteelMillIndustry/IndustryBuildings (1)/Industry_Steel/collider",
      "position": "(23.98594,10.1726713,-16.5886326)",
      "rotation": "(-0.14336893,0.755968034,-0.6138251,-0.176568747)",
      "hash": "1EC73E814F1BC4470:1ED5488B601BAB120",
      "properties": {
        "type": "Point",
        "intensity": 1.0,
        "range": 20.0,
        "colour": "#FFB24D",
        "corona": {
          "sprite": "corona_orange01.png",
          "scale": 0.75,
          "range": 100.0
        },
        "dutyCycle": "DuskTillDawn()"
      }
    },
    {
      "parent": "/Far__x7_z6/Far__x7_z6_LFS/Far_Station_SteelMillIndustry/IndustryBuildings (1)/Industry_Steel/collider",
      "position": "(-14.0026684,10.1547422,-16.5036411)",
      "rotation": "(-0.14336893,0.755968034,-0.6138251,-0.176568747)",
      "hash": "1EC73E814F1BC4470:1EB34A8B5E1BBC100",
      "properties": {
        "type": "Point",
        "intensity": 1.0,
        "range": 20.0,
        "colour": "#FFB24D",
        "corona": {
          "sprite": "corona_orange01.png",
          "scale": 0.75,
          "range": 100.0
        },
        "dutyCycle": "DuskTillDawn()"
      }
    },
    {
      "parent": "/Far__x7_z6/Far__x7_z6_LFS/Far_Station_SteelMillIndustry/IndustryBuildings (1)/Industry_Steel/collider",
      "position": "(-22.0008163,10.1752043,-16.6007462)",
      "rotation": "(-0.14336893,0.755968034,-0.6138251,-0.176568747)",
      "hash": "1EC73E814F1BC4470:1EAC358B601BBF3F0",
      "properties": {
        "type": "Point",
        "intensity": 1.0,
        "range": 20.0,
        "colour": "#FFB24D",
        "corona": {
          "sprite": "corona_orange01.png",
          "scale": 0.75,
          "range": 100.0
        },
        "dutyCycle": "DuskTillDawn()"
      }
    },
    {
      "parent": "/Far__x7_z6/Far__x7_z6_LFS/Far_Station_SteelMillIndustry/IndustryBuildings (1)/Industry_Steel/collider",
      "position": "(-21.99441,10.1745481,34.5977249)",
      "rotation": "(0.6138844,0.176557422,-0.143382728,0.755919933)",
      "hash": "1EC73E814F1BC4470:1EC3208B601BED300",
      "properties": {
        "type": "Point",
        "intensity": 1.0,
        "range": 20.0,
        "colour": "#FFB24D",
        "corona": {
          "sprite": "corona_orange01.png",
          "scale": 0.75,
          "range": 100.0
        },
        "dutyCycle": "DuskTillDawn()"
      }
    },
    {
      "parent": "/Far__x7_z6/Far__x7_z6_LFS/Far_Station_SteelMillIndustry/IndustryBuildings (1)/Industry_Steel/collider",
      "position": "(-13.9835291,10.164691,34.5506744)",
      "rotation": "(0.6138844,0.1765574,-0.143382728,0.7559199)",
      "hash": "1EC73E814F1BC4470:1ECA2F8B5F1BE9570",
      "properties": {
        "type": "Point",
        "intensity": 1.0,
        "range": 20.0,
        "colour": "#FFB24D",
        "corona": {
          "sprite": "corona_orange01.png",
          "scale": 0.75,
          "range": 100.0
        },
        "dutyCycle": "DuskTillDawn()"
      }
    },
    {
      "parent": "/Far__x7_z6/Far__x7_z6_LFS/Far_Station_SteelMillIndustry/IndustryBuildings (1)/Industry_Steel/collider/%GROUP%_Mesh0012010721001527",
      "position": "(0,0.285,-0.04)",
      "hash": "1EC101890C1BDF590:1EC10E89081BE00E0",
      "properties": {
        "type": "Point",
        "intensity": 0.5,
        "range": 10.0,
        "colour": "#FFFFFF",
        "corona": {
          "sprite": "corona_flare02.png",
          "scale": 0.87,
          "range": 100.0
        },
        "dutyCycle": "Always()"
      }
    },
    {
      "parent": "/Far__x7_z6/Far__x7_z6_LFS/Far_Station_SteelMillIndustry/IndustryBuildings (1)/Industry_Steel/collider/%GROUP%_Mesh001163072500143C",
      "position": "(0,0.285,-0.04)",
      "rotation": "(0,0.973540843,0,-0.228512987)",
      "hash": "1EC04389101BDF100:1EC036890C1BDE5B0",
      "properties": {
        "type": "Point",
        "intensity": 0.5,
        "range": 10.0,
        "colour": "#FFFFFF",
        "corona": {
          "sprite": "corona_flare02.png",
          "scale": 0.87,
          "range": 100.0
        },
        "dutyCycle": "Always()"
      }
    },
    {
      "parent": "/Far__x7_z6/Far__x7_z6_LFS/Far_Station_SteelMillIndustry/IndustryBuildings (1)/Industry_Steel/collider/%GROUP%_Mesh001163072B000727",
      "position": "(0,0.285,-0.04)",
      "hash": "1EBA5089161BD3220:1EBA5D89121BD33C0",
      "properties": {
        "type": "Point",
        "intensity": 0.5,
        "range": 10.0,
        "colour": "#FFFFFF",
        "corona": {
          "sprite": "corona_flare02.png",
          "scale": 0.87,
          "range": 100.0
        },
        "dutyCycle": "Always()"
      }
    },
    {
      "parent": "/Far__x7_z6/Far__x7_z6_LFS/Far_Station_SteelMillIndustry/IndustryBuildings (1)/Industry_Steel/collider/%GROUP%_Mesh001200072B00063C",
      "position": "(0,0.285,-0.04)",
      "hash": "1EBA2C89161BD23F0:1EBA1F89121BD2250",
      "properties": {
        "type": "Point",
        "intensity": 0.5,
        "range": 10.0,
        "colour": "#FFFFFF",
        "corona": {
          "sprite": "corona_flare02.png",
          "scale": 0.87,
          "range": 100.0
        },
        "dutyCycle": "Always()"
      }
    },
    {
      "parent": "/Far__x7_z6/Far__x7_z6_LFS/Far_Station_SteelMillIndustry/IndustryBuildings (1)/Industry_Steel/collider/%GROUP%_Mesh001160072A00063B",
      "position": "(0,0.285,-0.04)",
      "hash": "1EB43B89151BC64F0:1EB44889111BC7050",
      "properties": {
        "type": "Point",
        "intensity": 0.5,
        "range": 10.0,
        "colour": "#FFFFFF",
        "corona": {
          "sprite": "corona_flare02.png",
          "scale": 0.87,
          "range": 100.0
        },
        "dutyCycle": "Always()"
      }
    },
    {
      "parent": "/Far__x7_z6/Far__x7_z6_LFS/Far_Station_SteelMillIndustry/IndustryBuildings (1)/Industry_Steel/collider/%GROUP%_Mesh0011630726000728",
      "position": "(0,0.285,-0.04)",
      "hash": "1EB41589111BC6090:1EB409890D1BC5530",
      "properties": {
        "type": "Point",
        "intensity": 0.5,
        "range": 10.0,
        "colour": "#FFFFFF",
        "corona": {
          "sprite": "corona_flare02.png",
          "scale": 0.87,
          "range": 100.0
        },
        "dutyCycle": "Always()"
      }
    },
    {
      "parent": "/Far__x7_z6/Far__x7_z6_LFS/Far_Station_SteelMillIndustry/IndustryBuildings (1)/Industry_Steel/collider/%GROUP%_Mesh0014030728000328",
      "position": "(0,0.285,-0.04)",
      "rotation": "(0,0.973540843,0,-0.228512987)",
      "hash": "1ED80589131BB84B0:1ED75D890F1BB8310",
      "properties": {
        "type": "Point",
        "intensity": 0.5,
        "range": 10.0,
        "colour": "#FFFFFF",
        "corona": {
          "sprite": "corona_flare02.png",
          "scale": 0.87,
          "range": 100.0
        },
        "dutyCycle": "Always()"
      }
    },
    {
      "parent": "/Far__x7_z6/Far__x7_z6_LFS/Far_Station_SteelMillIndustry/IndustryBuildings (1)/Industry_Steel/collider/%GROUP%_Mesh001362071F000A3C",
      "position": "(0,0.285,-0.04)",
      "rotation": "(0,0.973540843,0,-0.228512987)",
      "hash": "1EDE18890A1BC51F0:1EDE0B89061BC5050",
      "properties": {
        "type": "Point",
        "intensity": 0.5,
        "range": 10.0,
        "colour": "#FFFFFF",
        "corona": {
          "sprite": "corona_flare02.png",
          "scale": 0.87,
          "range": 100.0
        },
        "dutyCycle": "Always()"
      }
    },
    {
      "parent": "/Far__x7_z6/Far__x7_z6_LFS/Far_Station_SteelMillIndustry/IndustryBuildings (1)/Industry_Steel/collider/%GROUP%_Mesh001400072D00023B",
      "position": "(0,0.285,-0.04)",
      "rotation": "(0,0.228512987,0,0.973540843)",
      "hash": "1ED82689181BB9300:1ED83289141BB94A0",
      "properties": {
        "type": "Point",
        "intensity": 0.5,
        "range": 10.0,
        "colour": "#FFFFFF",
        "corona": {
          "sprite": "corona_flare02.png",
          "scale": 0.87,
          "range": 100.0
        },
        "dutyCycle": "Always()"
      }
    },
    {
      "parent": "/Far__x7_z6/Far__x7_z6_LFS/Far_Station_SteelMillIndustry/IndustryBuildings (1)/Industry_Steel/collider/%GROUP%_Mesh001363072800183C",
      "position": "(0,0.285,-0.04)",
      "rotation": "(0,0.973540843,0,-0.228512987)",
      "hash": "1EE42F89131BD1550:1EE422890F1BD13B0",
      "properties": {
        "type": "Point",
        "intensity": 0.5,
        "range": 10.0,
        "colour": "#FFFFFF",
        "corona": {
          "sprite": "corona_flare02.png",
          "scale": 0.87,
          "range": 100.0
        },
        "dutyCycle": "Always()"
      }
    },
    {
      "parent": "/Far__x7_z6/Far__x7_z6_LFS/Far_Station_SteelMillIndustry/IndustryBuildings (1)/Industry_Steel/collider/%GROUP%_Mesh001363072B000B27",
      "position": "(0,0.285,-0.04)",
      "rotation": "(0,0.228512987,0,0.973540843)",
      "hash": "1EDE3C89161BC6020:1EDE4989121BC61C0",
      "properties": {
        "type": "Point",
        "intensity": 0.5,
        "range": 10.0,
        "colour": "#FFFFFF",
        "corona": {
          "sprite": "corona_flare02.png",
          "scale": 0.87,
          "range": 100.0
        },
        "dutyCycle": "Always()"
      }
    },
    {
      "parent": "/Far__x7_z6/Far__x7_z6_LFS/Far_Station_SteelMillIndustry/IndustryBuildings (1)/Industry_Steel/collider/%GROUP%_Mesh0014010725001927",
      "position": "(0,0.285,-0.04)",
      "hash": "1EE45589101BD2370:1EE461890C1BD2510",
      "properties": {
        "type": "Point",
        "intensity": 0.5,
        "range": 10.0,
        "colour": "#FFFFFF",
        "corona": {
          "sprite": "corona_flare02.png",
          "scale": 0.87,
          "range": 100.0
        },
        "dutyCycle": "Always()"
      }
    },
    {
      "parent": "/Far__x7_z6/Far__x7_z6_LFS/Far_Station_SteelMillIndustry/IndustryBuildings (1)/Industry_Steel/collider/%GROUP%_Mesh0009501635000C63",
      "position": "(0,0.285,-0.04)",
      "rotation": "(0,-0.5268143,0,0.8499804)",
      "hash": "1ED61298201BCB620:1ED55C981C1BCC0B0",
      "properties": {
        "type": "Point",
        "intensity": 0.5,
        "range": 10.0,
        "colour": "#FFFFFF",
        "corona": {
          "sprite": "corona_flare02.png",
          "scale": 0.87,
          "range": 100.0
        },
        "dutyCycle": "DuskTillDawn()"
      }
    },
    {
      "parent": "/Far__x7_z6/Far__x7_z6_LFS/Far_Station_SteelMillIndustry/IndustryBuildings (1)/Industry_Steel/collider/%GROUP%_Mesh00005C0747001114",
      "position": "(0,0.285,-0.04)",
      "hash": "1ED00B89321BD3460:1ED017892E1BD3600",
      "properties": {
        "type": "Point",
        "intensity": 1.0,
        "range": 20.0,
        "colour": "#FFB24D",
        "corona": {
          "sprite": "corona_orange01.png",
          "scale": 0.75,
          "range": 100.0
        },
        "dutyCycle": "DuskTillDawn()"
      }
    },
    {
      "parent": "/Far__x7_z6/Far__x7_z6_LFS/Far_Station_SteelMillIndustry/IndustryBuildings (1)/Warehouse_MediumFlat/collider",
      "position": "(-12.9995337,7.733554,8.523326)",
      "rotation": "(0.392477,-0.467289776,0.243255347,0.753942251)",
      "hash": "1ED34B814F1C5D180:1EC62289341C55270",
      "properties": {
        "type": "Point",
        "intensity": 1.0,
        "range": 20.0,
        "colour": "#FFB24D",
        "corona": {
          "sprite": "corona_orange01.png",
          "scale": 0.75,
          "range": 100.0
        },
        "dutyCycle": "DuskTillDawn()"
      }
    },
    {
      "parent": "/Far__x7_z6/Far__x7_z6_LFS/Far_Station_SteelMillIndustry/IndustryBuildings (1)/Warehouse_MediumFlat/collider",
      "position": "(-4.991554,7.74302959,8.536989)",
      "rotation": "(0.392477,-0.467289776,0.243255347,0.753942251)",
      "hash": "1ED34B814F1C5D180:1EC95989351C5C390",
      "properties": {
        "type": "Point",
        "intensity": 1.0,
        "range": 20.0,
        "colour": "#FFB24D",
        "corona": {
          "sprite": "corona_orange01.png",
          "scale": 0.75,
          "range": 100.0
        },
        "dutyCycle": "DuskTillDawn()"
      }
    },
    {
      "parent": "/Far__x7_z6/Far__x7_z6_LFS/Far_Station_SteelMillIndustry/IndustryBuildings (1)/Warehouse_MediumFlat/collider",
      "position": "(3.00789618,7.747012,8.542612)",
      "rotation": "(0.392476678,-0.467290848,0.243255958,0.7539416)",
      "hash": "1ED34B814F1C5D180:1ECD2C89351C634A0",
      "properties": {
        "type": "Point",
        "intensity": 1.0,
        "range": 20.0,
        "colour": "#FFB24D",
        "corona": {
          "sprite": "corona_orange01.png",
          "scale": 0.75,
          "range": 100.0
        },
        "dutyCycle": "DuskTillDawn()"
      }
    },
    {
      "parent": "/Far__x7_z6/Far__x7_z6_LFS/Far_Station_SteelMillIndustry/IndustryBuildings (1)/Warehouse_MediumFlat/collider",
      "position": "(10.9975042,7.74867535,8.54497)",
      "rotation": "(0.392477,-0.467289776,0.243255347,0.753942251)",
      "hash": "1ED34B814F1C5D180:1ED10089351C6A590",
      "properties": {
        "type": "Point",
        "intensity": 1.0,
        "range": 20.0,
        "colour": "#FFB24D",
        "corona": {
          "sprite": "corona_orange01.png",
          "scale": 0.75,
          "range": 100.0
        },
        "dutyCycle": "DuskTillDawn()"
      }
    },
    {
      "parent": "/Far__x7_z6/Far__x7_z6_LFS/Far_Station_SteelMillTrackside/IndustryBuildings/Warehouse_Truck/collider",
      "position": "(-11.5623455,7.76111126,19.982666)",
      "rotation": "(0.420870483,-0.364883125,0.189945936,0.808485568)",
      "hash": "1E1A29814F1B91310:1E1E6089371BA80C0",
      "properties": {
        "type": "Point",
        "intensity": 1.0,
        "range": 20.0,
        "colour": "#FFB24D",
        "corona": {
          "sprite": "corona_orange01.png",
          "scale": 0.75,
          "range": 100.0
        },
        "dutyCycle": "DuskTillDawn()"
      }
    },
    {
      "parent": "/Far__x7_z6/Far__x7_z6_LFS/Far_Station_SteelMillTrackside/IndustryBuildings/Warehouse_Truck/collider",
      "position": "(-11.5490713,7.751727,11.9691172)",
      "rotation": "(0.420870483,-0.364883125,0.189945936,0.808485568)",
      "hash": "1E1A29814F1B91310:1E194389361BA20A0",
      "properties": {
        "type": "Point",
        "intensity": 1.0,
        "range": 20.0,
        "colour": "#FFB24D",
        "corona": {
          "sprite": "corona_orange01.png",
          "scale": 0.75,
          "range": 100.0
        },
        "dutyCycle": "DuskTillDawn()"
      }
    },
    {
      "parent": "/Far__x7_z6/Far__x7_z6_LFS/Far_Station_SteelMillTrackside/IndustryBuildings/Warehouse_Truck/collider",
      "position": "(-11.537674,7.743701,3.97540379)",
      "rotation": "(0.420870483,-0.364883125,0.189945936,0.808485568)",
      "hash": "1E1A29814F1B91310:1E142789351B9C0A0",
      "properties": {
        "type": "Point",
        "intensity": 1.0,
        "range": 20.0,
        "colour": "#FFB24D",
        "corona": {
          "sprite": "corona_orange01.png",
          "scale": 0.75,
          "range": 100.0
        },
        "dutyCycle": "DuskTillDawn()"
      }
    },
    {
      "parent": "/Far__x7_z6/Far__x7_z6_LFS/Far_Station_SteelMillTrackside/IndustryBuildings/Warehouse_Truck/collider",
      "position": "(-11.519989,7.7314024,-3.99517727)",
      "rotation": "(0.420870483,-0.364883125,0.189945936,0.808485568)",
      "hash": "1E1A29814F1B91310:1E0F0D89341B960B0",
      "properties": {
        "type": "Point",
        "intensity": 1.0,
        "range": 20.0,
        "colour": "#FFB24D",
        "corona": {
          "sprite": "corona_orange01.png",
          "scale": 0.75,
          "range": 100.0
        },
        "dutyCycle": "DuskTillDawn()"
      }
    },
    {
      "parent": "/Far__x7_z6/Far__x7_z6_LFS/Far_Station_SteelMillTrackside/IndustryBuildings/Warehouse_Truck/collider",
      "position": "(-11.5321741,7.73994732,-12.0064383)",
      "rotation": "(0.420870483,-0.364883125,0.189945936,0.808485568)",
      "hash": "1E1A29814F1B91310:1E095289351B900B0",
      "properties": {
        "type": "Point",
        "intensity": 1.0,
        "range": 20.0,
        "colour": "#FFB24D",
        "corona": {
          "sprite": "corona_orange01.png",
          "scale": 0.75,
          "range": 100.0
        },
        "dutyCycle": "DuskTillDawn()"
      }
    },
    {
      "parent": "/Far__x7_z6/Far__x7_z6_LFS/Far_Station_SteelMillTrackside/IndustryBuildings/Warehouse_Truck/collider",
      "position": "(-11.5372486,7.74331951,-19.992569)",
      "rotation": "(0.420870483,-0.364883125,0.189945936,0.808485568)",
      "hash": "1E1A29814F1B91310:1E043689351B8A0D0",
      "properties": {
        "type": "Point",
        "intensity": 1.0,
        "range": 20.0,
        "colour": "#FFB24D",
        "corona": {
          "sprite": "corona_orange01.png",
          "scale": 0.75,
          "range": 100.0
        },
        "dutyCycle": "DuskTillDawn()"
      }
    },
    {
      "parent": "/Far__x7_z6/Far__x7_z6_LFS/Far_Station_SteelMillTrackside/IndustryBuildings/Warehouse_Truck/collider",
      "position": "(-1.02466774,8.166553,-29.56018)",
      "rotation": "(-0.222260371,0.7264548,-0.589861155,-0.273729026)",
      "hash": "1E1A29814F1B91310:1E0609895F1B7C000",
      "properties": {
        "type": "Point",
        "intensity": 1.0,
        "range": 20.0,
        "colour": "#FFB24D",
        "corona": {
          "sprite": "corona_orange01.png",
          "scale": 0.75,
          "range": 100.0
        },
        "dutyCycle": "DuskTillDawn()"
      }
    },
    {
      "parent": "/Far__x7_z6/Far__x7_z6_LFS/Far_Station_SteelMillTrackside/IndustryBuildings/Warehouse_Truck/collider/%GROUP%_Mesh0009140617000B62",
      "position": "(0,1.5,0.7)",
      "hash": "1E192688021B82290:1E1A3388481B812A0",
      "properties": {
        "type": "Point",
        "intensity": 1.0,
        "range": 20.0,
        "colour": "#FFB24D",
        "corona": {
          "sprite": "corona_orange01.png",
          "scale": 0.75,
          "range": 100.0
        },
        "dutyCycle": "DuskTillDawn()"
      }
    },
    {
      "parent": "/Far__x7_z6/Far__x7_z6_LFS/Far_Station_SteelMillTrackside/IndustryBuildings/Warehouse_Truck/collider/%GROUP%_Mesh000914061E000C05",
      "position": "(0,1.5,0.7)",
      "hash": "1E291D88091B942C0:1E2A29884F1B932D0",
      "properties": {
        "type": "Point",
        "intensity": 1.0,
        "range": 20.0,
        "colour": "#FFB24D",
        "corona": {
          "sprite": "corona_orange01.png",
          "scale": 0.75,
          "range": 100.0
        },
        "dutyCycle": "DuskTillDawn()"
      }
    },
    {
      "parent": "/Far__x7_z6/Far__x7_z6_LFS/Far_Station_SteelMillTrackside/IndustryBuildings/Warehouse_MediumSlant/collider",
      "position": "(18.5994816,7.17775249,2.98302984)",
      "rotation": "(0.586835861,0.275378376,-0.221858189,0.7284019)",
      "hash": "1E3E13814F1B803C0:1E481988601B90340",
      "properties": {
        "type": "Point",
        "intensity": 1.0,
        "range": 20.0,
        "colour": "#FFB24D",
        "corona": {
          "sprite": "corona_orange01.png",
          "scale": 0.75,
          "range": 100.0
        },
        "dutyCycle": "DuskTillDawn()"
      }
    },
    {
      "parent": "/Far__x7_z6/Far__x7_z6_LFS/Far_Station_SteelMillTrackside/IndustryBuildings/Warehouse_MediumSlant/collider",
      "position": "(18.6083183,7.179721,-3.00613642)",
      "rotation": "(0.586835861,0.2753784,-0.2218582,0.7284019)",
      "hash": "1E3E13814F1B803C0:1E4C4B88601B8C380",
      "properties": {
        "type": "Point",
        "intensity": 1.0,
        "range": 20.0,
        "colour": "#FFB24D",
        "corona": {
          "sprite": "corona_orange01.png",
          "scale": 0.75,
          "range": 100.0
        },
        "dutyCycle": "DuskTillDawn()"
      }
    },
    {
      "parent": "/Far__x7_z6/Far__x7_z6_LFS/Far_Station_SteelMillTrackside/CivilBuildings/House_01/collider/%GROUP%_Mesh000000020100025D",
      "position": "(0,0.27,-0.12)",
      "rotation": "(0,-0.411362678,0,0.9114718)",
      "hash": "1E5C28854B1B78340:1E5C14853F1B78460",
      "properties": {
        "type": "Point",
        "intensity": 0.5,
        "range": 10.0,
        "colour": "#FFFFFF",
        "corona": null,
        "dutyCycle": "Always()"
      }
    },
    {
      "parent": "/Far__x7_z6/Far__x7_z6_LFS/Far_Station_SteelMillTrackside/IndustryBuildings/Warehouse_MediumSlant (1)/collider",
      "position": "(18.5912323,7.17602825,-3.00612068)",
      "rotation": "(0.571833,-0.3203363,0.258078456,0.7097797)",
      "hash": "1EA501814F1B51590:1E990588601B602D0",
      "properties": {
        "type": "Point",
        "intensity": 1.0,
        "range": 20.0,
        "colour": "#FFB24D",
        "corona": {
          "sprite": "corona_orange01.png",
          "scale": 0.75,
          "range": 100.0
        },
        "dutyCycle": "DuskTillDawn()"
      }
    },
    {
      "parent": "/Far__x7_z6/Far__x7_z6_LFS/Far_Station_SteelMillTrackside/IndustryBuildings/Warehouse_MediumSlant (1)/collider",
      "position": "(18.56092,7.16937542,2.999258)",
      "rotation": "(0.571833,-0.3203363,0.258078456,0.7097797)",
      "hash": "1EA501814F1B51590:1E950A885F1B5B5C0",
      "properties": {
        "type": "Point",
        "intensity": 1.0,
        "range": 20.0,
        "colour": "#FFB24D",
        "corona": {
          "sprite": "corona_orange01.png",
          "scale": 0.75,
          "range": 100.0
        },
        "dutyCycle": "DuskTillDawn()"
      }
    },
    {
      "parent": "/Far__x7_z6/Far__x7_z6_LFS/Far_Station_SteelMillTrackside/IndustryBuildings/Warehouse_MediumSlant (1)/collider/%GROUP%_Mesh0013140503000162",
      "position": "(0,0.285,-0.04)",
      "rotation": "(0,0.9114714,0,0.411363363)",
      "hash": "1EB20986521B43460:1EB21E864E1B43330",
      "properties": {
        "type": "Point",
        "intensity": 0.5,
        "range": 10.0,
        "colour": "#FFFFFF",
        "corona": {
          "sprite": "corona_flare02.png",
          "scale": 0.87,
          "range": 100.0
        },
        "dutyCycle": "DuskTillDawn()"
      }
    },
    {
      "parent": "/Far__x7_z6/Far__x7_z6_LFS/Far_Station_SteelMillIndustry/IndustryBuildings (1)/Utility_Medium2/collider",
      "position": "(4.30010366,7.307208,-2.003291)",
      "rotation": "(0,0.228513375,0,0.9735408)",
      "hash": "1EAF13814F1B83500:1EB25A89091B864C0",
      "properties": {
        "type": "Point",
        "intensity": 1.0,
        "range": 20.0,
        "colour": "#FFB24D",
        "corona": {
          "sprite": "corona_orange01.png",
          "scale": 0.75,
          "range": 100.0
        },
        "dutyCycle": "DuskTillDawn()"
      }
    },
    {
      "parent": "/Far__x7_z6/Far__x7_z6_LFS/Far_Station_SteelMillIndustry/IndustryBuildings (1)/Utility_Medium2/collider",
      "position": "(4.30026,7.32002544,2.00199223)",
      "rotation": "(0,0.228513375,0,0.9735408)",
      "hash": "1EAF13814F1B83500:1EAF1F890B1B88360",
      "properties": {
        "type": "Point",
        "intensity": 1.0,
        "range": 20.0,
        "colour": "#FFB24D",
        "corona": {
          "sprite": "corona_orange01.png",
          "scale": 0.75,
          "range": 100.0
        },
        "dutyCycle": "DuskTillDawn()"
      }
    },
    {
      "parent": "/Far__x7_z6/Far__x7_z6_LFS/Far_Station_SteelMillIndustry/IndustryBuildings (1)/Utility_Medium2/collider/%GROUP%_Mesh00050A0429000001",
      "position": "(0,0.27,-0.12)",
      "rotation": "(0,0.228513375,0,0.9735408)",
      "hash": "1EB12F86141B88240:1EB13C86081B883C0",
      "properties": {
        "type": "Point",
        "intensity": 0.5,
        "range": 10.0,
        "colour": "#FFFFFF",
        "corona": null,
        "dutyCycle": "Always()"
      }
    },
    {
      "parent": "/Far__x7_z6/Far__x7_z6_LFS/Far_Station_SteelMillIndustry/CivilBuildings (1)/House_04/collider/%GROUP%_Mesh0004000156000100",
      "position": "(0,0.27,-0.12)",
      "rotation": "(0,-0.5268143,0,0.8499804)",
      "hash": "1F1C21853C1B7C2F0:1F1C0885301B7C3B0",
      "properties": {
        "type": "Point",
        "intensity": 0.5,
        "range": 10.0,
        "colour": "#FFFFFF",
        "corona": null,
        "dutyCycle": "Always()"
      }
    },
    {
      "parent": "/Far__x7_z6/Far__x7_z6_LFS/Far_Station_SteelMillIndustry/IndustryBuildings (1)/Utility_Small/collider/%GROUP%_Mesh000000042900040A",
      "position": "(0,0.285,-0.04)",
      "rotation": "(0,-0.5268144,0,0.849980354)",
      "hash": "1F4D4286141BD2340:1F4D2986101BD2410",
      "properties": {
        "type": "Point",
        "intensity": 0.5,
        "range": 10.0,
        "colour": "#FFFFFF",
        "corona": {
          "sprite": "corona_flare02.png",
          "scale": 0.87,
          "range": 100.0
        },
        "dutyCycle": "DuskTillDawn()"
      }
    },
    {
      "parent": "/Far__x7_z6/Far__x7_z6_LFS/Far_Station_SteelMillIndustry/IndustryBuildings (1)/ServiceDepot_03/PostProcOfficeVolumeAO",
      "position": "(-18.5998688,5.238452,-2.02855873)",
      "rotation": "(0,0.957367659,0,0.288872331)",
      "hash": "1F6C5D814F1BDD2B0:1F785B87021BCF050",
      "properties": {
        "type": "Point",
        "intensity": 1.0,
        "range": 20.0,
        "colour": "#FFB24D",
        "corona": {
          "sprite": "corona_orange01.png",
          "scale": 0.75,
          "range": 100.0
        },
        "dutyCycle": "DuskTillDawn()"
      }
    },
    {
      "parent": "/Near__x7_z7/Near__x7_z7_LFS",
      "position": "(752.6875,137.197571,164.345215)",
      "rotation": "(-0.215678424,0.7418933,-0.5692735,-0.281078249)",
      "hash": "1C000000001C00000:1EF04489131CA4220",
      "properties": {
        "type": "Point",
        "intensity": 1.0,
        "range": 20.0,
        "colour": "#FFFFFF",
        "corona": {
          "sprite": "corona_flare01.png",
          "scale": 1.0,
          "range": 100.0
        },
        "dutyCycle": "DuskTillDawn()"
      }
    },
    {
      "parent": "/Far__x7_z6/Far__x7_z6_LFS/Far_Station_SteelMillTrackside/IndustryBuildings/Storage_UpSlant (2)/collider/%GROUP%_Mesh0000030647000A07",
      "position": "(0,0.285,0)",
      "hash": "1E5B0D88241C09410:1E5B0D88071C09410",
      "properties": {
        "type": "Point",
        "intensity": 1.0,
        "range": 20.0,
        "colour": "#FFB24D",
        "corona": {
          "sprite": "corona_orange01.png",
          "scale": 0.75,
          "range": 100.0
        },
        "dutyCycle": "DuskTillDawn()"
      }
    },
    {
      "parent": "/Far__x7_z6/Far__x7_z6_LFS/Far_Station_SteelMillTrackside/IndustryBuildings/Storage_UpSlant (1)/collider/%GROUP%_Mesh000000064700095F",
      "position": "(0,0.285,0)",
      "hash": "1E4C3988241BF9130:1E4C3988071BF9130",
      "properties": {
        "type": "Point",
        "intensity": 1.0,
        "range": 20.0,
        "colour": "#FFB24D",
        "corona": {
          "sprite": "corona_orange01.png",
          "scale": 0.75,
          "range": 100.0
        },
        "dutyCycle": "DuskTillDawn()"
      }
    },
    {
      "parent": "/Far__x7_z6/Far__x7_z6_LFS/Far_Station_SteelMillTrackside/IndustryBuildings/Storage_UpSlant (1)/collider/%GROUP%_Mesh0000010647000A0C",
      "position": "(0,0.285,0)",
      "hash": "1E3F1E88241BEA0D0:1E3F1E88071BEA0D0",
      "properties": {
        "type": "Point",
        "intensity": 1.0,
        "range": 20.0,
        "colour": "#FFB24D",
        "corona": {
          "sprite": "corona_orange01.png",
          "scale": 0.75,
          "range": 100.0
        },
        "dutyCycle": "DuskTillDawn()"
      }
    },
    {
      "parent": "/Far__x7_z6/Far__x7_z6_LFS/Far_Station_SteelMillTrackside/IndustryBuildings/Storage_UpSlant/collider/%GROUP%_Mesh0000020647000955",
      "position": "(0,0.285,0)",
      "hash": "1E304688241BD9400:1E304688071BD9400",
      "properties": {
        "type": "Point",
        "intensity": 1.0,
        "range": 20.0,
        "colour": "#FFB24D",
        "corona": {
          "sprite": "corona_orange01.png",
          "scale": 0.75,
          "range": 100.0
        },
        "dutyCycle": "DuskTillDawn()"
      }
    },
    {
      "parent": "/Far__x7_z6/Far__x7_z6_LFS/Far_Station_SteelMillTrackside/IndustryBuildings/Storage_UpSlant/collider/%GROUP%_Mesh0000020647000A00",
      "position": "(0,0.285,0)",
      "hash": "1E233C88241BCA480:1E233C88071BCA480",
      "properties": {
        "type": "Point",
        "intensity": 1.0,
        "range": 20.0,
        "colour": "#FFB24D",
        "corona": {
          "sprite": "corona_orange01.png",
          "scale": 0.75,
          "range": 100.0
        },
        "dutyCycle": "DuskTillDawn()"
      }
    },
    {
      "parent": "/Far__x7_z6/Far__x7_z6_LFS/Far_Station_SteelMillTrackside/IndustryBuildings/Storage_UpSlant (2)/collider/%GROUP%_Mesh000001064700095F",
      "position": "(0.0172929429,0.3531952,-0.0401652344)",
      "hash": "1E682388241C18460:1E682588001C18420",
      "properties": {
        "type": "Point",
        "intensity": 1.0,
        "range": 20.0,
        "colour": "#FFB24D",
        "corona": {
          "sprite": "corona_orange01.png",
          "scale": 0.75,
          "range": 100.0
        },
        "dutyCycle": "DuskTillDawn()"
      }
    },
    {
      "parent": "/Far__x7_z6/Far__x7_z6_LFS/Far_Station_SteelMillTrackside/SilosCranes/Portal_Crane/collider/%GROUP%_Mesh0005170B6000172F",
      "position": "(0,0.285,0)",
      "rotation": "(0.7071068,0,0,0.7071068)",
      "hash": "1E45238F571C20420:1E45238F3A1C20420",
      "properties": {
        "type": "Point",
        "intensity": 0.5,
        "range": 10.0,
        "colour": "#FFFFFF",
        "corona": {
          "sprite": "corona_flare02.png",
          "scale": 0.87,
          "range": 100.0
        },
        "dutyCycle": "Always()"
      }
    },
    {
      "parent": "/Far__x7_z6/Far__x7_z6_LFS/Far_Station_SteelMillTrackside/SilosCranes/Portal_Crane/collider/%GROUP%_Mesh00052E0B60001734",
      "position": "(0,0.285,0)",
      "rotation": "(0.7071068,0,0,0.7071068)",
      "hash": "1E4C2E8F571C28410:1E4C2E8F3A1C28410",
      "properties": {
        "type": "Point",
        "intensity": 0.5,
        "range": 10.0,
        "colour": "#FFFFFF",
        "corona": {
          "sprite": "corona_flare02.png",
          "scale": 0.87,
          "range": 100.0
        },
        "dutyCycle": "Always()"
      }
    },
    {
      "parent": "/Far__x7_z6/Far__x7_z6_LFS/Far_Station_SteelMillTrackside/SilosCranes/Portal_Crane/collider/%GROUP%_Mesh00052F0B60000F5C",
      "position": "(0,0.285,0)",
      "rotation": "(0.7071068,0,0,0.7071068)",
      "hash": "1E2E598F571C424C0:1E2E598F3A1C424C0",
      "properties": {
        "type": "Point",
        "intensity": 0.5,
        "range": 10.0,
        "colour": "#FFFFFF",
        "corona": {
          "sprite": "corona_flare02.png",
          "scale": 0.87,
          "range": 100.0
        },
        "dutyCycle": "Always()"
      }
    },
    {
      "parent": "/Far__x7_z6/Far__x7_z6_LFS/Far_Station_SteelMillTrackside/SilosCranes/Portal_Crane/collider/%GROUP%_Mesh00052B0B60000F5B",
      "position": "(0,0.285,0)",
      "rotation": "(0.7071068,0,0,0.7071068)",
      "hash": "1E27448F571C3A390:1E27448F3A1C3A390",
      "properties": {
        "type": "Point",
        "intensity": 0.5,
        "range": 10.0,
        "colour": "#FFFFFF",
        "corona": {
          "sprite": "corona_flare02.png",
          "scale": 0.87,
          "range": 100.0
        },
        "dutyCycle": "Always()"
      }
    },
    {
      "parent": "/Far__x7_z6/Far__x7_z6_LFS/Far_Station_SteelMillTrackside/CivilBuildings/House_01/collider/%GROUP%_Mesh0006000230000563",
      "position": "(0,0.285,-0.04)",
      "rotation": "(0,0.935385168,0,-0.353630543)",
      "hash": "1E516386161B75500:1E515086121B753A0",
      "properties": {
        "type": "Point",
        "intensity": 0.5,
        "range": 10.0,
        "colour": "#FFFFFF",
        "corona": {
          "sprite": "corona_flare02.png",
          "scale": 0.87,
          "range": 100.0
        },
        "dutyCycle": "DuskTillDawn()"
      }
    },
    {
      "parent": "/Far__x7_z6/Far__x7_z6_LFS/Far_Station_SteelMillIndustry/IndustryBuildings (1)/Industry_Steel/collider",
      "position": "(-8.4209,6.37929058,-3.00925851)",
      "rotation": "(0.5174361,-0.417949468,0.3207047,0.6743342)",
      "hash": "1EC73E814F1BC4470:1EBE4A88101BC54C0",
      "properties": {
        "type": "Point",
        "intensity": 0.5,
        "range": 10.0,
        "colour": "#FFFFFF",
        "corona": {
          "sprite": "corona_flare02.png",
          "scale": 0.87,
          "range": 100.0
        },
        "dutyCycle": "DuskTillDawn()"
      }
    },
    {
      "parent": "/Far__x7_z6/Far__x7_z6_LFS/Far_Station_SteelMillIndustry/IndustryBuildings (1)/Industry_Steel/collider",
      "position": "(-8.552704,6.754321,9.025924)",
      "rotation": "(0.392476916,-0.467290074,0.243255511,0.7539421)",
      "hash": "1EC73E814F1BC4470:1EC36288361BD03C0",
      "properties": {
        "type": "Point",
        "intensity": 0.5,
        "range": 10.0,
        "colour": "#FFFFFF",
        "corona": {
          "sprite": "corona_flare02.png",
          "scale": 0.87,
          "range": 100.0
        },
        "dutyCycle": "DuskTillDawn()"
      }
    },
    {
      "parent": "/Far__x7_z6/Far__x7_z6_LFS/Far_Station_SteelMillIndustry/IndustryBuildings (1)/Industry_Steel/collider",
      "position": "(10.4170713,6.3782835,12.9835339)",
      "rotation": "(0.320704728,0.6743342,-0.5174361,0.417949468)",
      "hash": "1EC73E814F1BC4470:1ED64988101BCB460",
      "properties": {
        "type": "Point",
        "intensity": 0.5,
        "range": 10.0,
        "colour": "#FFFFFF",
        "corona": {
          "sprite": "corona_flare02.png",
          "scale": 0.87,
          "range": 100.0
        },
        "dutyCycle": "DuskTillDawn()"
      }
    },
    {
      "parent": "/Far__x7_z6/Far__x7_z6_LFS/Far_Station_SteelMillIndustry/IndustryBuildings (1)/Industry_Steel/collider",
      "position": "(10.58105,6.774081,0.9779666)",
      "rotation": "(0.243255541,0.7539421,-0.392476946,0.4672901)",
      "hash": "1EC73E814F1BC4470:1ED13588381BC0580",
      "properties": {
        "type": "Point",
        "intensity": 0.5,
        "range": 10.0,
        "colour": "#FFFFFF",
        "corona": {
          "sprite": "corona_flare02.png",
          "scale": 0.87,
          "range": 100.0
        },
        "dutyCycle": "DuskTillDawn()"
      }
    }
  ],
  "meshes": [
    {
      "parent": "/Far__x7_z6/Far__x7_z6_LFS/Far_Station_SteelMillIndustry/IndustryBuildings (1)/ServiceDepot_03/Collider",
      "position": "(9.991055,7.481433,0.0414209366)",
      "rotation": "(0.878817141,0,-0.477158755,0)",
      "hash": "1F6C5D814F1BDD2B0:1F6725891B1BE5490",
      "properties": {
        "file": "meshes_lampposts.assetbundle",
        "mesh": "IndustrialLamp_Ceiling"
      }
    },
    {
      "parent": "/Far__x7_z6/Far__x7_z6_LFS/Far_Station_SteelMillIndustry/IndustryBuildings (1)/ServiceDepot_03/Collider",
      "position": "(1.99578667,7.48141766,0.06303239)",
      "rotation": "(0.878817141,0,-0.477158755,0)",
      "hash": "1F6C5D814F1BDD2B0:1F6B4E891B1BDF060",
      "properties": {
        "file": "meshes_lampposts.assetbundle",
        "mesh": "IndustrialLamp_Ceiling"
      }
    },
    {
      "parent": "/Far__x7_z6/Far__x7_z6_LFS/Far_Station_SteelMillIndustry/IndustryBuildings (1)/ServiceDepot_03/Collider",
      "position": "(-10.0127563,7.481433,-0.0119819641)",
      "rotation": "(0.882947564,0,-0.4694716,0)",
      "hash": "1F6C5D814F1BDD2B0:1F7230891B1BD5090",
      "properties": {
        "file": "meshes_lampposts.assetbundle",
        "mesh": "IndustrialLamp_Ceiling"
      }
    },
    {
      "parent": "/Far__x7_z6/Far__x7_z6_LFS/Far_Station_SteelMillIndustry/IndustryBuildings (1)/Industry_Steel/collider",
      "position": "(-18.0120525,7.33655071,21.3999729)",
      "rotation": "(0.161580339,0.688398,0.688398,-0.161580339)",
      "hash": "1EC73E814F1BC4470:1EC101890C1BDF590",
      "properties": {
        "file": "meshes_lampposts.assetbundle",
        "mesh": "FloodLight_Wall"
      }
    },
    {
      "parent": "/Far__x7_z6/Far__x7_z6_LFS/Far_Station_SteelMillIndustry/IndustryBuildings (1)/Industry_Steel/collider",
      "position": "(-17.9946556,7.37279034,20.60005)",
      "rotation": "(-0.688397348,0.161583081,0.161583081,0.6883974)",
      "hash": "1EC73E814F1BC4470:1EC04389101BDF100",
      "properties": {
        "file": "meshes_lampposts.assetbundle",
        "mesh": "FloodLight_Wall"
      }
    },
    {
      "parent": "/Far__x7_z6/Far__x7_z6_LFS/Far_Station_SteelMillIndustry/IndustryBuildings (1)/Industry_Steel/collider",
      "position": "(-17.99291,7.43135357,7.39999533)",
      "rotation": "(0.161583081,0.6883974,0.688397348,-0.161583081)",
      "hash": "1EC73E814F1BC4470:1EBA5089161BD3220",
      "properties": {
        "file": "meshes_lampposts.assetbundle",
        "mesh": "FloodLight_Wall"
      }
    },
    {
      "parent": "/Far__x7_z6/Far__x7_z6_LFS/Far_Station_SteelMillIndustry/IndustryBuildings (1)/Industry_Steel/collider",
      "position": "(-18.0017166,7.43712139,6.60014)",
      "rotation": "(-0.688397348,0.161583081,0.161583081,0.6883974)",
      "hash": "1EC73E814F1BC4470:1EBA2C89161BD23F0",
      "properties": {
        "file": "meshes_lampposts.assetbundle",
        "mesh": "FloodLight_Wall"
      }
    },
    {
      "parent": "/Far__x7_z6/Far__x7_z6_LFS/Far_Station_SteelMillIndustry/IndustryBuildings (1)/Industry_Steel/collider",
      "position": "(-17.9683075,7.42627239,-6.59999657)",
      "rotation": "(0.161583081,0.6883974,0.688397348,-0.161583081)",
      "hash": "1EC73E814F1BC4470:1EB43B89151BC64F0",
      "properties": {
        "file": "meshes_lampposts.assetbundle",
        "mesh": "FloodLight_Wall"
      }
    },
    {
      "parent": "/Far__x7_z6/Far__x7_z6_LFS/Far_Station_SteelMillIndustry/IndustryBuildings (1)/Industry_Steel/collider",
      "position": "(-17.9939289,7.386676,-7.400027)",
      "rotation": "(-0.688397348,0.161583081,0.161583081,0.6883974)",
      "hash": "1EC73E814F1BC4470:1EB41589111BC6090",
      "properties": {
        "file": "meshes_lampposts.assetbundle",
        "mesh": "FloodLight_Wall"
      }
    },
    {
      "parent": "/Far__x7_z6/Far__x7_z6_LFS/Far_Station_SteelMillIndustry/IndustryBuildings (1)/Industry_Steel/collider",
      "position": "(20.0365314,7.403781,-3.40013742)",
      "rotation": "(-0.688397348,0.161583081,0.161583081,0.6883974)",
      "hash": "1EC73E814F1BC4470:1ED80589131BB84B0",
      "properties": {
        "file": "meshes_lampposts.assetbundle",
        "mesh": "FloodLight_Wall"
      }
    },
    {
      "parent": "/Far__x7_z6/Far__x7_z6_LFS/Far_Station_SteelMillIndustry/IndustryBuildings (1)/Industry_Steel/collider",
      "position": "(19.9887829,7.316928,10.6003494)",
      "rotation": "(-0.688397348,0.161583081,0.161583081,0.6883974)",
      "hash": "1EC73E814F1BC4470:1EDE18890A1BC51F0",
      "properties": {
        "file": "meshes_lampposts.assetbundle",
        "mesh": "FloodLight_Wall"
      }
    },
    {
      "parent": "/Far__x7_z6/Far__x7_z6_LFS/Far_Station_SteelMillIndustry/IndustryBuildings (1)/Industry_Steel/collider",
      "position": "(20.00101,7.453311,-2.59995079)",
      "rotation": "(0.161583081,0.6883974,0.688397348,-0.161583081)",
      "hash": "1EC73E814F1BC4470:1ED82689181BB9300",
      "properties": {
        "file": "meshes_lampposts.assetbundle",
        "mesh": "FloodLight_Wall"
      }
    },
    {
      "parent": "/Far__x7_z6/Far__x7_z6_LFS/Far_Station_SteelMillIndustry/IndustryBuildings (1)/Industry_Steel/collider",
      "position": "(19.9921322,7.402835,24.6000519)",
      "rotation": "(-0.688397348,0.161583081,0.161583081,0.6883974)",
      "hash": "1EC73E814F1BC4470:1EE42F89131BD1550",
      "properties": {
        "file": "meshes_lampposts.assetbundle",
        "mesh": "FloodLight_Wall"
      }
    },
    {
      "parent": "/Far__x7_z6/Far__x7_z6_LFS/Far_Station_SteelMillIndustry/IndustryBuildings (1)/Industry_Steel/collider",
      "position": "(19.9982452,7.435733,11.3999844)",
      "rotation": "(0.161583081,0.6883974,0.688397348,-0.161583081)",
      "hash": "1EC73E814F1BC4470:1EDE3C89161BC6020",
      "properties": {
        "file": "meshes_lampposts.assetbundle",
        "mesh": "FloodLight_Wall"
      }
    },
    {
      "parent": "/Far__x7_z6/Far__x7_z6_LFS/Far_Station_SteelMillIndustry/IndustryBuildings (1)/Industry_Steel/collider",
      "position": "(20.0151329,7.3790617,25.3998718)",
      "rotation": "(0.161583081,0.6883974,0.688397348,-0.161583081)",
      "hash": "1EC73E814F1BC4470:1EE45589101BD2370",
      "properties": {
        "file": "meshes_lampposts.assetbundle",
        "mesh": "FloodLight_Wall"
      }
    },
    {
      "parent": "/Far__x7_z6/Far__x7_z6_LFS/Far_Station_SteelMillIndustry/IndustryBuildings (1)/Industry_Steel/collider",
      "position": "(9.800203,22.538456,12.9905643)",
      "rotation": "(-0.37251398,0.6010269,0.601026952,0.37251398)",
      "hash": "1EC73E814F1BC4470:1ED61298201BCB620",
      "properties": {
        "file": "meshes_lampposts.assetbundle",
        "mesh": "FloodLight_Wall"
      }
    },
    {
      "parent": "/Far__x7_z6/Far__x7_z6_LFS/Far_Station_SteelMillIndustry/IndustryBuildings (1)/Industry_Steel/collider",
      "position": "(0.928424,7.712222,17.20013)",
      "rotation": "(0.16158241,0.6883975,0.688397467,-0.16158241)",
      "hash": "1EC73E814F1BC4470:1ED00B89321BD3460",
      "properties": {
        "file": "meshes_lampposts.assetbundle",
        "mesh": "FloodLight_Wall"
      }
    },
    {
      "parent": "/Far__x7_z6/Far__x7_z6_LFS/Far_Station_SteelMillTrackside/IndustryBuildings/Warehouse_Truck/collider",
      "position": "(9.20024,6.234683,-11.983079)",
      "rotation": "(-0.6445078,-0.290877521,-0.290877521,0.644507766)",
      "hash": "1E1A29814F1B91310:1E192688021B82290",
      "properties": {
        "file": "meshes_lampposts.assetbundle",
        "mesh": "LampPostSmall_Wall"
      }
    },
    {
      "parent": "/Far__x7_z6/Far__x7_z6_LFS/Far_Station_SteelMillTrackside/IndustryBuildings/Warehouse_Truck/collider",
      "position": "(9.200158,6.30676556,12.0568228)",
      "rotation": "(-0.6445079,-0.290877372,-0.290877372,0.6445078)",
      "hash": "1E1A29814F1B91310:1E291D88091B942C0",
      "properties": {
        "file": "meshes_lampposts.assetbundle",
        "mesh": "LampPostSmall_Wall"
      }
    },
    {
      "parent": "/Far__x7_z6/Far__x7_z6_LFS/Far_Station_SteelMillTrackside/CivilBuildings/House_01/collider",
      "position": "(0.0003321171,2.01635742,2.93519616)",
      "rotation": "(-0.2908773,0.6445078,0.6445079,0.2908773)",
      "hash": "1E5A2E834A1B76200:1E5C28854B1B78340",
      "properties": {
        "file": "meshes_lampposts.assetbundle",
        "mesh": "IndustrialLamp_Wall"
      }
    },
    {
      "parent": "/Far__x7_z6/Far__x7_z6_LFS/Far_Station_SteelMillTrackside/IndustryBuildings/Warehouse_MediumSlant (1)/collider",
      "position": "(-19.2002087,5.03805828,1.98569107)",
      "rotation": "(-0.6445076,-0.290877819,-0.290877819,0.644507647)",
      "hash": "1EA501814F1B51590:1EB20986521B43460",
      "properties": {
        "file": "meshes_lampposts.assetbundle",
        "mesh": "FloodLight_Wall"
      }
    },
    {
      "parent": "/Far__x7_z6/Far__x7_z6_LFS/Far_Station_SteelMillIndustry/IndustryBuildings (1)/Utility_Medium2/collider",
      "position": "(5.10023451,4.414813,-0.0175361633)",
      "rotation": "(0.161583364,0.6883973,0.688397348,-0.161583364)",
      "hash": "1EAF13814F1B83500:1EB12F86141B88240",
      "properties": {
        "file": "meshes_lampposts.assetbundle",
        "mesh": "IndustrialLamp_Wall"
      }
    },
    {
      "parent": "/Far__x7_z6/Far__x7_z6_LFS/Far_Station_SteelMillIndustry/CivilBuildings (1)/House_04/collider",
      "position": "(-4.00019836,1.86720276,-1.00869942)",
      "rotation": "(-0.37251398,0.6010269,0.601026952,0.37251398)",
      "hash": "1F2024834A1B7B3B0:1F1C21853C1B7C2F0",
      "properties": {
        "file": "meshes_lampposts.assetbundle",
        "mesh": "IndustrialLamp_Wall"
      }
    },
    {
      "parent": "/Far__x7_z6/Far__x7_z6_LFS/Far_Station_SteelMillIndustry/IndustryBuildings (1)/Utility_Small/collider",
      "position": "(0.006905079,4.415393,4.10053253)",
      "rotation": "(-0.372514,0.6010269,0.6010269,0.372514)",
      "hash": "1F5121814F1BD0450:1F4D4286141BD2340",
      "properties": {
        "file": "meshes_lampposts.assetbundle",
        "mesh": "FloodLight_Wall"
      }
    },
    {
      "parent": "/Far__x7_z6/Far__x7_z6_LFS/Far_Station_SteelMillTrackside/IndustryBuildings/Storage_UpSlant (2)/collider",
      "position": "(-0.0105962753,6.71999454,9.957096)",
      "rotation": "(-0.398749083,0,0.9170601,0)",
      "hash": "1E614D81401C11170:1E682388241C18460",
      "properties": {
        "file": "meshes_lampposts.assetbundle",
        "mesh": "FloodLight_Ceiling"
      }
    },
    {
      "parent": "/Far__x7_z6/Far__x7_z6_LFS/Far_Station_SteelMillTrackside/IndustryBuildings/Storage_UpSlant (2)/collider",
      "position": "(0.0350637436,6.71999454,-10.0706406)",
      "rotation": "(-0.414693326,0,0.9099612,0)",
      "hash": "1E614D81401C11170:1E5B0D88241C09410",
      "properties": {
        "file": "meshes_lampposts.assetbundle",
        "mesh": "FloodLight_Ceiling"
      }
    },
    {
      "parent": "/Far__x7_z6/Far__x7_z6_LFS/Far_Station_SteelMillTrackside/IndustryBuildings/Storage_UpSlant (1)/collider",
      "position": "(0.00154209137,6.71999454,9.95063)",
      "rotation": "(-0.414693326,0,0.9099612,0)",
      "hash": "1E456281401BF1490:1E4C3988241BF9130",
      "properties": {
        "file": "meshes_lampposts.assetbundle",
        "mesh": "FloodLight_Ceiling"
      }
    },
    {
      "parent": "/Far__x7_z6/Far__x7_z6_LFS/Far_Station_SteelMillTrackside/IndustryBuildings/Storage_UpSlant (1)/collider",
      "position": "(0.0169363022,6.71999454,-10.1298714)",
      "rotation": "(-0.406736583,0,0.9135455,0)",
      "hash": "1E456281401BF1490:1E3F1E88241BEA0D0",
      "properties": {
        "file": "meshes_lampposts.assetbundle",
        "mesh": "FloodLight_Ceiling"
      }
    },
    {
      "parent": "/Far__x7_z6/Far__x7_z6_LFS/Far_Station_SteelMillTrackside/IndustryBuildings/Storage_UpSlant/collider",
      "position": "(-0.0257024765,6.71999454,9.850784)",
      "rotation": "(-0.422618359,0,0.906307757,0)",
      "hash": "1E2A1481401BD2180:1E304688241BD9400",
      "properties": {
        "file": "meshes_lampposts.assetbundle",
        "mesh": "FloodLight_Ceiling"
      }
    },
    {
      "parent": "/Far__x7_z6/Far__x7_z6_LFS/Far_Station_SteelMillTrackside/IndustryBuildings/Storage_UpSlant/collider",
      "position": "(0.0249166489,6.71999454,-10.0039368)",
      "rotation": "(-0.406736583,0,0.9135455,0)",
      "hash": "1E2A1481401BD2180:1E233C88241BCA480",
      "properties": {
        "file": "meshes_lampposts.assetbundle",
        "mesh": "FloodLight_Ceiling"
      }
    },
    {
      "parent": "/Far__x7_z6/Far__x7_z6_LFS/Far_Station_SteelMillTrackside/SilosCranes/Portal_Crane/collider",
      "position": "(-5.23121643,11.9604626,-23.47705)",
      "rotation": "(-0.406736583,0,0.9135455,0)",
      "hash": "1E3714835B1C340C0:1E45238F571C20420",
      "properties": {
        "file": "meshes_lampposts.assetbundle",
        "mesh": "FloodLight_Ceiling"
      }
    },
    {
      "parent": "/Far__x7_z6/Far__x7_z6_LFS/Far_Station_SteelMillTrackside/SilosCranes/Portal_Crane/collider",
      "position": "(5.46394348,11.9604778,-23.52678)",
      "rotation": "(-0.414693326,0,0.9099612,0)",
      "hash": "1E3714835B1C340C0:1E4C2E8F571C28410",
      "properties": {
        "file": "meshes_lampposts.assetbundle",
        "mesh": "FloodLight_Ceiling"
      }
    },
    {
      "parent": "/Far__x7_z6/Far__x7_z6_LFS/Far_Station_SteelMillTrackside/SilosCranes/Portal_Crane/collider",
      "position": "(5.47872925,11.9604626,15.9249573)",
      "rotation": "(0.9135455,0,0.4067366,0)",
      "hash": "1E3714835B1C340C0:1E2E598F571C424C0",
      "properties": {
        "file": "meshes_lampposts.assetbundle",
        "mesh": "FloodLight_Ceiling"
      }
    },
    {
      "parent": "/Far__x7_z6/Far__x7_z6_LFS/Far_Station_SteelMillTrackside/SilosCranes/Portal_Crane/collider",
      "position": "(-5.43073273,11.9604626,15.9113007)",
      "rotation": "(0.9099613,0,0.4146933,0)",
      "hash": "1E3714835B1C340C0:1E27448F571C3A390",
      "properties": {
        "file": "meshes_lampposts.assetbundle",
        "mesh": "FloodLight_Ceiling"
      }
    },
    {
      "parent": "/Far__x7_z6/Far__x7_z6_LFS/Far_Station_SteelMillTrackside/CivilBuildings/House_01/collider",
      "position": "(-6.003328,2.48399353,-5.995285)",
      "rotation": "(-0.6614172,0.250054568,0.250054568,0.6614172)",
      "hash": "1E5A2E834A1B76200:1E516386161B75500",
      "properties": {
        "file": "meshes_lampposts.assetbundle",
        "mesh": "FloodLight_Wall"
      }
    }
  ],
  "decorations": []
}