{
  "version": 92,
  "enabled": true,
  "lights": [],
  "meshes": [],
  "decorations": [
    {
      "parent": "/Far__x7_z6/Far__x7_z6_LFS/Far_Station_SteelMillIndustry/IndustryBuildings (1)/Warehouse_MediumFlat",
      "hash": "1ED34B814F1C5D180:1ED34B814F1C5D180",
      "id": "WINDOWS_1:LIT",
      "properties": {
        "file": "meshes_decoration_lights.assetbundle",
        "mesh": "Warehouse_MediumFlat_Windows1",
        "assignMaterials": {
          "hideSourcePrefab": true,
          "assignments": []
        }
      },
      "dutyCycle": "DuskTillDawn()"
    },
    {
      "parent": "/Far__x7_z6/Far__x7_z6_LFS/Far_Station_SteelMillIndustry/IndustryBuildings (1)/Warehouse_MediumFlat",
      "hash": "1ED34B814F1C5D180:1ED34B814F1C5D180",
      "id": "WINDOWS_2:LIT",
      "properties": {
        "file": "meshes_decoration_lights.assetbundle",
        "mesh": "Warehouse_MediumFlat_Windows2",
        "assignMaterials": {
          "hideSourcePrefab": true,
          "assignments": []
        }
      },
      "dutyCycle": "DuskTillDawn()"
    },
    {
      "parent": "/Far__x7_z6/Far__x7_z6_LFS/Far_Station_SteelMillIndustry/IndustryBuildings (1)/Warehouse_MediumFlat",
      "hash": "1ED34B814F1C5D180:1ED34B814F1C5D180",
      "id": "WINDOWS_3:LIT",
      "properties": {
        "file": "meshes_decoration_lights.assetbundle",
        "mesh": "Warehouse_MediumFlat_Windows3",
        "assignMaterials": {
          "hideSourcePrefab": true,
          "assignments": []
        }
      },
      "dutyCycle": "DuskTillDawn()"
    },
    {
      "parent": "/Far__x7_z6/Far__x7_z6_LFS/Far_Station_SteelMillIndustry/IndustryBuildings (1)/Utility_Medium2",
      "hash": "1EAF13814F1B83500:1EAF13814F1B83500",
      "id": "WINDOWS_3:LIT",
      "properties": {
        "file": "meshes_decoration_lights.assetbundle",
        "mesh": "Utility_Medium2_Windows3",
        "assignMaterials": {
          "hideSourcePrefab": true,
          "assignments": []
        }
      },
      "dutyCycle": "DuskTillDawn()"
    },
    {
      "parent": "/Far__x7_z6/Far__x7_z6_LFS/Far_Station_SteelMillIndustry/IndustryBuildings (1)/Utility_Medium2",
      "hash": "1EAF13814F1B83500:1EAF13814F1B83500",
      "id": "WINDOWS_4:LIT",
      "properties": {
        "file": "meshes_decoration_lights.assetbundle",
        "mesh": "Utility_Medium2_Windows4",
        "assignMaterials": {
          "hideSourcePrefab": true,
          "assignments": []
        }
      },
      "dutyCycle": "DuskTillDawn()"
    },
    {
      "parent": "/Far__x7_z6/Far__x7_z6_LFS/Far_Station_SteelMillIndustry/IndustryBuildings (1)/Utility_Medium2",
      "hash": "1EAF13814F1B83500:1EAF13814F1B83500",
      "id": "WINDOWS_5:LIT",
      "properties": {
        "file": "meshes_decoration_lights.assetbundle",
        "mesh": "Utility_Medium2_Windows5",
        "assignMaterials": {
          "hideSourcePrefab": true,
          "assignments": []
        }
      },
      "dutyCycle": "DuskTillDawn()"
    },
    {
      "parent": "/Far__x7_z6/Far__x7_z6_LFS/Far_Station_SteelMillIndustry/IndustryBuildings (1)/Utility_Medium2",
      "hash": "1EAF13814F1B83500:1EAF13814F1B83500",
      "id": "WINDOWS_1:LIT",
      "properties": {
        "file": "meshes_decoration_lights.assetbundle",
        "mesh": "Utility_Medium2_Windows1",
        "assignMaterials": {
          "hideSourcePrefab": true,
          "assignments": []
        }
      },
      "dutyCycle": "DuskTillDawn()"
    },
    {
      "parent": "/Far__x7_z6/Far__x7_z6_LFS/Far_Station_SteelMillTrackside/IndustryBuildings/Warehouse_Truck",
      "hash": "1E1A29814F1B91310:1E1A29814F1B91310",
      "id": "WINDOWS_1:LIT",
      "properties": {
        "file": "meshes_decoration_lights.assetbundle",
        "mesh": "Warehouse_Truck_Windows1",
        "assignMaterials": {
          "hideSourcePrefab": true,
          "assignments": []
        }
      },
      "dutyCycle": "DuskTillDawn()"
    },
    {
      "parent": "/Far__x7_z6/Far__x7_z6_LFS/Far_Station_SteelMillTrackside/IndustryBuildings/Warehouse_Truck",
      "hash": "1E1A29814F1B91310:1E1A29814F1B91310",
      "id": "WINDOWS_3:LIT",
      "properties": {
        "file": "meshes_decoration_lights.assetbundle",
        "mesh": "Warehouse_Truck_Windows3",
        "assignMaterials": {
          "hideSourcePrefab": true,
          "assignments": []
        }
      },
      "dutyCycle": "DuskTillDawn()"
    },
    {
      "parent": "/Far__x7_z6/Far__x7_z6_LFS/Far_Station_SteelMillTrackside/IndustryBuildings/Warehouse_Truck",
      "hash": "1E1A29814F1B91310:1E1A29814F1B91310",
      "id": "WINDOWS_5:LIT",
      "properties": {
        "file": "meshes_decoration_lights.assetbundle",
        "mesh": "Warehouse_Truck_Windows5",
        "assignMaterials": {
          "hideSourcePrefab": true,
          "assignments": []
        }
      },
      "dutyCycle": "DuskTillDawn()"
    },
    {
      "parent": "/Far__x7_z6/Far__x7_z6_LFS/Far_Station_SteelMillIndustry/IndustryBuildings (1)/Industry_Steel",
      "hash": "1EC73E814F1BC4470:1EC73E814F1BC4470",
      "id": "WINDOWS_1:LIT",
      "properties": {
        "file": "meshes_decoration_lights.assetbundle",
        "mesh": "Industry_Steel_Windows1",
        "assignMaterials": {
          "hideSourcePrefab": true,
          "assignments": []
        }
      },
      "dutyCycle": "DuskTillDawn()"
    },
    {
      "parent": "/Far__x7_z6/Far__x7_z6_LFS/Far_Station_SteelMillIndustry/IndustryBuildings (1)/Industry_Steel",
      "hash": "1EC73E814F1BC4470:1EC73E814F1BC4470",
      "id": "WINDOWS_3:LIT",
      "properties": {
        "file": "meshes_decoration_lights.assetbundle",
        "mesh": "Industry_Steel_Windows3",
        "assignMaterials": {
          "hideSourcePrefab": true,
          "assignments": []
        }
      },
      "dutyCycle": "DuskTillDawn()"
    },
    {
      "parent": "/Far__x7_z6/Far__x7_z6_LFS/Far_Station_SteelMillIndustry/IndustryBuildings (1)/Industry_Steel",
      "hash": "1EC73E814F1BC4470:1EC73E814F1BC4470",
      "id": "WINDOWS_5:LIT",
      "properties": {
        "file": "meshes_decoration_lights.assetbundle",
        "mesh": "Industry_Steel_Windows5",
        "assignMaterials": {
          "hideSourcePrefab": true,
          "assignments": []
        }
      },
      "dutyCycle": "DuskTillDawn()"
    }
  ]
}