{
  "version": 97,
  "enabled": true,
  "lights": [
    {
      "parent": "/Far__x7_z6/Far__x7_z6_LFS/Far_Station_SteelMillTrackside/Railway/Railway_Platform_1 (4)/Collider/collider/%GROUP%_Mesh001B40004E01A724",
      "position": "(0,7.1,-1.55)",
      "rotation": "(-0.7071068,0,0,0.7071068)",
      "hash": "1F2D4083481D2F1B0:1F2C408A521D2E080",
      "properties": {
        "type": "Point",
        "intensity": 1.0,
        "range": 20.0,
        "colour": "#DDEEFF",
        "corona": {
          "sprite": "corona_flare02.png",
          "scale": 1.0,
          "range": 100.0
        },
        "dutyCycle": "DuskTillDawn()"
      }
    },
    {
      "parent": "/Far__x7_z6/Far__x7_z6_LFS/Far_Station_SteelMillTrackside/Railway/Railway_Platform_1 (4)/Collider/collider/%GROUP%_Mesh00051D004E019A52",
      "position": "(0,7.1,-1.55)",
      "rotation": "(-0.7071068,0,0,0.7071068)",
      "hash": "1F0C4083481D3B410:1F0D028A521D3A0F0",
      "properties": {
        "type": "Point",
        "intensity": 1.0,
        "range": 20.0,
        "colour": "#FFB24D",
        "corona": {
          "sprite": "corona_orange01.png",
          "scale": 0.75,
          "range": 100.0
        },
        "dutyCycle": "DuskTillDawn()"
      }
    },
    {
      "parent": "/Far__x7_z6/Far__x7_z6_LFS/Far_Station_SteelMillTrackside/Railway/Railway_Platform_1 (4)/Collider/collider/%GROUP%_Mesh000A21004E017609",
      "position": "(0,7.1,-1.55)",
      "rotation": "(-0.7071068,0,0,0.7071068)",
      "hash": "1EF03783481D232D0:1EF1458A521D22270",
      "properties": {
        "type": "Point",
        "intensity": 1.0,
        "range": 20.0,
        "colour": "#FFB24D",
        "corona": {
          "sprite": "corona_orange01.png",
          "scale": 0.75,
          "range": 100.0
        },
        "dutyCycle": "DuskTillDawn()"
      }
    },
    {
      "parent": "/Far__x7_z6/Far__x7_z6_LFS/Far_Station_SteelMillTrackside/Railway/Railway_Platform_1 (4)/Collider/collider/%GROUP%_Mesh000A21004E014E59",
      "position": "(0,7.1,-1.55)",
      "rotation": "(-0.7071068,0,0,0.7071068)",
      "hash": "1ED63E83481D06050:1ED74D8A521D05010",
      "properties": {
        "type": "Point",
        "intensity": 1.0,
        "range": 20.0,
        "colour": "#FFB24D",
        "corona": {
          "sprite": "corona_orange01.png",
          "scale": 0.75,
          "range": 100.0
        },
        "dutyCycle": "DuskTillDawn()"
      }
    },
    {
      "parent": "/Far__x7_z6/Far__x7_z6_LFS/Far_Station_SteelMillTrackside/Railway/Railway_Platform_1 (4)/Collider/collider/%GROUP%_Mesh000A29004E012940",
      "position": "(0,7.1,-1.55)",
      "rotation": "(-0.7071068,0,0,0.7071068)",
      "hash": "1EBD5C83481CEA110:1EBF098A521CE90F0",
      "properties": {
        "type": "Point",
        "intensity": 1.0,
        "range": 20.0,
        "colour": "#FFB24D",
        "corona": {
          "sprite": "corona_orange01.png",
          "scale": 0.75,
          "range": 100.0
        },
        "dutyCycle": "DuskTillDawn()"
      }
    },
    {
      "parent": "/Far__x7_z6/Far__x7_z6_LFS/Far_Station_SteelMillTrackside/Railway/Railway_Platform_1 (4)/Collider/collider/%GROUP%_Mesh000A30004E01044D",
      "position": "(0,7.1,-1.55)",
      "rotation": "(-0.7071068,0,0,0.7071068)",
      "hash": "1EA53083481CCE390:1EA6428A521CCD390",
      "properties": {
        "type": "Point",
        "intensity": 1.0,
        "range": 20.0,
        "colour": "#FFB24D",
        "corona": {
          "sprite": "corona_orange01.png",
          "scale": 0.75,
          "range": 100.0
        },
        "dutyCycle": "DuskTillDawn()"
      }
    },
    {
      "parent": "/Far__x7_z6/Far__x7_z6_LFS/Far_Station_SteelMillTrackside/Railway/Railway_Platform_1 (4)/Collider/collider/%GROUP%_Mesh000A1C004E00DF18",
      "position": "(0,7.1,-1.55)",
      "rotation": "(-0.7071068,0,0,0.7071068)",
      "hash": "1E8C5083481CB21D0:1E8E018A521CB1200",
      "properties": {
        "type": "Point",
        "intensity": 1.0,
        "range": 20.0,
        "colour": "#FFB24D",
        "corona": {
          "sprite": "corona_orange01.png",
          "scale": 0.75,
          "range": 100.0
        },
        "dutyCycle": "DuskTillDawn()"
      }
    },
    {
      "parent": "/Far__x7_z6/Far__x7_z6_LFS/Far_Station_SteelMillTrackside/Railway/Railway_Platform_1 (4)/Collider/collider/%GROUP%_Mesh000A2D004E00BA08",
      "position": "(0,7.1,-1.55)",
      "rotation": "(-0.7071068,0,0,0.7071068)",
      "hash": "1E740883481C96360:1E75168A521C95300",
      "properties": {
        "type": "Point",
        "intensity": 1.0,
        "range": 20.0,
        "colour": "#FFB24D",
        "corona": {
          "sprite": "corona_orange01.png",
          "scale": 0.75,
          "range": 100.0
        },
        "dutyCycle": "DuskTillDawn()"
      }
    },
    {
      "parent": "/Far__x7_z6/Far__x7_z6_LFS/Far_Station_SteelMillTrackside/Railway/Railway_Platform_1 (4)/Collider/collider/%GROUP%_Mesh000A37004E00935B",
      "position": "(0,7.1,-1.55)",
      "rotation": "(-0.7071068,0,0,0.7071068)",
      "hash": "1E5A4C83481C79620:1E5B5F8A521C78620",
      "properties": {
        "type": "Point",
        "intensity": 1.0,
        "range": 20.0,
        "colour": "#FFB24D",
        "corona": {
          "sprite": "corona_orange01.png",
          "scale": 0.75,
          "range": 100.0
        },
        "dutyCycle": "DuskTillDawn()"
      }
    },
    {
      "parent": "/Far__x7_z6/Far__x7_z6_LFS/Far_Station_SteelMillTrackside/Railway/Railway_Platform_1 (4)/Collider/collider/%GROUP%_Mesh000A2C004E006F1E",
      "position": "(0,7.1,-1.55)",
      "rotation": "(-0.7071068,0,0,0.7071068)",
      "hash": "1E423E83481C5E2E0:1E434C8A521C5D280",
      "properties": {
        "type": "Point",
        "intensity": 1.0,
        "range": 20.0,
        "colour": "#FFB24D",
        "corona": {
          "sprite": "corona_orange01.png",
          "scale": 0.75,
          "range": 100.0
        },
        "dutyCycle": "DuskTillDawn()"
      }
    },
    {
      "parent": "/Far__x7_z6/Far__x7_z6_LFS/Far_Station_SteelMillTrackside/Railway/Railway_Platform_1 (4)/Collider/collider/%GROUP%_Mesh000A2A004E00462E",
      "position": "(0,7.1,-1.55)",
      "rotation": "(-0.7071068,0,0,0.7071068)",
      "hash": "1E273E83481C3F510:1E28518A521C3E510",
      "properties": {
        "type": "Point",
        "intensity": 1.0,
        "range": 20.0,
        "colour": "#FFB24D",
        "corona": {
          "sprite": "corona_orange01.png",
          "scale": 0.75,
          "range": 100.0
        },
        "dutyCycle": "DuskTillDawn()"
      }
    },
    {
      "parent": "/Far__x7_z6/Far__x7_z6_LFS/Far_Station_SteelMillTrackside/Railway/Railway_Platform_1 (4)/Collider/collider/%GROUP%_Mesh001E4B004E002F52",
      "position": "(0,7.1,-1.55)",
      "rotation": "(-0.7071068,0,0,0.7071068)",
      "hash": "1E092883481C3C1C0:1E0A398A521C3B1B0",
      "properties": {
        "type": "Point",
        "intensity": 1.0,
        "range": 20.0,
        "colour": "#DDEEFF",
        "corona": {
          "sprite": "corona_flare02.png",
          "scale": 1.0,
          "range": 100.0
        },
        "dutyCycle": "DuskTillDawn()"
      }
    },
    {
      "parent": "/Near__x6_z6/Near__x6_z6_LFS/%GROUP%_Mesh05F4208348042432",
      "position": "(0,7.1,-1.55)",
      "rotation": "(-0.7071068,0,0,0.7071068)",
      "hash": "1DF42083481C24320:1DF52F8A521C232F0",
      "properties": {
        "type": "Point",
        "intensity": 1.0,
        "range": 20.0,
        "colour": "#DDEEFF",
        "corona": {
          "sprite": "corona_flare02.png",
          "scale": 1.0,
          "range": 100.0
        },
        "dutyCycle": "DuskTillDawn()"
      }
    },
    {
      "parent": "/Near__x6_z6/Near__x6_z6_LFS/%GROUP%_Mesh05FA3F8348040D14",
      "position": "(0,7.1,-1.55)",
      "rotation": "(-0.7071068,0,0,0.7071068)",
      "hash": "1DFA3F83481C0D140:1DFB528A521C0C140",
      "properties": {
        "type": "Point",
        "intensity": 1.0,
        "range": 20.0,
        "colour": "#FFB24D",
        "corona": {
          "sprite": "corona_orange01.png",
          "scale": 0.75,
          "range": 100.0
        },
        "dutyCycle": "DuskTillDawn()"
      }
    },
    {
      "parent": "/Near__x7_z6/Near__x7_z6_LFS/%GROUP%_Mesh01E054834803EF53",
      "position": "(0,7.1,-1.55)",
      "rotation": "(-0.7071068,0,0,0.7071068)",
      "hash": "1DE05483481BEF530:1DE1638A521BEE4F0",
      "properties": {
        "type": "Point",
        "intensity": 1.0,
        "range": 20.0,
        "colour": "#FFB24D",
        "corona": {
          "sprite": "corona_orange01.png",
          "scale": 0.75,
          "range": 100.0
        },
        "dutyCycle": "DuskTillDawn()"
      }
    },
    {
      "parent": "/Near__x7_z6/Near__x7_z6_LFS/%GROUP%_Mesh01F5478348038E19",
      "position": "(0,7.1,-1.55)",
      "rotation": "(-0.7071068,0,0,0.7071068)",
      "hash": "1DF54783481B8E190:1DF6548A521B8D130",
      "properties": {
        "type": "Point",
        "intensity": 1.0,
        "range": 20.0,
        "colour": "#FFB24D",
        "corona": {
          "sprite": "corona_orange01.png",
          "scale": 0.75,
          "range": 100.0
        },
        "dutyCycle": "DuskTillDawn()"
      }
    },
    {
      "parent": "/Far__x7_z6/Far__x7_z6_LFS/Far_Station_SteelMillTrackside/Roads/Flat_40x40 (5)/Collider/%GROUP%_Mesh00230F0004001E0C",
      "position": "(0,7.1,1.55)",
      "rotation": "(-0.7071068,0,0,0.7071068)",
      "hash": "1E101B83541BAB610:1E0F0C8A5E1BAD010",
      "properties": {
        "type": "Point",
        "intensity": 1.0,
        "range": 20.0,
        "colour": "#FFB24D",
        "corona": {
          "sprite": "corona_orange01.png",
          "scale": 0.75,
          "range": 100.0
        },
        "dutyCycle": "DuskTillDawn()"
      }
    },
    {
      "parent": "/Far__x7_z6/Far__x7_z6_LFS/Far_Station_SteelMillTrackside/Roads/Flat_40x40 (5)/Collider/%GROUP%_Mesh00230F0004001E0C",
      "position": "(0,7.1,-1.55)",
      "rotation": "(-0.7071068,0,0,0.7071068)",
      "hash": "1E101B83541BAB610:1E112A8A5E1BAA5E0",
      "properties": {
        "type": "Point",
        "intensity": 1.0,
        "range": 20.0,
        "colour": "#FFB24D",
        "corona": {
          "sprite": "corona_orange01.png",
          "scale": 0.75,
          "range": 100.0
        },
        "dutyCycle": "DuskTillDawn()"
      }
    },
    {
      "parent": "/Far__x7_z6/Far__x7_z6_LFS/Far_Station_SteelMillTrackside/Roads/Flat_40x40 (3)/Collider/%GROUP%_Mesh00221D0004001554",
      "position": "(0,7.1,1.55)",
      "rotation": "(-0.7071068,0,0,0.7071068)",
      "hash": "1E4A5483541BE1540:1E4C018A5E1BE0530",
      "properties": {
        "type": "Point",
        "intensity": 1.0,
        "range": 20.0,
        "colour": "#DDEEFF",
        "corona": {
          "sprite": "corona_flare02.png",
          "scale": 1.0,
          "range": 100.0
        },
        "dutyCycle": "DuskTillDawn()"
      }
    },
    {
      "parent": "/Far__x7_z6/Far__x7_z6_LFS/Far_Station_SteelMillTrackside/Roads/Flat_40x40 (3)/Collider/%GROUP%_Mesh00221D0004001554",
      "position": "(0,7.1,-1.55)",
      "rotation": "(-0.7071068,0,0,0.7071068)",
      "hash": "1E4A5483541BE1540:1E49438A5E1BE2560",
      "properties": {
        "type": "Point",
        "intensity": 1.0,
        "range": 20.0,
        "colour": "#DDEEFF",
        "corona": {
          "sprite": "corona_flare02.png",
          "scale": 1.0,
          "range": 100.0
        },
        "dutyCycle": "DuskTillDawn()"
      }
    },
    {
      "parent": "/Far__x7_z6/Far__x7_z6_LFS/Far_Station_SteelMillTrackside/Roads/Flat_40x40 (2)/Collider/%GROUP%_Mesh001F3E0004001556",
      "position": "(0,7.1,1.55)",
      "rotation": "(-0.7071068,0,0,0.7071068)",
      "hash": "1E633483541BFD550:1E64458A5E1BFC530",
      "properties": {
        "type": "Point",
        "intensity": 1.0,
        "range": 20.0,
        "colour": "#DDEEFF",
        "corona": {
          "sprite": "corona_flare02.png",
          "scale": 1.0,
          "range": 100.0
        },
        "dutyCycle": "DuskTillDawn()"
      }
    },
    {
      "parent": "/Far__x7_z6/Far__x7_z6_LFS/Far_Station_SteelMillTrackside/Roads/Flat_40x40 (2)/Collider/%GROUP%_Mesh001F3E0004001556",
      "position": "(0,7.1,-1.55)",
      "rotation": "(-0.7071068,0,0,0.7071068)",
      "hash": "1E633483541BFD550:1E62238A5E1BFE570",
      "properties": {
        "type": "Point",
        "intensity": 1.0,
        "range": 20.0,
        "colour": "#DDEEFF",
        "corona": {
          "sprite": "corona_flare02.png",
          "scale": 1.0,
          "range": 100.0
        },
        "dutyCycle": "DuskTillDawn()"
      }
    },
    {
      "parent": "/Far__x7_z6/Far__x7_z6_LFS/Far_Station_SteelMillTrackside/Roads/Flat_40x40 (1)/Collider/%GROUP%_Mesh001D39000400155B",
      "position": "(0,7.1,1.55)",
      "rotation": "(-0.7071068,0,0,0.7071068)",
      "hash": "1E7C3B83541C1A220:1E7D4C8A5E1C19200",
      "properties": {
        "type": "Point",
        "intensity": 1.0,
        "range": 20.0,
        "colour": "#DDEEFF",
        "corona": {
          "sprite": "corona_flare02.png",
          "scale": 1.0,
          "range": 100.0
        },
        "dutyCycle": "DuskTillDawn()"
      }
    },
    {
      "parent": "/Far__x7_z6/Far__x7_z6_LFS/Far_Station_SteelMillTrackside/Roads/Flat_40x40 (1)/Collider/%GROUP%_Mesh001D39000400155B",
      "position": "(0,7.1,-1.55)",
      "rotation": "(-0.7071068,0,0,0.7071068)",
      "hash": "1E7C3B83541C1A220:1E7B2A8A5E1C1B230",
      "properties": {
        "type": "Point",
        "intensity": 1.0,
        "range": 20.0,
        "colour": "#DDEEFF",
        "corona": {
          "sprite": "corona_flare02.png",
          "scale": 1.0,
          "range": 100.0
        },
        "dutyCycle": "DuskTillDawn()"
      }
    },
    {
      "parent": "/Far__x7_z6/Far__x7_z6_LFS/Far_Station_SteelMillTrackside/Roads/Flat_40x40/Collider/%GROUP%_Mesh001B59000400155A",
      "position": "(0,7.1,1.55)",
      "rotation": "(-0.7071068,0,0,0.7071068)",
      "hash": "1E955F83541C37070:1E97118A5E1C360B0",
      "properties": {
        "type": "Point",
        "intensity": 1.0,
        "range": 20.0,
        "colour": "#DDEEFF",
        "corona": {
          "sprite": "corona_flare02.png",
          "scale": 1.0,
          "range": 100.0
        },
        "dutyCycle": "DuskTillDawn()"
      }
    },
    {
      "parent": "/Far__x7_z6/Far__x7_z6_LFS/Far_Station_SteelMillTrackside/Roads/Flat_40x40/Collider/%GROUP%_Mesh001B59000400155A",
      "position": "(0,7.1,-1.55)",
      "rotation": "(-0.7071068,0,0,0.7071068)",
      "hash": "1E955F83541C37070:1E94488A5E1C38020",
      "properties": {
        "type": "Point",
        "intensity": 1.0,
        "range": 20.0,
        "colour": "#DDEEFF",
        "corona": {
          "sprite": "corona_flare02.png",
          "scale": 1.0,
          "range": 100.0
        },
        "dutyCycle": "DuskTillDawn()"
      }
    },
    {
      "parent": "/Far__x7_z6/Far__x7_z6_LFS/Far_Station_SteelMillTrackside/Railway/Railway_Platform_1 (4)/Collider/collider/%GROUP%_Mesh004B06004E00AD16",
      "position": "(0,7.1,-1.55)",
      "rotation": "(-0.7071068,0,0,0.7071068)",
      "hash": "1EAB4783481C54200:1EAA228A521C55050",
      "properties": {
        "type": "Point",
        "intensity": 1.0,
        "range": 20.0,
        "colour": "#DDEEFF",
        "corona": {
          "sprite": "corona_flare02.png",
          "scale": 1.0,
          "range": 100.0
        },
        "dutyCycle": "DuskTillDawn()"
      }
    },
    {
      "parent": "/Far__x7_z6/Far__x7_z6_LFS/Far_Station_SteelMillTrackside/Railway/Railway_Platform_1 (4)/Collider/collider/%GROUP%_Mesh004432004E00D05E",
      "position": "(0,7.1,-1.55)",
      "rotation": "(-0.7071068,0,0,0.7071068)",
      "hash": "1EBE2A83481C732C0:1EBD1B8A521C74300",
      "properties": {
        "type": "Point",
        "intensity": 1.0,
        "range": 20.0,
        "colour": "#DDEEFF",
        "corona": {
          "sprite": "corona_flare02.png",
          "scale": 1.0,
          "range": 100.0
        },
        "dutyCycle": "DuskTillDawn()"
      }
    },
    {
      "parent": "/Far__x7_z6/Far__x7_z6_LFS/Far_Station_SteelMillTrackside/Railway/Railway_Platform_1 (4)/Collider/collider/%GROUP%_Mesh004A5B004E00F43E",
      "position": "(0,7.1,-1.55)",
      "rotation": "(-0.7071068,0,0,0.7071068)",
      "hash": "1EDA5383481C89600:1EDB598A521C8B090",
      "properties": {
        "type": "Point",
        "intensity": 1.0,
        "range": 20.0,
        "colour": "#DDEEFF",
        "corona": {
          "sprite": "corona_flare02.png",
          "scale": 1.0,
          "range": 100.0
        },
        "dutyCycle": "DuskTillDawn()"
      }
    },
    {
      "parent": "/Far__x7_z6/Far__x7_z6_LFS/Far_Station_SteelMillTrackside/Railway/Railway_Platform_1 (4)/Collider/collider/%GROUP%_Mesh004410004E01445C",
      "position": "(0,7.1,-1.55)",
      "rotation": "(-0.7071068,0,0,0.7071068)",
      "hash": "1F0A5983481CCA400:1F09428A521CCB390",
      "properties": {
        "type": "Point",
        "intensity": 1.0,
        "range": 20.0,
        "colour": "#DDEEFF",
        "corona": {
          "sprite": "corona_flare02.png",
          "scale": 1.0,
          "range": 100.0
        },
        "dutyCycle": "DuskTillDawn()"
      }
    },
    {
      "parent": "/Far__x7_z6/Far__x7_z6_LFS/Far_Station_SteelMillTrackside/Railway/Railway_Platform_1 (4)/Collider/collider/%GROUP%_Mesh003B41004E016D21",
      "position": "(0,7.1,-1.55)",
      "rotation": "(-0.7071068,0,0,0.7071068)",
      "hash": "1F1F1883481CEE3A0:1F1D5A8A521CEF230",
      "properties": {
        "type": "Point",
        "intensity": 1.0,
        "range": 20.0,
        "colour": "#DDEEFF",
        "corona": {
          "sprite": "corona_flare02.png",
          "scale": 1.0,
          "range": 100.0
        },
        "dutyCycle": "DuskTillDawn()"
      }
    },
    {
      "parent": "/Far__x7_z6/Far__x7_z6_LFS/Far_Station_SteelMillTrackside/Railway/Railway_Platform_1 (4)/Collider/collider/%GROUP%_Mesh003943004E019053",
      "position": "(0,7.1,-1.55)",
      "rotation": "(-0.7071068,0,0,0.7071068)",
      "hash": "1F351883481D0A320:1F33528A521D0B0B0",
      "properties": {
        "type": "Point",
        "intensity": 1.0,
        "range": 20.0,
        "colour": "#DDEEFF",
        "corona": {
          "sprite": "corona_flare02.png",
          "scale": 1.0,
          "range": 100.0
        },
        "dutyCycle": "DuskTillDawn()"
      }
    },
    {
      "parent": "/Far__x7_z6/Far__x7_z6_LFS/Far_Station_SteelMillIndustry/Roads (1)/Flat_20x20 (1)/Collider/%GROUP%_Mesh0009260004000B5A",
      "position": "(0,7.1,1.55)",
      "rotation": "(-0.7071068,0,0,0.7071068)",
      "hash": "1EF627835E1C84570:1EF7528B041C841B0",
      "properties": {
        "type": "Point",
        "intensity": 1.0,
        "range": 20.0,
        "colour": "#DDEEFF",
        "corona": {
          "sprite": "corona_flare02.png",
          "scale": 1.0,
          "range": 100.0
        },
        "dutyCycle": "DuskTillDawn()"
      }
    },
    {
      "parent": "/Far__x7_z6/Far__x7_z6_LFS/Far_Station_SteelMillIndustry/Roads (1)/Flat_20x20 (1)/Collider/%GROUP%_Mesh0009260004000B5A",
      "position": "(0,7.1,-1.55)",
      "rotation": "(-0.7071068,0,0,0.7071068)",
      "hash": "1EF627835E1C84570:1EF4618B041C85300",
      "properties": {
        "type": "Point",
        "intensity": 1.0,
        "range": 20.0,
        "colour": "#DDEEFF",
        "corona": {
          "sprite": "corona_flare02.png",
          "scale": 1.0,
          "range": 100.0
        },
        "dutyCycle": "DuskTillDawn()"
      }
    },
    {
      "parent": "/Far__x7_z6/Far__x7_z6_LFS/Far_Station_SteelMillTrackside/Railway/Railway_Platform_1 (4)/Collider/collider/%GROUP%_Mesh008329004E009D01",
      "position": "(0,7.1,1.55)",
      "rotation": "(-0.7071068,0,0,0.7071068)",
      "hash": "1ECB1883481C22580:1ECC3F8A521C22140",
      "properties": {
        "type": "Point",
        "intensity": 1.0,
        "range": 20.0,
        "colour": "#DDEEFF",
        "corona": {
          "sprite": "corona_flare02.png",
          "scale": 1.0,
          "range": 100.0
        },
        "dutyCycle": "DuskTillDawn()"
      }
    },
    {
      "parent": "/Far__x7_z6/Far__x7_z6_LFS/Far_Station_SteelMillTrackside/Railway/Railway_Platform_1 (4)/Collider/collider/%GROUP%_Mesh008329004E009D01",
      "position": "(0,7.1,-1.55)",
      "rotation": "(-0.7071068,0,0,0.7071068)",
      "hash": "1ECB1883481C22580:1EC9558A521C23380",
      "properties": {
        "type": "Point",
        "intensity": 1.0,
        "range": 20.0,
        "colour": "#DDEEFF",
        "corona": {
          "sprite": "corona_flare02.png",
          "scale": 1.0,
          "range": 100.0
        },
        "dutyCycle": "DuskTillDawn()"
      }
    },
    {
      "parent": "/Far__x7_z6/Far__x7_z6_LFS/Far_Station_SteelMillTrackside/Railway/Railway_Platform_1 (4)/Collider/collider/%GROUP%_Mesh007A34004E00BE27",
      "position": "(0,7.1,1.55)",
      "rotation": "(-0.7071068,0,0,0.7071068)",
      "hash": "1EDA4183481C414F0:1EDC028A521C41070",
      "properties": {
        "type": "Point",
        "intensity": 1.0,
        "range": 20.0,
        "colour": "#DDEEFF",
        "corona": {
          "sprite": "corona_flare02.png",
          "scale": 1.0,
          "range": 100.0
        },
        "dutyCycle": "DuskTillDawn()"
      }
    },
    {
      "parent": "/Far__x7_z6/Far__x7_z6_LFS/Far_Station_SteelMillTrackside/Railway/Railway_Platform_1 (4)/Collider/collider/%GROUP%_Mesh007A34004E00BE27",
      "position": "(0,7.1,-1.55)",
      "rotation": "(-0.7071068,0,0,0.7071068)",
      "hash": "1EDA4183481C414F0:1ED91C8A521C42340",
      "properties": {
        "type": "Point",
        "intensity": 1.0,
        "range": 20.0,
        "colour": "#DDEEFF",
        "corona": {
          "sprite": "corona_flare02.png",
          "scale": 1.0,
          "range": 100.0
        },
        "dutyCycle": "DuskTillDawn()"
      }
    },
    {
      "parent": "/Far__x7_z6/Far__x7_z6_LFS/Far_Station_SteelMillTrackside/Railway/Railway_Platform_1 (4)/Collider/collider/%GROUP%_Mesh00702B004E00E32B",
      "position": "(0,7.1,1.55)",
      "rotation": "(-0.7071068,0,0,0.7071068)",
      "hash": "1EEB3C83481C64180:1EEC628A521C63360",
      "properties": {
        "type": "Point",
        "intensity": 1.0,
        "range": 20.0,
        "colour": "#DDEEFF",
        "corona": {
          "sprite": "corona_flare02.png",
          "scale": 1.0,
          "range": 100.0
        },
        "dutyCycle": "DuskTillDawn()"
      }
    },
    {
      "parent": "/Far__x7_z6/Far__x7_z6_LFS/Far_Station_SteelMillTrackside/Railway/Railway_Platform_1 (4)/Collider/collider/%GROUP%_Mesh00702B004E00E32B",
      "position": "(0,7.1,-1.55)",
      "rotation": "(-0.7071068,0,0,0.7071068)",
      "hash": "1EEB3C83481C64180:1EEA168A521C645F0",
      "properties": {
        "type": "Point",
        "intensity": 1.0,
        "range": 20.0,
        "colour": "#DDEEFF",
        "corona": {
          "sprite": "corona_flare02.png",
          "scale": 1.0,
          "range": 100.0
        },
        "dutyCycle": "DuskTillDawn()"
      }
    },
    {
      "parent": "/Far__x7_z6/Far__x7_z6_LFS/Far_Station_SteelMillIndustry/Roads (1)/Flat_40x40 (2)/Collider/%GROUP%_Mesh0021090004001C48",
      "position": "(0,7.1,1.55)",
      "rotation": "(-0.7071068,0,0,0.7071068)",
      "hash": "1EBB4F834C1C04220:1EBD148A561C03440",
      "properties": {
        "type": "Point",
        "intensity": 1.0,
        "range": 20.0,
        "colour": "#DDEEFF",
        "corona": {
          "sprite": "corona_flare02.png",
          "scale": 1.0,
          "range": 100.0
        },
        "dutyCycle": "DuskTillDawn()"
      }
    },
    {
      "parent": "/Far__x7_z6/Far__x7_z6_LFS/Far_Station_SteelMillIndustry/Roads (1)/Flat_40x40 (2)/Collider/%GROUP%_Mesh0021090004001C48",
      "position": "(0,7.1,-1.55)",
      "rotation": "(-0.7071068,0,0,0.7071068)",
      "hash": "1EBB4F834C1C04220:1EBA278A561C04630",
      "properties": {
        "type": "Point",
        "intensity": 1.0,
        "range": 20.0,
        "colour": "#DDEEFF",
        "corona": {
          "sprite": "corona_flare02.png",
          "scale": 1.0,
          "range": 100.0
        },
        "dutyCycle": "DuskTillDawn()"
      }
    },
    {
      "parent": "/Far__x7_z6/Far__x7_z6_LFS/Far_Station_SteelMillIndustry/Roads (1)/Flat_40x40/Collider/%GROUP%_Mesh0021010004002227",
      "position": "(0,7.1,1.55)",
      "rotation": "(-0.7071068,0,0,0.7071068)",
      "hash": "1EAC2D834C1BE5400:1EAD518A561BE4580",
      "properties": {
        "type": "Point",
        "intensity": 1.0,
        "range": 20.0,
        "colour": "#DDEEFF",
        "corona": {
          "sprite": "corona_flare02.png",
          "scale": 1.0,
          "range": 100.0
        },
        "dutyCycle": "DuskTillDawn()"
      }
    },
    {
      "parent": "/Far__x7_z6/Far__x7_z6_LFS/Far_Station_SteelMillIndustry/Roads (1)/Flat_40x40/Collider/%GROUP%_Mesh0021010004002227",
      "position": "(0,7.1,-1.55)",
      "rotation": "(-0.7071068,0,0,0.7071068)",
      "hash": "1EAC2D834C1BE5400:1EAB0A8A561BE6270",
      "properties": {
        "type": "Point",
        "intensity": 1.0,
        "range": 20.0,
        "colour": "#DDEEFF",
        "corona": {
          "sprite": "corona_flare02.png",
          "scale": 1.0,
          "range": 100.0
        },
        "dutyCycle": "DuskTillDawn()"
      }
    },
    {
      "parent": "/Near__x7_z6/Near__x7_z6_LFS/%GROUP%_Mesh03293D834803A74E",
      "position": "(0,7.1,-1.55)",
      "rotation": "(-0.7071068,0,0,0.7071068)",
      "hash": "1F293D83481BA74E0:1F281A8A521BA8360",
      "properties": {
        "type": "Point",
        "intensity": 1.0,
        "range": 20.0,
        "colour": "#FFB24D",
        "corona": {
          "sprite": "corona_orange01.png",
          "scale": 0.75,
          "range": 100.0
        },
        "dutyCycle": "DuskTillDawn()"
      }
    },
    {
      "parent": "/Near__x7_z6/Near__x7_z6_LFS/%GROUP%_Mesh03191D8348038737",
      "position": "(0,7.1,-1.55)",
      "rotation": "(-0.7071068,0,0,0.7071068)",
      "hash": "1F191D83481B87370:1F175C8A521B881C0",
      "properties": {
        "type": "Point",
        "intensity": 1.0,
        "range": 20.0,
        "colour": "#FFB24D",
        "corona": {
          "sprite": "corona_orange01.png",
          "scale": 0.75,
          "range": 100.0
        },
        "dutyCycle": "DuskTillDawn()"
      }
    },
    {
      "parent": "/Near__x7_z6/Near__x7_z6_LFS/%GROUP%_Mesh02FD2B8348037245",
      "position": "(0,7.1,-1.55)",
      "rotation": "(-0.7071068,0,0,0.7071068)",
      "hash": "1EFD2B83481B72450:1EFD488A521B71110",
      "properties": {
        "type": "Point",
        "intensity": 1.0,
        "range": 20.0,
        "colour": "#FFB24D",
        "corona": {
          "sprite": "corona_orange01.png",
          "scale": 0.75,
          "range": 100.0
        },
        "dutyCycle": "DuskTillDawn()"
      }
    },
    {
      "parent": "/Near__x7_z6/Near__x7_z6_LFS/%GROUP%_Mesh02DC008348037811",
      "position": "(0,7.1,-1.55)",
      "rotation": "(-0.7071068,0,0,0.7071068)",
      "hash": "1EDC0083481B78110:1EDD0D8A521B79170",
      "properties": {
        "type": "Point",
        "intensity": 1.0,
        "range": 20.0,
        "colour": "#FFB24D",
        "corona": {
          "sprite": "corona_orange01.png",
          "scale": 0.75,
          "range": 100.0
        },
        "dutyCycle": "DuskTillDawn()"
      }
    },
    {
      "parent": "/Near__x7_z6/Near__x7_z6_LFS/%GROUP%_Mesh02C92D8348039C1B",
      "position": "(0,7.1,-1.55)",
      "rotation": "(-0.7071068,0,0,0.7071068)",
      "hash": "1EC92D83481B9C1B0:1EC8348A521B9B040",
      "properties": {
        "type": "Point",
        "intensity": 1.0,
        "range": 20.0,
        "colour": "#DDEEFF",
        "corona": {
          "sprite": "corona_flare02.png",
          "scale": 1.0,
          "range": 100.0
        },
        "dutyCycle": "DuskTillDawn()"
      }
    },
    {
      "parent": "/Near__x7_z6/Near__x7_z6_LFS/%GROUP%_Mesh02A833834803AD31",
      "position": "(0,7.1,-1.55)",
      "rotation": "(-0.7071068,0,0,0.7071068)",
      "hash": "1EA83383481BAD310:1EA7518A521BAC0B0",
      "properties": {
        "type": "Point",
        "intensity": 1.0,
        "range": 20.0,
        "colour": "#DDEEFF",
        "corona": {
          "sprite": "corona_flare02.png",
          "scale": 1.0,
          "range": 100.0
        },
        "dutyCycle": "DuskTillDawn()"
      }
    },
    {
      "parent": "/Near__x7_z6/Near__x7_z6_LFS/%GROUP%_Mesh02A833834803AD31/%GROUP%_Mesh001B130010000017",
      "position": "(0,7.1,1.55)",
      "rotation": "(-0.7071068,0,0,0.7071068)",
      "hash": "1E901283591BB93F0:1E905A8A631BBB000",
      "properties": {
        "type": "Point",
        "intensity": 1.0,
        "range": 20.0,
        "colour": "#DDEEFF",
        "corona": {
          "sprite": "corona_flare02.png",
          "scale": 1.0,
          "range": 100.0
        },
        "dutyCycle": "DuskTillDawn()"
      }
    },
    {
      "parent": "/Near__x7_z6/Near__x7_z6_LFS/%GROUP%_Mesh02A833834803AD31/%GROUP%_Mesh001B130010000017",
      "position": "(0,7.1,-1.55)",
      "rotation": "(-0.7071068,0,0,0.7071068)",
      "hash": "1E901283591BB93F0:1E8F2D8A631BB81A0",
      "properties": {
        "type": "Point",
        "intensity": 1.0,
        "range": 20.0,
        "colour": "#DDEEFF",
        "corona": {
          "sprite": "corona_flare02.png",
          "scale": 1.0,
          "range": 100.0
        },
        "dutyCycle": "DuskTillDawn()"
      }
    },
    {
      "parent": "/Far__x7_z6/Far__x7_z6_LFS/Far_Station_SteelMillIndustry/Poles (1)/ParkingLight/Colliders/Collider (2)",
      "position": "(0.02377534,0.4366131,-0.198589653)",
      "rotation": "(0.584902167,0.0314767025,-0.0227244832,0.8101742)",
      "hash": "1E754F8B291BCC1A0:1E75628B231BCC460",
      "properties": {
        "type": "Point",
        "intensity": 1.0,
        "range": 20.0,
        "colour": "#FFB24D",
        "corona": {
          "sprite": "corona_orange01.png",
          "scale": 0.75,
          "range": 100.0
        },
        "dutyCycle": "DuskTillDawn()"
      }
    },
    {
      "parent": "/Far__x7_z6/Far__x7_z6_LFS/Far_Station_SteelMillIndustry/Poles (1)/ParkingLight/Colliders/Collider (2)",
      "position": "(1.31591558,-0.8215832,0.182984233)",
      "rotation": "(0.5349438,-0.343078554,0.251400828,0.730020463)",
      "hash": "1E754F8B291BCC1A0:1E74188B221BCC090",
      "properties": {
        "type": "Point",
        "intensity": 1.0,
        "range": 20.0,
        "colour": "#FFB24D",
        "corona": {
          "sprite": "corona_orange01.png",
          "scale": 0.75,
          "range": 100.0
        },
        "dutyCycle": "DuskTillDawn()"
      }
    },
    {
      "parent": "/Far__x7_z6/Far__x7_z6_LFS/Far_Station_SteelMillIndustry/Poles (1)/ParkingLight/Colliders/Collider (1)",
      "position": "(-1.26446545,-0.841512144,0.172301173)",
      "rotation": "(-0.146678448,0.779482,-0.575721,-0.1985913)",
      "hash": "1E76128B291BCB0C0:1E74558B211BCA240",
      "properties": {
        "type": "Point",
        "intensity": 1.0,
        "range": 20.0,
        "colour": "#FFB24D",
        "corona": {
          "sprite": "corona_orange01.png",
          "scale": 0.75,
          "range": 100.0
        },
        "dutyCycle": "DuskTillDawn()"
      }
    },
    {
      "parent": "/Far__x7_z6/Far__x7_z6_LFS/Far_Station_SteelMillIndustry/Poles (1)/ParkingLight/Colliders/Collider (1)",
      "position": "(0.00888705347,0.3661236,-0.199778676)",
      "rotation": "(0.3499726,0.650022864,-0.478482038,0.4754414)",
      "hash": "1E76128B291BCB0C0:1E76378B201BCA5E0",
      "properties": {
        "type": "Point",
        "intensity": 1.0,
        "range": 20.0,
        "colour": "#FFB24D",
        "corona": {
          "sprite": "corona_orange01.png",
          "scale": 0.75,
          "range": 100.0
        },
        "dutyCycle": "DuskTillDawn()"
      }
    },
    {
      "parent": "/Far__x7_z6/Far__x7_z6_LFS/Far_Station_SteelMillIndustry/Poles (1)/ParkingLight (1)/Colliders/Collider (2)",
      "position": "(1.37716436,-0.824319363,0.203189254)",
      "rotation": "(0.518656433,-0.391559422,0.288878083,0.7030122)",
      "hash": "1F4B2A8B291BDE5D0:1F49518B241BDE4E0",
      "properties": {
        "type": "Point",
        "intensity": 1.0,
        "range": 20.0,
        "colour": "#FFB24D",
        "corona": {
          "sprite": "corona_orange01.png",
          "scale": 0.75,
          "range": 100.0
        },
        "dutyCycle": "DuskTillDawn()"
      }
    },
    {
      "parent": "/Far__x7_z6/Far__x7_z6_LFS/Far_Station_SteelMillIndustry/Poles (1)/ParkingLight (1)/Colliders/Collider (2)",
      "position": "(0.04381764,0.3959444,-0.195154086)",
      "rotation": "(0.56267947,-0.07917302,0.05425634,0.8210845)",
      "hash": "1F4B2A8B291BDE5D0:1F4B398B221BDF220",
      "properties": {
        "type": "Point",
        "intensity": 1.0,
        "range": 20.0,
        "colour": "#FFB24D",
        "corona": {
          "sprite": "corona_orange01.png",
          "scale": 0.75,
          "range": 100.0
        },
        "dutyCycle": "DuskTillDawn()"
      }
    },
    {
      "parent": "/Far__x7_z6/Far__x7_z6_LFS/Far_Station_SteelMillIndustry/Poles (1)/ParkingLight (1)/Colliders/Collider (1)",
      "position": "(-0.01242757,0.4336695,-0.199584246)",
      "rotation": "(0.256345,0.726625264,-0.5331409,0.349376231)",
      "hash": "1F4B508B291BDD4F0:1F4C168B221BDD380",
      "properties": {
        "type": "Point",
        "intensity": 1.0,
        "range": 20.0,
        "colour": "#FFB24D",
        "corona": {
          "sprite": "corona_orange01.png",
          "scale": 0.75,
          "range": 100.0
        },
        "dutyCycle": "DuskTillDawn()"
      }
    },
    {
      "parent": "/Far__x7_z6/Far__x7_z6_LFS/Far_Station_SteelMillIndustry/Poles (1)/ParkingLight (1)/Colliders/Collider (1)",
      "position": "(-1.31559,-0.8155211,0.18175894)",
      "rotation": "(-0.0383901075,0.8073057,-0.586507857,-0.05284252)",
      "hash": "1F4B508B291BDD4F0:1F4A2F8B221BDC620",
      "properties": {
        "type": "Point",
        "intensity": 1.0,
        "range": 20.0,
        "colour": "#FFB24D",
        "corona": {
          "sprite": "corona_orange01.png",
          "scale": 0.75,
          "range": 100.0
        },
        "dutyCycle": "DuskTillDawn()"
      }
    },
    {
      "parent": "/Near__x7_z6/Near__x7_z6_LFS/%GROUP%_Mesh024E03834803C327",
      "position": "(0,7.1,-1.55)",
      "rotation": "(-0.7071068,0,0,0.7071068)",
      "hash": "1E4E0383481BC3270:1E4C588A521BC42A0",
      "properties": {
        "type": "Point",
        "intensity": 1.0,
        "range": 20.0,
        "colour": "#DDEEFF",
        "corona": {
          "sprite": "corona_flare02.png",
          "scale": 1.0,
          "range": 100.0
        },
        "dutyCycle": "DuskTillDawn()"
      }
    },
    {
      "parent": "/Near__x7_z6/Near__x7_z6_LFS/%GROUP%_Mesh023D3C834803AB01",
      "position": "(0,7.1,-1.55)",
      "rotation": "(-0.7071068,0,0,0.7071068)",
      "hash": "1E3D3C83481BAB010:1E3C358A521BA9590",
      "properties": {
        "type": "Point",
        "intensity": 1.0,
        "range": 20.0,
        "colour": "#DDEEFF",
        "corona": {
          "sprite": "corona_flare02.png",
          "scale": 1.0,
          "range": 100.0
        },
        "dutyCycle": "DuskTillDawn()"
      }
    },
    {
      "parent": "/Near__x7_z6/Near__x7_z6_LFS/%GROUP%_Mesh025A558348039111",
      "position": "(0,7.1,-1.55)",
      "rotation": "(-0.7071068,0,0,0.7071068)",
      "hash": "1E5A5583481B91110:1E59598A521B8F5F0",
      "properties": {
        "type": "Point",
        "intensity": 1.0,
        "range": 20.0,
        "colour": "#FFB24D",
        "corona": {
          "sprite": "corona_orange01.png",
          "scale": 0.75,
          "range": 100.0
        },
        "dutyCycle": "DuskTillDawn()"
      }
    },
    {
      "parent": "/Near__x7_z6/Near__x7_z6_LFS/%GROUP%_Mesh027D288348038358",
      "position": "(0,7.1,-1.55)",
      "rotation": "(-0.7071068,0,0,0.7071068)",
      "hash": "1E7D2883481B83580:1E7D058A521B82250",
      "properties": {
        "type": "Point",
        "intensity": 1.0,
        "range": 20.0,
        "colour": "#FFB24D",
        "corona": {
          "sprite": "corona_orange01.png",
          "scale": 0.75,
          "range": 100.0
        },
        "dutyCycle": "DuskTillDawn()"
      }
    },
    {
      "parent": "/Near__x7_z6/Near__x7_z6_LFS/%GROUP%_Mesh029E2A8348037015",
      "position": "(0,7.1,-1.55)",
      "rotation": "(-0.7071068,0,0,0.7071068)",
      "hash": "1E9E2A83481B70150:1E9D298A521B6F040",
      "properties": {
        "type": "Point",
        "intensity": 1.0,
        "range": 20.0,
        "colour": "#FFB24D",
        "corona": {
          "sprite": "corona_orange01.png",
          "scale": 0.75,
          "range": 100.0
        },
        "dutyCycle": "DuskTillDawn()"
      }
    },
    {
      "parent": "/Near__x7_z6/Near__x7_z6_LFS/%GROUP%_Mesh02BB158348035656",
      "position": "(0,7.1,-1.55)",
      "rotation": "(-0.7071068,0,0,0.7071068)",
      "hash": "1EBB1583481B56560:1EBA118A521B55470",
      "properties": {
        "type": "Point",
        "intensity": 1.0,
        "range": 20.0,
        "colour": "#FFB24D",
        "corona": {
          "sprite": "corona_orange01.png",
          "scale": 0.75,
          "range": 100.0
        },
        "dutyCycle": "DuskTillDawn()"
      }
    },
    {
      "parent": "/Near__x7_z6/Near__x7_z6_LFS/%GROUP%_Mesh031300834803EF19",
      "position": "(0,7.1,-1.55)",
      "rotation": "(-0.7071068,0,0,0.7071068)",
      "hash": "1F130083481BEF190:1F113B8A521BEF590",
      "properties": {
        "type": "Point",
        "intensity": 1.0,
        "range": 20.0,
        "colour": "#DDEEFF",
        "corona": {
          "sprite": "corona_flare02.png",
          "scale": 1.0,
          "range": 100.0
        },
        "dutyCycle": "DuskTillDawn()"
      }
    },
    {
      "parent": "/Near__x7_z6/Near__x7_z6_LFS/%GROUP%_Mesh03002F834803FC55",
      "position": "(0,7.1,-1.55)",
      "rotation": "(-0.7071068,0,0,0.7071068)",
      "hash": "1F002F83481BFC550:1EFF4D8A521BFB2F0",
      "properties": {
        "type": "Point",
        "intensity": 1.0,
        "range": 20.0,
        "colour": "#DDEEFF",
        "corona": {
          "sprite": "corona_flare02.png",
          "scale": 1.0,
          "range": 100.0
        },
        "dutyCycle": "DuskTillDawn()"
      }
    },
    {
      "parent": "/Near__x7_z6/Near__x7_z6_LFS/%GROUP%_Mesh03041F834803D149",
      "position": "(0,7.1,-1.55)",
      "rotation": "(-0.7071068,0,0,0.7071068)",
      "hash": "1F041F83481BD1490:1F025C8A521BD2290",
      "properties": {
        "type": "Point",
        "intensity": 1.0,
        "range": 20.0,
        "colour": "#DDEEFF",
        "corona": {
          "sprite": "corona_flare02.png",
          "scale": 1.0,
          "range": 100.0
        },
        "dutyCycle": "DuskTillDawn()"
      }
    },
    {
      "parent": "/Near__x7_z6/Near__x7_z6_LFS/%GROUP%_Mesh034642834803A205",
      "position": "(0,7.1,-1.55)",
      "rotation": "(-0.7071068,0,0,0.7071068)",
      "hash": "1F464283481BA2050:1F47258A521BA32B0",
      "properties": {
        "type": "Point",
        "intensity": 1.0,
        "range": 20.0,
        "colour": "#DDEEFF",
        "corona": {
          "sprite": "corona_flare02.png",
          "scale": 1.0,
          "range": 100.0
        },
        "dutyCycle": "DuskTillDawn()"
      }
    },
    {
      "parent": "/Far__x7_z6/Far__x7_z6_LFS/Far_Station_SteelMillIndustry/IndustryBuildings (1)/ServiceDepot_03/PostProcOfficeVolumeAO/%GROUP%_Mesh000963060B000432",
      "position": "(0,1.5,0.7)",
      "rotation": "(0,0.881224751,0,-0.472697526)",
      "hash": "1F6E48875A1BD23D0:1F6D2F883C1BD14E0",
      "properties": {
        "type": "Point",
        "intensity": 1.0,
        "range": 20.0,
        "colour": "#DDEEFF",
        "corona": {
          "sprite": "corona_flare02.png",
          "scale": 1.0,
          "range": 100.0
        },
        "dutyCycle": "DuskTillDawn()"
      }
    },
    {
      "parent": "/Far__x7_z6/Far__x7_z6_LFS/Far_Station_SteelMillTrackside/Railway/Railway_Platform_1 (4)/Collider/collider/%GROUP%_Mesh00EC24004E00D633",
      "position": "(0,7.1,-1.55)",
      "rotation": "(-0.7071068,0,0,0.7071068)",
      "hash": "1F3F6283481C08390:1F40548A521C071D0",
      "properties": {
        "type": "Point",
        "intensity": 1.0,
        "range": 20.0,
        "colour": "#DDEEFF",
        "corona": {
          "sprite": "corona_flare02.png",
          "scale": 1.0,
          "range": 100.0
        },
        "dutyCycle": "DuskTillDawn()"
      }
    },
    {
      "parent": "/Near__x7_z6/Near__x7_z6_LFS/%GROUP%_Mesh031718834803B909",
      "position": "(0,7.1,-1.55)",
      "rotation": "(-0.7071068,0,0,0.7071068)",
      "hash": "1F171883481BB9090:1F17638A521BBA2D0",
      "properties": {
        "type": "Point",
        "intensity": 1.0,
        "range": 20.0,
        "colour": "#FFB24D",
        "corona": {
          "sprite": "corona_orange01.png",
          "scale": 0.75,
          "range": 100.0
        },
        "dutyCycle": "DuskTillDawn()"
      }
    },
    {
      "parent": "/Near__x7_z6/Near__x7_z6_LFS/%GROUP%_Mesh026726834803E01F",
      "position": "(0,7.1,-1.55)",
      "rotation": "(-0.7071068,0,0,0.7071068)",
      "hash": "1E672683481BE01F0:1E66158A521BE1200",
      "properties": {
        "type": "Point",
        "intensity": 1.0,
        "range": 20.0,
        "colour": "#DDEEFF",
        "corona": {
          "sprite": "corona_flare02.png",
          "scale": 1.0,
          "range": 100.0
        },
        "dutyCycle": "DuskTillDawn()"
      }
    },
    {
      "parent": "/Far__x7_z6/Far__x7_z6_LFS/Far_Station_SteelMillTrackside/Railway/Railway_Platform_1 (4)/Collider/collider/%GROUP%_Mesh006456004E007E5E",
      "position": "(0,7.1,-1.55)",
      "rotation": "(-0.7071068,0,0,0.7071068)",
      "hash": "1EA02C83481C20360:1E9F1D8A521C213A0",
      "properties": {
        "type": "Point",
        "intensity": 1.0,
        "range": 20.0,
        "colour": "#DDEEFF",
        "corona": {
          "sprite": "corona_flare02.png",
          "scale": 1.0,
          "range": 100.0
        },
        "dutyCycle": "DuskTillDawn()"
      }
    },
    {
      "parent": "/Far__x7_z6/Far__x7_z6_LFS/Far_Station_SteelMillTrackside/IndustryBuildings/Warehouse_Truck/collider/%GROUP%_Mesh000123081E001C13",
      "position": "(0,1.5,0.7)",
      "hash": "1E2C058A091BA7350:1E2D058A4F1BA8410",
      "properties": {
        "type": "Point",
        "intensity": 1.0,
        "range": 20.0,
        "colour": "#FFB24D",
        "corona": {
          "sprite": "corona_orange01.png",
          "scale": 0.75,
          "range": 100.0
        },
        "dutyCycle": "DuskTillDawn()"
      }
    },
    {
      "parent": "/Far__x7_z6/Far__x7_z6_LFS/Far_Station_SteelMillIndustry/Roads (1)/ParkingLot06/Collider/%GROUP%_Mesh00001B0000000025",
      "position": "(0,7.1,1.55)",
      "rotation": "(-0.7071068,0,0,0.7071068)",
      "hash": "1F585F83591BC5590:1F58198A631BC4330",
      "properties": {
        "type": "Point",
        "intensity": 1.0,
        "range": 20.0,
        "colour": "#DDEEFF",
        "corona": {
          "sprite": "corona_flare02.png",
          "scale": 1.0,
          "range": 100.0
        },
        "dutyCycle": "DuskTillDawn()"
      }
    },
    {
      "parent": "/Far__x7_z6/Far__x7_z6_LFS/Far_Station_SteelMillIndustry/Roads (1)/ParkingLot06/Collider/%GROUP%_Mesh00001B0000000025",
      "position": "(0,7.1,-1.55)",
      "rotation": "(-0.7071068,0,0,0.7071068)",
      "hash": "1F585F83591BC5590:1F59428A631BC71C0",
      "properties": {
        "type": "Point",
        "intensity": 1.0,
        "range": 20.0,
        "colour": "#DDEEFF",
        "corona": {
          "sprite": "corona_flare02.png",
          "scale": 1.0,
          "range": 100.0
        },
        "dutyCycle": "DuskTillDawn()"
      }
    },
    {
      "parent": "/Far__x7_z6/Far__x7_z6_LFS/Far_Station_SteelMillIndustry/Roads (1)/ParkingLot06 (1)/Collider/%GROUP%_Mesh00274A0000001D39",
      "position": "(0,7.1,1.55)",
      "rotation": "(-0.7071068,0,0,0.7071068)",
      "hash": "1F365983591BD6550:1F373D8A631BD8160",
      "properties": {
        "type": "Point",
        "intensity": 1.0,
        "range": 20.0,
        "colour": "#DDEEFF",
        "corona": {
          "sprite": "corona_flare02.png",
          "scale": 1.0,
          "range": 100.0
        },
        "dutyCycle": "DuskTillDawn()"
      }
    },
    {
      "parent": "/Far__x7_z6/Far__x7_z6_LFS/Far_Station_SteelMillIndustry/Roads (1)/ParkingLot06 (1)/Collider/%GROUP%_Mesh00274A0000001D39",
      "position": "(0,7.1,-1.55)",
      "rotation": "(-0.7071068,0,0,0.7071068)",
      "hash": "1F365983591BD6550:1F36108A631BD5300",
      "properties": {
        "type": "Point",
        "intensity": 1.0,
        "range": 20.0,
        "colour": "#DDEEFF",
        "corona": {
          "sprite": "corona_flare02.png",
          "scale": 1.0,
          "range": 100.0
        },
        "dutyCycle": "DuskTillDawn()"
      }
    }
  ],
  "meshes": [
    {
      "parent": "/Far__x7_z6/Far__x7_z6_LFS/Far_Station_SteelMillTrackside/Railway/Railway_Platform_1 (4)/Collider/collider",
      "position": "(27.6465912,0.7816742,423.365784)",
      "rotation": "(0,0.342020154,0,0.9396927)",
      "hash": "1E0052825E1C04080:1F2D4083481D2F1B0",
      "properties": {
        "file": "meshes_lampposts.assetbundle",
        "mesh": "LampPostSmall_Floor"
      }
    },
    {
      "parent": "/Far__x7_z6/Far__x7_z6_LFS/Far_Station_SteelMillTrackside/Railway/Railway_Platform_1 (4)/Collider/collider",
      "position": "(-5.292053,0.7816742,410.826965)",
      "rotation": "(0,-0.121869288,0,0.9925462)",
      "hash": "1E0052825E1C04080:1F0C4083481D3B410",
      "properties": {
        "file": "meshes_lampposts.assetbundle",
        "mesh": "LampPostSmall_Floor"
      }
    },
    {
      "parent": "/Far__x7_z6/Far__x7_z6_LFS/Far_Station_SteelMillTrackside/Railway/Railway_Platform_1 (4)/Collider/collider",
      "position": "(-10.3399048,0.7816742,374.095551)",
      "rotation": "(0,-0.398749083,0,0.9170601)",
      "hash": "1E0052825E1C04080:1EF03783481D232D0",
      "properties": {
        "file": "meshes_lampposts.assetbundle",
        "mesh": "LampPostSmall_Floor"
      }
    },
    {
      "parent": "/Far__x7_z6/Far__x7_z6_LFS/Far_Station_SteelMillTrackside/Railway/Railway_Platform_1 (4)/Collider/collider",
      "position": "(-10.335144,0.7816742,334.8903)",
      "rotation": "(0,-0.406736583,0,0.9135455)",
      "hash": "1E0052825E1C04080:1ED63E83481D06050",
      "properties": {
        "file": "meshes_lampposts.assetbundle",
        "mesh": "LampPostSmall_Floor"
      }
    },
    {
      "parent": "/Far__x7_z6/Far__x7_z6_LFS/Far_Station_SteelMillTrackside/Railway/Railway_Platform_1 (4)/Collider/collider",
      "position": "(-10.4123688,0.7816742,297.64682)",
      "rotation": "(0,-0.414693326,0,0.9099612)",
      "hash": "1E0052825E1C04080:1EBD5C83481CEA110",
      "properties": {
        "file": "meshes_lampposts.assetbundle",
        "mesh": "LampPostSmall_Floor"
      }
    },
    {
      "parent": "/Far__x7_z6/Far__x7_z6_LFS/Far_Station_SteelMillTrackside/Railway/Railway_Platform_1 (4)/Collider/collider",
      "position": "(-10.4863586,0.7816742,260.776062)",
      "rotation": "(0,-0.422618359,0,0.906307757)",
      "hash": "1E0052825E1C04080:1EA53083481CCE390",
      "properties": {
        "file": "meshes_lampposts.assetbundle",
        "mesh": "LampPostSmall_Floor"
      }
    },
    {
      "parent": "/Far__x7_z6/Far__x7_z6_LFS/Far_Station_SteelMillTrackside/Railway/Railway_Platform_1 (4)/Collider/collider",
      "position": "(-10.2845306,0.7816742,223.249435)",
      "rotation": "(0,-0.4305111,0,0.902585268)",
      "hash": "1E0052825E1C04080:1E8C5083481CB21D0",
      "properties": {
        "file": "meshes_lampposts.assetbundle",
        "mesh": "LampPostSmall_Floor"
      }
    },
    {
      "parent": "/Far__x7_z6/Far__x7_z6_LFS/Far_Station_SteelMillTrackside/Railway/Railway_Platform_1 (4)/Collider/collider",
      "position": "(-10.4587555,0.7816742,186.0812)",
      "rotation": "(0,-0.398749083,0,0.9170601)",
      "hash": "1E0052825E1C04080:1E740883481C96360",
      "properties": {
        "file": "meshes_lampposts.assetbundle",
        "mesh": "LampPostSmall_Floor"
      }
    },
    {
      "parent": "/Far__x7_z6/Far__x7_z6_LFS/Far_Station_SteelMillTrackside/Railway/Railway_Platform_1 (4)/Collider/collider",
      "position": "(-10.5525665,0.7816742,147.914764)",
      "rotation": "(0,-0.422618359,0,0.906307757)",
      "hash": "1E0052825E1C04080:1E5A4C83481C79620",
      "properties": {
        "file": "meshes_lampposts.assetbundle",
        "mesh": "LampPostSmall_Floor"
      }
    },
    {
      "parent": "/Far__x7_z6/Far__x7_z6_LFS/Far_Station_SteelMillTrackside/Railway/Railway_Platform_1 (4)/Collider/collider",
      "position": "(-10.4467545,0.7816742,111.308113)",
      "rotation": "(0,-0.398749083,0,0.9170601)",
      "hash": "1E0052825E1C04080:1E423E83481C5E2E0",
      "properties": {
        "file": "meshes_lampposts.assetbundle",
        "mesh": "LampPostSmall_Floor"
      }
    },
    {
      "parent": "/Far__x7_z6/Far__x7_z6_LFS/Far_Station_SteelMillTrackside/Railway/Railway_Platform_1 (4)/Collider/collider",
      "position": "(-10.4225693,0.7816742,70.46153)",
      "rotation": "(0,-0.422618359,0,0.906307757)",
      "hash": "1E0052825E1C04080:1E273E83481C3F510",
      "properties": {
        "file": "meshes_lampposts.assetbundle",
        "mesh": "LampPostSmall_Floor"
      }
    },
    {
      "parent": "/Far__x7_z6/Far__x7_z6_LFS/Far_Station_SteelMillTrackside/Railway/Railway_Platform_1 (4)/Collider/collider",
      "position": "(-30.7527733,0.7816742,47.82157)",
      "rotation": "(0,-0.414693326,0,0.9099612)",
      "hash": "1E0052825E1C04080:1E092883481C3C1C0",
      "properties": {
        "file": "meshes_lampposts.assetbundle",
        "mesh": "LampPostSmall_Floor"
      }
    },
    {
      "parent": "/Near__x6_z6/Near__x6_z6_LFS",
      "position": "(1524.32617,131.721909,1060.50977)",
      "rotation": "(0,-0.406736583,0,0.9135455)",
      "hash": "18000000001800000:1DF42083481C24320",
      "properties": {
        "file": "meshes_lampposts.assetbundle",
        "mesh": "LampPostSmall_Floor"
      }
    },
    {
      "parent": "/Near__x6_z6/Near__x6_z6_LFS",
      "position": "(1530.63818,131.721909,1037.20508)",
      "rotation": "(0,-0.422618359,0,0.906307757)",
      "hash": "18000000001800000:1DFA3F83481C0D140",
      "properties": {
        "file": "meshes_lampposts.assetbundle",
        "mesh": "LampPostSmall_Floor"
      }
    },
    {
      "parent": "/Near__x7_z6/Near__x7_z6_LFS",
      "position": "(480.847168,131.721909,1007.8335)",
      "rotation": "(0,-0.406736583,0,0.9135455)",
      "hash": "1C000000001800000:1DE05483481BEF530",
      "properties": {
        "file": "meshes_lampposts.assetbundle",
        "mesh": "LampPostSmall_Floor"
      }
    },
    {
      "parent": "/Near__x7_z6/Near__x7_z6_LFS",
      "position": "(501.7129,131.721909,910.25)",
      "rotation": "(0,-0.398749083,0,0.9170601)",
      "hash": "1C000000001800000:1DF54783481B8E190",
      "properties": {
        "file": "meshes_lampposts.assetbundle",
        "mesh": "LampPostSmall_Floor"
      }
    },
    {
      "parent": "/Far__x7_z6/Far__x7_z6_LFS/Far_Station_SteelMillTrackside/Roads/Flat_40x40 (5)/Collider",
      "position": "(35.1517334,-0.0499939024,30.1287231)",
      "rotation": "(0,-0.406736583,0,0.9135455)",
      "hash": "1E0F3D83591B7D440:1E101B83541BAB610",
      "properties": {
        "file": "meshes_lampposts.assetbundle",
        "mesh": "LampPostDouble_Floor"
      }
    },
    {
      "parent": "/Far__x7_z6/Far__x7_z6_LFS/Far_Station_SteelMillTrackside/Roads/Road_10x8 (2)/Collider",
      "rotation": "(0,0.9099613,0,0.4146933)",
      "hash": "1E310483591BCA570:1E310483591BCA570",
      "properties": {
        "file": "meshes_lampposts.assetbundle",
        "mesh": "LampPostDouble_Floor"
      }
    },
    {
      "parent": "/Far__x7_z6/Far__x7_z6_LFS/Far_Station_SteelMillTrackside/Roads/Flat_40x40 (3)/Collider",
      "position": "(34.2974,-0.0499939024,21.846756)",
      "rotation": "(0,0.9099613,0,0.4146933)",
      "hash": "1E443583591BB9430:1E4A5483541BE1540",
      "properties": {
        "file": "meshes_lampposts.assetbundle",
        "mesh": "LampPostDouble_Floor"
      }
    },
    {
      "parent": "/Far__x7_z6/Far__x7_z6_LFS/Far_Station_SteelMillTrackside/Roads/Flat_40x40 (2)/Collider",
      "position": "(31.6269989,-0.0499939024,21.8630676)",
      "rotation": "(0,0.9099613,0,0.4146933)",
      "hash": "1E5F0083591BD7430:1E633483541BFD550",
      "properties": {
        "file": "meshes_lampposts.assetbundle",
        "mesh": "LampPostDouble_Floor"
      }
    },
    {
      "parent": "/Far__x7_z6/Far__x7_z6_LFS/Far_Station_SteelMillTrackside/Roads/Flat_40x40 (1)/Collider",
      "position": "(29.57048,-0.0499939024,21.91568)",
      "rotation": "(0,0.9099613,0,0.4146933)",
      "hash": "1E792E83591BF5420:1E7C3B83541C1A220",
      "properties": {
        "file": "meshes_lampposts.assetbundle",
        "mesh": "LampPostDouble_Floor"
      }
    },
    {
      "parent": "/Far__x7_z6/Far__x7_z6_LFS/Far_Station_SteelMillTrackside/Roads/Flat_40x40/Collider",
      "position": "(27.89093,-0.0499939024,21.90561)",
      "rotation": "(0,0.8987941,0,0.438371122)",
      "hash": "1E935C83591C13420:1E955F83541C37070",
      "properties": {
        "file": "meshes_lampposts.assetbundle",
        "mesh": "LampPostDouble_Floor"
      }
    },
    {
      "parent": "/Far__x7_z6/Far__x7_z6_LFS/Far_Station_SteelMillTrackside/Railway/Railway_Platform_1 (4)/Collider/collider",
      "position": "(75.06307,0.7816742,173.228851)",
      "rotation": "(0,0.8571673,0,0.5150381)",
      "hash": "1E0052825E1C04080:1EAB4783481C54200",
      "properties": {
        "file": "meshes_lampposts.assetbundle",
        "mesh": "LampPostSmall_Floor"
      }
    },
    {
      "parent": "/Far__x7_z6/Far__x7_z6_LFS/Far_Station_SteelMillTrackside/Railway/Railway_Platform_1 (4)/Collider/collider",
      "position": "(68.50258,0.7816742,208.94455)",
      "rotation": "(0,0.9135455,0,0.4067366)",
      "hash": "1E0052825E1C04080:1EBE2A83481C732C0",
      "properties": {
        "file": "meshes_lampposts.assetbundle",
        "mesh": "LampPostSmall_Floor"
      }
    },
    {
      "parent": "/Far__x7_z6/Far__x7_z6_LFS/Far_Station_SteelMillTrackside/Railway/Railway_Platform_1 (4)/Collider/collider",
      "position": "(74.91608,0.7816742,244.62326)",
      "rotation": "(0,0.9304176,0,-0.366501182)",
      "hash": "1E0052825E1C04080:1EDA5383481C89600",
      "properties": {
        "file": "meshes_lampposts.assetbundle",
        "mesh": "LampPostSmall_Floor"
      }
    },
    {
      "parent": "/Far__x7_z6/Far__x7_z6_LFS/Far_Station_SteelMillTrackside/Railway/Railway_Platform_1 (4)/Collider/collider",
      "position": "(68.16803,0.7816742,324.9209)",
      "rotation": "(0,0.894934356,0,0.446197838)",
      "hash": "1E0052825E1C04080:1F0A5983481CCA400",
      "properties": {
        "file": "meshes_lampposts.assetbundle",
        "mesh": "LampPostSmall_Floor"
      }
    },
    {
      "parent": "/Far__x7_z6/Far__x7_z6_LFS/Far_Station_SteelMillTrackside/Railway/Railway_Platform_1 (4)/Collider/collider",
      "position": "(59.65117,0.7816742,365.3341)",
      "rotation": "(0,0.866025448,0,0.49999997)",
      "hash": "1E0052825E1C04080:1F1F1883481CEE3A0",
      "properties": {
        "file": "meshes_lampposts.assetbundle",
        "mesh": "LampPostSmall_Floor"
      }
    },
    {
      "parent": "/Far__x7_z6/Far__x7_z6_LFS/Far_Station_SteelMillTrackside/Railway/Railway_Platform_1 (4)/Collider/collider",
      "position": "(57.67079,0.7816742,400.831329)",
      "rotation": "(0,0.833885849,0,0.551937)",
      "hash": "1E0052825E1C04080:1F351883481D0A320",
      "properties": {
        "file": "meshes_lampposts.assetbundle",
        "mesh": "LampPostSmall_Floor"
      }
    },
    {
      "parent": "/Far__x7_z6/Far__x7_z6_LFS/Far_Station_SteelMillIndustry/Roads (1)/Flat_20x20 (1)/Collider",
      "position": "(9.388798,-0.0499878,11.9042816)",
      "rotation": "(0,0.833885849,0,0.551937)",
      "hash": "1EE84583631C7E270:1EF627835E1C84570",
      "properties": {
        "file": "meshes_lampposts.assetbundle",
        "mesh": "LampPostDouble_Floor"
      }
    },
    {
      "parent": "/Far__x7_z6/Far__x7_z6_LFS/Far_Station_SteelMillTrackside/Railway/Railway_Platform_1 (4)/Collider/collider",
      "position": "(131.414719,0.7816742,157.010727)",
      "rotation": "(0,0.848048151,0,0.529919267)",
      "hash": "1E0052825E1C04080:1ECB1883481C22580",
      "properties": {
        "file": "meshes_lampposts.assetbundle",
        "mesh": "LampPostDouble_Floor"
      }
    },
    {
      "parent": "/Far__x7_z6/Far__x7_z6_LFS/Far_Station_SteelMillTrackside/Railway/Railway_Platform_1 (4)/Collider/collider",
      "position": "(122.52066,0.7816742,190.39035)",
      "rotation": "(0,0.8571673,0,0.5150381)",
      "hash": "1E0052825E1C04080:1EDA4183481C414F0",
      "properties": {
        "file": "meshes_lampposts.assetbundle",
        "mesh": "LampPostDouble_Floor"
      }
    },
    {
      "parent": "/Far__x7_z6/Far__x7_z6_LFS/Far_Station_SteelMillTrackside/Railway/Railway_Platform_1 (4)/Collider/collider",
      "position": "(112.436768,0.7816742,227.433228)",
      "rotation": "(0,0.852640152,0,0.5224986)",
      "hash": "1E0052825E1C04080:1EEB3C83481C64180",
      "properties": {
        "file": "meshes_lampposts.assetbundle",
        "mesh": "LampPostDouble_Floor"
      }
    },
    {
      "parent": "/Far__x7_z6/Far__x7_z6_LFS/Far_Station_SteelMillIndustry/Roads (1)/Flat_40x40 (2)/Collider",
      "position": "(33.09784,-0.0499908477,28.7205734)",
      "rotation": "(0,0.8433915,0,0.5372996)",
      "hash": "1E912583511BF9220:1EBB4F834C1C04220",
      "properties": {
        "file": "meshes_lampposts.assetbundle",
        "mesh": "LampPostDouble_Floor"
      }
    },
    {
      "parent": "/Far__x7_z6/Far__x7_z6_LFS/Far_Station_SteelMillIndustry/Roads (1)/Flat_40x40/Collider",
      "position": "(33.0171661,-0.0499908477,34.39855)",
      "rotation": "(0,0.8616291,0,0.507538438)",
      "hash": "1E7F3A83511BD5340:1EAC2D834C1BE5400",
      "properties": {
        "file": "meshes_lampposts.assetbundle",
        "mesh": "LampPostDouble_Floor"
      }
    },
    {
      "parent": "/Near__x7_z6/Near__x7_z6_LFS",
      "position": "(809.618652,131.721909,935.789551)",
      "rotation": "(0,0.8616291,0,0.507538438)",
      "hash": "1C000000001800000:1F293D83481BA74E0",
      "properties": {
        "file": "meshes_lampposts.assetbundle",
        "mesh": "LampPostSmall_Floor"
      }
    },
    {
      "parent": "/Near__x7_z6/Near__x7_z6_LFS",
      "position": "(793.2969,131.721909,903.5537)",
      "rotation": "(0,0.8571673,0,0.5150381)",
      "hash": "1C000000001800000:1F191D83481B87370",
      "properties": {
        "file": "meshes_lampposts.assetbundle",
        "mesh": "LampPostSmall_Floor"
      }
    },
    {
      "parent": "/Near__x7_z6/Near__x7_z6_LFS",
      "position": "(765.4331,131.721909,882.6958)",
      "rotation": "(0,-0.09584583,0,0.9953962)",
      "hash": "1C000000001800000:1EFD2B83481B72450",
      "properties": {
        "file": "meshes_lampposts.assetbundle",
        "mesh": "LampPostSmall_Floor"
      }
    },
    {
      "parent": "/Near__x7_z6/Near__x7_z6_LFS",
      "position": "(732.0054,131.721909,888.177246)",
      "rotation": "(0,0.9170601,0,-0.398749083)",
      "hash": "1C000000001800000:1EDC0083481B78110",
      "properties": {
        "file": "meshes_lampposts.assetbundle",
        "mesh": "LampPostSmall_Floor"
      }
    },
    {
      "parent": "/Near__x7_z6/Near__x7_z6_LFS",
      "position": "(713.4546,131.721909,924.2783)",
      "rotation": "(0,0.317304641,0,0.948323667)",
      "hash": "1C000000001800000:1EC92D83481B9C1B0",
      "properties": {
        "file": "meshes_lampposts.assetbundle",
        "mesh": "LampPostSmall_Floor"
      }
    },
    {
      "parent": "/Near__x7_z6/Near__x7_z6_LFS",
      "position": "(680.515137,131.721909,941.4966)",
      "rotation": "(0,0.233445361,0,0.9723699)",
      "hash": "1C000000001800000:1EA83383481BAD310",
      "properties": {
        "file": "meshes_lampposts.assetbundle",
        "mesh": "LampPostSmall_Floor"
      }
    },
    {
      "parent": "/Near__x7_z6/Near__x7_z6_LFS/%GROUP%_Mesh02A833834803AD31",
      "position": "(-27.1914635,0.168334961,-0.235028386)",
      "rotation": "(0,0.241921917,0,0.9702957)",
      "hash": "1EA83383481BAD310:1E901283591BB93F0",
      "properties": {
        "file": "meshes_lampposts.assetbundle",
        "mesh": "LampPostDouble_Floor"
      }
    },
    {
      "parent": "/Near__x7_z6/Near__x7_z6_LFS",
      "position": "(590.0332,131.721909,963.3921)",
      "rotation": "(0,0.9135455,0,0.4067366)",
      "hash": "1C000000001800000:1E4E0383481BC3270",
      "properties": {
        "file": "meshes_lampposts.assetbundle",
        "mesh": "LampPostSmall_Floor"
      }
    },
    {
      "parent": "/Near__x7_z6/Near__x7_z6_LFS",
      "position": "(573.6074,131.721909,939.0117)",
      "rotation": "(0,0.37460658,0,0.927183867)",
      "hash": "1C000000001800000:1E3D3C83481BAB010",
      "properties": {
        "file": "meshes_lampposts.assetbundle",
        "mesh": "LampPostSmall_Floor"
      }
    },
    {
      "parent": "/Near__x7_z6/Near__x7_z6_LFS",
      "position": "(602.853,131.721909,913.17334)",
      "rotation": "(0,0.32556814,0,0.9455186)",
      "hash": "1C000000001800000:1E5A5583481B91110",
      "properties": {
        "file": "meshes_lampposts.assetbundle",
        "mesh": "LampPostSmall_Floor"
      }
    },
    {
      "parent": "/Near__x7_z6/Near__x7_z6_LFS",
      "position": "(637.4053,131.721909,899.8838)",
      "rotation": "(0,0.11320322,0,0.9935719)",
      "hash": "1C000000001800000:1E7D2883481B83580",
      "properties": {
        "file": "meshes_lampposts.assetbundle",
        "mesh": "LampPostSmall_Floor"
      }
    },
    {
      "parent": "/Near__x7_z6/Near__x7_z6_LFS",
      "position": "(670.4292,131.721909,880.210449)",
      "rotation": "(0,0.3502074,0,0.9366722)",
      "hash": "1C000000001800000:1E9E2A83481B70150",
      "properties": {
        "file": "meshes_lampposts.assetbundle",
        "mesh": "LampPostSmall_Floor"
      }
    },
    {
      "parent": "/Near__x7_z6/Near__x7_z6_LFS",
      "position": "(699.210938,131.721909,854.8628)",
      "rotation": "(0,0.35836792,0,0.933580458)",
      "hash": "1C000000001800000:1EBB1583481B56560",
      "properties": {
        "file": "meshes_lampposts.assetbundle",
        "mesh": "LampPostSmall_Floor"
      }
    },
    {
      "parent": "/Near__x7_z6/Near__x7_z6_LFS",
      "position": "(787.0078,131.721909,1007.25977)",
      "rotation": "(0,0.838670552,0,0.544639051)",
      "hash": "1C000000001800000:1F130083481BEF190",
      "properties": {
        "file": "meshes_lampposts.assetbundle",
        "mesh": "LampPostSmall_Floor"
      }
    },
    {
      "parent": "/Near__x7_z6/Near__x7_z6_LFS",
      "position": "(768.477051,131.721909,1020.85156)",
      "rotation": "(0,0.233445361,0,0.9723699)",
      "hash": "1C000000001800000:1F002F83481BFC550",
      "properties": {
        "file": "meshes_lampposts.assetbundle",
        "mesh": "LampPostSmall_Floor"
      }
    },
    {
      "parent": "/Near__x7_z6/Near__x7_z6_LFS",
      "position": "(772.318848,131.721909,977.7363)",
      "rotation": "(0,0.848048151,0,0.529919267)",
      "hash": "1C000000001800000:1F041F83481BD1490",
      "properties": {
        "file": "meshes_lampposts.assetbundle",
        "mesh": "LampPostSmall_Floor"
      }
    },
    {
      "parent": "/Near__x7_z6/Near__x7_z6_LFS",
      "position": "(838.6699,131.721909,930.051758)",
      "rotation": "(0,0.9723699,0,-0.2334454)",
      "hash": "1C000000001800000:1F464283481BA2050",
      "properties": {
        "file": "meshes_lampposts.assetbundle",
        "mesh": "LampPostSmall_Floor"
      }
    },
    {
      "parent": "/Far__x7_z6/Far__x7_z6_LFS/Far_Station_SteelMillIndustry/IndustryBuildings (1)/ServiceDepot_03/PostProcOfficeVolumeAO",
      "position": "(-9.99914,6.11525249,4.500139)",
      "rotation": "(-0.62312,0.334247649,0.334247649,0.62312007)",
      "hash": "1F6C5D814F1BDD2B0:1F6E48875A1BD23D0",
      "properties": {
        "file": "meshes_lampposts.assetbundle",
        "mesh": "LampPostSmall_Wall"
      }
    },
    {
      "parent": "/Far__x7_z6/Far__x7_z6_LFS/Far_Station_SteelMillTrackside/Railway/Railway_Platform_1 (4)/Collider/collider",
      "position": "(236.360031,0.7816742,214.510712)",
      "rotation": "(0,-0.2923718,0,0.9563047)",
      "hash": "1E0052825E1C04080:1F3F6283481C08390",
      "properties": {
        "file": "meshes_lampposts.assetbundle",
        "mesh": "LampPostSmall_Floor"
      }
    },
    {
      "parent": "/Near__x7_z6/Near__x7_z6_LFS",
      "position": "(791.2471,131.721909,953.098633)",
      "rotation": "(0,0.968147635,0,-0.250380039)",
      "hash": "1C000000001800000:1F171883481BB9090",
      "properties": {
        "file": "meshes_lampposts.assetbundle",
        "mesh": "LampPostSmall_Floor"
      }
    },
    {
      "parent": "/Near__x7_z6/Near__x7_z6_LFS",
      "position": "(615.3828,131.721909,992.311035)",
      "rotation": "(0,0.9099613,0,0.4146933)",
      "hash": "1C000000001800000:1E672683481BE01F0",
      "properties": {
        "file": "meshes_lampposts.assetbundle",
        "mesh": "LampPostSmall_Floor"
      }
    },
    {
      "parent": "/Far__x7_z6/Far__x7_z6_LFS/Far_Station_SteelMillTrackside/Railway/Railway_Platform_1 (4)/Collider/collider",
      "position": "(100.868805,0.7816742,126.945824)",
      "rotation": "(0,0.9135455,0,0.4067366)",
      "hash": "1E0052825E1C04080:1EA02C83481C20360",
      "properties": {
        "file": "meshes_lampposts.assetbundle",
        "mesh": "LampPostSmall_Floor"
      }
    },
    {
      "parent": "/Far__x7_z6/Far__x7_z6_LFS/Far_Station_SteelMillTrackside/IndustryBuildings/Warehouse_Truck/collider",
      "position": "(-1.35378075,8.301471,28.199585)",
      "rotation": "(0.2500546,0.6614172,0.6614172,-0.2500546)",
      "hash": "1E1A29814F1B91310:1E2C058A091BA7350",
      "properties": {
        "file": "meshes_lampposts.assetbundle",
        "mesh": "LampPostSmall_Wall"
      }
    },
    {
      "parent": "/Far__x7_z6/Far__x7_z6_LFS/Far_Station_SteelMillIndustry/Roads (1)/ParkingLot06/Collider",
      "position": "(-0.2756193,9.149313E-06,0.373169035)",
      "rotation": "(0,0.9723699,0,-0.2334454)",
      "hash": "1F592983591BC5620:1F585F83591BC5590",
      "properties": {
        "file": "meshes_lampposts.assetbundle",
        "mesh": "LampPostDouble_Floor"
      }
    },
    {
      "parent": "/Far__x7_z6/Far__x7_z6_LFS/Far_Station_SteelMillIndustry/Roads (1)/ParkingLot06 (1)/Collider",
      "position": "(-39.74858,9.149313E-06,29.5741081)",
      "rotation": "(0,0.241921917,0,0.9702957)",
      "hash": "1F0A4783591BC0290:1F365983591BD6550",
      "properties": {
        "file": "meshes_lampposts.assetbundle",
        "mesh": "LampPostDouble_Floor"
      }
    }
  ],
  "decorations": []
}