{
  "version": 97,
  "enabled": true,
  "priority": "High",
  "lights": [
    {
      "parent": "/Far__x7_z6/Far__x7_z6_LFS/Far_Station_SteelMillTrackside/Railway/Railway_Platform_1 (4)/Collider/collider/%GROUP%_Mesh002560004E015754",
      "position": "(0.75,12.25,0)",
      "rotation": "(-0.7071068,0,0,0.7071068)",
      "hash": "1F004C83481CEC510:1F00148F611CED1E0",
      "properties": {
        "type": "Point",
        "intensity": 1.0,
        "range": 30.0,
        "colour": "#FFFFFF",
        "corona": {
          "sprite": "corona_white01.png",
          "scale": 1.0,
          "range": 100.0
        },
        "dutyCycle": "DuskTillDawn()"
      }
    },
    {
      "parent": "/Far__x7_z6/Far__x7_z6_LFS/Far_Station_SteelMillTrackside/Railway/Railway_Platform_1 (4)/Collider/collider/%GROUP%_Mesh002560004E015754",
      "position": "(0,12.25,0.75)",
      "rotation": "(-0.7071068,0,0,0.7071068)",
      "hash": "1F004C83481CEC510:1F001B8F611CEC180",
      "properties": {
        "type": "Point",
        "intensity": 1.0,
        "range": 30.0,
        "colour": "#FFFFFF",
        "corona": {
          "sprite": "corona_white01.png",
          "scale": 1.0,
          "range": 100.0
        },
        "dutyCycle": "DuskTillDawn()"
      }
    },
    {
      "parent": "/Far__x7_z6/Far__x7_z6_LFS/Far_Station_SteelMillTrackside/Railway/Railway_Platform_1 (4)/Collider/collider/%GROUP%_Mesh002560004E015754",
      "position": "(-0.75,12.25,0)",
      "rotation": "(-0.7071068,0,0,0.7071068)",
      "hash": "1F004C83481CEC510:1F01218F611CEC1F0",
      "properties": {
        "type": "Point",
        "intensity": 1.0,
        "range": 30.0,
        "colour": "#FFFFFF",
        "corona": {
          "sprite": "corona_white01.png",
          "scale": 1.0,
          "range": 100.0
        },
        "dutyCycle": "DuskTillDawn()"
      }
    },
    {
      "parent": "/Far__x7_z6/Far__x7_z6_LFS/Far_Station_SteelMillTrackside/Railway/Railway_Platform_1 (4)/Collider/collider/%GROUP%_Mesh002560004E015754",
      "position": "(0,12.25,-0.75)",
      "rotation": "(-0.7071068,0,0,0.7071068)",
      "hash": "1F004C83481CEC510:1F011A8F611CED250",
      "properties": {
        "type": "Point",
        "intensity": 1.0,
        "range": 30.0,
        "colour": "#FFFFFF",
        "corona": {
          "sprite": "corona_white01.png",
          "scale": 1.0,
          "range": 100.0
        },
        "dutyCycle": "DuskTillDawn()"
      }
    },
    {
      "parent": "/Far__x7_z6/Far__x7_z6_LFS/Far_Station_SteelMillTrackside/Railway/Railway_Platform_1 (4)/Collider/collider/%GROUP%_Mesh00260F004E01395D",
      "position": "(0.75,12.25,0)",
      "rotation": "(-0.7071068,0,0,0.7071068)",
      "hash": "1EED0C83481CD6190:1EEC388F611CD64A0",
      "properties": {
        "type": "Point",
        "intensity": 1.0,
        "range": 30.0,
        "colour": "#FFFFFF",
        "corona": {
          "sprite": "corona_white01.png",
          "scale": 1.0,
          "range": 100.0
        },
        "dutyCycle": "DuskTillDawn()"
      }
    },
    {
      "parent": "/Far__x7_z6/Far__x7_z6_LFS/Far_Station_SteelMillTrackside/Railway/Railway_Platform_1 (4)/Collider/collider/%GROUP%_Mesh00260F004E01395D",
      "position": "(0,12.25,0.75)",
      "rotation": "(-0.7071068,0,0,0.7071068)",
      "hash": "1EED0C83481CD6190:1EEC3F8F611CD5450",
      "properties": {
        "type": "Point",
        "intensity": 1.0,
        "range": 30.0,
        "colour": "#FFFFFF",
        "corona": {
          "sprite": "corona_white01.png",
          "scale": 1.0,
          "range": 100.0
        },
        "dutyCycle": "DuskTillDawn()"
      }
    },
    {
      "parent": "/Far__x7_z6/Far__x7_z6_LFS/Far_Station_SteelMillTrackside/Railway/Railway_Platform_1 (4)/Collider/collider/%GROUP%_Mesh00260F004E01395D",
      "position": "(-0.75,12.25,0)",
      "rotation": "(-0.7071068,0,0,0.7071068)",
      "hash": "1EED0C83481CD6190:1EED458F611CD54C0",
      "properties": {
        "type": "Point",
        "intensity": 1.0,
        "range": 30.0,
        "colour": "#FFFFFF",
        "corona": {
          "sprite": "corona_white01.png",
          "scale": 1.0,
          "range": 100.0
        },
        "dutyCycle": "DuskTillDawn()"
      }
    },
    {
      "parent": "/Far__x7_z6/Far__x7_z6_LFS/Far_Station_SteelMillTrackside/Railway/Railway_Platform_1 (4)/Collider/collider/%GROUP%_Mesh00260F004E01395D",
      "position": "(0,12.25,-0.75)",
      "rotation": "(-0.7071068,0,0,0.7071068)",
      "hash": "1EED0C83481CD6190:1EED3D8F611CD6520",
      "properties": {
        "type": "Point",
        "intensity": 1.0,
        "range": 30.0,
        "colour": "#FFFFFF",
        "corona": {
          "sprite": "corona_white01.png",
          "scale": 1.0,
          "range": 100.0
        },
        "dutyCycle": "DuskTillDawn()"
      }
    },
    {
      "parent": "/Far__x7_z6/Far__x7_z6_LFS/Far_Station_SteelMillTrackside/Railway/Railway_Platform_1 (4)/Collider/collider/%GROUP%_Mesh002603004E011B4D",
      "position": "(0.75,12.25,0)",
      "rotation": "(-0.7071068,0,0,0.7071068)",
      "hash": "1ED90883481CBF470:1ED8338F611CC0140",
      "properties": {
        "type": "Point",
        "intensity": 1.0,
        "range": 30.0,
        "colour": "#FFFFFF",
        "corona": {
          "sprite": "corona_white01.png",
          "scale": 1.0,
          "range": 100.0
        },
        "dutyCycle": "DuskTillDawn()"
      }
    },
    {
      "parent": "/Far__x7_z6/Far__x7_z6_LFS/Far_Station_SteelMillTrackside/Railway/Railway_Platform_1 (4)/Collider/collider/%GROUP%_Mesh002603004E011B4D",
      "position": "(0,12.25,0.75)",
      "rotation": "(-0.7071068,0,0,0.7071068)",
      "hash": "1ED90883481CBF470:1ED83A8F611CBF0E0",
      "properties": {
        "type": "Point",
        "intensity": 1.0,
        "range": 30.0,
        "colour": "#FFFFFF",
        "corona": {
          "sprite": "corona_white01.png",
          "scale": 1.0,
          "range": 100.0
        },
        "dutyCycle": "DuskTillDawn()"
      }
    },
    {
      "parent": "/Far__x7_z6/Far__x7_z6_LFS/Far_Station_SteelMillTrackside/Railway/Railway_Platform_1 (4)/Collider/collider/%GROUP%_Mesh002603004E011B4D",
      "position": "(-0.75,12.25,0)",
      "rotation": "(-0.7071068,0,0,0.7071068)",
      "hash": "1ED90883481CBF470:1ED9408F611CBF160",
      "properties": {
        "type": "Point",
        "intensity": 1.0,
        "range": 30.0,
        "colour": "#FFFFFF",
        "corona": {
          "sprite": "corona_white01.png",
          "scale": 1.0,
          "range": 100.0
        },
        "dutyCycle": "DuskTillDawn()"
      }
    },
    {
      "parent": "/Far__x7_z6/Far__x7_z6_LFS/Far_Station_SteelMillTrackside/Railway/Railway_Platform_1 (4)/Collider/collider/%GROUP%_Mesh002603004E011B4D",
      "position": "(0,12.25,-0.75)",
      "rotation": "(-0.7071068,0,0,0.7071068)",
      "hash": "1ED90883481CBF470:1ED9398F611CC01C0",
      "properties": {
        "type": "Point",
        "intensity": 1.0,
        "range": 30.0,
        "colour": "#FFFFFF",
        "corona": {
          "sprite": "corona_white01.png",
          "scale": 1.0,
          "range": 100.0
        },
        "dutyCycle": "DuskTillDawn()"
      }
    },
    {
      "parent": "/Far__x7_z6/Far__x7_z6_LFS/Far_Station_SteelMillTrackside/Railway/Railway_Platform_1 (4)/Collider/collider/%GROUP%_Mesh002606004E00FD52",
      "position": "(0.75,12.25,0)",
      "rotation": "(-0.7071068,0,0,0.7071068)",
      "hash": "1EC51D83481CA9180:1EC4488F611CA9490",
      "properties": {
        "type": "Point",
        "intensity": 1.0,
        "range": 30.0,
        "colour": "#FFFFFF",
        "corona": {
          "sprite": "corona_white01.png",
          "scale": 1.0,
          "range": 100.0
        },
        "dutyCycle": "DuskTillDawn()"
      }
    },
    {
      "parent": "/Far__x7_z6/Far__x7_z6_LFS/Far_Station_SteelMillTrackside/Railway/Railway_Platform_1 (4)/Collider/collider/%GROUP%_Mesh002606004E00FD52",
      "position": "(0,12.25,0.75)",
      "rotation": "(-0.7071068,0,0,0.7071068)",
      "hash": "1EC51D83481CA9180:1EC4508F611CA8430",
      "properties": {
        "type": "Point",
        "intensity": 1.0,
        "range": 30.0,
        "colour": "#FFFFFF",
        "corona": {
          "sprite": "corona_white01.png",
          "scale": 1.0,
          "range": 100.0
        },
        "dutyCycle": "DuskTillDawn()"
      }
    },
    {
      "parent": "/Far__x7_z6/Far__x7_z6_LFS/Far_Station_SteelMillTrackside/Railway/Railway_Platform_1 (4)/Collider/collider/%GROUP%_Mesh002606004E00FD52",
      "position": "(-0.75,12.25,0)",
      "rotation": "(-0.7071068,0,0,0.7071068)",
      "hash": "1EC51D83481CA9180:1EC5558F611CA84B0",
      "properties": {
        "type": "Point",
        "intensity": 1.0,
        "range": 30.0,
        "colour": "#FFFFFF",
        "corona": {
          "sprite": "corona_white01.png",
          "scale": 1.0,
          "range": 100.0
        },
        "dutyCycle": "DuskTillDawn()"
      }
    },
    {
      "parent": "/Far__x7_z6/Far__x7_z6_LFS/Far_Station_SteelMillTrackside/Railway/Railway_Platform_1 (4)/Collider/collider/%GROUP%_Mesh002606004E00FD52",
      "position": "(0,12.25,-0.75)",
      "rotation": "(-0.7071068,0,0,0.7071068)",
      "hash": "1EC51D83481CA9180:1EC54E8F611CA9500",
      "properties": {
        "type": "Point",
        "intensity": 1.0,
        "range": 30.0,
        "colour": "#FFFFFF",
        "corona": {
          "sprite": "corona_white01.png",
          "scale": 1.0,
          "range": 100.0
        },
        "dutyCycle": "DuskTillDawn()"
      }
    },
    {
      "parent": "/Far__x7_z6/Far__x7_z6_LFS/Far_Station_SteelMillTrackside/Railway/Railway_Platform_1 (4)/Collider/collider/%GROUP%_Mesh002606004E00DF4F",
      "position": "(0.75,12.25,0)",
      "rotation": "(-0.7071068,0,0,0.7071068)",
      "hash": "1EB12A83481C92480:1EB0558F611C93140",
      "properties": {
        "type": "Point",
        "intensity": 1.0,
        "range": 30.0,
        "colour": "#FFFFFF",
        "corona": {
          "sprite": "corona_white01.png",
          "scale": 1.0,
          "range": 100.0
        },
        "dutyCycle": "DuskTillDawn()"
      }
    },
    {
      "parent": "/Far__x7_z6/Far__x7_z6_LFS/Far_Station_SteelMillTrackside/Railway/Railway_Platform_1 (4)/Collider/collider/%GROUP%_Mesh002606004E00DF4F",
      "position": "(0,12.25,0.75)",
      "rotation": "(-0.7071068,0,0,0.7071068)",
      "hash": "1EB12A83481C92480:1EB05E8F611C920E0",
      "properties": {
        "type": "Point",
        "intensity": 1.0,
        "range": 30.0,
        "colour": "#FFFFFF",
        "corona": {
          "sprite": "corona_white01.png",
          "scale": 1.0,
          "range": 100.0
        },
        "dutyCycle": "DuskTillDawn()"
      }
    },
    {
      "parent": "/Far__x7_z6/Far__x7_z6_LFS/Far_Station_SteelMillTrackside/Railway/Railway_Platform_1 (4)/Collider/collider/%GROUP%_Mesh002606004E00DF4F",
      "position": "(-0.75,12.25,0)",
      "rotation": "(-0.7071068,0,0,0.7071068)",
      "hash": "1EB12A83481C92480:1EB2008F611C92180",
      "properties": {
        "type": "Point",
        "intensity": 1.0,
        "range": 30.0,
        "colour": "#FFFFFF",
        "corona": {
          "sprite": "corona_white01.png",
          "scale": 1.0,
          "range": 100.0
        },
        "dutyCycle": "DuskTillDawn()"
      }
    },
    {
      "parent": "/Far__x7_z6/Far__x7_z6_LFS/Far_Station_SteelMillTrackside/Railway/Railway_Platform_1 (4)/Collider/collider/%GROUP%_Mesh002606004E00DF4F",
      "position": "(0,12.25,-0.75)",
      "rotation": "(-0.7071068,0,0,0.7071068)",
      "hash": "1EB12A83481C92480:1EB15B8F611C931D0",
      "properties": {
        "type": "Point",
        "intensity": 1.0,
        "range": 30.0,
        "colour": "#FFFFFF",
        "corona": {
          "sprite": "corona_white01.png",
          "scale": 1.0,
          "range": 100.0
        },
        "dutyCycle": "DuskTillDawn()"
      }
    },
    {
      "parent": "/Far__x7_z6/Far__x7_z6_LFS/Far_Station_SteelMillTrackside/Railway/Railway_Platform_1 (4)/Collider/collider/%GROUP%_Mesh002562004E00C14F",
      "position": "(0.75,12.25,0)",
      "rotation": "(-0.7071068,0,0,0.7071068)",
      "hash": "1E9D3383481C7C1B0:1E9C608F611C7C4D0",
      "properties": {
        "type": "Point",
        "intensity": 1.0,
        "range": 30.0,
        "colour": "#FFFFFF",
        "corona": {
          "sprite": "corona_white01.png",
          "scale": 1.0,
          "range": 100.0
        },
        "dutyCycle": "DuskTillDawn()"
      }
    },
    {
      "parent": "/Far__x7_z6/Far__x7_z6_LFS/Far_Station_SteelMillTrackside/Railway/Railway_Platform_1 (4)/Collider/collider/%GROUP%_Mesh002562004E00C14F",
      "position": "(0,12.25,0.75)",
      "rotation": "(-0.7071068,0,0,0.7071068)",
      "hash": "1E9D3383481C7C1B0:1E9D018F611C7B470",
      "properties": {
        "type": "Point",
        "intensity": 1.0,
        "range": 30.0,
        "colour": "#FFFFFF",
        "corona": {
          "sprite": "corona_white01.png",
          "scale": 1.0,
          "range": 100.0
        },
        "dutyCycle": "DuskTillDawn()"
      }
    },
    {
      "parent": "/Far__x7_z6/Far__x7_z6_LFS/Far_Station_SteelMillTrackside/Railway/Railway_Platform_1 (4)/Collider/collider/%GROUP%_Mesh002562004E00C14F",
      "position": "(-0.75,12.25,0)",
      "rotation": "(-0.7071068,0,0,0.7071068)",
      "hash": "1E9D3383481C7C1B0:1E9E078F611C7B4D0",
      "properties": {
        "type": "Point",
        "intensity": 1.0,
        "range": 30.0,
        "colour": "#FFFFFF",
        "corona": {
          "sprite": "corona_white01.png",
          "scale": 1.0,
          "range": 100.0
        },
        "dutyCycle": "DuskTillDawn()"
      }
    },
    {
      "parent": "/Far__x7_z6/Far__x7_z6_LFS/Far_Station_SteelMillTrackside/Railway/Railway_Platform_1 (4)/Collider/collider/%GROUP%_Mesh002562004E00C14F",
      "position": "(0,12.25,-0.75)",
      "rotation": "(-0.7071068,0,0,0.7071068)",
      "hash": "1E9D3383481C7C1B0:1E9E028F611C7C530",
      "properties": {
        "type": "Point",
        "intensity": 1.0,
        "range": 30.0,
        "colour": "#FFFFFF",
        "corona": {
          "sprite": "corona_white01.png",
          "scale": 1.0,
          "range": 100.0
        },
        "dutyCycle": "DuskTillDawn()"
      }
    },
    {
      "parent": "/Far__x7_z6/Far__x7_z6_LFS/Far_Station_SteelMillTrackside/Railway/Railway_Platform_1 (4)/Collider/collider/%GROUP%_Mesh002560004E00A34F",
      "position": "(0.75,12.25,0)",
      "rotation": "(-0.7071068,0,0,0.7071068)",
      "hash": "1E894183481C654F0:1E89098F611C661C0",
      "properties": {
        "type": "Point",
        "intensity": 1.0,
        "range": 30.0,
        "colour": "#FFFFFF",
        "corona": {
          "sprite": "corona_white01.png",
          "scale": 1.0,
          "range": 100.0
        },
        "dutyCycle": "DuskTillDawn()"
      }
    },
    {
      "parent": "/Far__x7_z6/Far__x7_z6_LFS/Far_Station_SteelMillTrackside/Railway/Railway_Platform_1 (4)/Collider/collider/%GROUP%_Mesh002560004E00A34F",
      "position": "(0,12.25,0.75)",
      "rotation": "(-0.7071068,0,0,0.7071068)",
      "hash": "1E894183481C654F0:1E89108F611C65170",
      "properties": {
        "type": "Point",
        "intensity": 1.0,
        "range": 30.0,
        "colour": "#FFFFFF",
        "corona": {
          "sprite": "corona_white01.png",
          "scale": 1.0,
          "range": 100.0
        },
        "dutyCycle": "DuskTillDawn()"
      }
    },
    {
      "parent": "/Far__x7_z6/Far__x7_z6_LFS/Far_Station_SteelMillTrackside/Railway/Railway_Platform_1 (4)/Collider/collider/%GROUP%_Mesh002560004E00A34F",
      "position": "(-0.75,12.25,0)",
      "rotation": "(-0.7071068,0,0,0.7071068)",
      "hash": "1E894183481C654F0:1E8A168F611C651E0",
      "properties": {
        "type": "Point",
        "intensity": 1.0,
        "range": 30.0,
        "colour": "#FFFFFF",
        "corona": {
          "sprite": "corona_white01.png",
          "scale": 1.0,
          "range": 100.0
        },
        "dutyCycle": "DuskTillDawn()"
      }
    },
    {
      "parent": "/Far__x7_z6/Far__x7_z6_LFS/Far_Station_SteelMillTrackside/Railway/Railway_Platform_1 (4)/Collider/collider/%GROUP%_Mesh002560004E00A34F",
      "position": "(0,12.25,-0.75)",
      "rotation": "(-0.7071068,0,0,0.7071068)",
      "hash": "1E894183481C654F0:1E8A0F8F611C66240",
      "properties": {
        "type": "Point",
        "intensity": 1.0,
        "range": 30.0,
        "colour": "#FFFFFF",
        "corona": {
          "sprite": "corona_white01.png",
          "scale": 1.0,
          "range": 100.0
        },
        "dutyCycle": "DuskTillDawn()"
      }
    },
    {
      "parent": "/Far__x7_z6/Far__x7_z6_LFS/Far_Station_SteelMillTrackside/Railway/Railway_Platform_1 (4)/Collider/collider/%GROUP%_Mesh002561004E00854F",
      "position": "(0.75,12.25,0)",
      "rotation": "(-0.7071068,0,0,0.7071068)",
      "hash": "1E755183481C4F1C0:1E75198F611C4F4E0",
      "properties": {
        "type": "Point",
        "intensity": 1.0,
        "range": 30.0,
        "colour": "#FFFFFF",
        "corona": {
          "sprite": "corona_white01.png",
          "scale": 1.0,
          "range": 100.0
        },
        "dutyCycle": "DuskTillDawn()"
      }
    },
    {
      "parent": "/Far__x7_z6/Far__x7_z6_LFS/Far_Station_SteelMillTrackside/Railway/Railway_Platform_1 (4)/Collider/collider/%GROUP%_Mesh002561004E00854F",
      "position": "(0,12.25,0.75)",
      "rotation": "(-0.7071068,0,0,0.7071068)",
      "hash": "1E755183481C4F1C0:1E75208F611C4E480",
      "properties": {
        "type": "Point",
        "intensity": 1.0,
        "range": 30.0,
        "colour": "#FFFFFF",
        "corona": {
          "sprite": "corona_white01.png",
          "scale": 1.0,
          "range": 100.0
        },
        "dutyCycle": "DuskTillDawn()"
      }
    },
    {
      "parent": "/Far__x7_z6/Far__x7_z6_LFS/Far_Station_SteelMillTrackside/Railway/Railway_Platform_1 (4)/Collider/collider/%GROUP%_Mesh002561004E00854F",
      "position": "(-0.75,12.25,0)",
      "rotation": "(-0.7071068,0,0,0.7071068)",
      "hash": "1E755183481C4F1C0:1E76268F611C4E4F0",
      "properties": {
        "type": "Point",
        "intensity": 1.0,
        "range": 30.0,
        "colour": "#FFFFFF",
        "corona": {
          "sprite": "corona_white01.png",
          "scale": 1.0,
          "range": 100.0
        },
        "dutyCycle": "DuskTillDawn()"
      }
    },
    {
      "parent": "/Far__x7_z6/Far__x7_z6_LFS/Far_Station_SteelMillTrackside/Railway/Railway_Platform_1 (4)/Collider/collider/%GROUP%_Mesh002561004E00854F",
      "position": "(0,12.25,-0.75)",
      "rotation": "(-0.7071068,0,0,0.7071068)",
      "hash": "1E755183481C4F1C0:1E761F8F611C4F550",
      "properties": {
        "type": "Point",
        "intensity": 1.0,
        "range": 30.0,
        "colour": "#FFFFFF",
        "corona": {
          "sprite": "corona_white01.png",
          "scale": 1.0,
          "range": 100.0
        },
        "dutyCycle": "DuskTillDawn()"
      }
    },
    {
      "parent": "/Far__x7_z6/Far__x7_z6_LFS/Far_Station_SteelMillTrackside/Railway/Railway_Platform_1 (4)/Collider/collider/%GROUP%_Mesh002560004E00674F",
      "position": "(0.75,12.25,0)",
      "rotation": "(-0.7071068,0,0,0.7071068)",
      "hash": "1E616083481C384F0:1E61288F611C391D0",
      "properties": {
        "type": "Point",
        "intensity": 1.0,
        "range": 30.0,
        "colour": "#FFFFFF",
        "corona": {
          "sprite": "corona_white01.png",
          "scale": 1.0,
          "range": 100.0
        },
        "dutyCycle": "DuskTillDawn()"
      }
    },
    {
      "parent": "/Far__x7_z6/Far__x7_z6_LFS/Far_Station_SteelMillTrackside/Railway/Railway_Platform_1 (4)/Collider/collider/%GROUP%_Mesh002560004E00674F",
      "position": "(0,12.25,0.75)",
      "rotation": "(-0.7071068,0,0,0.7071068)",
      "hash": "1E616083481C384F0:1E612E8F611C38180",
      "properties": {
        "type": "Point",
        "intensity": 1.0,
        "range": 30.0,
        "colour": "#FFFFFF",
        "corona": {
          "sprite": "corona_white01.png",
          "scale": 1.0,
          "range": 100.0
        },
        "dutyCycle": "DuskTillDawn()"
      }
    },
    {
      "parent": "/Far__x7_z6/Far__x7_z6_LFS/Far_Station_SteelMillTrackside/Railway/Railway_Platform_1 (4)/Collider/collider/%GROUP%_Mesh002560004E00674F",
      "position": "(-0.75,12.25,0)",
      "rotation": "(-0.7071068,0,0,0.7071068)",
      "hash": "1E616083481C384F0:1E62348F611C381D0",
      "properties": {
        "type": "Point",
        "intensity": 1.0,
        "range": 30.0,
        "colour": "#FFFFFF",
        "corona": {
          "sprite": "corona_white01.png",
          "scale": 1.0,
          "range": 100.0
        },
        "dutyCycle": "DuskTillDawn()"
      }
    },
    {
      "parent": "/Far__x7_z6/Far__x7_z6_LFS/Far_Station_SteelMillTrackside/Railway/Railway_Platform_1 (4)/Collider/collider/%GROUP%_Mesh002560004E00674F",
      "position": "(0,12.25,-0.75)",
      "rotation": "(-0.7071068,0,0,0.7071068)",
      "hash": "1E616083481C384F0:1E622E8F611C39230",
      "properties": {
        "type": "Point",
        "intensity": 1.0,
        "range": 30.0,
        "colour": "#FFFFFF",
        "corona": {
          "sprite": "corona_white01.png",
          "scale": 1.0,
          "range": 100.0
        },
        "dutyCycle": "DuskTillDawn()"
      }
    },
    {
      "parent": "/Far__x7_z6/Far__x7_z6_LFS/Far_Station_SteelMillTrackside/Railway/Railway_Platform_1 (4)/Collider/collider/%GROUP%_Mesh00255D004E004950",
      "position": "(0.75,12.25,0)",
      "rotation": "(-0.7071068,0,0,0.7071068)",
      "hash": "1E4E0983481C22210:1E4D348F611C22510",
      "properties": {
        "type": "Point",
        "intensity": 1.0,
        "range": 30.0,
        "colour": "#FFFFFF",
        "corona": {
          "sprite": "corona_white01.png",
          "scale": 1.0,
          "range": 100.0
        },
        "dutyCycle": "DuskTillDawn()"
      }
    },
    {
      "parent": "/Far__x7_z6/Far__x7_z6_LFS/Far_Station_SteelMillTrackside/Railway/Railway_Platform_1 (4)/Collider/collider/%GROUP%_Mesh00255D004E004950",
      "position": "(0,12.25,0.75)",
      "rotation": "(-0.7071068,0,0,0.7071068)",
      "hash": "1E4E0983481C22210:1E4D3D8F611C214B0",
      "properties": {
        "type": "Point",
        "intensity": 1.0,
        "range": 30.0,
        "colour": "#FFFFFF",
        "corona": {
          "sprite": "corona_white01.png",
          "scale": 1.0,
          "range": 100.0
        },
        "dutyCycle": "DuskTillDawn()"
      }
    },
    {
      "parent": "/Far__x7_z6/Far__x7_z6_LFS/Far_Station_SteelMillTrackside/Railway/Railway_Platform_1 (4)/Collider/collider/%GROUP%_Mesh00255D004E004950",
      "position": "(-0.75,12.25,0)",
      "rotation": "(-0.7071068,0,0,0.7071068)",
      "hash": "1E4E0983481C22210:1E4E438F611C21540",
      "properties": {
        "type": "Point",
        "intensity": 1.0,
        "range": 30.0,
        "colour": "#FFFFFF",
        "corona": {
          "sprite": "corona_white01.png",
          "scale": 1.0,
          "range": 100.0
        },
        "dutyCycle": "DuskTillDawn()"
      }
    },
    {
      "parent": "/Far__x7_z6/Far__x7_z6_LFS/Far_Station_SteelMillTrackside/Railway/Railway_Platform_1 (4)/Collider/collider/%GROUP%_Mesh00255D004E004950",
      "position": "(0,12.25,-0.75)",
      "rotation": "(-0.7071068,0,0,0.7071068)",
      "hash": "1E4E0983481C22210:1E4E3A8F611C225A0",
      "properties": {
        "type": "Point",
        "intensity": 1.0,
        "range": 30.0,
        "colour": "#FFFFFF",
        "corona": {
          "sprite": "corona_white01.png",
          "scale": 1.0,
          "range": 100.0
        },
        "dutyCycle": "DuskTillDawn()"
      }
    },
    {
      "parent": "/Far__x7_z6/Far__x7_z6_LFS/Far_Station_SteelMillTrackside/Railway/Railway_Platform_1 (4)/Collider/collider/%GROUP%_Mesh00255D004E002B54",
      "position": "(0.75,12.25,0)",
      "rotation": "(-0.7071068,0,0,0.7071068)",
      "hash": "1E3A1C83481C0B560:1E39478F611C0C240",
      "properties": {
        "type": "Point",
        "intensity": 1.0,
        "range": 30.0,
        "colour": "#FFFFFF",
        "corona": {
          "sprite": "corona_white01.png",
          "scale": 1.0,
          "range": 100.0
        },
        "dutyCycle": "DuskTillDawn()"
      }
    },
    {
      "parent": "/Far__x7_z6/Far__x7_z6_LFS/Far_Station_SteelMillTrackside/Railway/Railway_Platform_1 (4)/Collider/collider/%GROUP%_Mesh00255D004E002B54",
      "position": "(0,12.25,0.75)",
      "rotation": "(-0.7071068,0,0,0.7071068)",
      "hash": "1E3A1C83481C0B560:1E394E8F611C0B1E0",
      "properties": {
        "type": "Point",
        "intensity": 1.0,
        "range": 30.0,
        "colour": "#FFFFFF",
        "corona": {
          "sprite": "corona_white01.png",
          "scale": 1.0,
          "range": 100.0
        },
        "dutyCycle": "DuskTillDawn()"
      }
    },
    {
      "parent": "/Far__x7_z6/Far__x7_z6_LFS/Far_Station_SteelMillTrackside/Railway/Railway_Platform_1 (4)/Collider/collider/%GROUP%_Mesh00255D004E002B54",
      "position": "(-0.75,12.25,0)",
      "rotation": "(-0.7071068,0,0,0.7071068)",
      "hash": "1E3A1C83481C0B560:1E3A548F611C0B250",
      "properties": {
        "type": "Point",
        "intensity": 1.0,
        "range": 30.0,
        "colour": "#FFFFFF",
        "corona": {
          "sprite": "corona_white01.png",
          "scale": 1.0,
          "range": 100.0
        },
        "dutyCycle": "DuskTillDawn()"
      }
    },
    {
      "parent": "/Far__x7_z6/Far__x7_z6_LFS/Far_Station_SteelMillTrackside/Railway/Railway_Platform_1 (4)/Collider/collider/%GROUP%_Mesh00255D004E002B54",
      "position": "(0,12.25,-0.75)",
      "rotation": "(-0.7071068,0,0,0.7071068)",
      "hash": "1E3A1C83481C0B560:1E3A4D8F611C0C2B0",
      "properties": {
        "type": "Point",
        "intensity": 1.0,
        "range": 30.0,
        "colour": "#FFFFFF",
        "corona": {
          "sprite": "corona_white01.png",
          "scale": 1.0,
          "range": 100.0
        },
        "dutyCycle": "DuskTillDawn()"
      }
    },
    {
      "parent": "/Near__x7_z6/Near__x7_z6_LFS/%GROUP%_Mesh022627834803F51C",
      "position": "(0.75,12.25,0)",
      "rotation": "(-0.7071068,0,0,0.7071068)",
      "hash": "1E262783481BF51C0:1E25528F611BF54D0",
      "properties": {
        "type": "Point",
        "intensity": 1.0,
        "range": 30.0,
        "colour": "#FFFFFF",
        "corona": {
          "sprite": "corona_white01.png",
          "scale": 1.0,
          "range": 100.0
        },
        "dutyCycle": "DuskTillDawn()"
      }
    },
    {
      "parent": "/Near__x7_z6/Near__x7_z6_LFS/%GROUP%_Mesh022627834803F51C",
      "position": "(0,12.25,0.75)",
      "rotation": "(-0.7071068,0,0,0.7071068)",
      "hash": "1E262783481BF51C0:1E255A8F611BF4480",
      "properties": {
        "type": "Point",
        "intensity": 1.0,
        "range": 30.0,
        "colour": "#FFFFFF",
        "corona": {
          "sprite": "corona_white01.png",
          "scale": 1.0,
          "range": 100.0
        },
        "dutyCycle": "DuskTillDawn()"
      }
    },
    {
      "parent": "/Near__x7_z6/Near__x7_z6_LFS/%GROUP%_Mesh022627834803F51C",
      "position": "(-0.75,12.25,0)",
      "rotation": "(-0.7071068,0,0,0.7071068)",
      "hash": "1E262783481BF51C0:1E265F8F611BF44F0",
      "properties": {
        "type": "Point",
        "intensity": 1.0,
        "range": 30.0,
        "colour": "#FFFFFF",
        "corona": {
          "sprite": "corona_white01.png",
          "scale": 1.0,
          "range": 100.0
        },
        "dutyCycle": "DuskTillDawn()"
      }
    },
    {
      "parent": "/Near__x7_z6/Near__x7_z6_LFS/%GROUP%_Mesh022627834803F51C",
      "position": "(0,12.25,-0.75)",
      "rotation": "(-0.7071068,0,0,0.7071068)",
      "hash": "1E262783481BF51C0:1E26588F611BF5550",
      "properties": {
        "type": "Point",
        "intensity": 1.0,
        "range": 30.0,
        "colour": "#FFFFFF",
        "corona": {
          "sprite": "corona_white01.png",
          "scale": 1.0,
          "range": 100.0
        },
        "dutyCycle": "DuskTillDawn()"
      }
    },
    {
      "parent": "/Near__x7_z6/Near__x7_z6_LFS/%GROUP%_Mesh021236834803DE42",
      "position": "(0.75,12.25,0)",
      "rotation": "(-0.7071068,0,0,0.7071068)",
      "hash": "1E123683481BDE420:1E11618F611BDF0F0",
      "properties": {
        "type": "Point",
        "intensity": 1.0,
        "range": 30.0,
        "colour": "#FFFFFF",
        "corona": {
          "sprite": "corona_white01.png",
          "scale": 1.0,
          "range": 100.0
        },
        "dutyCycle": "DuskTillDawn()"
      }
    },
    {
      "parent": "/Near__x7_z6/Near__x7_z6_LFS/%GROUP%_Mesh021236834803DE42",
      "position": "(0,12.25,0.75)",
      "rotation": "(-0.7071068,0,0,0.7071068)",
      "hash": "1E123683481BDE420:1E12048F611BDE0A0",
      "properties": {
        "type": "Point",
        "intensity": 1.0,
        "range": 30.0,
        "colour": "#FFFFFF",
        "corona": {
          "sprite": "corona_white01.png",
          "scale": 1.0,
          "range": 100.0
        },
        "dutyCycle": "DuskTillDawn()"
      }
    },
    {
      "parent": "/Near__x7_z6/Near__x7_z6_LFS/%GROUP%_Mesh021236834803DE42",
      "position": "(-0.75,12.25,0)",
      "rotation": "(-0.7071068,0,0,0.7071068)",
      "hash": "1E123683481BDE420:1E130A8F611BDE110",
      "properties": {
        "type": "Point",
        "intensity": 1.0,
        "range": 30.0,
        "colour": "#FFFFFF",
        "corona": {
          "sprite": "corona_white01.png",
          "scale": 1.0,
          "range": 100.0
        },
        "dutyCycle": "DuskTillDawn()"
      }
    },
    {
      "parent": "/Near__x7_z6/Near__x7_z6_LFS/%GROUP%_Mesh021236834803DE42",
      "position": "(0,12.25,-0.75)",
      "rotation": "(-0.7071068,0,0,0.7071068)",
      "hash": "1E123683481BDE420:1E13038F611BDF170",
      "properties": {
        "type": "Point",
        "intensity": 1.0,
        "range": 30.0,
        "colour": "#FFFFFF",
        "corona": {
          "sprite": "corona_white01.png",
          "scale": 1.0,
          "range": 100.0
        },
        "dutyCycle": "DuskTillDawn()"
      }
    },
    {
      "parent": "/Near__x7_z6/Near__x7_z6_LFS/%GROUP%_Mesh01FE3F834803C819",
      "position": "(0.75,12.25,0)",
      "rotation": "(-0.7071068,0,0,0.7071068)",
      "hash": "1DFE3F83481BC8190:1DFE068F611BC84A0",
      "properties": {
        "type": "Point",
        "intensity": 1.0,
        "range": 30.0,
        "colour": "#FFFFFF",
        "corona": {
          "sprite": "corona_white01.png",
          "scale": 1.0,
          "range": 100.0
        },
        "dutyCycle": "DuskTillDawn()"
      }
    },
    {
      "parent": "/Near__x7_z6/Near__x7_z6_LFS/%GROUP%_Mesh01FE3F834803C819",
      "position": "(0,12.25,0.75)",
      "rotation": "(-0.7071068,0,0,0.7071068)",
      "hash": "1DFE3F83481BC8190:1DFE0E8F611BC7440",
      "properties": {
        "type": "Point",
        "intensity": 1.0,
        "range": 30.0,
        "colour": "#FFFFFF",
        "corona": {
          "sprite": "corona_white01.png",
          "scale": 1.0,
          "range": 100.0
        },
        "dutyCycle": "DuskTillDawn()"
      }
    },
    {
      "parent": "/Near__x7_z6/Near__x7_z6_LFS/%GROUP%_Mesh01FE3F834803C819",
      "position": "(-0.75,12.25,0)",
      "rotation": "(-0.7071068,0,0,0.7071068)",
      "hash": "1DFE3F83481BC8190:1DFF148F611BC74C0",
      "properties": {
        "type": "Point",
        "intensity": 1.0,
        "range": 30.0,
        "colour": "#FFFFFF",
        "corona": {
          "sprite": "corona_white01.png",
          "scale": 1.0,
          "range": 100.0
        },
        "dutyCycle": "DuskTillDawn()"
      }
    },
    {
      "parent": "/Near__x7_z6/Near__x7_z6_LFS/%GROUP%_Mesh01FE3F834803C819",
      "position": "(0,12.25,-0.75)",
      "rotation": "(-0.7071068,0,0,0.7071068)",
      "hash": "1DFE3F83481BC8190:1DFF0C8F611BC8520",
      "properties": {
        "type": "Point",
        "intensity": 1.0,
        "range": 30.0,
        "colour": "#FFFFFF",
        "corona": {
          "sprite": "corona_white01.png",
          "scale": 1.0,
          "range": 100.0
        },
        "dutyCycle": "DuskTillDawn()"
      }
    },
    {
      "parent": "/Near__x7_z6/Near__x7_z6_LFS/%GROUP%_Mesh01EA58834803B14C",
      "position": "(0.75,12.25,0)",
      "rotation": "(-0.7071068,0,0,0.7071068)",
      "hash": "1DEA5883481BB14C0:1DEA208F611BB2190",
      "properties": {
        "type": "Point",
        "intensity": 1.0,
        "range": 30.0,
        "colour": "#FFFFFF",
        "corona": {
          "sprite": "corona_white01.png",
          "scale": 1.0,
          "range": 100.0
        },
        "dutyCycle": "DuskTillDawn()"
      }
    },
    {
      "parent": "/Near__x7_z6/Near__x7_z6_LFS/%GROUP%_Mesh01EA58834803B14C",
      "position": "(0,12.25,0.75)",
      "rotation": "(-0.7071068,0,0,0.7071068)",
      "hash": "1DEA5883481BB14C0:1DEA278F611BB1130",
      "properties": {
        "type": "Point",
        "intensity": 1.0,
        "range": 30.0,
        "colour": "#FFFFFF",
        "corona": {
          "sprite": "corona_white01.png",
          "scale": 1.0,
          "range": 100.0
        },
        "dutyCycle": "DuskTillDawn()"
      }
    },
    {
      "parent": "/Near__x7_z6/Near__x7_z6_LFS/%GROUP%_Mesh01EA58834803B14C",
      "position": "(-0.75,12.25,0)",
      "rotation": "(-0.7071068,0,0,0.7071068)",
      "hash": "1DEA5883481BB14C0:1DEB2D8F611BB11B0",
      "properties": {
        "type": "Point",
        "intensity": 1.0,
        "range": 30.0,
        "colour": "#FFFFFF",
        "corona": {
          "sprite": "corona_white01.png",
          "scale": 1.0,
          "range": 100.0
        },
        "dutyCycle": "DuskTillDawn()"
      }
    },
    {
      "parent": "/Near__x7_z6/Near__x7_z6_LFS/%GROUP%_Mesh01EA58834803B14C",
      "position": "(0,12.25,-0.75)",
      "rotation": "(-0.7071068,0,0,0.7071068)",
      "hash": "1DEA5883481BB14C0:1DEB258F611BB2210",
      "properties": {
        "type": "Point",
        "intensity": 1.0,
        "range": 30.0,
        "colour": "#FFFFFF",
        "corona": {
          "sprite": "corona_white01.png",
          "scale": 1.0,
          "range": 100.0
        },
        "dutyCycle": "DuskTillDawn()"
      }
    },
    {
      "parent": "/Near__x7_z6/Near__x7_z6_LFS/%GROUP%_Mesh036147834803FF52",
      "position": "(0.75,12.25,0)",
      "rotation": "(-0.7071068,0,0,0.7071068)",
      "hash": "1F614783481BFF520:1F62228F611C00180",
      "properties": {
        "type": "Point",
        "intensity": 1.0,
        "range": 30.0,
        "colour": "#FFFFFF",
        "corona": {
          "sprite": "corona_white01.png",
          "scale": 1.0,
          "range": 100.0
        },
        "dutyCycle": "DuskTillDawn()"
      }
    },
    {
      "parent": "/Near__x7_z6/Near__x7_z6_LFS/%GROUP%_Mesh036147834803FF52",
      "position": "(0,12.25,0.75)",
      "rotation": "(-0.7071068,0,0,0.7071068)",
      "hash": "1F614783481BFF520:1F611D8F611C002C0",
      "properties": {
        "type": "Point",
        "intensity": 1.0,
        "range": 30.0,
        "colour": "#FFFFFF",
        "corona": {
          "sprite": "corona_white01.png",
          "scale": 1.0,
          "range": 100.0
        },
        "dutyCycle": "DuskTillDawn()"
      }
    },
    {
      "parent": "/Near__x7_z6/Near__x7_z6_LFS/%GROUP%_Mesh036147834803FF52",
      "position": "(-0.75,12.25,0)",
      "rotation": "(-0.7071068,0,0,0.7071068)",
      "hash": "1F614783481BFF520:1F61098F611BFF280",
      "properties": {
        "type": "Point",
        "intensity": 1.0,
        "range": 30.0,
        "colour": "#FFFFFF",
        "corona": {
          "sprite": "corona_white01.png",
          "scale": 1.0,
          "range": 100.0
        },
        "dutyCycle": "DuskTillDawn()"
      }
    },
    {
      "parent": "/Near__x7_z6/Near__x7_z6_LFS/%GROUP%_Mesh036147834803FF52",
      "position": "(0,12.25,-0.75)",
      "rotation": "(-0.7071068,0,0,0.7071068)",
      "hash": "1F614783481BFF520:1F620D8F611BFF140",
      "properties": {
        "type": "Point",
        "intensity": 1.0,
        "range": 30.0,
        "colour": "#FFFFFF",
        "corona": {
          "sprite": "corona_white01.png",
          "scale": 1.0,
          "range": 100.0
        },
        "dutyCycle": "DuskTillDawn()"
      }
    },
    {
      "parent": "/Far__x7_z6/Far__x7_z6_LFS/Far_Station_SteelMillTrackside/Railway/Railway_Platform_1 (4)/Collider/collider/%GROUP%_Mesh012E50004E010756",
      "position": "(0.75,12.25,0)",
      "rotation": "(-0.7071068,0,0,0.7071068)",
      "hash": "1F922D83481C013F0:1F925D8F611C01050",
      "properties": {
        "type": "Point",
        "intensity": 1.0,
        "range": 30.0,
        "colour": "#FFFFFF",
        "corona": {
          "sprite": "corona_white01.png",
          "scale": 1.0,
          "range": 100.0
        },
        "dutyCycle": "DuskTillDawn()"
      }
    },
    {
      "parent": "/Far__x7_z6/Far__x7_z6_LFS/Far_Station_SteelMillTrackside/Railway/Railway_Platform_1 (4)/Collider/collider/%GROUP%_Mesh012E50004E010756",
      "position": "(0,12.25,0.75)",
      "rotation": "(-0.7071068,0,0,0.7071068)",
      "hash": "1F922D83481C013F0:1F93038F611C020B0",
      "properties": {
        "type": "Point",
        "intensity": 1.0,
        "range": 30.0,
        "colour": "#FFFFFF",
        "corona": {
          "sprite": "corona_white01.png",
          "scale": 1.0,
          "range": 100.0
        },
        "dutyCycle": "DuskTillDawn()"
      }
    },
    {
      "parent": "/Far__x7_z6/Far__x7_z6_LFS/Far_Station_SteelMillTrackside/Railway/Railway_Platform_1 (4)/Collider/collider/%GROUP%_Mesh012E50004E010756",
      "position": "(-0.75,12.25,0)",
      "rotation": "(-0.7071068,0,0,0.7071068)",
      "hash": "1F922D83481C013F0:1F91618F611C02140",
      "properties": {
        "type": "Point",
        "intensity": 1.0,
        "range": 30.0,
        "colour": "#FFFFFF",
        "corona": {
          "sprite": "corona_white01.png",
          "scale": 1.0,
          "range": 100.0
        },
        "dutyCycle": "DuskTillDawn()"
      }
    },
    {
      "parent": "/Far__x7_z6/Far__x7_z6_LFS/Far_Station_SteelMillTrackside/Railway/Railway_Platform_1 (4)/Collider/collider/%GROUP%_Mesh012E50004E010756",
      "position": "(0,12.25,-0.75)",
      "rotation": "(-0.7071068,0,0,0.7071068)",
      "hash": "1F922D83481C013F0:1F91588F611C010E0",
      "properties": {
        "type": "Point",
        "intensity": 1.0,
        "range": 30.0,
        "colour": "#FFFFFF",
        "corona": {
          "sprite": "corona_white01.png",
          "scale": 1.0,
          "range": 100.0
        },
        "dutyCycle": "DuskTillDawn()"
      }
    },
    {
      "parent": "/Far__x7_z6/Far__x7_z6_LFS/Far_Station_SteelMillTrackside/Railway/Railway_Platform_1 (4)/Collider/collider/%GROUP%_Mesh00C021004E00F725",
      "position": "(0.75,12.25,0)",
      "rotation": "(-0.7071068,0,0,0.7071068)",
      "hash": "1F344683481C3E210:1F35258F611C3E430",
      "properties": {
        "type": "Point",
        "intensity": 1.0,
        "range": 30.0,
        "colour": "#FFFFFF",
        "corona": {
          "sprite": "corona_white01.png",
          "scale": 1.0,
          "range": 100.0
        },
        "dutyCycle": "DuskTillDawn()"
      }
    },
    {
      "parent": "/Far__x7_z6/Far__x7_z6_LFS/Far_Station_SteelMillTrackside/Railway/Railway_Platform_1 (4)/Collider/collider/%GROUP%_Mesh00C021004E00F725",
      "position": "(0,12.25,0.75)",
      "rotation": "(-0.7071068,0,0,0.7071068)",
      "hash": "1F344683481C3E210:1F34248F611C3F000",
      "properties": {
        "type": "Point",
        "intensity": 1.0,
        "range": 30.0,
        "colour": "#FFFFFF",
        "corona": {
          "sprite": "corona_white01.png",
          "scale": 1.0,
          "range": 100.0
        },
        "dutyCycle": "DuskTillDawn()"
      }
    },
    {
      "parent": "/Far__x7_z6/Far__x7_z6_LFS/Far_Station_SteelMillTrackside/Railway/Railway_Platform_1 (4)/Collider/collider/%GROUP%_Mesh00C021004E00F725",
      "position": "(-0.75,12.25,0)",
      "rotation": "(-0.7071068,0,0,0.7071068)",
      "hash": "1F344683481C3E210:1F34048F611C3D630",
      "properties": {
        "type": "Point",
        "intensity": 1.0,
        "range": 30.0,
        "colour": "#FFFFFF",
        "corona": {
          "sprite": "corona_white01.png",
          "scale": 1.0,
          "range": 100.0
        },
        "dutyCycle": "DuskTillDawn()"
      }
    },
    {
      "parent": "/Far__x7_z6/Far__x7_z6_LFS/Far_Station_SteelMillTrackside/Railway/Railway_Platform_1 (4)/Collider/collider/%GROUP%_Mesh00C021004E00F725",
      "position": "(0,12.25,-0.75)",
      "rotation": "(-0.7071068,0,0,0.7071068)",
      "hash": "1F344683481C3E210:1F35058F611C3D430",
      "properties": {
        "type": "Point",
        "intensity": 1.0,
        "range": 30.0,
        "colour": "#FFFFFF",
        "corona": {
          "sprite": "corona_white01.png",
          "scale": 1.0,
          "range": 100.0
        },
        "dutyCycle": "DuskTillDawn()"
      }
    },
    {
      "parent": "/Far__x7_z6/Far__x7_z6_LFS/Far_Station_SteelMillTrackside/Railway/Railway_Platform_1 (4)/Collider/collider/%GROUP%_Mesh009235004E00FC1E",
      "position": "(0.75,12.25,0)",
      "rotation": "(-0.7071068,0,0,0.7071068)",
      "hash": "1F153E83481C60220:1F145E8F611C60400",
      "properties": {
        "type": "Point",
        "intensity": 1.0,
        "range": 30.0,
        "colour": "#FFFFFF",
        "corona": {
          "sprite": "corona_white01.png",
          "scale": 1.0,
          "range": 100.0
        },
        "dutyCycle": "DuskTillDawn()"
      }
    },
    {
      "parent": "/Far__x7_z6/Far__x7_z6_LFS/Far_Station_SteelMillTrackside/Railway/Railway_Platform_1 (4)/Collider/collider/%GROUP%_Mesh009235004E00FC1E",
      "position": "(0,12.25,0.75)",
      "rotation": "(-0.7071068,0,0,0.7071068)",
      "hash": "1F153E83481C60220:1F15208F611C5F410",
      "properties": {
        "type": "Point",
        "intensity": 1.0,
        "range": 30.0,
        "colour": "#FFFFFF",
        "corona": {
          "sprite": "corona_white01.png",
          "scale": 1.0,
          "range": 100.0
        },
        "dutyCycle": "DuskTillDawn()"
      }
    },
    {
      "parent": "/Far__x7_z6/Far__x7_z6_LFS/Far_Station_SteelMillTrackside/Railway/Railway_Platform_1 (4)/Collider/collider/%GROUP%_Mesh009235004E00FC1E",
      "position": "(-0.75,12.25,0)",
      "rotation": "(-0.7071068,0,0,0.7071068)",
      "hash": "1F153E83481C60220:1F161F8F611C60030",
      "properties": {
        "type": "Point",
        "intensity": 1.0,
        "range": 30.0,
        "colour": "#FFFFFF",
        "corona": {
          "sprite": "corona_white01.png",
          "scale": 1.0,
          "range": 100.0
        },
        "dutyCycle": "DuskTillDawn()"
      }
    },
    {
      "parent": "/Far__x7_z6/Far__x7_z6_LFS/Far_Station_SteelMillTrackside/Railway/Railway_Platform_1 (4)/Collider/collider/%GROUP%_Mesh009235004E00FC1E",
      "position": "(0,12.25,-0.75)",
      "rotation": "(-0.7071068,0,0,0.7071068)",
      "hash": "1F153E83481C60220:1F155D8F611C61020",
      "properties": {
        "type": "Point",
        "intensity": 1.0,
        "range": 30.0,
        "colour": "#FFFFFF",
        "corona": {
          "sprite": "corona_white01.png",
          "scale": 1.0,
          "range": 100.0
        },
        "dutyCycle": "DuskTillDawn()"
      }
    },
    {
      "parent": "/Far__x7_z6/Far__x7_z6_LFS/Far_Station_SteelMillTrackside/Railway/Railway_Platform_1 (4)/Collider/collider/%GROUP%_Mesh00723C004E013B2A",
      "position": "(0.75,12.25,0)",
      "rotation": "(-0.7071068,0,0,0.7071068)",
      "hash": "1F272C83481CA4500:1F28108F611CA43B0",
      "properties": {
        "type": "Point",
        "intensity": 1.0,
        "range": 30.0,
        "colour": "#FFFFFF",
        "corona": {
          "sprite": "corona_white01.png",
          "scale": 1.0,
          "range": 100.0
        },
        "dutyCycle": "DuskTillDawn()"
      }
    },
    {
      "parent": "/Far__x7_z6/Far__x7_z6_LFS/Far_Station_SteelMillTrackside/Railway/Railway_Platform_1 (4)/Collider/collider/%GROUP%_Mesh00723C004E013B2A",
      "position": "(0,12.25,0.75)",
      "rotation": "(-0.7071068,0,0,0.7071068)",
      "hash": "1F272C83481CA4500:1F27418F611CA5340",
      "properties": {
        "type": "Point",
        "intensity": 1.0,
        "range": 30.0,
        "colour": "#FFFFFF",
        "corona": {
          "sprite": "corona_white01.png",
          "scale": 1.0,
          "range": 100.0
        },
        "dutyCycle": "DuskTillDawn()"
      }
    },
    {
      "parent": "/Far__x7_z6/Far__x7_z6_LFS/Far_Station_SteelMillTrackside/Railway/Railway_Platform_1 (4)/Collider/collider/%GROUP%_Mesh00723C004E013B2A",
      "position": "(-0.75,12.25,0)",
      "rotation": "(-0.7071068,0,0,0.7071068)",
      "hash": "1F272C83481CA4500:1F26488F611CA5000",
      "properties": {
        "type": "Point",
        "intensity": 1.0,
        "range": 30.0,
        "colour": "#FFFFFF",
        "corona": {
          "sprite": "corona_white01.png",
          "scale": 1.0,
          "range": 100.0
        },
        "dutyCycle": "DuskTillDawn()"
      }
    },
    {
      "parent": "/Far__x7_z6/Far__x7_z6_LFS/Far_Station_SteelMillTrackside/Railway/Railway_Platform_1 (4)/Collider/collider/%GROUP%_Mesh00723C004E013B2A",
      "position": "(0,12.25,-0.75)",
      "rotation": "(-0.7071068,0,0,0.7071068)",
      "hash": "1F272C83481CA4500:1F27178F611CA4080",
      "properties": {
        "type": "Point",
        "intensity": 1.0,
        "range": 30.0,
        "colour": "#FFFFFF",
        "corona": {
          "sprite": "corona_white01.png",
          "scale": 1.0,
          "range": 100.0
        },
        "dutyCycle": "DuskTillDawn()"
      }
    },
    {
      "parent": "/Far__x7_z6/Far__x7_z6_LFS/Far_Station_SteelMillTrackside/Railway/Railway_Platform_1 (4)/Collider/collider/%GROUP%_Mesh005803004E01664A",
      "position": "(0.75,12.25,0)",
      "rotation": "(-0.7071068,0,0,0.7071068)",
      "hash": "1F301183481CD6550:1F30568F611CD6370",
      "properties": {
        "type": "Point",
        "intensity": 1.0,
        "range": 30.0,
        "colour": "#FFFFFF",
        "corona": {
          "sprite": "corona_white01.png",
          "scale": 1.0,
          "range": 100.0
        },
        "dutyCycle": "DuskTillDawn()"
      }
    },
    {
      "parent": "/Far__x7_z6/Far__x7_z6_LFS/Far_Station_SteelMillTrackside/Railway/Railway_Platform_1 (4)/Collider/collider/%GROUP%_Mesh005803004E01664A",
      "position": "(0,12.25,0.75)",
      "rotation": "(-0.7071068,0,0,0.7071068)",
      "hash": "1F301183481CD6550:1F30308F611CD7360",
      "properties": {
        "type": "Point",
        "intensity": 1.0,
        "range": 30.0,
        "colour": "#FFFFFF",
        "corona": {
          "sprite": "corona_white01.png",
          "scale": 1.0,
          "range": 100.0
        },
        "dutyCycle": "DuskTillDawn()"
      }
    },
    {
      "parent": "/Far__x7_z6/Far__x7_z6_LFS/Far_Station_SteelMillTrackside/Railway/Railway_Platform_1 (4)/Collider/collider/%GROUP%_Mesh005803004E01664A",
      "position": "(-0.75,12.25,0)",
      "rotation": "(-0.7071068,0,0,0.7071068)",
      "hash": "1F301183481CD6550:1F2F318F611CD7100",
      "properties": {
        "type": "Point",
        "intensity": 1.0,
        "range": 30.0,
        "colour": "#FFFFFF",
        "corona": {
          "sprite": "corona_white01.png",
          "scale": 1.0,
          "range": 100.0
        },
        "dutyCycle": "DuskTillDawn()"
      }
    },
    {
      "parent": "/Far__x7_z6/Far__x7_z6_LFS/Far_Station_SteelMillTrackside/Railway/Railway_Platform_1 (4)/Collider/collider/%GROUP%_Mesh005803004E01664A",
      "position": "(0,12.25,-0.75)",
      "rotation": "(-0.7071068,0,0,0.7071068)",
      "hash": "1F301183481CD6550:1F2F578F611CD6110",
      "properties": {
        "type": "Point",
        "intensity": 1.0,
        "range": 30.0,
        "colour": "#FFFFFF",
        "corona": {
          "sprite": "corona_white01.png",
          "scale": 1.0,
          "range": 100.0
        },
        "dutyCycle": "DuskTillDawn()"
      }
    },
    {
      "parent": "/Far__x7_z6/Far__x7_z6_LFS/Far_Station_SteelMillTrackside/Railway/Railway_Platform_1 (4)/Collider/collider/%GROUP%_Mesh009F3B004E00A401",
      "position": "(0.75,12.25,0)",
      "rotation": "(-0.7071068,0,0,0.7071068)",
      "hash": "1EE50183481C15310:1EE5408F611C15080",
      "properties": {
        "type": "Point",
        "intensity": 1.0,
        "range": 30.0,
        "colour": "#FFFFFF",
        "corona": {
          "sprite": "corona_white01.png",
          "scale": 1.0,
          "range": 100.0
        },
        "dutyCycle": "DuskTillDawn()"
      }
    },
    {
      "parent": "/Far__x7_z6/Far__x7_z6_LFS/Far_Station_SteelMillTrackside/Railway/Railway_Platform_1 (4)/Collider/collider/%GROUP%_Mesh009F3B004E00A401",
      "position": "(0,12.25,0.75)",
      "rotation": "(-0.7071068,0,0,0.7071068)",
      "hash": "1EE50183481C15310:1EE52A8F611C160C0",
      "properties": {
        "type": "Point",
        "intensity": 1.0,
        "range": 30.0,
        "colour": "#FFFFFF",
        "corona": {
          "sprite": "corona_white01.png",
          "scale": 1.0,
          "range": 100.0
        },
        "dutyCycle": "DuskTillDawn()"
      }
    },
    {
      "parent": "/Far__x7_z6/Far__x7_z6_LFS/Far_Station_SteelMillTrackside/Railway/Railway_Platform_1 (4)/Collider/collider/%GROUP%_Mesh009F3B004E00A401",
      "position": "(-0.75,12.25,0)",
      "rotation": "(-0.7071068,0,0,0.7071068)",
      "hash": "1EE50183481C15310:1EE4268F611C155A0",
      "properties": {
        "type": "Point",
        "intensity": 1.0,
        "range": 30.0,
        "colour": "#FFFFFF",
        "corona": {
          "sprite": "corona_white01.png",
          "scale": 1.0,
          "range": 100.0
        },
        "dutyCycle": "DuskTillDawn()"
      }
    },
    {
      "parent": "/Far__x7_z6/Far__x7_z6_LFS/Far_Station_SteelMillTrackside/Railway/Railway_Platform_1 (4)/Collider/collider/%GROUP%_Mesh009F3B004E00A401",
      "position": "(0,12.25,-0.75)",
      "rotation": "(-0.7071068,0,0,0.7071068)",
      "hash": "1EE50183481C15310:1EE43C8F611C14560",
      "properties": {
        "type": "Point",
        "intensity": 1.0,
        "range": 30.0,
        "colour": "#FFFFFF",
        "corona": {
          "sprite": "corona_white01.png",
          "scale": 1.0,
          "range": 100.0
        },
        "dutyCycle": "DuskTillDawn()"
      }
    },
    {
      "parent": "/Far__x7_z6/Far__x7_z6_LFS/Far_Station_SteelMillTrackside/Railway/Railway_Platform_1 (4)/Collider/collider/%GROUP%_Mesh009835004E00D045",
      "position": "(0.75,12.25,0)",
      "rotation": "(-0.7071068,0,0,0.7071068)",
      "hash": "1EFD1B83481C3B420:1EFD588F611C3B170",
      "properties": {
        "type": "Point",
        "intensity": 1.0,
        "range": 30.0,
        "colour": "#FFFFFF",
        "corona": {
          "sprite": "corona_white01.png",
          "scale": 1.0,
          "range": 100.0
        },
        "dutyCycle": "DuskTillDawn()"
      }
    },
    {
      "parent": "/Far__x7_z6/Far__x7_z6_LFS/Far_Station_SteelMillTrackside/Railway/Railway_Platform_1 (4)/Collider/collider/%GROUP%_Mesh009835004E00D045",
      "position": "(0,12.25,0.75)",
      "rotation": "(-0.7071068,0,0,0.7071068)",
      "hash": "1EFD1B83481C3B420:1EFD468F611C3C1C0",
      "properties": {
        "type": "Point",
        "intensity": 1.0,
        "range": 30.0,
        "colour": "#FFFFFF",
        "corona": {
          "sprite": "corona_white01.png",
          "scale": 1.0,
          "range": 100.0
        },
        "dutyCycle": "DuskTillDawn()"
      }
    },
    {
      "parent": "/Far__x7_z6/Far__x7_z6_LFS/Far_Station_SteelMillTrackside/Railway/Railway_Platform_1 (4)/Collider/collider/%GROUP%_Mesh009835004E00D045",
      "position": "(-0.75,12.25,0)",
      "rotation": "(-0.7071068,0,0,0.7071068)",
      "hash": "1EFD1B83481C3B420:1EFC428F611C3C0A0",
      "properties": {
        "type": "Point",
        "intensity": 1.0,
        "range": 30.0,
        "colour": "#FFFFFF",
        "corona": {
          "sprite": "corona_white01.png",
          "scale": 1.0,
          "range": 100.0
        },
        "dutyCycle": "DuskTillDawn()"
      }
    },
    {
      "parent": "/Far__x7_z6/Far__x7_z6_LFS/Far_Station_SteelMillTrackside/Railway/Railway_Platform_1 (4)/Collider/collider/%GROUP%_Mesh009835004E00D045",
      "position": "(0,12.25,-0.75)",
      "rotation": "(-0.7071068,0,0,0.7071068)",
      "hash": "1EFD1B83481C3B420:1EFC548F611C3B050",
      "properties": {
        "type": "Point",
        "intensity": 1.0,
        "range": 30.0,
        "colour": "#FFFFFF",
        "corona": {
          "sprite": "corona_white01.png",
          "scale": 1.0,
          "range": 100.0
        },
        "dutyCycle": "DuskTillDawn()"
      }
    },
    {
      "parent": "/Far__x7_z6/Far__x7_z6_LFS/Far_Station_SteelMillTrackside/Railway/Railway_Platform_1 (4)/Collider/collider/%GROUP%_Mesh00E73F004E00EE12",
      "position": "(0.75,12.25,0)",
      "rotation": "(-0.7071068,0,0,0.7071068)",
      "hash": "1F4C0A83481C1D2D0:1F4C478F611C1D590",
      "properties": {
        "type": "Point",
        "intensity": 1.0,
        "range": 30.0,
        "colour": "#FFFFFF",
        "corona": {
          "sprite": "corona_white01.png",
          "scale": 1.0,
          "range": 100.0
        },
        "dutyCycle": "DuskTillDawn()"
      }
    },
    {
      "parent": "/Far__x7_z6/Far__x7_z6_LFS/Far_Station_SteelMillTrackside/Railway/Railway_Platform_1 (4)/Collider/collider/%GROUP%_Mesh00E73F004E00EE12",
      "position": "(0,12.25,0.75)",
      "rotation": "(-0.7071068,0,0,0.7071068)",
      "hash": "1F4C0A83481C1D2D0:1F4B428F611C1E050",
      "properties": {
        "type": "Point",
        "intensity": 1.0,
        "range": 30.0,
        "colour": "#FFFFFF",
        "corona": {
          "sprite": "corona_white01.png",
          "scale": 1.0,
          "range": 100.0
        },
        "dutyCycle": "DuskTillDawn()"
      }
    },
    {
      "parent": "/Far__x7_z6/Far__x7_z6_LFS/Far_Station_SteelMillTrackside/Railway/Railway_Platform_1 (4)/Collider/collider/%GROUP%_Mesh00E73F004E00EE12",
      "position": "(-0.75,12.25,0)",
      "rotation": "(-0.7071068,0,0,0.7071068)",
      "hash": "1F4C0A83481C1D2D0:1F4B318F611C1D010",
      "properties": {
        "type": "Point",
        "intensity": 1.0,
        "range": 30.0,
        "colour": "#FFFFFF",
        "corona": {
          "sprite": "corona_white01.png",
          "scale": 1.0,
          "range": 100.0
        },
        "dutyCycle": "DuskTillDawn()"
      }
    },
    {
      "parent": "/Far__x7_z6/Far__x7_z6_LFS/Far_Station_SteelMillTrackside/Railway/Railway_Platform_1 (4)/Collider/collider/%GROUP%_Mesh00E73F004E00EE12",
      "position": "(0,12.25,-0.75)",
      "rotation": "(-0.7071068,0,0,0.7071068)",
      "hash": "1F4C0A83481C1D2D0:1F4C368F611C1C540",
      "properties": {
        "type": "Point",
        "intensity": 1.0,
        "range": 30.0,
        "colour": "#FFFFFF",
        "corona": {
          "sprite": "corona_white01.png",
          "scale": 1.0,
          "range": 100.0
        },
        "dutyCycle": "DuskTillDawn()"
      }
    },
    {
      "parent": "/Far__x7_z6/Far__x7_z6_LFS/Far_Station_SteelMillTrackside/SilosCranes/Portal_Crane/collider (1)/%GROUP%_Mesh0000020F3300034E",
      "position": "(0,1.245,-0.188)",
      "rotation": "(0,-0.411362648,0,0.9114718)",
      "hash": "1E3A06932A1C313F0:1E390C93171C322E0",
      "properties": {
        "type": "Point",
        "intensity": 1.0,
        "range": 30.0,
        "colour": "#FFFFFF",
        "corona": {
          "sprite": "corona_white01.png",
          "scale": 1.0,
          "range": 100.0
        },
        "dutyCycle": "DuskTillDawn()"
      }
    },
    {
      "parent": "/Far__x7_z6/Far__x7_z6_LFS/Far_Station_SteelMillTrackside/SilosCranes/Portal_Crane/collider (1)/%GROUP%_Mesh0000020F3300034E",
      "position": "(-0.705,0.867,-0.153)",
      "rotation": "(0,-0.411362648,0,0.9114718)",
      "hash": "1E3A06932A1C313F0:1E3957931B1C324A0",
      "properties": {
        "type": "Point",
        "intensity": 1.0,
        "range": 30.0,
        "colour": "#FFFFFF",
        "corona": {
          "sprite": "corona_white01.png",
          "scale": 1.0,
          "range": 100.0
        },
        "dutyCycle": "DuskTillDawn()"
      }
    },
    {
      "parent": "/Far__x7_z6/Far__x7_z6_LFS/Far_Station_SteelMillTrackside/SilosCranes/Portal_Crane/collider (1)/%GROUP%_Mesh0000020F3300034E",
      "position": "(0.705,0.867,-0.153)",
      "rotation": "(0,-0.411362648,0,0.9114718)",
      "hash": "1E3A06932A1C313F0:1E385E931B1C31440",
      "properties": {
        "type": "Point",
        "intensity": 1.0,
        "range": 30.0,
        "colour": "#FFFFFF",
        "corona": {
          "sprite": "corona_white01.png",
          "scale": 1.0,
          "range": 100.0
        },
        "dutyCycle": "DuskTillDawn()"
      }
    }
  ],
  "meshes": [
    {
      "parent": "/Far__x7_z6/Far__x7_z6_LFS/Far_Station_SteelMillTrackside/Railway/Railway_Platform_1 (4)/Collider/collider",
      "position": "(37.96553,0.7816742,343.8431)",
      "rotation": "(0,0.9366722,0,-0.350207418)",
      "hash": "1E0052825E1C04080:1F004C83481CEC510",
      "properties": {
        "file": "meshes_lampposts.assetbundle",
        "mesh": "YardLamp_Floor"
      }
    },
    {
      "parent": "/Far__x7_z6/Far__x7_z6_LFS/Far_Station_SteelMillTrackside/Railway/Railway_Platform_1 (4)/Collider/collider",
      "position": "(38.15605,0.7816742,313.935181)",
      "rotation": "(0,0.9366722,0,-0.350207418)",
      "hash": "1E0052825E1C04080:1EED0C83481CD6190",
      "properties": {
        "file": "meshes_lampposts.assetbundle",
        "mesh": "YardLamp_Floor"
      }
    },
    {
      "parent": "/Far__x7_z6/Far__x7_z6_LFS/Far_Station_SteelMillTrackside/Railway/Railway_Platform_1 (4)/Collider/collider",
      "position": "(38.03746,0.7816742,283.7702)",
      "rotation": "(0,0.9366722,0,-0.350207418)",
      "hash": "1E0052825E1C04080:1ED90883481CBF470",
      "properties": {
        "file": "meshes_lampposts.assetbundle",
        "mesh": "YardLamp_Floor"
      }
    },
    {
      "parent": "/Far__x7_z6/Far__x7_z6_LFS/Far_Station_SteelMillTrackside/Railway/Railway_Platform_1 (4)/Collider/collider",
      "position": "(38.06389,0.7816742,253.827591)",
      "rotation": "(0,0.9366722,0,-0.350207418)",
      "hash": "1E0052825E1C04080:1EC51D83481CA9180",
      "properties": {
        "file": "meshes_lampposts.assetbundle",
        "mesh": "YardLamp_Floor"
      }
    },
    {
      "parent": "/Far__x7_z6/Far__x7_z6_LFS/Far_Station_SteelMillTrackside/Railway/Railway_Platform_1 (4)/Collider/collider",
      "position": "(38.0683136,0.7816742,223.798462)",
      "rotation": "(0,0.9396926,0,-0.342020154)",
      "hash": "1E0052825E1C04080:1EB12A83481C92480",
      "properties": {
        "file": "meshes_lampposts.assetbundle",
        "mesh": "YardLamp_Floor"
      }
    },
    {
      "parent": "/Far__x7_z6/Far__x7_z6_LFS/Far_Station_SteelMillTrackside/Railway/Railway_Platform_1 (4)/Collider/collider",
      "position": "(37.9876556,0.7816742,193.791962)",
      "rotation": "(0,0.933580458,0,-0.35836792)",
      "hash": "1E0052825E1C04080:1E9D3383481C7C1B0",
      "properties": {
        "file": "meshes_lampposts.assetbundle",
        "mesh": "YardLamp_Floor"
      }
    },
    {
      "parent": "/Far__x7_z6/Far__x7_z6_LFS/Far_Station_SteelMillTrackside/Railway/Railway_Platform_1 (4)/Collider/collider",
      "position": "(37.9656372,0.7816742,163.798767)",
      "rotation": "(0,0.9366722,0,-0.350207418)",
      "hash": "1E0052825E1C04080:1E894183481C654F0",
      "properties": {
        "file": "meshes_lampposts.assetbundle",
        "mesh": "YardLamp_Floor"
      }
    },
    {
      "parent": "/Far__x7_z6/Far__x7_z6_LFS/Far_Station_SteelMillTrackside/Railway/Railway_Platform_1 (4)/Collider/collider",
      "position": "(37.9779053,0.7816742,133.795441)",
      "rotation": "(0,0.9366722,0,-0.350207418)",
      "hash": "1E0052825E1C04080:1E755183481C4F1C0",
      "properties": {
        "file": "meshes_lampposts.assetbundle",
        "mesh": "YardLamp_Floor"
      }
    },
    {
      "parent": "/Far__x7_z6/Far__x7_z6_LFS/Far_Station_SteelMillTrackside/Railway/Railway_Platform_1 (4)/Collider/collider",
      "position": "(37.9684219,0.7816742,103.793137)",
      "rotation": "(0,0.933580458,0,-0.35836792)",
      "hash": "1E0052825E1C04080:1E616083481C384F0",
      "properties": {
        "file": "meshes_lampposts.assetbundle",
        "mesh": "YardLamp_Floor"
      }
    },
    {
      "parent": "/Far__x7_z6/Far__x7_z6_LFS/Far_Station_SteelMillTrackside/Railway/Railway_Platform_1 (4)/Collider/collider",
      "position": "(37.93557,0.7816742,73.80406)",
      "rotation": "(0,0.9396926,0,-0.342020154)",
      "hash": "1E0052825E1C04080:1E4E0983481C22210",
      "properties": {
        "file": "meshes_lampposts.assetbundle",
        "mesh": "YardLamp_Floor"
      }
    },
    {
      "parent": "/Far__x7_z6/Far__x7_z6_LFS/Far_Station_SteelMillTrackside/Railway/Railway_Platform_1 (4)/Collider/collider",
      "position": "(37.93459,0.7816742,43.84897)",
      "rotation": "(0,0.9366722,0,-0.350207418)",
      "hash": "1E0052825E1C04080:1E3A1C83481C0B560",
      "properties": {
        "file": "meshes_lampposts.assetbundle",
        "mesh": "YardLamp_Floor"
      }
    },
    {
      "parent": "/Near__x7_z6/Near__x7_z6_LFS",
      "position": "(550.393066,131.721909,1013.28711)",
      "rotation": "(0,0.9366722,0,-0.350207418)",
      "hash": "1C000000001800000:1E262783481BF51C0",
      "properties": {
        "file": "meshes_lampposts.assetbundle",
        "mesh": "YardLamp_Floor"
      }
    },
    {
      "parent": "/Near__x7_z6/Near__x7_z6_LFS",
      "position": "(530.541,131.721909,990.6665)",
      "rotation": "(0,0.9366722,0,-0.350207418)",
      "hash": "1C000000001800000:1E123683481BDE420",
      "properties": {
        "file": "meshes_lampposts.assetbundle",
        "mesh": "YardLamp_Floor"
      }
    },
    {
      "parent": "/Near__x7_z6/Near__x7_z6_LFS",
      "position": "(510.634766,131.721909,968.2544)",
      "rotation": "(0,0.9366722,0,-0.350207418)",
      "hash": "1C000000001800000:1DFE3F83481BC8190",
      "properties": {
        "file": "meshes_lampposts.assetbundle",
        "mesh": "YardLamp_Floor"
      }
    },
    {
      "parent": "/Near__x7_z6/Near__x7_z6_LFS",
      "position": "(490.8877,131.721909,945.7656)",
      "rotation": "(0,0.9366722,0,-0.350207418)",
      "hash": "1C000000001800000:1DEA5883481BB14C0",
      "properties": {
        "file": "meshes_lampposts.assetbundle",
        "mesh": "YardLamp_Floor"
      }
    },
    {
      "parent": "/Near__x7_z6/Near__x7_z6_LFS",
      "position": "(865.71875,131.721909,1023.82666)",
      "rotation": "(0,-0.2923718,0,0.9563047)",
      "hash": "1C000000001800000:1F614783481BFF520",
      "properties": {
        "file": "meshes_lampposts.assetbundle",
        "mesh": "YardLamp_Floor"
      }
    },
    {
      "parent": "/Far__x7_z6/Far__x7_z6_LFS/Far_Station_SteelMillTrackside/Railway/Railway_Platform_1 (4)/Collider/collider",
      "position": "(302.8018,0.7816742,263.8652)",
      "rotation": "(0,0.4226183,0,0.9063078)",
      "hash": "1E0052825E1C04080:1F922D83481C013F0",
      "properties": {
        "file": "meshes_lampposts.assetbundle",
        "mesh": "YardLamp_Floor"
      }
    },
    {
      "parent": "/Far__x7_z6/Far__x7_z6_LFS/Far_Station_SteelMillTrackside/Railway/Railway_Platform_1 (4)/Collider/collider",
      "position": "(192.338608,0.7816742,247.370529)",
      "rotation": "(0,-0.233445376,0,0.9723699)",
      "hash": "1E0052825E1C04080:1F344683481C3E210",
      "properties": {
        "file": "meshes_lampposts.assetbundle",
        "mesh": "YardLamp_Floor"
      }
    },
    {
      "parent": "/Far__x7_z6/Far__x7_z6_LFS/Far_Station_SteelMillTrackside/Railway/Railway_Platform_1 (4)/Collider/collider",
      "position": "(146.534958,0.7816742,252.30397)",
      "rotation": "(0,0.9781476,0,-0.2079116)",
      "hash": "1E0052825E1C04080:1F153E83481C60220",
      "properties": {
        "file": "meshes_lampposts.assetbundle",
        "mesh": "YardLamp_Floor"
      }
    },
    {
      "parent": "/Far__x7_z6/Far__x7_z6_LFS/Far_Station_SteelMillTrackside/Railway/Railway_Platform_1 (4)/Collider/collider",
      "position": "(114.605614,0.7816742,315.429443)",
      "rotation": "(0,0.13917309,0,0.9902681)",
      "hash": "1E0052825E1C04080:1F272C83481CA4500",
      "properties": {
        "file": "meshes_lampposts.assetbundle",
        "mesh": "YardLamp_Floor"
      }
    },
    {
      "parent": "/Far__x7_z6/Far__x7_z6_LFS/Far_Station_SteelMillTrackside/Railway/Railway_Platform_1 (4)/Collider/collider",
      "position": "(88.03738,0.7816742,358.743225)",
      "rotation": "(0,0.20791173,0,0.9781476)",
      "hash": "1E0052825E1C04080:1F301183481CD6550",
      "properties": {
        "file": "meshes_lampposts.assetbundle",
        "mesh": "YardLamp_Floor"
      }
    },
    {
      "parent": "/Far__x7_z6/Far__x7_z6_LFS/Far_Station_SteelMillTrackside/Railway/Railway_Platform_1 (4)/Collider/collider",
      "position": "(159.596,0.7816742,164.016434)",
      "rotation": "(0,0.2840154,0,0.958819747)",
      "hash": "1E0052825E1C04080:1EE50183481C15310",
      "properties": {
        "file": "meshes_lampposts.assetbundle",
        "mesh": "YardLamp_Floor"
      }
    },
    {
      "parent": "/Far__x7_z6/Far__x7_z6_LFS/Far_Station_SteelMillTrackside/Railway/Railway_Platform_1 (4)/Collider/collider",
      "position": "(152.534729,0.7816742,208.695374)",
      "rotation": "(0,0.3007058,0,0.953717)",
      "hash": "1E0052825E1C04080:1EFD1B83481C3B420",
      "properties": {
        "file": "meshes_lampposts.assetbundle",
        "mesh": "YardLamp_Floor"
      }
    },
    {
      "parent": "/Far__x7_z6/Far__x7_z6_LFS/Far_Station_SteelMillTrackside/Railway/Railway_Platform_1 (4)/Collider/collider",
      "position": "(231.6392,0.7816742,238.185287)",
      "rotation": "(0,-0.309017062,0,0.95105654)",
      "hash": "1E0052825E1C04080:1F4C0A83481C1D2D0",
      "properties": {
        "file": "meshes_lampposts.assetbundle",
        "mesh": "YardLamp_Floor"
      }
    },
    {
      "parent": "/Far__x7_z6/Far__x7_z6_LFS/Far_Station_SteelMillTrackside/SilosCranes/Portal_Crane/collider (1)",
      "position": "(0.02570343,15.5149517,-3.78115845)",
      "rotation": "(-0.2908773,0.6445079,0.6445078,0.2908773)",
      "hash": "1E3714835B1C340C0:1E3A06932A1C313F0",
      "properties": {
        "file": "meshes_lampposts.assetbundle",
        "mesh": "YardLamp_Wall"
      }
    }
  ],
  "decorations": []
}