{
  "version": 97,
  "enabled": true,
  "priority": "Low",
  "lights": [
    {
      "parent": "/Far__x5_z3/Far__x5_z3_LFS/Far_IndustryBuildings/Utility_ForestHouse/collider",
      "position": "(5.57849169,7.17318726,-7.992222)",
      "rotation": "(0.440647,0.554302752,-0.446572751,0.5469474)",
      "hash": "14BC47AC4E0E63060:14C212B3600E5B000",
      "properties": {
        "type": "Point",
        "intensity": 1.0,
        "range": 20.0,
        "colour": "#FFB24D",
        "corona": {
          "sprite": "corona_orange01.png",
          "scale": 0.75,
          "range": 100.0
        },
        "dutyCycle": "DuskTillDawn()"
      }
    },
    {
      "parent": "/Far__x5_z3/Far__x5_z3_LFS/Far_IndustryBuildings/Utility_ForestHouse/collider",
      "position": "(-5.55339861,7.167801,-7.98955345)",
      "rotation": "(0.446572721,-0.5469474,0.440646946,0.554302752)",
      "hash": "14BC47AC4E0E63060:14B705B35F0E5B0F0",
      "properties": {
        "type": "Point",
        "intensity": 1.0,
        "range": 20.0,
        "colour": "#FFB24D",
        "corona": {
          "sprite": "corona_orange01.png",
          "scale": 0.75,
          "range": 100.0
        },
        "dutyCycle": "DuskTillDawn()"
      }
    },
    {
      "parent": "/Far__x5_z3/Far__x5_z3_LFS/Far_IndustryBuildings/Utility_ForestHouse/collider",
      "position": "(-1.99993825,5.375946,4.40863466)",
      "rotation": "(0.6087418,0.005298743,-0.004065804,0.7933403)",
      "hash": "14BC47AC4E0E63060:14BA4DB2100E67320",
      "properties": {
        "type": "Point",
        "intensity": 1.0,
        "range": 20.0,
        "colour": "#DDEEFF",
        "corona": {
          "sprite": "corona_flare02.png",
          "scale": 1.0,
          "range": 100.0
        },
        "dutyCycle": "DuskTillDawn()"
      }
    },
    {
      "parent": "/Far__x5_z3/Far__x5_z3_LFS/Far_IndustryBuildings/Warehouse_OldMedium/collider",
      "position": "(-0.009988308,7.16777039,13.5650959)",
      "rotation": "(0.448244661,-0.545831442,0.4432701,0.551956952)",
      "hash": "15022CAC4E0E990E0:14F458B35F0E991F0",
      "properties": {
        "type": "Point",
        "intensity": 1.0,
        "range": 20.0,
        "colour": "#FFB24D",
        "corona": {
          "sprite": "corona_orange01.png",
          "scale": 0.75,
          "range": 100.0
        },
        "dutyCycle": "DuskTillDawn()"
      }
    },
    {
      "parent": "/Far__x5_z3/Far__x5_z3_LFS/Far_IndustryBuildings/Warehouse_OldMedium/collider",
      "position": "(-0.013440609,7.16499329,-13.5521183)",
      "rotation": "(0.443226874,0.5519931,-0.448204339,0.545863032)",
      "hash": "15022CAC4E0E990E0:150F63B35F0E985E0",
      "properties": {
        "type": "Point",
        "intensity": 1.0,
        "range": 20.0,
        "colour": "#FFB24D",
        "corona": {
          "sprite": "corona_orange01.png",
          "scale": 0.75,
          "range": 100.0
        },
        "dutyCycle": "DuskTillDawn()"
      }
    },
    {
      "parent": "/Far__x5_z3/Far__x5_z3_LFS/Far_IndustryBuildings/Warehouse_OldMedium/collider/%GROUP%_Mesh000813052400002F",
      "position": "(0,0.285,-0.04)",
      "rotation": "(0,0.9999777,0,-0.00667989254)",
      "hash": "150155B20F0E905E0:150155B20B0E90420",
      "properties": {
        "type": "Point",
        "intensity": 0.5,
        "range": 10.0,
        "colour": "#FFFFFF",
        "corona": {
          "sprite": "corona_flare02.png",
          "scale": 0.87,
          "range": 100.0
        },
        "dutyCycle": "DuskTillDawn()"
      }
    },
    {
      "parent": "/Far__x5_z3/Far__x5_z3_LFS/Far_IndustryBuildings/Warehouse_OldMedium/collider/%GROUP%_Mesh000813051F00000B",
      "position": "(0,0.285,-0.04)",
      "rotation": "(0,0.00667989254,0,0.9999777)",
      "hash": "15022BB20A0EA1220:15022CB2060EA13E0",
      "properties": {
        "type": "Point",
        "intensity": 0.5,
        "range": 10.0,
        "colour": "#FFFFFF",
        "corona": {
          "sprite": "corona_flare02.png",
          "scale": 0.87,
          "range": 100.0
        },
        "dutyCycle": "DuskTillDawn()"
      }
    },
    {
      "parent": "/Far__x5_z3/Far__x5_z3_LFS/Far_Props/BarrelWater (1)/Collider/%GROUP%_Mesh00012E024B001223",
      "position": "(0,0.285,-0.04)",
      "hash": "14F349B1350E7F5F0:14F32CB1310E7F5F0",
      "properties": {
        "type": "Point",
        "intensity": 0.5,
        "range": 10.0,
        "colour": "#FFFFFF",
        "corona": {
          "sprite": "corona_flare02.png",
          "scale": 0.87,
          "range": 100.0
        },
        "dutyCycle": "DuskTillDawn()"
      }
    },
    {
      "parent": "/Near__x5_z3/Near__x5_z3_LFS/%GROUP%_Mesh00F55DB110027516",
      "position": "(0,0.25,0.5)",
      "hash": "14F55DB1100E75160:14F62BB05B0E75160",
      "properties": {
        "type": "Point",
        "intensity": 0.5,
        "range": 10.0,
        "colour": "#FFFFFF",
        "corona": null,
        "dutyCycle": "Always()"
      }
    },
    {
      "parent": "/Near__x5_z3/Near__x5_z3_LFS/%GROUP%_Mesh00F55DB110027516",
      "position": "(0,0.25,-0.5)",
      "hash": "14F55DB1100E75160:14F52BB05B0E75160",
      "properties": {
        "type": "Point",
        "intensity": 0.5,
        "range": 10.0,
        "colour": "#FFFFFF",
        "corona": null,
        "dutyCycle": "Always()"
      }
    },
    {
      "parent": "/Far__x5_z3/Far__x5_z3_LFS/Far_IndustryBuildings/FakeOffice_7/collider/%GROUP%_Mesh00030A034B000300",
      "position": "(0,0.27,-0.12)",
      "rotation": "(0,-0.702367663,0,0.7118144)",
      "hash": "14F32AB0360E54210:14F30FB02A0E54210",
      "properties": {
        "type": "Point",
        "intensity": 0.5,
        "range": 10.0,
        "colour": "#FFFFFF",
        "corona": null,
        "dutyCycle": "Always()"
      }
    },
    {
      "parent": "/Far__x5_z3/Far__x5_z3_LFS/Far_IndustryBuildings/FakeOffice_7/collider/%GROUP%_Mesh0003090350000062",
      "position": "(0,0.27,-0.12)",
      "rotation": "(0,-0.702367663,0,0.7118144)",
      "hash": "14F327B03B0E52200:14F30CB02F0E52200",
      "properties": {
        "type": "Point",
        "intensity": 0.5,
        "range": 10.0,
        "colour": "#FFFFFF",
        "corona": null,
        "dutyCycle": "Always()"
      }
    },
    {
      "parent": "/Far__x5_z3/Far__x5_z3_LFS/Far_IndustryBuildings/FakeOffice_7/collider/%GROUP%_Mesh0005090347000302",
      "position": "(0,0.27,-0.12)",
      "rotation": "(0,0.7118178,0,0.7023642)",
      "hash": "14FB36B0320E4E140:14FB51B0260E4E130",
      "properties": {
        "type": "Point",
        "intensity": 0.5,
        "range": 10.0,
        "colour": "#FFFFFF",
        "corona": null,
        "dutyCycle": "Always()"
      }
    },
    {
      "parent": "/Far__x5_z3/Far__x5_z3_LFS/Far_IndustryBuildings/Utility_ForestHouse/collider/%GROUP%_Mesh000009062E000C13",
      "position": "(0,0.285,-0.04)",
      "hash": "14BC41B3190E56560:14BC40B3150E563A0",
      "properties": {
        "type": "Point",
        "intensity": 0.5,
        "range": 10.0,
        "colour": "#FFFFFF",
        "corona": {
          "sprite": "corona_flare02.png",
          "scale": 0.87,
          "range": 100.0
        },
        "dutyCycle": "DuskTillDawn()"
      }
    }
  ],
  "meshes": [
    {
      "parent": "/Far__x5_z3/Far__x5_z3_LFS/Far_IndustryBuildings/Warehouse_OldMedium/collider",
      "position": "(-8.199909,5.369873,0.4789276)",
      "rotation": "(-0.707091,0.004723397,0.004723397,0.707091033)",
      "hash": "15022CAC4E0E990E0:150155B20F0E905E0",
      "properties": {
        "file": "meshes_lampposts.assetbundle",
        "mesh": "FloodLight_Wall"
      }
    },
    {
      "parent": "/Far__x5_z3/Far__x5_z3_LFS/Far_IndustryBuildings/Warehouse_OldMedium/collider",
      "position": "(8.199939,5.31973267,0.117422104)",
      "rotation": "(0.004723397,0.707091033,0.707091,-0.004723397)",
      "hash": "15022CAC4E0E990E0:15022BB20A0EA1220",
      "properties": {
        "file": "meshes_lampposts.assetbundle",
        "mesh": "FloodLight_Wall"
      }
    },
    {
      "parent": "/Far__x5_z3/Far__x5_z3_LFS/Far_Props/BarrelWater (1)/Collider",
      "position": "(-1.46044183,2.75901127,-18.3523731)",
      "rotation": "(-0.496649027,0.5033287,0.5033286,0.496649027)",
      "hash": "14F513AE4D0E921E0:14F349B1350E7F5F0",
      "properties": {
        "file": "meshes_lampposts.assetbundle",
        "mesh": "FloodLight_Wall"
      }
    },
    {
      "parent": "/Near__x5_z3/Near__x5_z3_LFS",
      "position": "(245.934082,177.16,629.223633)",
      "rotation": "(0.7071068,0,0.7071068,0)",
      "hash": "14000000000C00000:14F55DB1100E75160",
      "properties": {
        "file": "meshes_lampposts.assetbundle",
        "mesh": "IndustrialLamp_Ceiling"
      }
    },
    {
      "parent": "/Far__x5_z3/Far__x5_z3_LFS/Far_IndustryBuildings/FakeOffice_7/collider",
      "position": "(-3.1000185,3.758484,3.000389)",
      "rotation": "(-0.496648937,0.5033288,0.503328741,0.496648937)",
      "hash": "14F630AC4E0E511D0:14F32AB0360E54210",
      "properties": {
        "file": "meshes_lampposts.assetbundle",
        "mesh": "IndustrialLamp_Wall"
      }
    },
    {
      "parent": "/Far__x5_z3/Far__x5_z3_LFS/Far_IndustryBuildings/FakeOffice_7/collider",
      "position": "(-3.09999132,3.80336,0.988250256)",
      "rotation": "(-0.496648937,0.5033288,0.503328741,0.496648937)",
      "hash": "14F630AC4E0E511D0:14F327B03B0E52200",
      "properties": {
        "file": "meshes_lampposts.assetbundle",
        "mesh": "IndustrialLamp_Wall"
      }
    },
    {
      "parent": "/Far__x5_z3/Far__x5_z3_LFS/Far_IndustryBuildings/FakeOffice_7/collider",
      "position": "(5.09986973,3.71907043,-3.02609968)",
      "rotation": "(-0.5033312,-0.496646553,-0.496646553,0.5033311)",
      "hash": "14F630AC4E0E511D0:14FB36B0320E4E140",
      "properties": {
        "file": "meshes_lampposts.assetbundle",
        "mesh": "IndustrialLamp_Wall"
      }
    },
    {
      "parent": "/Far__x5_z3/Far__x5_z3_LFS/Far_IndustryBuildings/Utility_ForestHouse/collider",
      "position": "(0.09807588,6.469864,-12.1998463)",
      "rotation": "(-0.707091033,0.004717777,0.004717777,0.707091033)",
      "hash": "14BC47AC4E0E63060:14BC41B3190E56560",
      "properties": {
        "file": "meshes_lampposts.assetbundle",
        "mesh": "FloodLight_Wall"
      }
    }
  ],
  "decorations": []
}