{
  "version": 92,
  "enabled": true,
  "lights": [],
  "meshes": [],
  "decorations": [
    {
      "parent": "/Far__x5_z3/Far__x5_z3_LFS/Far_IndustryBuildings/Warehouse_OldMedium",
      "hash": "15022CAC4E0E990E0:15022CAC4E0E990E0",
      "id": "WINDOWS_1:LIT",
      "properties": {
        "file": "meshes_decoration_lights.assetbundle",
        "mesh": "Warehouse_OldMedium_Windows1",
        "assignMaterials": {
          "hideSourcePrefab": true,
          "assignments": []
        }
      },
      "dutyCycle": "DuskTillDawn()"
    },
    {
      "parent": "/Far__x5_z3/Far__x5_z3_LFS/Far_IndustryBuildings/Warehouse_OldMedium",
      "hash": "15022CAC4E0E990E0:15022CAC4E0E990E0",
      "id": "WINDOWS_3:LIT",
      "properties": {
        "file": "meshes_decoration_lights.assetbundle",
        "mesh": "Warehouse_OldMedium_Windows3",
        "assignMaterials": {
          "hideSourcePrefab": true,
          "assignments": []
        }
      },
      "dutyCycle": "DuskTillDawn()"
    },
    {
      "parent": "/Far__x5_z3/Far__x5_z3_LFS/Far_IndustryBuildings/Warehouse_OldMedium",
      "hash": "15022CAC4E0E990E0:15022CAC4E0E990E0",
      "id": "WINDOWS_4:LIT",
      "properties": {
        "file": "meshes_decoration_lights.assetbundle",
        "mesh": "Warehouse_OldMedium_Windows4",
        "assignMaterials": {
          "hideSourcePrefab": true,
          "assignments": []
        }
      },
      "dutyCycle": "DuskTillDawn()"
    },
    {
      "parent": "/Far__x5_z3/Far__x5_z3_LFS/Far_IndustryBuildings/Utility_ForestHouse",
      "hash": "14BC47AC4E0E63060:14BC47AC4E0E63060",
      "id": "WINDOWS_1:LIT",
      "properties": {
        "file": "meshes_decoration_lights.assetbundle",
        "mesh": "Utility_ForestHouse_Windows1",
        "assignMaterials": {
          "hideSourcePrefab": true,
          "assignments": []
        }
      },
      "dutyCycle": "DuskTillDawn()"
    }
  ]
}