{
  "version": 97,
  "enabled": true,
  "lights": [
    {
      "parent": "/Far__x5_z3/Far__x5_z3_LFS/Far_SilosCranes/Silo_Tall/collider/%GROUP%_Mesh003A0A0004000A34",
      "position": "(0,7.1,-1.55)",
      "rotation": "(-0.7071068,0,0,0.7071068)",
      "hash": "14B53CAE450E811A0:14B70EB54F0E81150",
      "properties": {
        "type": "Point",
        "intensity": 1.0,
        "range": 20.0,
        "colour": "#FFB24D",
        "corona": {
          "sprite": "corona_orange01.png",
          "scale": 0.75,
          "range": 100.0
        },
        "dutyCycle": "DuskTillDawn()"
      }
    },
    {
      "parent": "/Far__x5_z3/Far__x5_z3_LFS/Far_SilosCranes/Silo_Tall/collider/%GROUP%_Mesh0058130004000A27",
      "position": "(0,7.1,-1.55)",
      "rotation": "(-0.7071068,0,0,0.7071068)",
      "hash": "14B60CAE450E9F240:14B743B54F0E9F1E0",
      "properties": {
        "type": "Point",
        "intensity": 1.0,
        "range": 20.0,
        "colour": "#FFB24D",
        "corona": {
          "sprite": "corona_orange01.png",
          "scale": 0.75,
          "range": 100.0
        },
        "dutyCycle": "DuskTillDawn()"
      }
    },
    {
      "parent": "/Far__x5_z3/Far__x5_z3_LFS/Far_SilosCranes/Silo_Tall/collider/%GROUP%_Mesh00760C0004000A1C",
      "position": "(0,7.1,-1.55)",
      "rotation": "(-0.7071068,0,0,0.7071068)",
      "hash": "14B63FAE450EBD1C0:14B812B54F0EBD160",
      "properties": {
        "type": "Point",
        "intensity": 1.0,
        "range": 20.0,
        "colour": "#FFB24D",
        "corona": {
          "sprite": "corona_orange01.png",
          "scale": 0.75,
          "range": 100.0
        },
        "dutyCycle": "DuskTillDawn()"
      }
    },
    {
      "parent": "/Far__x5_z3/Far__x5_z3_LFS/Far_SilosCranes/Silo_Tall/collider/%GROUP%_Mesh0094070004000A0F",
      "position": "(0,7.1,1.55)",
      "rotation": "(-0.7071068,0,0,0.7071068)",
      "hash": "14B710AE450EDB160:14B53DB54F0EDB1C0",
      "properties": {
        "type": "Point",
        "intensity": 1.0,
        "range": 20.0,
        "colour": "#FFB24D",
        "corona": {
          "sprite": "corona_orange01.png",
          "scale": 0.75,
          "range": 100.0
        },
        "dutyCycle": "DuskTillDawn()"
      }
    },
    {
      "parent": "/Far__x5_z3/Far__x5_z3_LFS/Far_SilosCranes/Silo_Tall/collider/%GROUP%_Mesh0094070004000A0F",
      "position": "(0,7.1,-1.55)",
      "rotation": "(-0.7071068,0,0,0.7071068)",
      "hash": "14B710AE450EDB160:14B847B54F0EDB110",
      "properties": {
        "type": "Point",
        "intensity": 1.0,
        "range": 20.0,
        "colour": "#FFB24D",
        "corona": {
          "sprite": "corona_orange01.png",
          "scale": 0.75,
          "range": 100.0
        },
        "dutyCycle": "DuskTillDawn()"
      }
    },
    {
      "parent": "/Far__x5_z3/Far__x5_z3_LFS/Far_SilosCranes/Silo_Tall/collider/%GROUP%_Mesh00CB070004000A07",
      "position": "(0,7.1,1.55)",
      "rotation": "(-0.7071068,0,0,0.7071068)",
      "hash": "14B761AE450F12160:14B934B54F0F12130",
      "properties": {
        "type": "Point",
        "intensity": 1.0,
        "range": 20.0,
        "colour": "#FFB24D",
        "corona": {
          "sprite": "corona_orange01.png",
          "scale": 0.75,
          "range": 100.0
        },
        "dutyCycle": "DuskTillDawn()"
      }
    },
    {
      "parent": "/Far__x5_z3/Far__x5_z3_LFS/Far_SilosCranes/Silo_Tall/collider/%GROUP%_Mesh00CB070004000A07",
      "position": "(0,7.1,-1.55)",
      "rotation": "(-0.7071068,0,0,0.7071068)",
      "hash": "14B761AE450F12160:14B62BB54F0F12190",
      "properties": {
        "type": "Point",
        "intensity": 1.0,
        "range": 20.0,
        "colour": "#FFB24D",
        "corona": {
          "sprite": "corona_orange01.png",
          "scale": 0.75,
          "range": 100.0
        },
        "dutyCycle": "DuskTillDawn()"
      }
    },
    {
      "parent": "/Far__x5_z3/Far__x5_z3_LFS/Far_SilosCranes/Silo_Tall/collider/%GROUP%_Mesh00E9050004000951",
      "position": "(0,7.1,-1.55)",
      "rotation": "(-0.7071068,0,0,0.7071068)",
      "hash": "14B840AE450F30130:14BA13B54F0F30110",
      "properties": {
        "type": "Point",
        "intensity": 1.0,
        "range": 20.0,
        "colour": "#FFB24D",
        "corona": {
          "sprite": "corona_orange01.png",
          "scale": 0.75,
          "range": 100.0
        },
        "dutyCycle": "DuskTillDawn()"
      }
    },
    {
      "parent": "/Far__x5_z3/Far__x5_z3_LFS/Far_SilosCranes/Silo_Tall/collider/%GROUP%_Mesh01055C000400093B",
      "position": "(0,7.1,-1.55)",
      "rotation": "(-0.7071068,0,0,0.7071068)",
      "hash": "14B919AE450F4D060:14BA4FB54F0F4C620",
      "properties": {
        "type": "Point",
        "intensity": 1.0,
        "range": 20.0,
        "colour": "#FFB24D",
        "corona": {
          "sprite": "corona_orange01.png",
          "scale": 0.75,
          "range": 100.0
        },
        "dutyCycle": "DuskTillDawn()"
      }
    },
    {
      "parent": "/Far__x5_z3/Far__x5_z3_LFS/Far_SilosCranes/Silo_Tall/collider/%GROUP%_Mesh0125100004000935",
      "position": "(0,7.1,-1.55)",
      "rotation": "(-0.7071068,0,0,0.7071068)",
      "hash": "14B948AE450F6C1D0:14BB1BB54F0F6C170",
      "properties": {
        "type": "Point",
        "intensity": 1.0,
        "range": 20.0,
        "colour": "#FFB24D",
        "corona": {
          "sprite": "corona_orange01.png",
          "scale": 0.75,
          "range": 100.0
        },
        "dutyCycle": "DuskTillDawn()"
      }
    },
    {
      "parent": "/Far__x5_z3/Far__x5_z3_LFS/Far_SilosCranes/Silo_Tall/collider/%GROUP%_Mesh00B1630004000960",
      "position": "(0,7.1,1.55)",
      "rotation": "(-0.7071068,0,0,0.7071068)",
      "hash": "14CB44AE450EF8570:14CA0EB54F0EF85C0",
      "properties": {
        "type": "Point",
        "intensity": 1.0,
        "range": 20.0,
        "colour": "#FFB24D",
        "corona": {
          "sprite": "corona_orange01.png",
          "scale": 0.75,
          "range": 100.0
        },
        "dutyCycle": "DuskTillDawn()"
      }
    },
    {
      "parent": "/Far__x5_z3/Far__x5_z3_LFS/Far_SilosCranes/Silo_Tall/collider/%GROUP%_Mesh00B1630004000960",
      "position": "(0,7.1,-1.55)",
      "rotation": "(-0.7071068,0,0,0.7071068)",
      "hash": "14CB44AE450EF8570:14CD17B54F0EF8510",
      "properties": {
        "type": "Point",
        "intensity": 1.0,
        "range": 20.0,
        "colour": "#FFB24D",
        "corona": {
          "sprite": "corona_orange01.png",
          "scale": 0.75,
          "range": 100.0
        },
        "dutyCycle": "DuskTillDawn()"
      }
    },
    {
      "parent": "/Far__x5_z3/Far__x5_z3_LFS/Far_SilosCranes/Silo_Tall/collider/%GROUP%_Mesh0094010004000954",
      "position": "(0,7.1,1.55)",
      "rotation": "(-0.7071068,0,0,0.7071068)",
      "hash": "14CB10AE450EDA590:14C93DB54F0EDA610",
      "properties": {
        "type": "Point",
        "intensity": 1.0,
        "range": 20.0,
        "colour": "#FFB24D",
        "corona": {
          "sprite": "corona_orange01.png",
          "scale": 0.75,
          "range": 100.0
        },
        "dutyCycle": "DuskTillDawn()"
      }
    },
    {
      "parent": "/Far__x5_z3/Far__x5_z3_LFS/Far_SilosCranes/Silo_Tall/collider/%GROUP%_Mesh0094010004000954",
      "position": "(0,7.1,-1.55)",
      "rotation": "(-0.7071068,0,0,0.7071068)",
      "hash": "14CB10AE450EDA590:14CC47B54F0EDA510",
      "properties": {
        "type": "Point",
        "intensity": 1.0,
        "range": 20.0,
        "colour": "#FFB24D",
        "corona": {
          "sprite": "corona_orange01.png",
          "scale": 0.75,
          "range": 100.0
        },
        "dutyCycle": "DuskTillDawn()"
      }
    },
    {
      "parent": "/Far__x5_z3/Far__x5_z3_LFS/Far_SilosCranes/Silo_Tall/collider/%GROUP%_Mesh0076010004000961",
      "position": "(0,7.1,1.55)",
      "rotation": "(-0.7071068,0,0,0.7071068)",
      "hash": "14CA59AE450EBC590:14C922B54F0EBC5C0",
      "properties": {
        "type": "Point",
        "intensity": 1.0,
        "range": 20.0,
        "colour": "#FFB24D",
        "corona": {
          "sprite": "corona_orange01.png",
          "scale": 0.75,
          "range": 100.0
        },
        "dutyCycle": "DuskTillDawn()"
      }
    },
    {
      "parent": "/Far__x5_z3/Far__x5_z3_LFS/Far_SilosCranes/Silo_Tall/collider/%GROUP%_Mesh0076010004000961",
      "position": "(0,7.1,-1.55)",
      "rotation": "(-0.7071068,0,0,0.7071068)",
      "hash": "14CA59AE450EBC590:14CC2CB54F0EBC560",
      "properties": {
        "type": "Point",
        "intensity": 1.0,
        "range": 20.0,
        "colour": "#FFB24D",
        "corona": {
          "sprite": "corona_orange01.png",
          "scale": 0.75,
          "range": 100.0
        },
        "dutyCycle": "DuskTillDawn()"
      }
    },
    {
      "parent": "/Far__x5_z3/Far__x5_z3_LFS/Far_SilosCranes/Silo_Tall/collider/%GROUP%_Mesh0058030004000948",
      "position": "(0,7.1,1.55)",
      "rotation": "(-0.7071068,0,0,0.7071068)",
      "hash": "14CA18AE450E9E5D0:14C845B54F0E9E620",
      "properties": {
        "type": "Point",
        "intensity": 1.0,
        "range": 20.0,
        "colour": "#FFB24D",
        "corona": {
          "sprite": "corona_orange01.png",
          "scale": 0.75,
          "range": 100.0
        },
        "dutyCycle": "DuskTillDawn()"
      }
    },
    {
      "parent": "/Far__x5_z3/Far__x5_z3_LFS/Far_SilosCranes/Silo_Tall/collider/%GROUP%_Mesh0058030004000948",
      "position": "(0,7.1,-1.55)",
      "rotation": "(-0.7071068,0,0,0.7071068)",
      "hash": "14CA18AE450E9E5D0:14CB4FB54F0E9E570",
      "properties": {
        "type": "Point",
        "intensity": 1.0,
        "range": 20.0,
        "colour": "#FFB24D",
        "corona": {
          "sprite": "corona_orange01.png",
          "scale": 0.75,
          "range": 100.0
        },
        "dutyCycle": "DuskTillDawn()"
      }
    },
    {
      "parent": "/Far__x5_z3/Far__x5_z3_LFS/Far_SilosCranes/Silo_Tall/collider/%GROUP%_Mesh003961000400095A",
      "position": "(0,7.1,1.55)",
      "rotation": "(-0.7071068,0,0,0.7071068)",
      "hash": "14CA02AE450E80560:14C82FB54F0E80590",
      "properties": {
        "type": "Point",
        "intensity": 1.0,
        "range": 20.0,
        "colour": "#FFB24D",
        "corona": {
          "sprite": "corona_orange01.png",
          "scale": 0.75,
          "range": 100.0
        },
        "dutyCycle": "DuskTillDawn()"
      }
    },
    {
      "parent": "/Far__x5_z3/Far__x5_z3_LFS/Far_SilosCranes/Silo_Tall/collider/%GROUP%_Mesh003961000400095A",
      "position": "(0,7.1,-1.55)",
      "rotation": "(-0.7071068,0,0,0.7071068)",
      "hash": "14CA02AE450E80560:14CB39B54F0E80530",
      "properties": {
        "type": "Point",
        "intensity": 1.0,
        "range": 20.0,
        "colour": "#FFB24D",
        "corona": {
          "sprite": "corona_orange01.png",
          "scale": 0.75,
          "range": 100.0
        },
        "dutyCycle": "DuskTillDawn()"
      }
    },
    {
      "parent": "/Far__x5_z3/Far__x5_z3_LFS/Far_SilosCranes/Silo_Tall/collider/%GROUP%_Mesh00CB0B0004000A10",
      "position": "(0,7.1,1.55)",
      "rotation": "(-0.7071068,0,0,0.7071068)",
      "hash": "14CC16AE450F11620:14CA43B54F0F11620",
      "properties": {
        "type": "Point",
        "intensity": 1.0,
        "range": 20.0,
        "colour": "#FFB24D",
        "corona": {
          "sprite": "corona_orange01.png",
          "scale": 0.75,
          "range": 100.0
        },
        "dutyCycle": "DuskTillDawn()"
      }
    },
    {
      "parent": "/Far__x5_z3/Far__x5_z3_LFS/Far_SilosCranes/Silo_Tall/collider/%GROUP%_Mesh00CB0B0004000A10",
      "position": "(0,7.1,-1.55)",
      "rotation": "(-0.7071068,0,0,0.7071068)",
      "hash": "14CC16AE450F11620:14CD4DB54F0F11620",
      "properties": {
        "type": "Point",
        "intensity": 1.0,
        "range": 20.0,
        "colour": "#FFB24D",
        "corona": {
          "sprite": "corona_orange01.png",
          "scale": 0.75,
          "range": 100.0
        },
        "dutyCycle": "DuskTillDawn()"
      }
    },
    {
      "parent": "/Far__x5_z3/Far__x5_z3_LFS/Far_SilosCranes/Silo_Tall/collider/%GROUP%_Mesh0057400004002E10",
      "position": "(0,7.1,1.55)",
      "rotation": "(-0.7071068,0,0,0.7071068)",
      "hash": "14EE44AE450E9E040:14ED0DB54F0E9E070",
      "properties": {
        "type": "Point",
        "intensity": 1.0,
        "range": 20.0,
        "colour": "#FFB24D",
        "corona": {
          "sprite": "corona_orange01.png",
          "scale": 0.75,
          "range": 100.0
        },
        "dutyCycle": "DuskTillDawn()"
      }
    },
    {
      "parent": "/Far__x5_z3/Far__x5_z3_LFS/Far_SilosCranes/Silo_Tall/collider/%GROUP%_Mesh0057400004002E10",
      "position": "(0,7.1,-1.55)",
      "rotation": "(-0.7071068,0,0,0.7071068)",
      "hash": "14EE44AE450E9E040:14F016B54F0E9E020",
      "properties": {
        "type": "Point",
        "intensity": 1.0,
        "range": 20.0,
        "colour": "#FFB24D",
        "corona": {
          "sprite": "corona_orange01.png",
          "scale": 0.75,
          "range": 100.0
        },
        "dutyCycle": "DuskTillDawn()"
      }
    },
    {
      "parent": "/Far__x5_z3/Far__x5_z3_LFS/Far_SilosCranes/Silo_Tall/collider/%GROUP%_Mesh0075400004002E14",
      "position": "(0,7.1,1.55)",
      "rotation": "(-0.7071068,0,0,0.7071068)",
      "hash": "14EF0BAE450EBC040:14F042B54F0EBC010",
      "properties": {
        "type": "Point",
        "intensity": 1.0,
        "range": 20.0,
        "colour": "#FFB24D",
        "corona": {
          "sprite": "corona_orange01.png",
          "scale": 0.75,
          "range": 100.0
        },
        "dutyCycle": "DuskTillDawn()"
      }
    },
    {
      "parent": "/Far__x5_z3/Far__x5_z3_LFS/Far_SilosCranes/Silo_Tall/collider/%GROUP%_Mesh0075400004002E14",
      "position": "(0,7.1,-1.55)",
      "rotation": "(-0.7071068,0,0,0.7071068)",
      "hash": "14EF0BAE450EBC040:14ED38B54F0EBC070",
      "properties": {
        "type": "Point",
        "intensity": 1.0,
        "range": 20.0,
        "colour": "#FFB24D",
        "corona": {
          "sprite": "corona_orange01.png",
          "scale": 0.75,
          "range": 100.0
        },
        "dutyCycle": "DuskTillDawn()"
      }
    },
    {
      "parent": "/Far__x5_z3/Far__x5_z3_LFS/Far_SilosCranes/Silo_Tall/collider/%GROUP%_Mesh00933C0004002E02",
      "position": "(0,7.1,1.55)",
      "rotation": "(-0.7071068,0,0,0.7071068)",
      "hash": "14EF21AE450EDA000:14F058B54F0ED95F0",
      "properties": {
        "type": "Point",
        "intensity": 1.0,
        "range": 20.0,
        "colour": "#FFB24D",
        "corona": {
          "sprite": "corona_orange01.png",
          "scale": 0.75,
          "range": 100.0
        },
        "dutyCycle": "DuskTillDawn()"
      }
    },
    {
      "parent": "/Far__x5_z3/Far__x5_z3_LFS/Far_SilosCranes/Silo_Tall/collider/%GROUP%_Mesh00933C0004002E02",
      "position": "(0,7.1,-1.55)",
      "rotation": "(-0.7071068,0,0,0.7071068)",
      "hash": "14EF21AE450EDA000:14ED4EB54F0EDA050",
      "properties": {
        "type": "Point",
        "intensity": 1.0,
        "range": 20.0,
        "colour": "#FFB24D",
        "corona": {
          "sprite": "corona_orange01.png",
          "scale": 0.75,
          "range": 100.0
        },
        "dutyCycle": "DuskTillDawn()"
      }
    },
    {
      "parent": "/Far__x5_z3/Far__x5_z3_LFS/Far_SilosCranes/Silo_Tall/collider/%GROUP%_Mesh00B1410004002D57",
      "position": "(0,7.1,1.55)",
      "rotation": "(-0.7071068,0,0,0.7071068)",
      "hash": "14EF3BAE450EF8050:14F10EB54F0EF8020",
      "properties": {
        "type": "Point",
        "intensity": 1.0,
        "range": 20.0,
        "colour": "#FFB24D",
        "corona": {
          "sprite": "corona_orange01.png",
          "scale": 0.75,
          "range": 100.0
        },
        "dutyCycle": "DuskTillDawn()"
      }
    },
    {
      "parent": "/Far__x5_z3/Far__x5_z3_LFS/Far_SilosCranes/Silo_Tall/collider/%GROUP%_Mesh00B1410004002D57",
      "position": "(0,7.1,-1.55)",
      "rotation": "(-0.7071068,0,0,0.7071068)",
      "hash": "14EF3BAE450EF8050:14EE04B54F0EF8080",
      "properties": {
        "type": "Point",
        "intensity": 1.0,
        "range": 20.0,
        "colour": "#FFB24D",
        "corona": {
          "sprite": "corona_orange01.png",
          "scale": 0.75,
          "range": 100.0
        },
        "dutyCycle": "DuskTillDawn()"
      }
    },
    {
      "parent": "/Far__x5_z3/Far__x5_z3_LFS/Far_SilosCranes/Silo_Tall/collider/%GROUP%_Mesh00CA460004002E0A",
      "position": "(0,7.1,1.55)",
      "rotation": "(-0.7071068,0,0,0.7071068)",
      "hash": "14F00FAE450F110A0:14F146B54F0F11070",
      "properties": {
        "type": "Point",
        "intensity": 1.0,
        "range": 20.0,
        "colour": "#FFB24D",
        "corona": {
          "sprite": "corona_orange01.png",
          "scale": 0.75,
          "range": 100.0
        },
        "dutyCycle": "DuskTillDawn()"
      }
    },
    {
      "parent": "/Far__x5_z3/Far__x5_z3_LFS/Far_SilosCranes/Silo_Tall/collider/%GROUP%_Mesh00CA460004002E0A",
      "position": "(0,7.1,-1.55)",
      "rotation": "(-0.7071068,0,0,0.7071068)",
      "hash": "14F00FAE450F110A0:14EE3CB54F0F110C0",
      "properties": {
        "type": "Point",
        "intensity": 1.0,
        "range": 20.0,
        "colour": "#FFB24D",
        "corona": {
          "sprite": "corona_orange01.png",
          "scale": 0.75,
          "range": 100.0
        },
        "dutyCycle": "DuskTillDawn()"
      }
    },
    {
      "parent": "/Far__x5_z3/Far__x5_z3_LFS/Far_SilosCranes/Silo_Tall/collider/%GROUP%_Mesh00E8450004002E09",
      "position": "(0,7.1,1.55)",
      "rotation": "(-0.7071068,0,0,0.7071068)",
      "hash": "14F036AE450F2F080:14F209B54F0F2F050",
      "properties": {
        "type": "Point",
        "intensity": 1.0,
        "range": 20.0,
        "colour": "#FFB24D",
        "corona": {
          "sprite": "corona_orange01.png",
          "scale": 0.75,
          "range": 100.0
        },
        "dutyCycle": "DuskTillDawn()"
      }
    },
    {
      "parent": "/Far__x5_z3/Far__x5_z3_LFS/Far_SilosCranes/Silo_Tall/collider/%GROUP%_Mesh00E8450004002E09",
      "position": "(0,7.1,-1.55)",
      "rotation": "(-0.7071068,0,0,0.7071068)",
      "hash": "14F036AE450F2F080:14EE63B54F0F2F0B0",
      "properties": {
        "type": "Point",
        "intensity": 1.0,
        "range": 20.0,
        "colour": "#FFB24D",
        "corona": {
          "sprite": "corona_orange01.png",
          "scale": 0.75,
          "range": 100.0
        },
        "dutyCycle": "DuskTillDawn()"
      }
    },
    {
      "parent": "/Far__x5_z3/Far__x5_z3_LFS/Far_SilosCranes/Silo_Tall/collider/%GROUP%_Mesh007536000400443A",
      "position": "(0,7.1,1.55)",
      "rotation": "(-0.7071068,0,0,0.7071068)",
      "hash": "150531AE450EBB400:15035EB54F0EBB460",
      "properties": {
        "type": "Point",
        "intensity": 1.0,
        "range": 20.0,
        "colour": "#FFB24D",
        "corona": {
          "sprite": "corona_orange01.png",
          "scale": 0.75,
          "range": 100.0
        },
        "dutyCycle": "DuskTillDawn()"
      }
    },
    {
      "parent": "/Far__x5_z3/Far__x5_z3_LFS/Far_SilosCranes/Silo_Tall/collider/%GROUP%_Mesh007536000400443A",
      "position": "(0,7.1,-1.55)",
      "rotation": "(-0.7071068,0,0,0.7071068)",
      "hash": "150531AE450EBB400:150704B54F0EBB3B0",
      "properties": {
        "type": "Point",
        "intensity": 1.0,
        "range": 20.0,
        "colour": "#FFB24D",
        "corona": {
          "sprite": "corona_orange01.png",
          "scale": 0.75,
          "range": 100.0
        },
        "dutyCycle": "DuskTillDawn()"
      }
    },
    {
      "parent": "/Far__x5_z3/Far__x5_z3_LFS/Far_SilosCranes/Silo_Tall/collider/%GROUP%_Mesh0093360004004451",
      "position": "(0,7.1,1.55)",
      "rotation": "(-0.7071068,0,0,0.7071068)",
      "hash": "15060CAE450ED93F0:150743B54F0ED93D0",
      "properties": {
        "type": "Point",
        "intensity": 1.0,
        "range": 20.0,
        "colour": "#FFB24D",
        "corona": {
          "sprite": "corona_orange01.png",
          "scale": 0.75,
          "range": 100.0
        },
        "dutyCycle": "DuskTillDawn()"
      }
    },
    {
      "parent": "/Far__x5_z3/Far__x5_z3_LFS/Far_SilosCranes/Silo_Tall/collider/%GROUP%_Mesh0093360004004451",
      "position": "(0,7.1,-1.55)",
      "rotation": "(-0.7071068,0,0,0.7071068)",
      "hash": "15060CAE450ED93F0:150439B54F0ED9420",
      "properties": {
        "type": "Point",
        "intensity": 1.0,
        "range": 20.0,
        "colour": "#FFB24D",
        "corona": {
          "sprite": "corona_orange01.png",
          "scale": 0.75,
          "range": 100.0
        },
        "dutyCycle": "DuskTillDawn()"
      }
    },
    {
      "parent": "/Far__x5_z3/Far__x5_z3_LFS/Far_SilosCranes/Silo_Tall/collider/%GROUP%_Mesh00B139000400443F",
      "position": "(0,7.1,1.55)",
      "rotation": "(-0.7071068,0,0,0.7071068)",
      "hash": "150622AE450EF7430:15044FB54F0EF7460",
      "properties": {
        "type": "Point",
        "intensity": 1.0,
        "range": 20.0,
        "colour": "#FFB24D",
        "corona": {
          "sprite": "corona_orange01.png",
          "scale": 0.75,
          "range": 100.0
        },
        "dutyCycle": "DuskTillDawn()"
      }
    },
    {
      "parent": "/Far__x5_z3/Far__x5_z3_LFS/Far_SilosCranes/Silo_Tall/collider/%GROUP%_Mesh00B139000400443F",
      "position": "(0,7.1,-1.55)",
      "rotation": "(-0.7071068,0,0,0.7071068)",
      "hash": "150622AE450EF7430:150759B54F0EF7400",
      "properties": {
        "type": "Point",
        "intensity": 1.0,
        "range": 20.0,
        "colour": "#FFB24D",
        "corona": {
          "sprite": "corona_orange01.png",
          "scale": 0.75,
          "range": 100.0
        },
        "dutyCycle": "DuskTillDawn()"
      }
    },
    {
      "parent": "/Far__x5_z3/Far__x5_z3_LFS/Far_SilosCranes/Silo_Tall/collider/%GROUP%_Mesh00CA33001B004451",
      "position": "(0,7.1,1.55)",
      "rotation": "(-0.516423166,0.450933218,0.372216731,0.6256365)",
      "hash": "150655AE2E0F103C0:15051EB5380F10440",
      "properties": {
        "type": "Point",
        "intensity": 1.0,
        "range": 20.0,
        "colour": "#FFB24D",
        "corona": {
          "sprite": "corona_orange01.png",
          "scale": 0.75,
          "range": 100.0
        },
        "dutyCycle": "DuskTillDawn()"
      }
    },
    {
      "parent": "/Far__x5_z3/Far__x5_z3_LFS/Far_SilosCranes/Silo_Tall/collider/%GROUP%_Mesh00CA33001B004451",
      "position": "(0,7.1,-1.55)",
      "rotation": "(-0.516423166,0.450933218,0.372216731,0.6256365)",
      "hash": "150655AE2E0F103C0:150828B5380F10340",
      "properties": {
        "type": "Point",
        "intensity": 1.0,
        "range": 20.0,
        "colour": "#FFB24D",
        "corona": {
          "sprite": "corona_orange01.png",
          "scale": 0.75,
          "range": 100.0
        },
        "dutyCycle": "DuskTillDawn()"
      }
    },
    {
      "parent": "/Far__x5_z3/Far__x5_z3_LFS/Far_Props/BarrelWater (1)/Collider/%GROUP%_Mesh0002410340000F20",
      "position": "(0,0.285,-0.04)",
      "hash": "14F755B22A0E82610:14F755B2260E831A0",
      "properties": {
        "type": "Point",
        "intensity": 1.0,
        "range": 20.0,
        "colour": "#FFB24D",
        "corona": {
          "sprite": "corona_orange01.png",
          "scale": 0.75,
          "range": 100.0
        },
        "dutyCycle": "DuskTillDawn()"
      }
    }
  ],
  "meshes": [
    {
      "parent": "/Far__x5_z3/Far__x5_z3_LFS/Far_SilosCranes/Silo_Tall/collider",
      "position": "(58.1011,-0.04597473,10.5203495)",
      "rotation": "(0,-0.694658458,0,0.7193397)",
      "hash": "14BF22AE490E47030:14B53CAE450E811A0",
      "properties": {
        "file": "meshes_lampposts.assetbundle",
        "mesh": "LampPostSmall_Floor"
      }
    },
    {
      "parent": "/Far__x5_z3/Far__x5_z3_LFS/Far_SilosCranes/Silo_Tall/collider",
      "position": "(88.19971,-0.04597473,10.3945627)",
      "rotation": "(0,-0.694658458,0,0.7193397)",
      "hash": "14BF22AE490E47030:14B60CAE450E9F240",
      "properties": {
        "file": "meshes_lampposts.assetbundle",
        "mesh": "LampPostSmall_Floor"
      }
    },
    {
      "parent": "/Far__x5_z3/Far__x5_z3_LFS/Far_SilosCranes/Silo_Tall/collider",
      "position": "(118.124954,-0.04597473,10.28746)",
      "rotation": "(0,-0.694658458,0,0.7193397)",
      "hash": "14BF22AE490E47030:14B63FAE450EBD1C0",
      "properties": {
        "file": "meshes_lampposts.assetbundle",
        "mesh": "LampPostSmall_Floor"
      }
    },
    {
      "parent": "/Far__x5_z3/Far__x5_z3_LFS/Far_SilosCranes/Silo_Tall/collider",
      "position": "(148.075653,-0.04597473,10.1572485)",
      "rotation": "(0,-0.694658458,0,0.7193397)",
      "hash": "14BF22AE490E47030:14B710AE450EDB160",
      "properties": {
        "file": "meshes_lampposts.assetbundle",
        "mesh": "LampPostDouble_Floor"
      }
    },
    {
      "parent": "/Far__x5_z3/Far__x5_z3_LFS/Far_SilosCranes/Silo_Tall/collider",
      "position": "(203.076981,-0.04597473,10.0774822)",
      "rotation": "(0,0.713250458,0,0.700909257)",
      "hash": "14BF22AE490E47030:14B761AE450F12160",
      "properties": {
        "file": "meshes_lampposts.assetbundle",
        "mesh": "LampPostDouble_Floor"
      }
    },
    {
      "parent": "/Far__x5_z3/Far__x5_z3_LFS/Far_SilosCranes/Silo_Tall/collider",
      "position": "(233.057068,-0.04597473,9.81337452)",
      "rotation": "(0,-0.7009093,0,0.7132504)",
      "hash": "14BF22AE490E47030:14B840AE450F30130",
      "properties": {
        "file": "meshes_lampposts.assetbundle",
        "mesh": "LampPostSmall_Floor"
      }
    },
    {
      "parent": "/Far__x5_z3/Far__x5_z3_LFS/Far_SilosCranes/Silo_Tall/collider",
      "position": "(261.9273,-0.04597473,9.593054)",
      "rotation": "(0,-0.6883545,0,0.72537446)",
      "hash": "14BF22AE490E47030:14B919AE450F4D060",
      "properties": {
        "file": "meshes_lampposts.assetbundle",
        "mesh": "LampPostSmall_Floor"
      }
    },
    {
      "parent": "/Far__x5_z3/Far__x5_z3_LFS/Far_SilosCranes/Silo_Tall/collider",
      "position": "(293.1626,-0.04597473,9.533222)",
      "rotation": "(0,-0.694658458,0,0.7193397)",
      "hash": "14BF22AE490E47030:14B948AE450F6C1D0",
      "properties": {
        "file": "meshes_lampposts.assetbundle",
        "mesh": "LampPostSmall_Floor"
      }
    },
    {
      "parent": "/Far__x5_z3/Far__x5_z3_LFS/Far_SilosCranes/Silo_Tall/collider",
      "position": "(177.99292,-0.04597473,-9.96884251)",
      "rotation": "(0,-0.694658458,0,0.7193397)",
      "hash": "14BF22AE490E47030:14CB44AE450EF8570",
      "properties": {
        "file": "meshes_lampposts.assetbundle",
        "mesh": "LampPostDouble_Floor"
      }
    },
    {
      "parent": "/Far__x5_z3/Far__x5_z3_LFS/Far_SilosCranes/Silo_Tall/collider",
      "position": "(148.011276,-0.04597473,-9.84393)",
      "rotation": "(0,-0.6883545,0,0.72537446)",
      "hash": "14BF22AE490E47030:14CB10AE450EDA590",
      "properties": {
        "file": "meshes_lampposts.assetbundle",
        "mesh": "LampPostDouble_Floor"
      }
    },
    {
      "parent": "/Far__x5_z3/Far__x5_z3_LFS/Far_SilosCranes/Silo_Tall/collider",
      "position": "(118.010147,-0.04597473,-9.978104)",
      "rotation": "(0,-0.7009093,0,0.7132504)",
      "hash": "14BF22AE490E47030:14CA59AE450EBC590",
      "properties": {
        "file": "meshes_lampposts.assetbundle",
        "mesh": "LampPostDouble_Floor"
      }
    },
    {
      "parent": "/Far__x5_z3/Far__x5_z3_LFS/Far_SilosCranes/Silo_Tall/collider",
      "position": "(88.03921,-0.04597473,-9.722171)",
      "rotation": "(0,-0.694658458,0,0.7193397)",
      "hash": "14BF22AE490E47030:14CA18AE450E9E5D0",
      "properties": {
        "file": "meshes_lampposts.assetbundle",
        "mesh": "LampPostDouble_Floor"
      }
    },
    {
      "parent": "/Far__x5_z3/Far__x5_z3_LFS/Far_SilosCranes/Silo_Tall/collider",
      "position": "(57.97351,-0.04597473,-9.903101)",
      "rotation": "(0,-0.7009093,0,0.7132504)",
      "hash": "14BF22AE490E47030:14CA02AE450E80560",
      "properties": {
        "file": "meshes_lampposts.assetbundle",
        "mesh": "LampPostDouble_Floor"
      }
    },
    {
      "parent": "/Far__x5_z3/Far__x5_z3_LFS/Far_SilosCranes/Silo_Tall/collider",
      "position": "(203.11113,-0.04597473,-10.1699543)",
      "rotation": "(0,-0.7071067,0,0.7071068)",
      "hash": "14BF22AE490E47030:14CC16AE450F11620",
      "properties": {
        "file": "meshes_lampposts.assetbundle",
        "mesh": "LampPostDouble_Floor"
      }
    },
    {
      "parent": "/Far__x5_z3/Far__x5_z3_LFS/Far_SilosCranes/Silo_Tall/collider",
      "position": "(87.6442,-0.04597473,-46.16967)",
      "rotation": "(0,-0.7009093,0,0.7132504)",
      "hash": "14BF22AE490E47030:14EE44AE450E9E040",
      "properties": {
        "file": "meshes_lampposts.assetbundle",
        "mesh": "LampPostDouble_Floor"
      }
    },
    {
      "parent": "/Far__x5_z3/Far__x5_z3_LFS/Far_SilosCranes/Silo_Tall/collider",
      "position": "(117.641678,-0.04597473,-46.2006073)",
      "rotation": "(0,0.713250458,0,0.700909257)",
      "hash": "14BF22AE490E47030:14EF0BAE450EBC040",
      "properties": {
        "file": "meshes_lampposts.assetbundle",
        "mesh": "LampPostDouble_Floor"
      }
    },
    {
      "parent": "/Far__x5_z3/Far__x5_z3_LFS/Far_SilosCranes/Silo_Tall/collider",
      "position": "(147.602646,-0.04597473,-46.02156)",
      "rotation": "(0,0.7193398,0,0.6946584)",
      "hash": "14BF22AE490E47030:14EF21AE450EDA000",
      "properties": {
        "file": "meshes_lampposts.assetbundle",
        "mesh": "LampPostDouble_Floor"
      }
    },
    {
      "parent": "/Far__x5_z3/Far__x5_z3_LFS/Far_SilosCranes/Silo_Tall/collider",
      "position": "(177.654678,-0.04597473,-45.87793)",
      "rotation": "(0,0.713250458,0,0.700909257)",
      "hash": "14BF22AE490E47030:14EF3BAE450EF8050",
      "properties": {
        "file": "meshes_lampposts.assetbundle",
        "mesh": "LampPostDouble_Floor"
      }
    },
    {
      "parent": "/Far__x5_z3/Far__x5_z3_LFS/Far_SilosCranes/Silo_Tall/collider",
      "position": "(202.705429,-0.04597473,-46.1097336)",
      "rotation": "(0,0.713250458,0,0.700909257)",
      "hash": "14BF22AE490E47030:14F00FAE450F110A0",
      "properties": {
        "file": "meshes_lampposts.assetbundle",
        "mesh": "LampPostDouble_Floor"
      }
    },
    {
      "parent": "/Far__x5_z3/Far__x5_z3_LFS/Far_SilosCranes/Silo_Tall/collider",
      "position": "(232.690292,-0.04597473,-46.09347)",
      "rotation": "(0,0.713250458,0,0.700909257)",
      "hash": "14BF22AE490E47030:14F036AE450F2F080",
      "properties": {
        "file": "meshes_lampposts.assetbundle",
        "mesh": "LampPostDouble_Floor"
      }
    },
    {
      "parent": "/Far__x5_z3/Far__x5_z3_LFS/Far_SilosCranes/Silo_Tall/collider",
      "position": "(117.542526,-0.04597473,-68.5882)",
      "rotation": "(0,-0.694658458,0,0.7193397)",
      "hash": "14BF22AE490E47030:150531AE450EBB400",
      "properties": {
        "file": "meshes_lampposts.assetbundle",
        "mesh": "LampPostDouble_Floor"
      }
    },
    {
      "parent": "/Far__x5_z3/Far__x5_z3_LFS/Far_SilosCranes/Silo_Tall/collider",
      "position": "(147.541183,-0.04597473,-68.8168945)",
      "rotation": "(0,0.713250458,0,0.700909257)",
      "hash": "14BF22AE490E47030:15060CAE450ED93F0",
      "properties": {
        "file": "meshes_lampposts.assetbundle",
        "mesh": "LampPostDouble_Floor"
      }
    },
    {
      "parent": "/Far__x5_z3/Far__x5_z3_LFS/Far_SilosCranes/Silo_Tall/collider",
      "position": "(177.579086,-0.04597473,-68.63976)",
      "rotation": "(0,-0.7009093,0,0.7132504)",
      "hash": "14BF22AE490E47030:150622AE450EF7430",
      "properties": {
        "file": "meshes_lampposts.assetbundle",
        "mesh": "LampPostDouble_Floor"
      }
    },
    {
      "parent": "/Far__x5_z3/Far__x5_z3_LFS/Far_SilosCranes/Silo_Tall/collider",
      "position": "(202.5155,-0.270172119,-68.81205)",
      "rotation": "(0,-0.6883545,0,0.72537446)",
      "hash": "14BF22AE490E47030:150655AE2E0F103C0",
      "properties": {
        "file": "meshes_lampposts.assetbundle",
        "mesh": "LampPostDouble_Floor"
      }
    },
    {
      "parent": "/Far__x5_z3/Far__x5_z3_LFS/Far_Props/BarrelWater (1)/Collider",
      "position": "(2.65576887,3.64765263,-15.3289356)",
      "rotation": "(0.004723207,0.707091033,0.707091,-0.004723207)",
      "hash": "14F513AE4D0E921E0:14F755B22A0E82610",
      "properties": {
        "file": "meshes_lampposts.assetbundle",
        "mesh": "FloodLight_Wall"
      }
    }
  ],
  "decorations": []
}