{
  "version": 97,
  "enabled": true,
  "priority": "High",
  "lights": [
    {
      "parent": "/Near__x5_z2/Near__x5_z2_LFS/%GROUP%_Mesh00D81FAE4505F51C",
      "position": "(0.75,12.25,0)",
      "rotation": "(-0.7071068,0,0,0.7071068)",
      "hash": "14D81FAE450DF51C0:14D738BA5E0DF51D0",
      "properties": {
        "type": "Point",
        "intensity": 1.0,
        "range": 30.0,
        "colour": "#FFFFFF",
        "corona": {
          "sprite": "corona_white01.png",
          "scale": 1.0,
          "range": 100.0
        },
        "dutyCycle": "DuskTillDawn()"
      }
    },
    {
      "parent": "/Near__x5_z2/Near__x5_z2_LFS/%GROUP%_Mesh00D81FAE4505F51C",
      "position": "(0,12.25,0.75)",
      "rotation": "(-0.7071068,0,0,0.7071068)",
      "hash": "14D81FAE450DF51C0:14D81EBA5E0DF4350",
      "properties": {
        "type": "Point",
        "intensity": 1.0,
        "range": 30.0,
        "colour": "#FFFFFF",
        "corona": {
          "sprite": "corona_white01.png",
          "scale": 1.0,
          "range": 100.0
        },
        "dutyCycle": "DuskTillDawn()"
      }
    },
    {
      "parent": "/Near__x5_z2/Near__x5_z2_LFS/%GROUP%_Mesh00D81FAE4505F51C",
      "position": "(-0.75,12.25,0)",
      "rotation": "(-0.7071068,0,0,0.7071068)",
      "hash": "14D81FAE450DF51C0:14D906BA5E0DF51B0",
      "properties": {
        "type": "Point",
        "intensity": 1.0,
        "range": 30.0,
        "colour": "#FFFFFF",
        "corona": {
          "sprite": "corona_white01.png",
          "scale": 1.0,
          "range": 100.0
        },
        "dutyCycle": "DuskTillDawn()"
      }
    },
    {
      "parent": "/Near__x5_z2/Near__x5_z2_LFS/%GROUP%_Mesh00D81FAE4505F51C",
      "position": "(0,12.25,-0.75)",
      "rotation": "(-0.7071068,0,0,0.7071068)",
      "hash": "14D81FAE450DF51C0:14D820BA5E0DF6030",
      "properties": {
        "type": "Point",
        "intensity": 1.0,
        "range": 30.0,
        "colour": "#FFFFFF",
        "corona": {
          "sprite": "corona_white01.png",
          "scale": 1.0,
          "range": 100.0
        },
        "dutyCycle": "DuskTillDawn()"
      }
    },
    {
      "parent": "/Far__x5_z3/Far__x5_z3_LFS/Far_SilosCranes/Silo_Tall/collider/%GROUP%_Mesh002A070004001A02",
      "position": "(0.75,12.25,0)",
      "rotation": "(-0.7071068,0,0,0.7071068)",
      "hash": "14D850AE450E1C3D0:14D937BA5E0E1C3C0",
      "properties": {
        "type": "Point",
        "intensity": 1.0,
        "range": 30.0,
        "colour": "#FFFFFF",
        "corona": {
          "sprite": "corona_white01.png",
          "scale": 1.0,
          "range": 100.0
        },
        "dutyCycle": "DuskTillDawn()"
      }
    },
    {
      "parent": "/Far__x5_z3/Far__x5_z3_LFS/Far_SilosCranes/Silo_Tall/collider/%GROUP%_Mesh002A070004001A02",
      "position": "(0,12.25,0.75)",
      "rotation": "(-0.7071068,0,0,0.7071068)",
      "hash": "14D850AE450E1C3D0:14D851BA5E0E1D240",
      "properties": {
        "type": "Point",
        "intensity": 1.0,
        "range": 30.0,
        "colour": "#FFFFFF",
        "corona": {
          "sprite": "corona_white01.png",
          "scale": 1.0,
          "range": 100.0
        },
        "dutyCycle": "DuskTillDawn()"
      }
    },
    {
      "parent": "/Far__x5_z3/Far__x5_z3_LFS/Far_SilosCranes/Silo_Tall/collider/%GROUP%_Mesh002A070004001A02",
      "position": "(-0.75,12.25,0)",
      "rotation": "(-0.7071068,0,0,0.7071068)",
      "hash": "14D850AE450E1C3D0:14D805BA5E0E1C3E0",
      "properties": {
        "type": "Point",
        "intensity": 1.0,
        "range": 30.0,
        "colour": "#FFFFFF",
        "corona": {
          "sprite": "corona_white01.png",
          "scale": 1.0,
          "range": 100.0
        },
        "dutyCycle": "DuskTillDawn()"
      }
    },
    {
      "parent": "/Far__x5_z3/Far__x5_z3_LFS/Far_SilosCranes/Silo_Tall/collider/%GROUP%_Mesh002A070004001A02",
      "position": "(0,12.25,-0.75)",
      "rotation": "(-0.7071068,0,0,0.7071068)",
      "hash": "14D850AE450E1C3D0:14D84FBA5E0E1B560",
      "properties": {
        "type": "Point",
        "intensity": 1.0,
        "range": 30.0,
        "colour": "#FFFFFF",
        "corona": {
          "sprite": "corona_white01.png",
          "scale": 1.0,
          "range": 100.0
        },
        "dutyCycle": "DuskTillDawn()"
      }
    },
    {
      "parent": "/Far__x5_z3/Far__x5_z3_LFS/Far_SilosCranes/Silo_Tall/collider/%GROUP%_Mesh00020C0004001A03",
      "position": "(0.75,12.25,0)",
      "rotation": "(-0.7071068,0,0,0.7071068)",
      "hash": "14D922AE450E44380:14DA09BA5E0E44360",
      "properties": {
        "type": "Point",
        "intensity": 1.0,
        "range": 30.0,
        "colour": "#FFFFFF",
        "corona": {
          "sprite": "corona_white01.png",
          "scale": 1.0,
          "range": 100.0
        },
        "dutyCycle": "DuskTillDawn()"
      }
    },
    {
      "parent": "/Far__x5_z3/Far__x5_z3_LFS/Far_SilosCranes/Silo_Tall/collider/%GROUP%_Mesh00020C0004001A03",
      "position": "(0,12.25,0.75)",
      "rotation": "(-0.7071068,0,0,0.7071068)",
      "hash": "14D922AE450E44380:14D923BA5E0E451F0",
      "properties": {
        "type": "Point",
        "intensity": 1.0,
        "range": 30.0,
        "colour": "#FFFFFF",
        "corona": {
          "sprite": "corona_white01.png",
          "scale": 1.0,
          "range": 100.0
        },
        "dutyCycle": "DuskTillDawn()"
      }
    },
    {
      "parent": "/Far__x5_z3/Far__x5_z3_LFS/Far_SilosCranes/Silo_Tall/collider/%GROUP%_Mesh00020C0004001A03",
      "position": "(-0.75,12.25,0)",
      "rotation": "(-0.7071068,0,0,0.7071068)",
      "hash": "14D922AE450E44380:14D83BBA5E0E44390",
      "properties": {
        "type": "Point",
        "intensity": 1.0,
        "range": 30.0,
        "colour": "#FFFFFF",
        "corona": {
          "sprite": "corona_white01.png",
          "scale": 1.0,
          "range": 100.0
        },
        "dutyCycle": "DuskTillDawn()"
      }
    },
    {
      "parent": "/Far__x5_z3/Far__x5_z3_LFS/Far_SilosCranes/Silo_Tall/collider/%GROUP%_Mesh00020C0004001A03",
      "position": "(0,12.25,-0.75)",
      "rotation": "(-0.7071068,0,0,0.7071068)",
      "hash": "14D922AE450E44380:14D921BA5E0E43510",
      "properties": {
        "type": "Point",
        "intensity": 1.0,
        "range": 30.0,
        "colour": "#FFFFFF",
        "corona": {
          "sprite": "corona_white01.png",
          "scale": 1.0,
          "range": 100.0
        },
        "dutyCycle": "DuskTillDawn()"
      }
    },
    {
      "parent": "/Far__x5_z3/Far__x5_z3_LFS/Far_SilosCranes/Silo_Tall/collider/%GROUP%_Mesh0025430004001A11",
      "position": "(0.75,12.25,0)",
      "rotation": "(-0.7071068,0,0,0.7071068)",
      "hash": "14DA02AE450E6C220:14DA4DBA5E0E6C210",
      "properties": {
        "type": "Point",
        "intensity": 1.0,
        "range": 30.0,
        "colour": "#FFFFFF",
        "corona": {
          "sprite": "corona_white01.png",
          "scale": 1.0,
          "range": 100.0
        },
        "dutyCycle": "DuskTillDawn()"
      }
    },
    {
      "parent": "/Far__x5_z3/Far__x5_z3_LFS/Far_SilosCranes/Silo_Tall/collider/%GROUP%_Mesh0025430004001A11",
      "position": "(0,12.25,0.75)",
      "rotation": "(-0.7071068,0,0,0.7071068)",
      "hash": "14DA02AE450E6C220:14DA03BA5E0E6D090",
      "properties": {
        "type": "Point",
        "intensity": 1.0,
        "range": 30.0,
        "colour": "#FFFFFF",
        "corona": {
          "sprite": "corona_white01.png",
          "scale": 1.0,
          "range": 100.0
        },
        "dutyCycle": "DuskTillDawn()"
      }
    },
    {
      "parent": "/Far__x5_z3/Far__x5_z3_LFS/Far_SilosCranes/Silo_Tall/collider/%GROUP%_Mesh0025430004001A11",
      "position": "(-0.75,12.25,0)",
      "rotation": "(-0.7071068,0,0,0.7071068)",
      "hash": "14DA02AE450E6C220:14D91BBA5E0E6C240",
      "properties": {
        "type": "Point",
        "intensity": 1.0,
        "range": 30.0,
        "colour": "#FFFFFF",
        "corona": {
          "sprite": "corona_white01.png",
          "scale": 1.0,
          "range": 100.0
        },
        "dutyCycle": "DuskTillDawn()"
      }
    },
    {
      "parent": "/Far__x5_z3/Far__x5_z3_LFS/Far_SilosCranes/Silo_Tall/collider/%GROUP%_Mesh0025430004001A11",
      "position": "(0,12.25,-0.75)",
      "rotation": "(-0.7071068,0,0,0.7071068)",
      "hash": "14DA02AE450E6C220:14DA00BA5E0E6B3C0",
      "properties": {
        "type": "Point",
        "intensity": 1.0,
        "range": 30.0,
        "colour": "#FFFFFF",
        "corona": {
          "sprite": "corona_white01.png",
          "scale": 1.0,
          "range": 100.0
        },
        "dutyCycle": "DuskTillDawn()"
      }
    },
    {
      "parent": "/Near__x5_z3/Near__x5_z3_LFS/%GROUP%_Mesh00DA3CAE4602942D",
      "position": "(0.75,12.25,0)",
      "rotation": "(-0.325418025,-0.625019431,-0.321574271,0.6324902)",
      "hash": "14DA3CAE460E942D0:14DB23BA5F0E942A0",
      "properties": {
        "type": "Point",
        "intensity": 1.0,
        "range": 30.0,
        "colour": "#FFFFFF",
        "corona": {
          "sprite": "corona_white01.png",
          "scale": 1.0,
          "range": 100.0
        },
        "dutyCycle": "DuskTillDawn()"
      }
    },
    {
      "parent": "/Near__x5_z3/Near__x5_z3_LFS/%GROUP%_Mesh00DA3CAE4602942D",
      "position": "(0,12.25,0.75)",
      "rotation": "(-0.325418025,-0.625019431,-0.321574271,0.6324902)",
      "hash": "14DA3CAE460E942D0:14DA3FBA5F0E95140",
      "properties": {
        "type": "Point",
        "intensity": 1.0,
        "range": 30.0,
        "colour": "#FFFFFF",
        "corona": {
          "sprite": "corona_white01.png",
          "scale": 1.0,
          "range": 100.0
        },
        "dutyCycle": "DuskTillDawn()"
      }
    },
    {
      "parent": "/Near__x5_z3/Near__x5_z3_LFS/%GROUP%_Mesh00DA3CAE4602942D",
      "position": "(-0.75,12.25,0)",
      "rotation": "(-0.325418025,-0.625019431,-0.321574271,0.6324902)",
      "hash": "14DA3CAE460E942D0:14D955BA5F0E942F0",
      "properties": {
        "type": "Point",
        "intensity": 1.0,
        "range": 30.0,
        "colour": "#FFFFFF",
        "corona": {
          "sprite": "corona_white01.png",
          "scale": 1.0,
          "range": 100.0
        },
        "dutyCycle": "DuskTillDawn()"
      }
    },
    {
      "parent": "/Near__x5_z3/Near__x5_z3_LFS/%GROUP%_Mesh00DA3CAE4602942D",
      "position": "(0,12.25,-0.75)",
      "rotation": "(-0.325418025,-0.625019431,-0.321574271,0.6324902)",
      "hash": "14DA3CAE460E942D0:14DA3ABA5F0E93460",
      "properties": {
        "type": "Point",
        "intensity": 1.0,
        "range": 30.0,
        "colour": "#FFFFFF",
        "corona": {
          "sprite": "corona_white01.png",
          "scale": 1.0,
          "range": 100.0
        },
        "dutyCycle": "DuskTillDawn()"
      }
    },
    {
      "parent": "/Near__x5_z3/Near__x5_z3_LFS/%GROUP%_Mesh00DB08AE4702BC0E",
      "position": "(0.75,12.25,0)",
      "rotation": "(-0.325418025,-0.625019431,-0.321574271,0.6324902)",
      "hash": "14DB08AE470EBC0E0:14DB53BA600EBC0A0",
      "properties": {
        "type": "Point",
        "intensity": 1.0,
        "range": 30.0,
        "colour": "#FFFFFF",
        "corona": {
          "sprite": "corona_white01.png",
          "scale": 1.0,
          "range": 100.0
        },
        "dutyCycle": "DuskTillDawn()"
      }
    },
    {
      "parent": "/Near__x5_z3/Near__x5_z3_LFS/%GROUP%_Mesh00DB08AE4702BC0E",
      "position": "(0,12.25,0.75)",
      "rotation": "(-0.325418025,-0.625019431,-0.321574271,0.6324902)",
      "hash": "14DB08AE470EBC0E0:14DB0CBA600EBC590",
      "properties": {
        "type": "Point",
        "intensity": 1.0,
        "range": 30.0,
        "colour": "#FFFFFF",
        "corona": {
          "sprite": "corona_white01.png",
          "scale": 1.0,
          "range": 100.0
        },
        "dutyCycle": "DuskTillDawn()"
      }
    },
    {
      "parent": "/Near__x5_z3/Near__x5_z3_LFS/%GROUP%_Mesh00DB08AE4702BC0E",
      "position": "(-0.75,12.25,0)",
      "rotation": "(-0.325418025,-0.625019431,-0.321574271,0.6324902)",
      "hash": "14DB08AE470EBC0E0:14DA21BA600EBC120",
      "properties": {
        "type": "Point",
        "intensity": 1.0,
        "range": 30.0,
        "colour": "#FFFFFF",
        "corona": {
          "sprite": "corona_white01.png",
          "scale": 1.0,
          "range": 100.0
        },
        "dutyCycle": "DuskTillDawn()"
      }
    },
    {
      "parent": "/Near__x5_z3/Near__x5_z3_LFS/%GROUP%_Mesh00DB08AE4702BC0E",
      "position": "(0,12.25,-0.75)",
      "rotation": "(-0.325418025,-0.625019431,-0.321574271,0.6324902)",
      "hash": "14DB08AE470EBC0E0:14DB04BA600EBB270",
      "properties": {
        "type": "Point",
        "intensity": 1.0,
        "range": 30.0,
        "colour": "#FFFFFF",
        "corona": {
          "sprite": "corona_white01.png",
          "scale": 1.0,
          "range": 100.0
        },
        "dutyCycle": "DuskTillDawn()"
      }
    },
    {
      "parent": "/Far__x5_z3/Far__x5_z3_LFS/Far_SilosCranes/Silo_Tall/collider/%GROUP%_Mesh009D200004001A0A",
      "position": "(0.75,12.25,0)",
      "rotation": "(-0.7071068,0,0,0.7071068)",
      "hash": "14DB36AE450EE3630:14DC1DBA5E0EE3600",
      "properties": {
        "type": "Point",
        "intensity": 1.0,
        "range": 30.0,
        "colour": "#FFFFFF",
        "corona": {
          "sprite": "corona_white01.png",
          "scale": 1.0,
          "range": 100.0
        },
        "dutyCycle": "DuskTillDawn()"
      }
    },
    {
      "parent": "/Far__x5_z3/Far__x5_z3_LFS/Far_SilosCranes/Silo_Tall/collider/%GROUP%_Mesh009D200004001A0A",
      "position": "(0,12.25,0.75)",
      "rotation": "(-0.7071068,0,0,0.7071068)",
      "hash": "14DB36AE450EE3630:14DB39BA5E0EE44A0",
      "properties": {
        "type": "Point",
        "intensity": 1.0,
        "range": 30.0,
        "colour": "#FFFFFF",
        "corona": {
          "sprite": "corona_white01.png",
          "scale": 1.0,
          "range": 100.0
        },
        "dutyCycle": "DuskTillDawn()"
      }
    },
    {
      "parent": "/Far__x5_z3/Far__x5_z3_LFS/Far_SilosCranes/Silo_Tall/collider/%GROUP%_Mesh009D200004001A0A",
      "position": "(-0.75,12.25,0)",
      "rotation": "(-0.7071068,0,0,0.7071068)",
      "hash": "14DB36AE450EE3630:14DA4FBA5E0EE4020",
      "properties": {
        "type": "Point",
        "intensity": 1.0,
        "range": 30.0,
        "colour": "#FFFFFF",
        "corona": {
          "sprite": "corona_white01.png",
          "scale": 1.0,
          "range": 100.0
        },
        "dutyCycle": "DuskTillDawn()"
      }
    },
    {
      "parent": "/Far__x5_z3/Far__x5_z3_LFS/Far_SilosCranes/Silo_Tall/collider/%GROUP%_Mesh009D200004001A0A",
      "position": "(0,12.25,-0.75)",
      "rotation": "(-0.7071068,0,0,0.7071068)",
      "hash": "14DB36AE450EE3630:14DB33BA5E0EE3180",
      "properties": {
        "type": "Point",
        "intensity": 1.0,
        "range": 30.0,
        "colour": "#FFFFFF",
        "corona": {
          "sprite": "corona_white01.png",
          "scale": 1.0,
          "range": 100.0
        },
        "dutyCycle": "DuskTillDawn()"
      }
    },
    {
      "parent": "/Near__x5_z3/Near__x5_z3_LFS/%GROUP%_Mesh00DC0EAE4F030C18",
      "position": "(0.75,12.25,0)",
      "rotation": "(-0.325418025,-0.625019431,-0.321574271,0.6324902)",
      "hash": "14DC0EAE4F0F0C180:14DC59BB040F0C170",
      "properties": {
        "type": "Point",
        "intensity": 1.0,
        "range": 30.0,
        "colour": "#FFFFFF",
        "corona": {
          "sprite": "corona_white01.png",
          "scale": 1.0,
          "range": 100.0
        },
        "dutyCycle": "DuskTillDawn()"
      }
    },
    {
      "parent": "/Near__x5_z3/Near__x5_z3_LFS/%GROUP%_Mesh00DC0EAE4F030C18",
      "position": "(0,12.25,0.75)",
      "rotation": "(-0.325418025,-0.625019431,-0.321574271,0.6324902)",
      "hash": "14DC0EAE4F0F0C180:14DC10BB040F0C630",
      "properties": {
        "type": "Point",
        "intensity": 1.0,
        "range": 30.0,
        "colour": "#FFFFFF",
        "corona": {
          "sprite": "corona_white01.png",
          "scale": 1.0,
          "range": 100.0
        },
        "dutyCycle": "DuskTillDawn()"
      }
    },
    {
      "parent": "/Near__x5_z3/Near__x5_z3_LFS/%GROUP%_Mesh00DC0EAE4F030C18",
      "position": "(-0.75,12.25,0)",
      "rotation": "(-0.325418025,-0.625019431,-0.321574271,0.6324902)",
      "hash": "14DC0EAE4F0F0C180:14DB27BB040F0C190",
      "properties": {
        "type": "Point",
        "intensity": 1.0,
        "range": 30.0,
        "colour": "#FFFFFF",
        "corona": {
          "sprite": "corona_white01.png",
          "scale": 1.0,
          "range": 100.0
        },
        "dutyCycle": "DuskTillDawn()"
      }
    },
    {
      "parent": "/Near__x5_z3/Near__x5_z3_LFS/%GROUP%_Mesh00DC0EAE4F030C18",
      "position": "(0,12.25,-0.75)",
      "rotation": "(-0.325418025,-0.625019431,-0.321574271,0.6324902)",
      "hash": "14DC0EAE4F0F0C180:14DC0DBB040F0B310",
      "properties": {
        "type": "Point",
        "intensity": 1.0,
        "range": 30.0,
        "colour": "#FFFFFF",
        "corona": {
          "sprite": "corona_white01.png",
          "scale": 1.0,
          "range": 100.0
        },
        "dutyCycle": "DuskTillDawn()"
      }
    },
    {
      "parent": "/Near__x5_z3/Near__x5_z3_LFS/%GROUP%_Mesh00DC4EAE5A033406",
      "position": "(0.75,12.25,0)",
      "rotation": "(-0.325418025,-0.625019431,-0.321574271,0.6324902)",
      "hash": "14DC4EAE5A0F34060:14DD35BB0F0F34040",
      "properties": {
        "type": "Point",
        "intensity": 1.0,
        "range": 30.0,
        "colour": "#FFFFFF",
        "corona": {
          "sprite": "corona_white01.png",
          "scale": 1.0,
          "range": 100.0
        },
        "dutyCycle": "DuskTillDawn()"
      }
    },
    {
      "parent": "/Near__x5_z3/Near__x5_z3_LFS/%GROUP%_Mesh00DC4EAE5A033406",
      "position": "(0,12.25,0.75)",
      "rotation": "(-0.325418025,-0.625019431,-0.321574271,0.6324902)",
      "hash": "14DC4EAE5A0F34060:14DC4FBB0F0F34510",
      "properties": {
        "type": "Point",
        "intensity": 1.0,
        "range": 30.0,
        "colour": "#FFFFFF",
        "corona": {
          "sprite": "corona_white01.png",
          "scale": 1.0,
          "range": 100.0
        },
        "dutyCycle": "DuskTillDawn()"
      }
    },
    {
      "parent": "/Near__x5_z3/Near__x5_z3_LFS/%GROUP%_Mesh00DC4EAE5A033406",
      "position": "(-0.75,12.25,0)",
      "rotation": "(-0.325418025,-0.625019431,-0.321574271,0.6324902)",
      "hash": "14DC4EAE5A0F34060:14DC03BB0F0F34070",
      "properties": {
        "type": "Point",
        "intensity": 1.0,
        "range": 30.0,
        "colour": "#FFFFFF",
        "corona": {
          "sprite": "corona_white01.png",
          "scale": 1.0,
          "range": 100.0
        },
        "dutyCycle": "DuskTillDawn()"
      }
    },
    {
      "parent": "/Near__x5_z3/Near__x5_z3_LFS/%GROUP%_Mesh00DC4EAE5A033406",
      "position": "(0,12.25,-0.75)",
      "rotation": "(-0.325418025,-0.625019431,-0.321574271,0.6324902)",
      "hash": "14DC4EAE5A0F34060:14DC4CBB0F0F331F0",
      "properties": {
        "type": "Point",
        "intensity": 1.0,
        "range": 30.0,
        "colour": "#FFFFFF",
        "corona": {
          "sprite": "corona_white01.png",
          "scale": 1.0,
          "range": 100.0
        },
        "dutyCycle": "DuskTillDawn()"
      }
    },
    {
      "parent": "/Near__x5_z3/Near__x5_z3_LFS/%GROUP%_Mesh00DD20AE5F035B63",
      "position": "(0.75,12.25,0)",
      "rotation": "(-0.325418025,-0.625019431,-0.321574271,0.6324902)",
      "hash": "14DD20AE5F0F5B630:14DE07BB140F5B630",
      "properties": {
        "type": "Point",
        "intensity": 1.0,
        "range": 30.0,
        "colour": "#FFFFFF",
        "corona": {
          "sprite": "corona_white01.png",
          "scale": 1.0,
          "range": 100.0
        },
        "dutyCycle": "DuskTillDawn()"
      }
    },
    {
      "parent": "/Near__x5_z3/Near__x5_z3_LFS/%GROUP%_Mesh00DD20AE5F035B63",
      "position": "(0,12.25,0.75)",
      "rotation": "(-0.325418025,-0.625019431,-0.321574271,0.6324902)",
      "hash": "14DD20AE5F0F5B630:14DD20BB140F5C4A0",
      "properties": {
        "type": "Point",
        "intensity": 1.0,
        "range": 30.0,
        "colour": "#FFFFFF",
        "corona": {
          "sprite": "corona_white01.png",
          "scale": 1.0,
          "range": 100.0
        },
        "dutyCycle": "DuskTillDawn()"
      }
    },
    {
      "parent": "/Near__x5_z3/Near__x5_z3_LFS/%GROUP%_Mesh00DD20AE5F035B63",
      "position": "(-0.75,12.25,0)",
      "rotation": "(-0.325418025,-0.625019431,-0.321574271,0.6324902)",
      "hash": "14DD20AE5F0F5B630:14DC39BB140F5B630",
      "properties": {
        "type": "Point",
        "intensity": 1.0,
        "range": 30.0,
        "colour": "#FFFFFF",
        "corona": {
          "sprite": "corona_white01.png",
          "scale": 1.0,
          "range": 100.0
        },
        "dutyCycle": "DuskTillDawn()"
      }
    },
    {
      "parent": "/Near__x5_z3/Near__x5_z3_LFS/%GROUP%_Mesh00DD20AE5F035B63",
      "position": "(0,12.25,-0.75)",
      "rotation": "(-0.325418025,-0.625019431,-0.321574271,0.6324902)",
      "hash": "14DD20AE5F0F5B630:14DD20BB140F5B180",
      "properties": {
        "type": "Point",
        "intensity": 1.0,
        "range": 30.0,
        "colour": "#FFFFFF",
        "corona": {
          "sprite": "corona_white01.png",
          "scale": 1.0,
          "range": 100.0
        },
        "dutyCycle": "DuskTillDawn()"
      }
    },
    {
      "parent": "/Near__x5_z3/Near__x5_z3_LFS/%GROUP%_Mesh00DD50AF23038159",
      "position": "(0.75,12.25,0)",
      "rotation": "(-0.3115169,0.6512242,0.335053235,0.605478)",
      "hash": "14DD50AF230F81590:14DE37BB3C0F81560",
      "properties": {
        "type": "Point",
        "intensity": 1.0,
        "range": 30.0,
        "colour": "#FFFFFF",
        "corona": {
          "sprite": "corona_white01.png",
          "scale": 1.0,
          "range": 100.0
        },
        "dutyCycle": "DuskTillDawn()"
      }
    },
    {
      "parent": "/Near__x5_z3/Near__x5_z3_LFS/%GROUP%_Mesh00DD50AF23038159",
      "position": "(0,12.25,0.75)",
      "rotation": "(-0.3115169,0.6512242,0.335053235,0.605478)",
      "hash": "14DD50AF230F81590:14DD53BB3C0F82400",
      "properties": {
        "type": "Point",
        "intensity": 1.0,
        "range": 30.0,
        "colour": "#FFFFFF",
        "corona": {
          "sprite": "corona_white01.png",
          "scale": 1.0,
          "range": 100.0
        },
        "dutyCycle": "DuskTillDawn()"
      }
    },
    {
      "parent": "/Near__x5_z3/Near__x5_z3_LFS/%GROUP%_Mesh00DD50AF23038159",
      "position": "(-0.75,12.25,0)",
      "rotation": "(-0.3115169,0.6512242,0.335053235,0.605478)",
      "hash": "14DD50AF230F81590:14DD05BB3C0F815B0",
      "properties": {
        "type": "Point",
        "intensity": 1.0,
        "range": 30.0,
        "colour": "#FFFFFF",
        "corona": {
          "sprite": "corona_white01.png",
          "scale": 1.0,
          "range": 100.0
        },
        "dutyCycle": "DuskTillDawn()"
      }
    },
    {
      "parent": "/Near__x5_z3/Near__x5_z3_LFS/%GROUP%_Mesh00DD50AF23038159",
      "position": "(0,12.25,-0.75)",
      "rotation": "(-0.3115169,0.6512242,0.335053235,0.605478)",
      "hash": "14DD50AF230F81590:14DD4DBB3C0F810E0",
      "properties": {
        "type": "Point",
        "intensity": 1.0,
        "range": 30.0,
        "colour": "#FFFFFF",
        "corona": {
          "sprite": "corona_white01.png",
          "scale": 1.0,
          "range": 100.0
        },
        "dutyCycle": "DuskTillDawn()"
      }
    },
    {
      "parent": "/Far__x5_z3/Far__x5_z3_LFS/Far_SilosCranes/Silo_Tall/collider/%GROUP%_Mesh002A3B0004004218",
      "position": "(0.75,12.25,0)",
      "rotation": "(-0.7071068,0,0,0.7071068)",
      "hash": "150100AE450E1B370:150063BA5E0E1A500",
      "properties": {
        "type": "Point",
        "intensity": 1.0,
        "range": 30.0,
        "colour": "#FFFFFF",
        "corona": {
          "sprite": "corona_white01.png",
          "scale": 1.0,
          "range": 100.0
        },
        "dutyCycle": "DuskTillDawn()"
      }
    },
    {
      "parent": "/Far__x5_z3/Far__x5_z3_LFS/Far_SilosCranes/Silo_Tall/collider/%GROUP%_Mesh002A3B0004004218",
      "position": "(0,12.25,0.75)",
      "rotation": "(-0.7071068,0,0,0.7071068)",
      "hash": "150100AE450E1B370:15014BBA5E0E1B360",
      "properties": {
        "type": "Point",
        "intensity": 1.0,
        "range": 30.0,
        "colour": "#FFFFFF",
        "corona": {
          "sprite": "corona_white01.png",
          "scale": 1.0,
          "range": 100.0
        },
        "dutyCycle": "DuskTillDawn()"
      }
    },
    {
      "parent": "/Far__x5_z3/Far__x5_z3_LFS/Far_SilosCranes/Silo_Tall/collider/%GROUP%_Mesh002A3B0004004218",
      "position": "(-0.75,12.25,0)",
      "rotation": "(-0.7071068,0,0,0.7071068)",
      "hash": "150100AE450E1B370:150102BA5E0E1C1E0",
      "properties": {
        "type": "Point",
        "intensity": 1.0,
        "range": 30.0,
        "colour": "#FFFFFF",
        "corona": {
          "sprite": "corona_white01.png",
          "scale": 1.0,
          "range": 100.0
        },
        "dutyCycle": "DuskTillDawn()"
      }
    },
    {
      "parent": "/Far__x5_z3/Far__x5_z3_LFS/Far_SilosCranes/Silo_Tall/collider/%GROUP%_Mesh002A3B0004004218",
      "position": "(0,12.25,-0.75)",
      "rotation": "(-0.7071068,0,0,0.7071068)",
      "hash": "150100AE450E1B370:150019BA5E0E1B380",
      "properties": {
        "type": "Point",
        "intensity": 1.0,
        "range": 30.0,
        "colour": "#FFFFFF",
        "corona": {
          "sprite": "corona_white01.png",
          "scale": 1.0,
          "range": 100.0
        },
        "dutyCycle": "DuskTillDawn()"
      }
    },
    {
      "parent": "/Far__x5_z3/Far__x5_z3_LFS/Far_SilosCranes/Silo_Tall/collider/%GROUP%_Mesh00022C000400421D",
      "position": "(0.75,12.25,0)",
      "rotation": "(-0.7071068,0,0,0.7071068)",
      "hash": "15013BAE450E43450:150054BA5E0E43470",
      "properties": {
        "type": "Point",
        "intensity": 1.0,
        "range": 30.0,
        "colour": "#FFFFFF",
        "corona": {
          "sprite": "corona_white01.png",
          "scale": 1.0,
          "range": 100.0
        },
        "dutyCycle": "DuskTillDawn()"
      }
    },
    {
      "parent": "/Far__x5_z3/Far__x5_z3_LFS/Far_SilosCranes/Silo_Tall/collider/%GROUP%_Mesh00022C000400421D",
      "position": "(0,12.25,0.75)",
      "rotation": "(-0.7071068,0,0,0.7071068)",
      "hash": "15013BAE450E43450:15013ABA5E0E425E0",
      "properties": {
        "type": "Point",
        "intensity": 1.0,
        "range": 30.0,
        "colour": "#FFFFFF",
        "corona": {
          "sprite": "corona_white01.png",
          "scale": 1.0,
          "range": 100.0
        },
        "dutyCycle": "DuskTillDawn()"
      }
    },
    {
      "parent": "/Far__x5_z3/Far__x5_z3_LFS/Far_SilosCranes/Silo_Tall/collider/%GROUP%_Mesh00022C000400421D",
      "position": "(-0.75,12.25,0)",
      "rotation": "(-0.7071068,0,0,0.7071068)",
      "hash": "15013BAE450E43450:150222BA5E0E43440",
      "properties": {
        "type": "Point",
        "intensity": 1.0,
        "range": 30.0,
        "colour": "#FFFFFF",
        "corona": {
          "sprite": "corona_white01.png",
          "scale": 1.0,
          "range": 100.0
        },
        "dutyCycle": "DuskTillDawn()"
      }
    },
    {
      "parent": "/Far__x5_z3/Far__x5_z3_LFS/Far_SilosCranes/Silo_Tall/collider/%GROUP%_Mesh00022C000400421D",
      "position": "(0,12.25,-0.75)",
      "rotation": "(-0.7071068,0,0,0.7071068)",
      "hash": "15013BAE450E43450:15013CBA5E0E442C0",
      "properties": {
        "type": "Point",
        "intensity": 1.0,
        "range": 30.0,
        "colour": "#FFFFFF",
        "corona": {
          "sprite": "corona_white01.png",
          "scale": 1.0,
          "range": 100.0
        },
        "dutyCycle": "DuskTillDawn()"
      }
    },
    {
      "parent": "/Near__x5_z2/Near__x5_z2_LFS/%GROUP%_Mesh010019AE4505F442",
      "position": "(0.75,12.25,0)",
      "rotation": "(-0.7071068,0,0,0.7071068)",
      "hash": "150019AE450DF4420:150100BA5E0DF4420",
      "properties": {
        "type": "Point",
        "intensity": 1.0,
        "range": 30.0,
        "colour": "#FFFFFF",
        "corona": {
          "sprite": "corona_white01.png",
          "scale": 1.0,
          "range": 100.0
        },
        "dutyCycle": "DuskTillDawn()"
      }
    },
    {
      "parent": "/Near__x5_z2/Near__x5_z2_LFS/%GROUP%_Mesh010019AE4505F442",
      "position": "(0,12.25,0.75)",
      "rotation": "(-0.7071068,0,0,0.7071068)",
      "hash": "150019AE450DF4420:150019BA5E0DF5290",
      "properties": {
        "type": "Point",
        "intensity": 1.0,
        "range": 30.0,
        "colour": "#FFFFFF",
        "corona": {
          "sprite": "corona_white01.png",
          "scale": 1.0,
          "range": 100.0
        },
        "dutyCycle": "DuskTillDawn()"
      }
    },
    {
      "parent": "/Near__x5_z2/Near__x5_z2_LFS/%GROUP%_Mesh010019AE4505F442",
      "position": "(-0.75,12.25,0)",
      "rotation": "(-0.7071068,0,0,0.7071068)",
      "hash": "150019AE450DF4420:14FF32BA5E0DF4420",
      "properties": {
        "type": "Point",
        "intensity": 1.0,
        "range": 30.0,
        "colour": "#FFFFFF",
        "corona": {
          "sprite": "corona_white01.png",
          "scale": 1.0,
          "range": 100.0
        },
        "dutyCycle": "DuskTillDawn()"
      }
    },
    {
      "parent": "/Near__x5_z2/Near__x5_z2_LFS/%GROUP%_Mesh010019AE4505F442",
      "position": "(0,12.25,-0.75)",
      "rotation": "(-0.7071068,0,0,0.7071068)",
      "hash": "150019AE450DF4420:150019BA5E0DF35B0",
      "properties": {
        "type": "Point",
        "intensity": 1.0,
        "range": 30.0,
        "colour": "#FFFFFF",
        "corona": {
          "sprite": "corona_white01.png",
          "scale": 1.0,
          "range": 100.0
        },
        "dutyCycle": "DuskTillDawn()"
      }
    },
    {
      "parent": "/Near__x5_z2/Near__x5_z2_LFS/%GROUP%_Mesh00D734AE4505CC61",
      "position": "(0.75,12.25,0)",
      "rotation": "(-0.7071068,0,0,0.7071068)",
      "hash": "14D734AE450DCC610:14D81BBA5E0DCC5E0",
      "properties": {
        "type": "Point",
        "intensity": 1.0,
        "range": 30.0,
        "colour": "#FFFFFF",
        "corona": {
          "sprite": "corona_white01.png",
          "scale": 1.0,
          "range": 100.0
        },
        "dutyCycle": "DuskTillDawn()"
      }
    },
    {
      "parent": "/Near__x5_z2/Near__x5_z2_LFS/%GROUP%_Mesh00D734AE4505CC61",
      "position": "(0,12.25,0.75)",
      "rotation": "(-0.7071068,0,0,0.7071068)",
      "hash": "14D734AE450DCC610:14D737BA5E0DCD480",
      "properties": {
        "type": "Point",
        "intensity": 1.0,
        "range": 30.0,
        "colour": "#FFFFFF",
        "corona": {
          "sprite": "corona_white01.png",
          "scale": 1.0,
          "range": 100.0
        },
        "dutyCycle": "DuskTillDawn()"
      }
    },
    {
      "parent": "/Near__x5_z2/Near__x5_z2_LFS/%GROUP%_Mesh00D734AE4505CC61",
      "position": "(-0.75,12.25,0)",
      "rotation": "(-0.7071068,0,0,0.7071068)",
      "hash": "14D734AE450DCC610:14D64DBA5E0DCC630",
      "properties": {
        "type": "Point",
        "intensity": 1.0,
        "range": 30.0,
        "colour": "#FFFFFF",
        "corona": {
          "sprite": "corona_white01.png",
          "scale": 1.0,
          "range": 100.0
        },
        "dutyCycle": "DuskTillDawn()"
      }
    },
    {
      "parent": "/Near__x5_z2/Near__x5_z2_LFS/%GROUP%_Mesh00D734AE4505CC61",
      "position": "(0,12.25,-0.75)",
      "rotation": "(-0.7071068,0,0,0.7071068)",
      "hash": "14D734AE450DCC610:14D731BA5E0DCC160",
      "properties": {
        "type": "Point",
        "intensity": 1.0,
        "range": 30.0,
        "colour": "#FFFFFF",
        "corona": {
          "sprite": "corona_white01.png",
          "scale": 1.0,
          "range": 100.0
        },
        "dutyCycle": "DuskTillDawn()"
      }
    }
  ],
  "meshes": [
    {
      "parent": "/Near__x5_z2/Near__x5_z2_LFS",
      "position": "(216.3164,174.693283,1525.28418)",
      "rotation": "(0,0.9999619,0,-0.008726531)",
      "hash": "14000000000800000:14D81FAE450DF51C0",
      "properties": {
        "file": "meshes_lampposts.assetbundle",
        "mesh": "YardLamp_Floor"
      }
    },
    {
      "parent": "/Far__x5_z3/Far__x5_z3_LFS/Far_SilosCranes/Silo_Tall/collider",
      "position": "(-42.0705681,-0.04597473,-26.02412)",
      "rotation": "(0,0.008726535,0,0.9999619)",
      "hash": "14BF22AE490E47030:14D850AE450E1C3D0",
      "properties": {
        "file": "meshes_lampposts.assetbundle",
        "mesh": "YardLamp_Floor"
      }
    },
    {
      "parent": "/Far__x5_z3/Far__x5_z3_LFS/Far_SilosCranes/Silo_Tall/collider",
      "position": "(-2.121607,-0.04597473,-26.0300446)",
      "rotation": "(0,0.008726535,0,0.9999619)",
      "hash": "14BF22AE490E47030:14D922AE450E44380",
      "properties": {
        "file": "meshes_lampposts.assetbundle",
        "mesh": "YardLamp_Floor"
      }
    },
    {
      "parent": "/Far__x5_z3/Far__x5_z3_LFS/Far_SilosCranes/Silo_Tall/collider",
      "position": "(37.67273,-0.04597473,-26.1771946)",
      "rotation": "(0,0.008726535,0,0.9999619)",
      "hash": "14BF22AE490E47030:14DA02AE450E6C220",
      "properties": {
        "file": "meshes_lampposts.assetbundle",
        "mesh": "YardLamp_Floor"
      }
    },
    {
      "parent": "/Near__x5_z3/Near__x5_z3_LFS",
      "position": "(218.6084,174.709763,660.45166)",
      "rotation": "(0,0.0174524058,0,0.9998477)",
      "hash": "14000000000C00000:14DA3CAE460E942D0",
      "properties": {
        "file": "meshes_lampposts.assetbundle",
        "mesh": "YardLamp_Floor"
      }
    },
    {
      "parent": "/Near__x5_z3/Near__x5_z3_LFS",
      "position": "(219.085938,174.714,700.147461)",
      "rotation": "(0,0.0261769481,0,0.999657333)",
      "hash": "14000000000C00000:14DB08AE470EBC0E0",
      "properties": {
        "file": "meshes_lampposts.assetbundle",
        "mesh": "YardLamp_Floor"
      }
    },
    {
      "parent": "/Far__x5_z3/Far__x5_z3_LFS/Far_SilosCranes/Silo_Tall/collider",
      "position": "(157.326691,-0.04597473,-26.1022949)",
      "rotation": "(0,0.0174524058,0,0.9998477)",
      "hash": "14BF22AE490E47030:14DB36AE450EE3630",
      "properties": {
        "file": "meshes_lampposts.assetbundle",
        "mesh": "YardLamp_Floor"
      }
    },
    {
      "parent": "/Near__x5_z3/Near__x5_z3_LFS",
      "position": "(220.148926,174.7935,780.2466)",
      "rotation": "(0,0.008726535,0,0.9999619)",
      "hash": "14000000000C00000:14DC0EAE4F0F0C180",
      "properties": {
        "file": "meshes_lampposts.assetbundle",
        "mesh": "YardLamp_Floor"
      }
    },
    {
      "parent": "/Near__x5_z3/Near__x5_z3_LFS",
      "position": "(220.782715,174.908142,820.060547)",
      "rotation": "(0,0.008726535,0,0.9999619)",
      "hash": "14000000000C00000:14DC4EAE5A0F34060",
      "properties": {
        "file": "meshes_lampposts.assetbundle",
        "mesh": "YardLamp_Floor"
      }
    },
    {
      "parent": "/Near__x5_z3/Near__x5_z3_LFS",
      "position": "(221.3291,174.959488,859.9939)",
      "rotation": "(0,0,0,1)",
      "hash": "14000000000C00000:14DD20AE5F0F5B630",
      "properties": {
        "file": "meshes_lampposts.assetbundle",
        "mesh": "YardLamp_Floor"
      }
    },
    {
      "parent": "/Near__x5_z3/Near__x5_z3_LFS",
      "position": "(221.803711,175.354324,897.8921)",
      "rotation": "(0,0.0174524058,0,0.9998477)",
      "hash": "14000000000C00000:14DD50AF230F81590",
      "properties": {
        "file": "meshes_lampposts.assetbundle",
        "mesh": "YardLamp_Floor"
      }
    },
    {
      "parent": "/Far__x5_z3/Far__x5_z3_LFS/Far_SilosCranes/Silo_Tall/collider",
      "position": "(-42.59222,-0.04597473,-66.24073)",
      "rotation": "(0,0.713250458,0,0.700909257)",
      "hash": "14BF22AE490E47030:150100AE450E1B370",
      "properties": {
        "file": "meshes_lampposts.assetbundle",
        "mesh": "YardLamp_Floor"
      }
    },
    {
      "parent": "/Far__x5_z3/Far__x5_z3_LFS/Far_SilosCranes/Silo_Tall/collider",
      "position": "(-2.4473455,-0.04597473,-66.29141)",
      "rotation": "(0,0.9999619,0,-0.008726531)",
      "hash": "14BF22AE490E47030:15013BAE450E43450",
      "properties": {
        "file": "meshes_lampposts.assetbundle",
        "mesh": "YardLamp_Floor"
      }
    },
    {
      "parent": "/Near__x5_z2/Near__x5_z2_LFS",
      "position": "(256.25293,174.693283,1524.66968)",
      "rotation": "(0,0,0,1)",
      "hash": "14000000000800000:150019AE450DF4420",
      "properties": {
        "file": "meshes_lampposts.assetbundle",
        "mesh": "YardLamp_Floor"
      }
    },
    {
      "parent": "/Near__x5_z2/Near__x5_z2_LFS",
      "position": "(215.524414,174.693283,1484.97144)",
      "rotation": "(0,0.0174524058,0,0.9998477)",
      "hash": "14000000000800000:14D734AE450DCC610",
      "properties": {
        "file": "meshes_lampposts.assetbundle",
        "mesh": "YardLamp_Floor"
      }
    }
  ],
  "decorations": []
}