{
  "version": 92,
  "enabled": true,
  "lights": [],
  "meshes": [],
  "decorations": [
    {
      "parent": "/Far__x1_z2/Far__x1_z2_LFS/Far_IndustryBuildings/Warehouse_OldMedium",
      "hash": "0568139114081E210:0568139114081E210",
      "id": "WINDOWS_1:LIT",
      "properties": {
        "file": "meshes_decoration_lights.assetbundle",
        "mesh": "Warehouse_OldMedium_Windows1",
        "assignMaterials": {
          "hideSourcePrefab": true,
          "assignments": []
        }
      },
      "dutyCycle": "DuskTillDawn()"
    },
    {
      "parent": "/Far__x1_z2/Far__x1_z2_LFS/Far_IndustryBuildings/Warehouse_OldMedium",
      "hash": "0568139114081E210:0568139114081E210",
      "id": "WINDOWS_2:LIT",
      "properties": {
        "file": "meshes_decoration_lights.assetbundle",
        "mesh": "Warehouse_OldMedium_Windows2",
        "assignMaterials": {
          "hideSourcePrefab": true,
          "assignments": []
        }
      },
      "dutyCycle": "DuskTillDawn()"
    },
    {
      "parent": "/Far__x1_z2/Far__x1_z2_LFS/Far_IndustryBuildings/Warehouse_OldMedium",
      "hash": "0568139114081E210:0568139114081E210",
      "id": "WINDOWS_4:LIT",
      "properties": {
        "file": "meshes_decoration_lights.assetbundle",
        "mesh": "Warehouse_OldMedium_Windows4",
        "assignMaterials": {
          "hideSourcePrefab": true,
          "assignments": []
        }
      },
      "dutyCycle": "DuskTillDawn()"
    },
    {
      "parent": "/Far__x1_z2/Far__x1_z2_LFS/Far_IndustryBuildings/Utility_ForestHouse (1)",
      "hash": "050D14911408C2560:050D14911408C2560",
      "id": "WINDOWS_1:LIT",
      "properties": {
        "file": "meshes_decoration_lights.assetbundle",
        "mesh": "Utility_ForestHouse_Windows1",
        "assignMaterials": {
          "hideSourcePrefab": true,
          "assignments": []
        }
      },
      "dutyCycle": "DuskTillDawn()"
    },
    {
      "parent": "/Far__x1_z2/Far__x1_z2_LFS/Far_IndustryBuildings/Utility_ForestHouse",
      "hash": "055B1991140884140:055B1991140884140",
      "id": "WINDOWS_1:LIT",
      "properties": {
        "file": "meshes_decoration_lights.assetbundle",
        "mesh": "Utility_ForestHouse_Windows1",
        "assignMaterials": {
          "hideSourcePrefab": true,
          "assignments": []
        }
      },
      "dutyCycle": "DuskTillDawn()"
    },
    {
      "parent": "/Far__x1_z2/Far__x1_z2_LFS/Far_IndustryBuildings/Industry_Forest",
      "hash": "058623911408932C0:058623911408932C0",
      "id": "WINDOWS_1:LIT",
      "properties": {
        "file": "meshes_decoration_lights.assetbundle",
        "mesh": "Industry_Forest_Windows1",
        "assignMaterials": {
          "hideSourcePrefab": true,
          "assignments": []
        }
      },
      "dutyCycle": "DuskTillDawn()"
    },
    {
      "parent": "/Far__x1_z2/Far__x1_z2_LFS/Far_IndustryBuildings/Industry_Forest",
      "hash": "058623911408932C0:058623911408932C0",
      "id": "WINDOWS_2:LIT",
      "properties": {
        "file": "meshes_decoration_lights.assetbundle",
        "mesh": "Industry_Forest_Windows2",
        "assignMaterials": {
          "hideSourcePrefab": true,
          "assignments": []
        }
      },
      "dutyCycle": "DuskTillDawn()"
    },
    {
      "parent": "/Far__x1_z2/Far__x1_z2_LFS/Far_IndustryBuildings/Industry_Forest",
      "hash": "058623911408932C0:058623911408932C0",
      "id": "WINDOWS_3:LIT",
      "properties": {
        "file": "meshes_decoration_lights.assetbundle",
        "mesh": "Industry_Forest_Windows3",
        "assignMaterials": {
          "hideSourcePrefab": true,
          "assignments": []
        }
      },
      "dutyCycle": "DuskTillDawn()"
    },
    {
      "parent": "/Far__x1_z2/Far__x1_z2_LFS/Far_IndustryBuildings/Industry_Forest",
      "hash": "058623911408932C0:058623911408932C0",
      "id": "WINDOWS_5:LIT",
      "properties": {
        "file": "meshes_decoration_lights.assetbundle",
        "mesh": "Industry_Forest_Windows5",
        "assignMaterials": {
          "hideSourcePrefab": true,
          "assignments": []
        }
      },
      "dutyCycle": "DuskTillDawn()"
    }
  ]
}