{
  "version": 92,
  "enabled": true,
  "priority": "High",
  "lights": [
    {
      "parent": "/Far__x1_z2/Far__x1_z2_LFS/Far_Fences/SmallWireFence01_x12 (7)/Collider/%GROUP%_Mesh009E14000500250C",
      "position": "(0.75,12.25,0)",
      "rotation": "(-0.7071068,0,0,0.7071068)",
      "hash": "04E623930A0928070:04E5479F230927460",
      "properties": {
        "type": "Point",
        "intensity": 1.0,
        "range": 30.0,
        "colour": "#FFFFFF",
        "corona": {
          "sprite": "corona_white01.png",
          "scale": 1.0,
          "range": 100.0
        },
        "dutyCycle": "DuskTillDawn()"
      }
    },
    {
      "parent": "/Far__x1_z2/Far__x1_z2_LFS/Far_Fences/SmallWireFence01_x12 (7)/Collider/%GROUP%_Mesh009E14000500250C",
      "position": "(0,12.25,0.75)",
      "rotation": "(-0.7071068,0,0,0.7071068)",
      "hash": "04E623930A0928070:04E6499F2309272A0",
      "properties": {
        "type": "Point",
        "intensity": 1.0,
        "range": 30.0,
        "colour": "#FFFFFF",
        "corona": {
          "sprite": "corona_white01.png",
          "scale": 1.0,
          "range": 100.0
        },
        "dutyCycle": "DuskTillDawn()"
      }
    },
    {
      "parent": "/Far__x1_z2/Far__x1_z2_LFS/Far_Fences/SmallWireFence01_x12 (7)/Collider/%GROUP%_Mesh009E14000500250C",
      "position": "(-0.75,12.25,0)",
      "rotation": "(-0.7071068,0,0,0.7071068)",
      "hash": "04E623930A0928070:04E7009F2309282D0",
      "properties": {
        "type": "Point",
        "intensity": 1.0,
        "range": 30.0,
        "colour": "#FFFFFF",
        "corona": {
          "sprite": "corona_white01.png",
          "scale": 1.0,
          "range": 100.0
        },
        "dutyCycle": "DuskTillDawn()"
      }
    },
    {
      "parent": "/Far__x1_z2/Far__x1_z2_LFS/Far_Fences/SmallWireFence01_x12 (7)/Collider/%GROUP%_Mesh009E14000500250C",
      "position": "(0,12.25,-0.75)",
      "rotation": "(-0.7071068,0,0,0.7071068)",
      "hash": "04E623930A0928070:04E5629F230928480",
      "properties": {
        "type": "Point",
        "intensity": 1.0,
        "range": 30.0,
        "colour": "#FFFFFF",
        "corona": {
          "sprite": "corona_white01.png",
          "scale": 1.0,
          "range": 100.0
        },
        "dutyCycle": "DuskTillDawn()"
      }
    },
    {
      "parent": "/Far__x1_z2/Far__x1_z2_LFS/Far_Fences/SmallWireFence01_x12 (7)/Collider/%GROUP%_Mesh007E44000500251C",
      "position": "(0.75,12.25,0)",
      "rotation": "(-0.7071068,0,0,0.7071068)",
      "hash": "04F604930A090C490:04F5279F23090C230",
      "properties": {
        "type": "Point",
        "intensity": 1.0,
        "range": 30.0,
        "colour": "#FFFFFF",
        "corona": {
          "sprite": "corona_white01.png",
          "scale": 1.0,
          "range": 100.0
        },
        "dutyCycle": "DuskTillDawn()"
      }
    },
    {
      "parent": "/Far__x1_z2/Far__x1_z2_LFS/Far_Fences/SmallWireFence01_x12 (7)/Collider/%GROUP%_Mesh007E44000500251C",
      "position": "(0,12.25,0.75)",
      "rotation": "(-0.7071068,0,0,0.7071068)",
      "hash": "04F604930A090C490:04F62A9F23090C080",
      "properties": {
        "type": "Point",
        "intensity": 1.0,
        "range": 30.0,
        "colour": "#FFFFFF",
        "corona": {
          "sprite": "corona_white01.png",
          "scale": 1.0,
          "range": 100.0
        },
        "dutyCycle": "DuskTillDawn()"
      }
    },
    {
      "parent": "/Far__x1_z2/Far__x1_z2_LFS/Far_Fences/SmallWireFence01_x12 (7)/Collider/%GROUP%_Mesh007E44000500251C",
      "position": "(-0.75,12.25,0)",
      "rotation": "(-0.7071068,0,0,0.7071068)",
      "hash": "04F604930A090C490:04F6459F23090D0A0",
      "properties": {
        "type": "Point",
        "intensity": 1.0,
        "range": 30.0,
        "colour": "#FFFFFF",
        "corona": {
          "sprite": "corona_white01.png",
          "scale": 1.0,
          "range": 100.0
        },
        "dutyCycle": "DuskTillDawn()"
      }
    },
    {
      "parent": "/Far__x1_z2/Far__x1_z2_LFS/Far_Fences/SmallWireFence01_x12 (7)/Collider/%GROUP%_Mesh007E44000500251C",
      "position": "(0,12.25,-0.75)",
      "rotation": "(-0.7071068,0,0,0.7071068)",
      "hash": "04F604930A090C490:04F5439F23090D260",
      "properties": {
        "type": "Point",
        "intensity": 1.0,
        "range": 30.0,
        "colour": "#FFFFFF",
        "corona": {
          "sprite": "corona_white01.png",
          "scale": 1.0,
          "range": 100.0
        },
        "dutyCycle": "DuskTillDawn()"
      }
    },
    {
      "parent": "/Far__x1_z2/Far__x1_z2_LFS/Far_Fences/SmallWireFence01_x12 (7)/Collider/%GROUP%_Mesh00614F0005002523",
      "position": "(0.75,12.25,0)",
      "rotation": "(-0.7071068,0,0,0.7071068)",
      "hash": "050423930A08F33F0:0503469F2308F3190",
      "properties": {
        "type": "Point",
        "intensity": 1.0,
        "range": 30.0,
        "colour": "#FFFFFF",
        "corona": {
          "sprite": "corona_white01.png",
          "scale": 1.0,
          "range": 100.0
        },
        "dutyCycle": "DuskTillDawn()"
      }
    },
    {
      "parent": "/Far__x1_z2/Far__x1_z2_LFS/Far_Fences/SmallWireFence01_x12 (7)/Collider/%GROUP%_Mesh00614F0005002523",
      "position": "(0,12.25,0.75)",
      "rotation": "(-0.7071068,0,0,0.7071068)",
      "hash": "050423930A08F33F0:0504499F2308F2620",
      "properties": {
        "type": "Point",
        "intensity": 1.0,
        "range": 30.0,
        "colour": "#FFFFFF",
        "corona": {
          "sprite": "corona_white01.png",
          "scale": 1.0,
          "range": 100.0
        },
        "dutyCycle": "DuskTillDawn()"
      }
    },
    {
      "parent": "/Far__x1_z2/Far__x1_z2_LFS/Far_Fences/SmallWireFence01_x12 (7)/Collider/%GROUP%_Mesh00614F0005002523",
      "position": "(-0.75,12.25,0)",
      "rotation": "(-0.7071068,0,0,0.7071068)",
      "hash": "050423930A08F33F0:0505009F2308F4000",
      "properties": {
        "type": "Point",
        "intensity": 1.0,
        "range": 30.0,
        "colour": "#FFFFFF",
        "corona": {
          "sprite": "corona_white01.png",
          "scale": 1.0,
          "range": 100.0
        },
        "dutyCycle": "DuskTillDawn()"
      }
    },
    {
      "parent": "/Far__x1_z2/Far__x1_z2_LFS/Far_Fences/SmallWireFence01_x12 (7)/Collider/%GROUP%_Mesh00614F0005002523",
      "position": "(0,12.25,-0.75)",
      "rotation": "(-0.7071068,0,0,0.7071068)",
      "hash": "050423930A08F33F0:0503629F2308F41C0",
      "properties": {
        "type": "Point",
        "intensity": 1.0,
        "range": 30.0,
        "colour": "#FFFFFF",
        "corona": {
          "sprite": "corona_white01.png",
          "scale": 1.0,
          "range": 100.0
        },
        "dutyCycle": "DuskTillDawn()"
      }
    },
    {
      "parent": "/Far__x1_z2/Far__x1_z2_LFS/Far_Fences/SmallWireFence01_x12 (7)/Collider/%GROUP%_Mesh004358000500252A",
      "position": "(0.75,12.25,0)",
      "rotation": "(-0.7071068,0,0,0.7071068)",
      "hash": "051311930A08D9410:0512349F2308D91C0",
      "properties": {
        "type": "Point",
        "intensity": 1.0,
        "range": 30.0,
        "colour": "#FFFFFF",
        "corona": {
          "sprite": "corona_white01.png",
          "scale": 1.0,
          "range": 100.0
        },
        "dutyCycle": "DuskTillDawn()"
      }
    },
    {
      "parent": "/Far__x1_z2/Far__x1_z2_LFS/Far_Fences/SmallWireFence01_x12 (7)/Collider/%GROUP%_Mesh004358000500252A",
      "position": "(0,12.25,0.75)",
      "rotation": "(-0.7071068,0,0,0.7071068)",
      "hash": "051311930A08D9410:0513369F2308D9000",
      "properties": {
        "type": "Point",
        "intensity": 1.0,
        "range": 30.0,
        "colour": "#FFFFFF",
        "corona": {
          "sprite": "corona_white01.png",
          "scale": 1.0,
          "range": 100.0
        },
        "dutyCycle": "DuskTillDawn()"
      }
    },
    {
      "parent": "/Far__x1_z2/Far__x1_z2_LFS/Far_Fences/SmallWireFence01_x12 (7)/Collider/%GROUP%_Mesh004358000500252A",
      "position": "(-0.75,12.25,0)",
      "rotation": "(-0.7071068,0,0,0.7071068)",
      "hash": "051311930A08D9410:0513529F2308DA030",
      "properties": {
        "type": "Point",
        "intensity": 1.0,
        "range": 30.0,
        "colour": "#FFFFFF",
        "corona": {
          "sprite": "corona_white01.png",
          "scale": 1.0,
          "range": 100.0
        },
        "dutyCycle": "DuskTillDawn()"
      }
    },
    {
      "parent": "/Far__x1_z2/Far__x1_z2_LFS/Far_Fences/SmallWireFence01_x12 (7)/Collider/%GROUP%_Mesh004358000500252A",
      "position": "(0,12.25,-0.75)",
      "rotation": "(-0.7071068,0,0,0.7071068)",
      "hash": "051311930A08D9410:05124F9F2308DA1E0",
      "properties": {
        "type": "Point",
        "intensity": 1.0,
        "range": 30.0,
        "colour": "#FFFFFF",
        "corona": {
          "sprite": "corona_white01.png",
          "scale": 1.0,
          "range": 100.0
        },
        "dutyCycle": "DuskTillDawn()"
      }
    },
    {
      "parent": "/Far__x1_z2/Far__x1_z2_LFS/Far_Fences/SmallWireFence01_x12 (7)/Collider/%GROUP%_Mesh0025620005002533",
      "position": "(0.75,12.25,0)",
      "rotation": "(-0.7071068,0,0,0.7071068)",
      "hash": "052163930A08BF440:0521229F2308BF1F0",
      "properties": {
        "type": "Point",
        "intensity": 1.0,
        "range": 30.0,
        "colour": "#FFFFFF",
        "corona": {
          "sprite": "corona_white01.png",
          "scale": 1.0,
          "range": 100.0
        },
        "dutyCycle": "DuskTillDawn()"
      }
    },
    {
      "parent": "/Far__x1_z2/Far__x1_z2_LFS/Far_Fences/SmallWireFence01_x12 (7)/Collider/%GROUP%_Mesh0025620005002533",
      "position": "(0,12.25,0.75)",
      "rotation": "(-0.7071068,0,0,0.7071068)",
      "hash": "052163930A08BF440:0522249F2308BF030",
      "properties": {
        "type": "Point",
        "intensity": 1.0,
        "range": 30.0,
        "colour": "#FFFFFF",
        "corona": {
          "sprite": "corona_white01.png",
          "scale": 1.0,
          "range": 100.0
        },
        "dutyCycle": "DuskTillDawn()"
      }
    },
    {
      "parent": "/Far__x1_z2/Far__x1_z2_LFS/Far_Fences/SmallWireFence01_x12 (7)/Collider/%GROUP%_Mesh0025620005002533",
      "position": "(-0.75,12.25,0)",
      "rotation": "(-0.7071068,0,0,0.7071068)",
      "hash": "052163930A08BF440:0522409F2308C0060",
      "properties": {
        "type": "Point",
        "intensity": 1.0,
        "range": 30.0,
        "colour": "#FFFFFF",
        "corona": {
          "sprite": "corona_white01.png",
          "scale": 1.0,
          "range": 100.0
        },
        "dutyCycle": "DuskTillDawn()"
      }
    },
    {
      "parent": "/Far__x1_z2/Far__x1_z2_LFS/Far_Fences/SmallWireFence01_x12 (7)/Collider/%GROUP%_Mesh0025620005002533",
      "position": "(0,12.25,-0.75)",
      "rotation": "(-0.7071068,0,0,0.7071068)",
      "hash": "052163930A08BF440:05213D9F2308C0210",
      "properties": {
        "type": "Point",
        "intensity": 1.0,
        "range": 30.0,
        "colour": "#FFFFFF",
        "corona": {
          "sprite": "corona_white01.png",
          "scale": 1.0,
          "range": 100.0
        },
        "dutyCycle": "DuskTillDawn()"
      }
    },
    {
      "parent": "/Far__x1_z2/Far__x1_z2_LFS/Far_Fences/SmallWireFence01_x12 (7)/Collider/%GROUP%_Mesh00080F0005002533",
      "position": "(0.75,12.25,0)",
      "rotation": "(-0.7071068,0,0,0.7071068)",
      "hash": "053047930A08A5490:0530069F2308A5230",
      "properties": {
        "type": "Point",
        "intensity": 1.0,
        "range": 30.0,
        "colour": "#FFFFFF",
        "corona": {
          "sprite": "corona_white01.png",
          "scale": 1.0,
          "range": 100.0
        },
        "dutyCycle": "DuskTillDawn()"
      }
    },
    {
      "parent": "/Far__x1_z2/Far__x1_z2_LFS/Far_Fences/SmallWireFence01_x12 (7)/Collider/%GROUP%_Mesh00080F0005002533",
      "position": "(0,12.25,0.75)",
      "rotation": "(-0.7071068,0,0,0.7071068)",
      "hash": "053047930A08A5490:0531089F2308A5080",
      "properties": {
        "type": "Point",
        "intensity": 1.0,
        "range": 30.0,
        "colour": "#FFFFFF",
        "corona": {
          "sprite": "corona_white01.png",
          "scale": 1.0,
          "range": 100.0
        },
        "dutyCycle": "DuskTillDawn()"
      }
    },
    {
      "parent": "/Far__x1_z2/Far__x1_z2_LFS/Far_Fences/SmallWireFence01_x12 (7)/Collider/%GROUP%_Mesh00080F0005002533",
      "position": "(-0.75,12.25,0)",
      "rotation": "(-0.7071068,0,0,0.7071068)",
      "hash": "053047930A08A5490:0531249F2308A60A0",
      "properties": {
        "type": "Point",
        "intensity": 1.0,
        "range": 30.0,
        "colour": "#FFFFFF",
        "corona": {
          "sprite": "corona_white01.png",
          "scale": 1.0,
          "range": 100.0
        },
        "dutyCycle": "DuskTillDawn()"
      }
    },
    {
      "parent": "/Far__x1_z2/Far__x1_z2_LFS/Far_Fences/SmallWireFence01_x12 (7)/Collider/%GROUP%_Mesh00080F0005002533",
      "position": "(0,12.25,-0.75)",
      "rotation": "(-0.7071068,0,0,0.7071068)",
      "hash": "053047930A08A5490:0530219F2308A6260",
      "properties": {
        "type": "Point",
        "intensity": 1.0,
        "range": 30.0,
        "colour": "#FFFFFF",
        "corona": {
          "sprite": "corona_white01.png",
          "scale": 1.0,
          "range": 100.0
        },
        "dutyCycle": "DuskTillDawn()"
      }
    },
    {
      "parent": "/Far__x1_z2/Far__x1_z2_LFS/Far_Fences/SmallWireFence01_x12 (7)/Collider/%GROUP%_Mesh001559000500253C",
      "position": "(0.75,12.25,0)",
      "rotation": "(-0.7071068,0,0,0.7071068)",
      "hash": "053F3C930A088B400:053E5F9F23088B1A0",
      "properties": {
        "type": "Point",
        "intensity": 1.0,
        "range": 30.0,
        "colour": "#FFFFFF",
        "corona": {
          "sprite": "corona_white01.png",
          "scale": 1.0,
          "range": 100.0
        },
        "dutyCycle": "DuskTillDawn()"
      }
    },
    {
      "parent": "/Far__x1_z2/Far__x1_z2_LFS/Far_Fences/SmallWireFence01_x12 (7)/Collider/%GROUP%_Mesh001559000500253C",
      "position": "(0,12.25,0.75)",
      "rotation": "(-0.7071068,0,0,0.7071068)",
      "hash": "053F3C930A088B400:053F629F23088A630",
      "properties": {
        "type": "Point",
        "intensity": 1.0,
        "range": 30.0,
        "colour": "#FFFFFF",
        "corona": {
          "sprite": "corona_white01.png",
          "scale": 1.0,
          "range": 100.0
        },
        "dutyCycle": "DuskTillDawn()"
      }
    },
    {
      "parent": "/Far__x1_z2/Far__x1_z2_LFS/Far_Fences/SmallWireFence01_x12 (7)/Collider/%GROUP%_Mesh001559000500253C",
      "position": "(-0.75,12.25,0)",
      "rotation": "(-0.7071068,0,0,0.7071068)",
      "hash": "053F3C930A088B400:0540199F23088C010",
      "properties": {
        "type": "Point",
        "intensity": 1.0,
        "range": 30.0,
        "colour": "#FFFFFF",
        "corona": {
          "sprite": "corona_white01.png",
          "scale": 1.0,
          "range": 100.0
        },
        "dutyCycle": "DuskTillDawn()"
      }
    },
    {
      "parent": "/Far__x1_z2/Far__x1_z2_LFS/Far_Fences/SmallWireFence01_x12 (7)/Collider/%GROUP%_Mesh001559000500253C",
      "position": "(0,12.25,-0.75)",
      "rotation": "(-0.7071068,0,0,0.7071068)",
      "hash": "053F3C930A088B400:053F179F23088C1D0",
      "properties": {
        "type": "Point",
        "intensity": 1.0,
        "range": 30.0,
        "colour": "#FFFFFF",
        "corona": {
          "sprite": "corona_white01.png",
          "scale": 1.0,
          "range": 100.0
        },
        "dutyCycle": "DuskTillDawn()"
      }
    },
    {
      "parent": "/Far__x1_z2/Far__x1_z2_LFS/Far_Fences/SmallWireFence01_x12 (7)/Collider/%GROUP%_Mesh00335D000500253E",
      "position": "(0.75,12.25,0)",
      "rotation": "(-0.7071068,0,0,0.7071068)",
      "hash": "054E2B930A0871330:054D4E9F2308710E0",
      "properties": {
        "type": "Point",
        "intensity": 1.0,
        "range": 30.0,
        "colour": "#FFFFFF",
        "corona": {
          "sprite": "corona_white01.png",
          "scale": 1.0,
          "range": 100.0
        },
        "dutyCycle": "DuskTillDawn()"
      }
    },
    {
      "parent": "/Far__x1_z2/Far__x1_z2_LFS/Far_Fences/SmallWireFence01_x12 (7)/Collider/%GROUP%_Mesh00335D000500253E",
      "position": "(0,12.25,0.75)",
      "rotation": "(-0.7071068,0,0,0.7071068)",
      "hash": "054E2B930A0871330:054E519F230870570",
      "properties": {
        "type": "Point",
        "intensity": 1.0,
        "range": 30.0,
        "colour": "#FFFFFF",
        "corona": {
          "sprite": "corona_white01.png",
          "scale": 1.0,
          "range": 100.0
        },
        "dutyCycle": "DuskTillDawn()"
      }
    },
    {
      "parent": "/Far__x1_z2/Far__x1_z2_LFS/Far_Fences/SmallWireFence01_x12 (7)/Collider/%GROUP%_Mesh00335D000500253E",
      "position": "(-0.75,12.25,0)",
      "rotation": "(-0.7071068,0,0,0.7071068)",
      "hash": "054E2B930A0871330:054F089F230871590",
      "properties": {
        "type": "Point",
        "intensity": 1.0,
        "range": 30.0,
        "colour": "#FFFFFF",
        "corona": {
          "sprite": "corona_white01.png",
          "scale": 1.0,
          "range": 100.0
        },
        "dutyCycle": "DuskTillDawn()"
      }
    },
    {
      "parent": "/Far__x1_z2/Far__x1_z2_LFS/Far_Fences/SmallWireFence01_x12 (7)/Collider/%GROUP%_Mesh00335D000500253E",
      "position": "(0,12.25,-0.75)",
      "rotation": "(-0.7071068,0,0,0.7071068)",
      "hash": "054E2B930A0871330:054E069F230872100",
      "properties": {
        "type": "Point",
        "intensity": 1.0,
        "range": 30.0,
        "colour": "#FFFFFF",
        "corona": {
          "sprite": "corona_white01.png",
          "scale": 1.0,
          "range": 100.0
        },
        "dutyCycle": "DuskTillDawn()"
      }
    },
    {
      "parent": "/Far__x1_z2/Far__x1_z2_LFS/Far_Fences/SmallWireFence01_x12 (7)/Collider/%GROUP%_Mesh005200000500254C",
      "position": "(0.75,12.25,0)",
      "rotation": "(-0.7071068,0,0,0.7071068)",
      "hash": "055D27930A08572B0:055C4A9F230857050",
      "properties": {
        "type": "Point",
        "intensity": 1.0,
        "range": 30.0,
        "colour": "#FFFFFF",
        "corona": {
          "sprite": "corona_white01.png",
          "scale": 1.0,
          "range": 100.0
        },
        "dutyCycle": "DuskTillDawn()"
      }
    },
    {
      "parent": "/Far__x1_z2/Far__x1_z2_LFS/Far_Fences/SmallWireFence01_x12 (7)/Collider/%GROUP%_Mesh005200000500254C",
      "position": "(0,12.25,0.75)",
      "rotation": "(-0.7071068,0,0,0.7071068)",
      "hash": "055D27930A08572B0:055D4D9F2308564E0",
      "properties": {
        "type": "Point",
        "intensity": 1.0,
        "range": 30.0,
        "colour": "#FFFFFF",
        "corona": {
          "sprite": "corona_white01.png",
          "scale": 1.0,
          "range": 100.0
        },
        "dutyCycle": "DuskTillDawn()"
      }
    },
    {
      "parent": "/Far__x1_z2/Far__x1_z2_LFS/Far_Fences/SmallWireFence01_x12 (7)/Collider/%GROUP%_Mesh005200000500254C",
      "position": "(-0.75,12.25,0)",
      "rotation": "(-0.7071068,0,0,0.7071068)",
      "hash": "055D27930A08572B0:055E049F230857500",
      "properties": {
        "type": "Point",
        "intensity": 1.0,
        "range": 30.0,
        "colour": "#FFFFFF",
        "corona": {
          "sprite": "corona_white01.png",
          "scale": 1.0,
          "range": 100.0
        },
        "dutyCycle": "DuskTillDawn()"
      }
    },
    {
      "parent": "/Far__x1_z2/Far__x1_z2_LFS/Far_Fences/SmallWireFence01_x12 (7)/Collider/%GROUP%_Mesh005200000500254C",
      "position": "(0,12.25,-0.75)",
      "rotation": "(-0.7071068,0,0,0.7071068)",
      "hash": "055D27930A08572B0:055D029F230858080",
      "properties": {
        "type": "Point",
        "intensity": 1.0,
        "range": 30.0,
        "colour": "#FFFFFF",
        "corona": {
          "sprite": "corona_white01.png",
          "scale": 1.0,
          "range": 100.0
        },
        "dutyCycle": "DuskTillDawn()"
      }
    },
    {
      "parent": "/Far__x1_z2/Far__x1_z2_LFS/Far_Fences/SmallWireFence01_x12 (7)/Collider/%GROUP%_Mesh006F630005002546",
      "position": "(0.75,12.25,0)",
      "rotation": "(-0.7071068,0,0,0.7071068)",
      "hash": "056C0D930A083D1E0:056B2F9F23083C5E0",
      "properties": {
        "type": "Point",
        "intensity": 1.0,
        "range": 30.0,
        "colour": "#FFFFFF",
        "corona": {
          "sprite": "corona_white01.png",
          "scale": 1.0,
          "range": 100.0
        },
        "dutyCycle": "DuskTillDawn()"
      }
    },
    {
      "parent": "/Far__x1_z2/Far__x1_z2_LFS/Far_Fences/SmallWireFence01_x12 (7)/Collider/%GROUP%_Mesh006F630005002546",
      "position": "(0,12.25,0.75)",
      "rotation": "(-0.7071068,0,0,0.7071068)",
      "hash": "056C0D930A083D1E0:056C319F23083C410",
      "properties": {
        "type": "Point",
        "intensity": 1.0,
        "range": 30.0,
        "colour": "#FFFFFF",
        "corona": {
          "sprite": "corona_white01.png",
          "scale": 1.0,
          "range": 100.0
        },
        "dutyCycle": "DuskTillDawn()"
      }
    },
    {
      "parent": "/Far__x1_z2/Far__x1_z2_LFS/Far_Fences/SmallWireFence01_x12 (7)/Collider/%GROUP%_Mesh006F630005002546",
      "position": "(-0.75,12.25,0)",
      "rotation": "(-0.7071068,0,0,0.7071068)",
      "hash": "056C0D930A083D1E0:056C4E9F23083D430",
      "properties": {
        "type": "Point",
        "intensity": 1.0,
        "range": 30.0,
        "colour": "#FFFFFF",
        "corona": {
          "sprite": "corona_white01.png",
          "scale": 1.0,
          "range": 100.0
        },
        "dutyCycle": "DuskTillDawn()"
      }
    },
    {
      "parent": "/Far__x1_z2/Far__x1_z2_LFS/Far_Fences/SmallWireFence01_x12 (7)/Collider/%GROUP%_Mesh006F630005002546",
      "position": "(0,12.25,-0.75)",
      "rotation": "(-0.7071068,0,0,0.7071068)",
      "hash": "056C0D930A083D1E0:056B4D9F23083D600",
      "properties": {
        "type": "Point",
        "intensity": 1.0,
        "range": 30.0,
        "colour": "#FFFFFF",
        "corona": {
          "sprite": "corona_white01.png",
          "scale": 1.0,
          "range": 100.0
        },
        "dutyCycle": "DuskTillDawn()"
      }
    },
    {
      "parent": "/Far__x1_z2/Far__x1_z2_LFS/Far_Fences/SmallWireFence01_x12 (7)/Collider/%GROUP%_Mesh006F450005004E0C",
      "position": "(0.75,12.25,0)",
      "rotation": "(-0.7071068,0,0,0.7071068)",
      "hash": "058F0E930A0851330:058F509F230851570",
      "properties": {
        "type": "Point",
        "intensity": 1.0,
        "range": 30.0,
        "colour": "#FFFFFF",
        "corona": {
          "sprite": "corona_white01.png",
          "scale": 1.0,
          "range": 100.0
        },
        "dutyCycle": "DuskTillDawn()"
      }
    },
    {
      "parent": "/Far__x1_z2/Far__x1_z2_LFS/Far_Fences/SmallWireFence01_x12 (7)/Collider/%GROUP%_Mesh006F450005004E0C",
      "position": "(0,12.25,0.75)",
      "rotation": "(-0.7071068,0,0,0.7071068)",
      "hash": "058F0E930A0851330:058E4E9F230852100",
      "properties": {
        "type": "Point",
        "intensity": 1.0,
        "range": 30.0,
        "colour": "#FFFFFF",
        "corona": {
          "sprite": "corona_white01.png",
          "scale": 1.0,
          "range": 100.0
        },
        "dutyCycle": "DuskTillDawn()"
      }
    },
    {
      "parent": "/Far__x1_z2/Far__x1_z2_LFS/Far_Fences/SmallWireFence01_x12 (7)/Collider/%GROUP%_Mesh006F450005004E0C",
      "position": "(-0.75,12.25,0)",
      "rotation": "(-0.7071068,0,0,0.7071068)",
      "hash": "058F0E930A0851330:058E319F2308510E0",
      "properties": {
        "type": "Point",
        "intensity": 1.0,
        "range": 30.0,
        "colour": "#FFFFFF",
        "corona": {
          "sprite": "corona_white01.png",
          "scale": 1.0,
          "range": 100.0
        },
        "dutyCycle": "DuskTillDawn()"
      }
    },
    {
      "parent": "/Far__x1_z2/Far__x1_z2_LFS/Far_Fences/SmallWireFence01_x12 (7)/Collider/%GROUP%_Mesh006F450005004E0C",
      "position": "(0,12.25,-0.75)",
      "rotation": "(-0.7071068,0,0,0.7071068)",
      "hash": "058F0E930A0851330:058F339F230850550",
      "properties": {
        "type": "Point",
        "intensity": 1.0,
        "range": 30.0,
        "colour": "#FFFFFF",
        "corona": {
          "sprite": "corona_white01.png",
          "scale": 1.0,
          "range": 100.0
        },
        "dutyCycle": "DuskTillDawn()"
      }
    },
    {
      "parent": "/Far__x1_z2/Far__x1_z2_LFS/Far_Fences/SmallWireFence01_x12 (7)/Collider/%GROUP%_Mesh0044130005004E15",
      "position": "(0.75,12.25,0)",
      "rotation": "(-0.7071068,0,0,0.7071068)",
      "hash": "053631930A08EE030:0535539F2308ED440",
      "properties": {
        "type": "Point",
        "intensity": 1.0,
        "range": 30.0,
        "colour": "#FFFFFF",
        "corona": {
          "sprite": "corona_white01.png",
          "scale": 1.0,
          "range": 100.0
        },
        "dutyCycle": "DuskTillDawn()"
      }
    },
    {
      "parent": "/Far__x1_z2/Far__x1_z2_LFS/Far_Fences/SmallWireFence01_x12 (7)/Collider/%GROUP%_Mesh0044130005004E15",
      "position": "(0,12.25,0.75)",
      "rotation": "(-0.7071068,0,0,0.7071068)",
      "hash": "053631930A08EE030:0536559F2308ED250",
      "properties": {
        "type": "Point",
        "intensity": 1.0,
        "range": 30.0,
        "colour": "#FFFFFF",
        "corona": {
          "sprite": "corona_white01.png",
          "scale": 1.0,
          "range": 100.0
        },
        "dutyCycle": "DuskTillDawn()"
      }
    },
    {
      "parent": "/Far__x1_z2/Far__x1_z2_LFS/Far_Fences/SmallWireFence01_x12 (7)/Collider/%GROUP%_Mesh0044130005004E15",
      "position": "(-0.75,12.25,0)",
      "rotation": "(-0.7071068,0,0,0.7071068)",
      "hash": "053631930A08EE030:0537109F2308EE260",
      "properties": {
        "type": "Point",
        "intensity": 1.0,
        "range": 30.0,
        "colour": "#FFFFFF",
        "corona": {
          "sprite": "corona_white01.png",
          "scale": 1.0,
          "range": 100.0
        },
        "dutyCycle": "DuskTillDawn()"
      }
    },
    {
      "parent": "/Far__x1_z2/Far__x1_z2_LFS/Far_Fences/SmallWireFence01_x12 (7)/Collider/%GROUP%_Mesh0044130005004E15",
      "position": "(0,12.25,-0.75)",
      "rotation": "(-0.7071068,0,0,0.7071068)",
      "hash": "053631930A08EE030:05360E9F2308EE450",
      "properties": {
        "type": "Point",
        "intensity": 1.0,
        "range": 30.0,
        "colour": "#FFFFFF",
        "corona": {
          "sprite": "corona_white01.png",
          "scale": 1.0,
          "range": 100.0
        },
        "dutyCycle": "DuskTillDawn()"
      }
    },
    {
      "parent": "/Far__x1_z2/Far__x1_z2_LFS/Far_Fences/SmallWireFence01_x12 (7)/Collider/%GROUP%_Mesh0026320005004E0E",
      "position": "(0.75,12.25,0)",
      "rotation": "(-0.7071068,0,0,0.7071068)",
      "hash": "054508930A08D4120:0544299F2308D3520",
      "properties": {
        "type": "Point",
        "intensity": 1.0,
        "range": 30.0,
        "colour": "#FFFFFF",
        "corona": {
          "sprite": "corona_white01.png",
          "scale": 1.0,
          "range": 100.0
        },
        "dutyCycle": "DuskTillDawn()"
      }
    },
    {
      "parent": "/Far__x1_z2/Far__x1_z2_LFS/Far_Fences/SmallWireFence01_x12 (7)/Collider/%GROUP%_Mesh0026320005004E0E",
      "position": "(0,12.25,0.75)",
      "rotation": "(-0.7071068,0,0,0.7071068)",
      "hash": "054508930A08D4120:05452B9F2308D3330",
      "properties": {
        "type": "Point",
        "intensity": 1.0,
        "range": 30.0,
        "colour": "#FFFFFF",
        "corona": {
          "sprite": "corona_white01.png",
          "scale": 1.0,
          "range": 100.0
        },
        "dutyCycle": "DuskTillDawn()"
      }
    },
    {
      "parent": "/Far__x1_z2/Far__x1_z2_LFS/Far_Fences/SmallWireFence01_x12 (7)/Collider/%GROUP%_Mesh0026320005004E0E",
      "position": "(-0.75,12.25,0)",
      "rotation": "(-0.7071068,0,0,0.7071068)",
      "hash": "054508930A08D4120:05454A9F2308D4350",
      "properties": {
        "type": "Point",
        "intensity": 1.0,
        "range": 30.0,
        "colour": "#FFFFFF",
        "corona": {
          "sprite": "corona_white01.png",
          "scale": 1.0,
          "range": 100.0
        },
        "dutyCycle": "DuskTillDawn()"
      }
    },
    {
      "parent": "/Far__x1_z2/Far__x1_z2_LFS/Far_Fences/SmallWireFence01_x12 (7)/Collider/%GROUP%_Mesh0026320005004E0E",
      "position": "(0,12.25,-0.75)",
      "rotation": "(-0.7071068,0,0,0.7071068)",
      "hash": "054508930A08D4120:0544489F2308D4540",
      "properties": {
        "type": "Point",
        "intensity": 1.0,
        "range": 30.0,
        "colour": "#FFFFFF",
        "corona": {
          "sprite": "corona_white01.png",
          "scale": 1.0,
          "range": 100.0
        },
        "dutyCycle": "DuskTillDawn()"
      }
    },
    {
      "parent": "/Far__x1_z2/Far__x1_z2_LFS/Far_Fences/SmallWireFence01_x12 (7)/Collider/%GROUP%_Mesh0008250005004E0D",
      "position": "(0.75,12.25,0)",
      "rotation": "(-0.7071068,0,0,0.7071068)",
      "hash": "05535D930A08B95F0:05531C9F2308B93B0",
      "properties": {
        "type": "Point",
        "intensity": 1.0,
        "range": 30.0,
        "colour": "#FFFFFF",
        "corona": {
          "sprite": "corona_white01.png",
          "scale": 1.0,
          "range": 100.0
        },
        "dutyCycle": "DuskTillDawn()"
      }
    },
    {
      "parent": "/Far__x1_z2/Far__x1_z2_LFS/Far_Fences/SmallWireFence01_x12 (7)/Collider/%GROUP%_Mesh0008250005004E0D",
      "position": "(0,12.25,0.75)",
      "rotation": "(-0.7071068,0,0,0.7071068)",
      "hash": "05535D930A08B95F0:05541E9F2308B91E0",
      "properties": {
        "type": "Point",
        "intensity": 1.0,
        "range": 30.0,
        "colour": "#FFFFFF",
        "corona": {
          "sprite": "corona_white01.png",
          "scale": 1.0,
          "range": 100.0
        },
        "dutyCycle": "DuskTillDawn()"
      }
    },
    {
      "parent": "/Far__x1_z2/Far__x1_z2_LFS/Far_Fences/SmallWireFence01_x12 (7)/Collider/%GROUP%_Mesh0008250005004E0D",
      "position": "(-0.75,12.25,0)",
      "rotation": "(-0.7071068,0,0,0.7071068)",
      "hash": "05535D930A08B95F0:05543B9F2308BA200",
      "properties": {
        "type": "Point",
        "intensity": 1.0,
        "range": 30.0,
        "colour": "#FFFFFF",
        "corona": {
          "sprite": "corona_white01.png",
          "scale": 1.0,
          "range": 100.0
        },
        "dutyCycle": "DuskTillDawn()"
      }
    },
    {
      "parent": "/Far__x1_z2/Far__x1_z2_LFS/Far_Fences/SmallWireFence01_x12 (7)/Collider/%GROUP%_Mesh0008250005004E0D",
      "position": "(0,12.25,-0.75)",
      "rotation": "(-0.7071068,0,0,0.7071068)",
      "hash": "05535D930A08B95F0:0553399F2308BA3D0",
      "properties": {
        "type": "Point",
        "intensity": 1.0,
        "range": 30.0,
        "colour": "#FFFFFF",
        "corona": {
          "sprite": "corona_white01.png",
          "scale": 1.0,
          "range": 100.0
        },
        "dutyCycle": "DuskTillDawn()"
      }
    },
    {
      "parent": "/Far__x1_z2/Far__x1_z2_LFS/Far_Fences/SmallWireFence01_x12 (7)/Collider/%GROUP%_Mesh0015370005004E07",
      "position": "(0.75,12.25,0)",
      "rotation": "(-0.7071068,0,0,0.7071068)",
      "hash": "056240930A089F590:0561629F23089F360",
      "properties": {
        "type": "Point",
        "intensity": 1.0,
        "range": 30.0,
        "colour": "#FFFFFF",
        "corona": {
          "sprite": "corona_white01.png",
          "scale": 1.0,
          "range": 100.0
        },
        "dutyCycle": "DuskTillDawn()"
      }
    },
    {
      "parent": "/Far__x1_z2/Far__x1_z2_LFS/Far_Fences/SmallWireFence01_x12 (7)/Collider/%GROUP%_Mesh0015370005004E07",
      "position": "(0,12.25,0.75)",
      "rotation": "(-0.7071068,0,0,0.7071068)",
      "hash": "056240930A089F590:0562639F23089F170",
      "properties": {
        "type": "Point",
        "intensity": 1.0,
        "range": 30.0,
        "colour": "#FFFFFF",
        "corona": {
          "sprite": "corona_white01.png",
          "scale": 1.0,
          "range": 100.0
        },
        "dutyCycle": "DuskTillDawn()"
      }
    },
    {
      "parent": "/Far__x1_z2/Far__x1_z2_LFS/Far_Fences/SmallWireFence01_x12 (7)/Collider/%GROUP%_Mesh0015370005004E07",
      "position": "(-0.75,12.25,0)",
      "rotation": "(-0.7071068,0,0,0.7071068)",
      "hash": "056240930A089F590:05631E9F2308A0180",
      "properties": {
        "type": "Point",
        "intensity": 1.0,
        "range": 30.0,
        "colour": "#FFFFFF",
        "corona": {
          "sprite": "corona_white01.png",
          "scale": 1.0,
          "range": 100.0
        },
        "dutyCycle": "DuskTillDawn()"
      }
    },
    {
      "parent": "/Far__x1_z2/Far__x1_z2_LFS/Far_Fences/SmallWireFence01_x12 (7)/Collider/%GROUP%_Mesh0015370005004E07",
      "position": "(0,12.25,-0.75)",
      "rotation": "(-0.7071068,0,0,0.7071068)",
      "hash": "056240930A089F590:05621D9F2308A0370",
      "properties": {
        "type": "Point",
        "intensity": 1.0,
        "range": 30.0,
        "colour": "#FFFFFF",
        "corona": {
          "sprite": "corona_white01.png",
          "scale": 1.0,
          "range": 100.0
        },
        "dutyCycle": "DuskTillDawn()"
      }
    },
    {
      "parent": "/Far__x1_z2/Far__x1_z2_LFS/Far_Fences/SmallWireFence01_x12 (7)/Collider/%GROUP%_Mesh0033410005004E0E",
      "position": "(0.75,12.25,0)",
      "rotation": "(-0.7071068,0,0,0.7071068)",
      "hash": "057136930A08854A0:0570599F230885260",
      "properties": {
        "type": "Point",
        "intensity": 1.0,
        "range": 30.0,
        "colour": "#FFFFFF",
        "corona": {
          "sprite": "corona_white01.png",
          "scale": 1.0,
          "range": 100.0
        },
        "dutyCycle": "DuskTillDawn()"
      }
    },
    {
      "parent": "/Far__x1_z2/Far__x1_z2_LFS/Far_Fences/SmallWireFence01_x12 (7)/Collider/%GROUP%_Mesh0033410005004E0E",
      "position": "(0,12.25,0.75)",
      "rotation": "(-0.7071068,0,0,0.7071068)",
      "hash": "057136930A08854A0:05715B9F230885090",
      "properties": {
        "type": "Point",
        "intensity": 1.0,
        "range": 30.0,
        "colour": "#FFFFFF",
        "corona": {
          "sprite": "corona_white01.png",
          "scale": 1.0,
          "range": 100.0
        },
        "dutyCycle": "DuskTillDawn()"
      }
    },
    {
      "parent": "/Far__x1_z2/Far__x1_z2_LFS/Far_Fences/SmallWireFence01_x12 (7)/Collider/%GROUP%_Mesh0033410005004E0E",
      "position": "(-0.75,12.25,0)",
      "rotation": "(-0.7071068,0,0,0.7071068)",
      "hash": "057136930A08854A0:0572149F2308860B0",
      "properties": {
        "type": "Point",
        "intensity": 1.0,
        "range": 30.0,
        "colour": "#FFFFFF",
        "corona": {
          "sprite": "corona_white01.png",
          "scale": 1.0,
          "range": 100.0
        },
        "dutyCycle": "DuskTillDawn()"
      }
    },
    {
      "parent": "/Far__x1_z2/Far__x1_z2_LFS/Far_Fences/SmallWireFence01_x12 (7)/Collider/%GROUP%_Mesh0033410005004E0E",
      "position": "(0,12.25,-0.75)",
      "rotation": "(-0.7071068,0,0,0.7071068)",
      "hash": "057136930A08854A0:0571129F230886280",
      "properties": {
        "type": "Point",
        "intensity": 1.0,
        "range": 30.0,
        "colour": "#FFFFFF",
        "corona": {
          "sprite": "corona_white01.png",
          "scale": 1.0,
          "range": 100.0
        },
        "dutyCycle": "DuskTillDawn()"
      }
    },
    {
      "parent": "/Far__x1_z2/Far__x1_z2_LFS/Far_Fences/SmallWireFence01_x12 (7)/Collider/%GROUP%_Mesh0051420005004E09",
      "position": "(0.75,12.25,0)",
      "rotation": "(-0.7071068,0,0,0.7071068)",
      "hash": "05801E930A086B3D0:057F419F23086B190",
      "properties": {
        "type": "Point",
        "intensity": 1.0,
        "range": 30.0,
        "colour": "#FFFFFF",
        "corona": {
          "sprite": "corona_white01.png",
          "scale": 1.0,
          "range": 100.0
        },
        "dutyCycle": "DuskTillDawn()"
      }
    },
    {
      "parent": "/Far__x1_z2/Far__x1_z2_LFS/Far_Fences/SmallWireFence01_x12 (7)/Collider/%GROUP%_Mesh0051420005004E09",
      "position": "(0,12.25,0.75)",
      "rotation": "(-0.7071068,0,0,0.7071068)",
      "hash": "05801E930A086B3D0:0580439F23086A5F0",
      "properties": {
        "type": "Point",
        "intensity": 1.0,
        "range": 30.0,
        "colour": "#FFFFFF",
        "corona": {
          "sprite": "corona_white01.png",
          "scale": 1.0,
          "range": 100.0
        },
        "dutyCycle": "DuskTillDawn()"
      }
    },
    {
      "parent": "/Far__x1_z2/Far__x1_z2_LFS/Far_Fences/SmallWireFence01_x12 (7)/Collider/%GROUP%_Mesh0051420005004E09",
      "position": "(-0.75,12.25,0)",
      "rotation": "(-0.7071068,0,0,0.7071068)",
      "hash": "05801E930A086B3D0:0580609F23086B610",
      "properties": {
        "type": "Point",
        "intensity": 1.0,
        "range": 30.0,
        "colour": "#FFFFFF",
        "corona": {
          "sprite": "corona_white01.png",
          "scale": 1.0,
          "range": 100.0
        },
        "dutyCycle": "DuskTillDawn()"
      }
    },
    {
      "parent": "/Far__x1_z2/Far__x1_z2_LFS/Far_Fences/SmallWireFence01_x12 (7)/Collider/%GROUP%_Mesh0051420005004E09",
      "position": "(0,12.25,-0.75)",
      "rotation": "(-0.7071068,0,0,0.7071068)",
      "hash": "05801E930A086B3D0:057F5E9F23086C1B0",
      "properties": {
        "type": "Point",
        "intensity": 1.0,
        "range": 30.0,
        "colour": "#FFFFFF",
        "corona": {
          "sprite": "corona_white01.png",
          "scale": 1.0,
          "range": 100.0
        },
        "dutyCycle": "DuskTillDawn()"
      }
    },
    {
      "parent": "/Far__x1_z2/Far__x1_z2_LFS/Far_Fences/SmallWireFence01_x12 (7)/Collider/%GROUP%_Mesh008D3F0005004E09",
      "position": "(0.75,12.25,0)",
      "rotation": "(-0.7071068,0,0,0.7071068)",
      "hash": "059D58930A08372C0:059D179F230837080",
      "properties": {
        "type": "Point",
        "intensity": 1.0,
        "range": 30.0,
        "colour": "#FFFFFF",
        "corona": {
          "sprite": "corona_white01.png",
          "scale": 1.0,
          "range": 100.0
        },
        "dutyCycle": "DuskTillDawn()"
      }
    },
    {
      "parent": "/Far__x1_z2/Far__x1_z2_LFS/Far_Fences/SmallWireFence01_x12 (7)/Collider/%GROUP%_Mesh008D3F0005004E09",
      "position": "(0,12.25,0.75)",
      "rotation": "(-0.7071068,0,0,0.7071068)",
      "hash": "059D58930A08372C0:059E199F2308364F0",
      "properties": {
        "type": "Point",
        "intensity": 1.0,
        "range": 30.0,
        "colour": "#FFFFFF",
        "corona": {
          "sprite": "corona_white01.png",
          "scale": 1.0,
          "range": 100.0
        },
        "dutyCycle": "DuskTillDawn()"
      }
    },
    {
      "parent": "/Far__x1_z2/Far__x1_z2_LFS/Far_Fences/SmallWireFence01_x12 (7)/Collider/%GROUP%_Mesh008D3F0005004E09",
      "position": "(-0.75,12.25,0)",
      "rotation": "(-0.7071068,0,0,0.7071068)",
      "hash": "059D58930A08372C0:059E369F230837510",
      "properties": {
        "type": "Point",
        "intensity": 1.0,
        "range": 30.0,
        "colour": "#FFFFFF",
        "corona": {
          "sprite": "corona_white01.png",
          "scale": 1.0,
          "range": 100.0
        },
        "dutyCycle": "DuskTillDawn()"
      }
    },
    {
      "parent": "/Far__x1_z2/Far__x1_z2_LFS/Far_Fences/SmallWireFence01_x12 (7)/Collider/%GROUP%_Mesh008D3F0005004E09",
      "position": "(0,12.25,-0.75)",
      "rotation": "(-0.7071068,0,0,0.7071068)",
      "hash": "059D58930A08372C0:059D349F2308380A0",
      "properties": {
        "type": "Point",
        "intensity": 1.0,
        "range": 30.0,
        "colour": "#FFFFFF",
        "corona": {
          "sprite": "corona_white01.png",
          "scale": 1.0,
          "range": 100.0
        },
        "dutyCycle": "DuskTillDawn()"
      }
    },
    {
      "parent": "/Far__x1_z2/Far__x1_z2_LFS/Far_Fences/SmallWireFence01_x12 (7)/Collider/%GROUP%_Mesh00A1590005002601",
      "position": "(0.75,12.25,0)",
      "rotation": "(-0.7071068,0,0,0.7071068)",
      "hash": "058501930A0812060:0584259F230811430",
      "properties": {
        "type": "Point",
        "intensity": 1.0,
        "range": 30.0,
        "colour": "#FFFFFF",
        "corona": {
          "sprite": "corona_white01.png",
          "scale": 1.0,
          "range": 100.0
        },
        "dutyCycle": "DuskTillDawn()"
      }
    },
    {
      "parent": "/Far__x1_z2/Far__x1_z2_LFS/Far_Fences/SmallWireFence01_x12 (7)/Collider/%GROUP%_Mesh00A1590005002601",
      "position": "(0,12.25,0.75)",
      "rotation": "(-0.7071068,0,0,0.7071068)",
      "hash": "058501930A0812060:0585289F230811290",
      "properties": {
        "type": "Point",
        "intensity": 1.0,
        "range": 30.0,
        "colour": "#FFFFFF",
        "corona": {
          "sprite": "corona_white01.png",
          "scale": 1.0,
          "range": 100.0
        },
        "dutyCycle": "DuskTillDawn()"
      }
    },
    {
      "parent": "/Far__x1_z2/Far__x1_z2_LFS/Far_Fences/SmallWireFence01_x12 (7)/Collider/%GROUP%_Mesh00A1590005002601",
      "position": "(-0.75,12.25,0)",
      "rotation": "(-0.7071068,0,0,0.7071068)",
      "hash": "058501930A0812060:0585419F2308122C0",
      "properties": {
        "type": "Point",
        "intensity": 1.0,
        "range": 30.0,
        "colour": "#FFFFFF",
        "corona": {
          "sprite": "corona_white01.png",
          "scale": 1.0,
          "range": 100.0
        },
        "dutyCycle": "DuskTillDawn()"
      }
    },
    {
      "parent": "/Far__x1_z2/Far__x1_z2_LFS/Far_Fences/SmallWireFence01_x12 (7)/Collider/%GROUP%_Mesh00A1590005002601",
      "position": "(0,12.25,-0.75)",
      "rotation": "(-0.7071068,0,0,0.7071068)",
      "hash": "058501930A0812060:05843E9F230812460",
      "properties": {
        "type": "Point",
        "intensity": 1.0,
        "range": 30.0,
        "colour": "#FFFFFF",
        "corona": {
          "sprite": "corona_white01.png",
          "scale": 1.0,
          "range": 100.0
        },
        "dutyCycle": "DuskTillDawn()"
      }
    },
    {
      "parent": "/Far__x1_z2/Far__x1_z2_LFS/Far_Fences/SmallWireFence01_x12 (7)/Collider/%GROUP%_Mesh010B400029002434",
      "position": "(0.75,12.25,0)",
      "rotation": "(-0.7071068,0,0,0.7071068)",
      "hash": "04AF5692490986620:04AF149E6209863D0",
      "properties": {
        "type": "Point",
        "intensity": 1.0,
        "range": 30.0,
        "colour": "#FFFFFF",
        "corona": {
          "sprite": "corona_white01.png",
          "scale": 1.0,
          "range": 100.0
        },
        "dutyCycle": "DuskTillDawn()"
      }
    },
    {
      "parent": "/Far__x1_z2/Far__x1_z2_LFS/Far_Fences/SmallWireFence01_x12 (7)/Collider/%GROUP%_Mesh010B400029002434",
      "position": "(0,12.25,0.75)",
      "rotation": "(-0.7071068,0,0,0.7071068)",
      "hash": "04AF5692490986620:04B0169E620986200",
      "properties": {
        "type": "Point",
        "intensity": 1.0,
        "range": 30.0,
        "colour": "#FFFFFF",
        "corona": {
          "sprite": "corona_white01.png",
          "scale": 1.0,
          "range": 100.0
        },
        "dutyCycle": "DuskTillDawn()"
      }
    },
    {
      "parent": "/Far__x1_z2/Far__x1_z2_LFS/Far_Fences/SmallWireFence01_x12 (7)/Collider/%GROUP%_Mesh010B400029002434",
      "position": "(-0.75,12.25,0)",
      "rotation": "(-0.7071068,0,0,0.7071068)",
      "hash": "04AF5692490986620:04B0339E620987220",
      "properties": {
        "type": "Point",
        "intensity": 1.0,
        "range": 30.0,
        "colour": "#FFFFFF",
        "corona": {
          "sprite": "corona_white01.png",
          "scale": 1.0,
          "range": 100.0
        },
        "dutyCycle": "DuskTillDawn()"
      }
    },
    {
      "parent": "/Far__x1_z2/Far__x1_z2_LFS/Far_Fences/SmallWireFence01_x12 (7)/Collider/%GROUP%_Mesh010B400029002434",
      "position": "(0,12.25,-0.75)",
      "rotation": "(-0.7071068,0,0,0.7071068)",
      "hash": "04AF5692490986620:04AF319E6209873F0",
      "properties": {
        "type": "Point",
        "intensity": 1.0,
        "range": 30.0,
        "colour": "#FFFFFF",
        "corona": {
          "sprite": "corona_white01.png",
          "scale": 1.0,
          "range": 100.0
        },
        "dutyCycle": "DuskTillDawn()"
      }
    },
    {
      "parent": "/Far__x1_z2/Far__x1_z2_LFS/Far_Fences/SmallWireFence01_x12 (7)/Collider/%GROUP%_Mesh010B49001D000637",
      "position": "(0.75,12.25,0)",
      "rotation": "(-0.7071068,0,0,0.7071068)",
      "hash": "04954A925509781B0:0495099F0A0977590",
      "properties": {
        "type": "Point",
        "intensity": 1.0,
        "range": 30.0,
        "colour": "#FFFFFF",
        "corona": {
          "sprite": "corona_white01.png",
          "scale": 1.0,
          "range": 100.0
        },
        "dutyCycle": "DuskTillDawn()"
      }
    },
    {
      "parent": "/Far__x1_z2/Far__x1_z2_LFS/Far_Fences/SmallWireFence01_x12 (7)/Collider/%GROUP%_Mesh010B49001D000637",
      "position": "(0,12.25,0.75)",
      "rotation": "(-0.7071068,0,0,0.7071068)",
      "hash": "04954A925509781B0:04960C9F0A09773E0",
      "properties": {
        "type": "Point",
        "intensity": 1.0,
        "range": 30.0,
        "colour": "#FFFFFF",
        "corona": {
          "sprite": "corona_white01.png",
          "scale": 1.0,
          "range": 100.0
        },
        "dutyCycle": "DuskTillDawn()"
      }
    },
    {
      "parent": "/Far__x1_z2/Far__x1_z2_LFS/Far_Fences/SmallWireFence01_x12 (7)/Collider/%GROUP%_Mesh010B49001D000637",
      "position": "(-0.75,12.25,0)",
      "rotation": "(-0.7071068,0,0,0.7071068)",
      "hash": "04954A925509781B0:0496279F0A0978400",
      "properties": {
        "type": "Point",
        "intensity": 1.0,
        "range": 30.0,
        "colour": "#FFFFFF",
        "corona": {
          "sprite": "corona_white01.png",
          "scale": 1.0,
          "range": 100.0
        },
        "dutyCycle": "DuskTillDawn()"
      }
    },
    {
      "parent": "/Far__x1_z2/Far__x1_z2_LFS/Far_Fences/SmallWireFence01_x12 (7)/Collider/%GROUP%_Mesh010B49001D000637",
      "position": "(0,12.25,-0.75)",
      "rotation": "(-0.7071068,0,0,0.7071068)",
      "hash": "04954A925509781B0:0495259F0A09785C0",
      "properties": {
        "type": "Point",
        "intensity": 1.0,
        "range": 30.0,
        "colour": "#FFFFFF",
        "corona": {
          "sprite": "corona_white01.png",
          "scale": 1.0,
          "range": 100.0
        },
        "dutyCycle": "DuskTillDawn()"
      }
    },
    {
      "parent": "/Far__x1_z2/Far__x1_z2_LFS/Far_Fences/SmallWireFence01_x12 (7)/Collider/%GROUP%_Mesh00DA0F0005000645",
      "position": "(0.75,12.25,0)",
      "rotation": "(-0.7071068,0,0,0.7071068)",
      "hash": "04AE20930A094D150:04AD439F23094C540",
      "properties": {
        "type": "Point",
        "intensity": 1.0,
        "range": 30.0,
        "colour": "#FFFFFF",
        "corona": {
          "sprite": "corona_white01.png",
          "scale": 1.0,
          "range": 100.0
        },
        "dutyCycle": "DuskTillDawn()"
      }
    },
    {
      "parent": "/Far__x1_z2/Far__x1_z2_LFS/Far_Fences/SmallWireFence01_x12 (7)/Collider/%GROUP%_Mesh00DA0F0005000645",
      "position": "(0,12.25,0.75)",
      "rotation": "(-0.7071068,0,0,0.7071068)",
      "hash": "04AE20930A094D150:04AE459F23094C380",
      "properties": {
        "type": "Point",
        "intensity": 1.0,
        "range": 30.0,
        "colour": "#FFFFFF",
        "corona": {
          "sprite": "corona_white01.png",
          "scale": 1.0,
          "range": 100.0
        },
        "dutyCycle": "DuskTillDawn()"
      }
    },
    {
      "parent": "/Far__x1_z2/Far__x1_z2_LFS/Far_Fences/SmallWireFence01_x12 (7)/Collider/%GROUP%_Mesh00DA0F0005000645",
      "position": "(-0.75,12.25,0)",
      "rotation": "(-0.7071068,0,0,0.7071068)",
      "hash": "04AE20930A094D150:04AE619F23094D3B0",
      "properties": {
        "type": "Point",
        "intensity": 1.0,
        "range": 30.0,
        "colour": "#FFFFFF",
        "corona": {
          "sprite": "corona_white01.png",
          "scale": 1.0,
          "range": 100.0
        },
        "dutyCycle": "DuskTillDawn()"
      }
    },
    {
      "parent": "/Far__x1_z2/Far__x1_z2_LFS/Far_Fences/SmallWireFence01_x12 (7)/Collider/%GROUP%_Mesh00DA0F0005000645",
      "position": "(0,12.25,-0.75)",
      "rotation": "(-0.7071068,0,0,0.7071068)",
      "hash": "04AE20930A094D150:04AD5E9F23094D560",
      "properties": {
        "type": "Point",
        "intensity": 1.0,
        "range": 30.0,
        "colour": "#FFFFFF",
        "corona": {
          "sprite": "corona_white01.png",
          "scale": 1.0,
          "range": 100.0
        },
        "dutyCycle": "DuskTillDawn()"
      }
    },
    {
      "parent": "/Far__x1_z2/Far__x1_z2_LFS/Far_Fences/SmallWireFence01_x12 (7)/Collider/%GROUP%_Mesh0044010005006C3E",
      "position": "(0.75,12.25,0)",
      "rotation": "(-0.7071068,0,0,0.7071068)",
      "hash": "055103930A08FC580:0551289F2308FC160",
      "properties": {
        "type": "Point",
        "intensity": 1.0,
        "range": 30.0,
        "colour": "#FFFFFF",
        "corona": {
          "sprite": "corona_white01.png",
          "scale": 1.0,
          "range": 100.0
        },
        "dutyCycle": "DuskTillDawn()"
      }
    },
    {
      "parent": "/Far__x1_z2/Far__x1_z2_LFS/Far_Fences/SmallWireFence01_x12 (7)/Collider/%GROUP%_Mesh0044010005006C3E",
      "position": "(0,12.25,0.75)",
      "rotation": "(-0.7071068,0,0,0.7071068)",
      "hash": "055103930A08FC580:0551459F2308FD180",
      "properties": {
        "type": "Point",
        "intensity": 1.0,
        "range": 30.0,
        "colour": "#FFFFFF",
        "corona": {
          "sprite": "corona_white01.png",
          "scale": 1.0,
          "range": 100.0
        },
        "dutyCycle": "DuskTillDawn()"
      }
    },
    {
      "parent": "/Far__x1_z2/Far__x1_z2_LFS/Far_Fences/SmallWireFence01_x12 (7)/Collider/%GROUP%_Mesh0044010005006C3E",
      "position": "(-0.75,12.25,0)",
      "rotation": "(-0.7071068,0,0,0.7071068)",
      "hash": "055103930A08FC580:0550439F2308FD350",
      "properties": {
        "type": "Point",
        "intensity": 1.0,
        "range": 30.0,
        "colour": "#FFFFFF",
        "corona": {
          "sprite": "corona_white01.png",
          "scale": 1.0,
          "range": 100.0
        },
        "dutyCycle": "DuskTillDawn()"
      }
    },
    {
      "parent": "/Far__x1_z2/Far__x1_z2_LFS/Far_Fences/SmallWireFence01_x12 (7)/Collider/%GROUP%_Mesh0044010005006C3E",
      "position": "(0,12.25,-0.75)",
      "rotation": "(-0.7071068,0,0,0.7071068)",
      "hash": "055103930A08FC580:0550269F2308FC330",
      "properties": {
        "type": "Point",
        "intensity": 1.0,
        "range": 30.0,
        "colour": "#FFFFFF",
        "corona": {
          "sprite": "corona_white01.png",
          "scale": 1.0,
          "range": 100.0
        },
        "dutyCycle": "DuskTillDawn()"
      }
    },
    {
      "parent": "/Far__x1_z2/Far__x1_z2_LFS/Far_Fences/SmallWireFence01_x12 (7)/Collider/%GROUP%_Mesh0026040005006C4E",
      "position": "(0.75,12.25,0)",
      "rotation": "(-0.7071068,0,0,0.7071068)",
      "hash": "055F60930A08E2580:055F3A9F2308E3350",
      "properties": {
        "type": "Point",
        "intensity": 1.0,
        "range": 30.0,
        "colour": "#FFFFFF",
        "corona": {
          "sprite": "corona_white01.png",
          "scale": 1.0,
          "range": 100.0
        },
        "dutyCycle": "DuskTillDawn()"
      }
    },
    {
      "parent": "/Far__x1_z2/Far__x1_z2_LFS/Far_Fences/SmallWireFence01_x12 (7)/Collider/%GROUP%_Mesh0026040005006C4E",
      "position": "(0,12.25,0.75)",
      "rotation": "(-0.7071068,0,0,0.7071068)",
      "hash": "055F60930A08E2580:055F209F2308E2320",
      "properties": {
        "type": "Point",
        "intensity": 1.0,
        "range": 30.0,
        "colour": "#FFFFFF",
        "corona": {
          "sprite": "corona_white01.png",
          "scale": 1.0,
          "range": 100.0
        },
        "dutyCycle": "DuskTillDawn()"
      }
    },
    {
      "parent": "/Far__x1_z2/Far__x1_z2_LFS/Far_Fences/SmallWireFence01_x12 (7)/Collider/%GROUP%_Mesh0026040005006C4E",
      "position": "(-0.75,12.25,0)",
      "rotation": "(-0.7071068,0,0,0.7071068)",
      "hash": "055F60930A08E2580:0560239F2308E2180",
      "properties": {
        "type": "Point",
        "intensity": 1.0,
        "range": 30.0,
        "colour": "#FFFFFF",
        "corona": {
          "sprite": "corona_white01.png",
          "scale": 1.0,
          "range": 100.0
        },
        "dutyCycle": "DuskTillDawn()"
      }
    },
    {
      "parent": "/Far__x1_z2/Far__x1_z2_LFS/Far_Fences/SmallWireFence01_x12 (7)/Collider/%GROUP%_Mesh0026040005006C4E",
      "position": "(0,12.25,-0.75)",
      "rotation": "(-0.7071068,0,0,0.7071068)",
      "hash": "055F60930A08E2580:05603D9F2308E31B0",
      "properties": {
        "type": "Point",
        "intensity": 1.0,
        "range": 30.0,
        "colour": "#FFFFFF",
        "corona": {
          "sprite": "corona_white01.png",
          "scale": 1.0,
          "range": 100.0
        },
        "dutyCycle": "DuskTillDawn()"
      }
    },
    {
      "parent": "/Far__x1_z2/Far__x1_z2_LFS/Far_Fences/SmallWireFence01_x12 (7)/Collider/%GROUP%_Mesh0008080005006D19",
      "position": "(0.75,12.25,0)",
      "rotation": "(-0.7071068,0,0,0.7071068)",
      "hash": "056F0E930A08C9060:056E4D9F2308C9470",
      "properties": {
        "type": "Point",
        "intensity": 1.0,
        "range": 30.0,
        "colour": "#FFFFFF",
        "corona": {
          "sprite": "corona_white01.png",
          "scale": 1.0,
          "range": 100.0
        },
        "dutyCycle": "DuskTillDawn()"
      }
    },
    {
      "parent": "/Far__x1_z2/Far__x1_z2_LFS/Far_Fences/SmallWireFence01_x12 (7)/Collider/%GROUP%_Mesh0008080005006D19",
      "position": "(0,12.25,0.75)",
      "rotation": "(-0.7071068,0,0,0.7071068)",
      "hash": "056F0E930A08C9060:056E319F2308C8440",
      "properties": {
        "type": "Point",
        "intensity": 1.0,
        "range": 30.0,
        "colour": "#FFFFFF",
        "corona": {
          "sprite": "corona_white01.png",
          "scale": 1.0,
          "range": 100.0
        },
        "dutyCycle": "DuskTillDawn()"
      }
    },
    {
      "parent": "/Far__x1_z2/Far__x1_z2_LFS/Far_Fences/SmallWireFence01_x12 (7)/Collider/%GROUP%_Mesh0008080005006D19",
      "position": "(-0.75,12.25,0)",
      "rotation": "(-0.7071068,0,0,0.7071068)",
      "hash": "056F0E930A08C9060:056F349F2308C8290",
      "properties": {
        "type": "Point",
        "intensity": 1.0,
        "range": 30.0,
        "colour": "#FFFFFF",
        "corona": {
          "sprite": "corona_white01.png",
          "scale": 1.0,
          "range": 100.0
        },
        "dutyCycle": "DuskTillDawn()"
      }
    },
    {
      "parent": "/Far__x1_z2/Far__x1_z2_LFS/Far_Fences/SmallWireFence01_x12 (7)/Collider/%GROUP%_Mesh0008080005006D19",
      "position": "(0,12.25,-0.75)",
      "rotation": "(-0.7071068,0,0,0.7071068)",
      "hash": "056F0E930A08C9060:056F4F9F2308C92B0",
      "properties": {
        "type": "Point",
        "intensity": 1.0,
        "range": 30.0,
        "colour": "#FFFFFF",
        "corona": {
          "sprite": "corona_white01.png",
          "scale": 1.0,
          "range": 100.0
        },
        "dutyCycle": "DuskTillDawn()"
      }
    }
  ],
  "meshes": [
    {
      "parent": "/Far__x1_z2/Far__x1_z2_LFS/Far_Fences/SmallWireFence01_x12 (7)/Collider",
      "position": "(-158.209732,-0.0505981445,37.12596)",
      "rotation": "(0,0.9659258,0,0.2588191)",
      "hash": "051409930F088C0E0:04E623930A0928070",
      "properties": {
        "file": "meshes_lampposts.assetbundle",
        "mesh": "YardLamp_Floor"
      }
    },
    {
      "parent": "/Far__x1_z2/Far__x1_z2_LFS/Far_Fences/SmallWireFence01_x12 (7)/Collider",
      "position": "(-126.683228,-0.0505981445,37.2849)",
      "rotation": "(0,0.9659258,0,0.2588191)",
      "hash": "051409930F088C0E0:04F604930A090C490",
      "properties": {
        "file": "meshes_lampposts.assetbundle",
        "mesh": "YardLamp_Floor"
      }
    },
    {
      "parent": "/Far__x1_z2/Far__x1_z2_LFS/Far_Fences/SmallWireFence01_x12 (7)/Collider",
      "position": "(-97.79245,-0.0505981445,37.35256)",
      "rotation": "(0,0.9659258,0,0.2588191)",
      "hash": "051409930F088C0E0:050423930A08F33F0",
      "properties": {
        "file": "meshes_lampposts.assetbundle",
        "mesh": "YardLamp_Floor"
      }
    },
    {
      "parent": "/Far__x1_z2/Far__x1_z2_LFS/Far_Fences/SmallWireFence01_x12 (7)/Collider",
      "position": "(-67.8897858,-0.0505981445,37.42984)",
      "rotation": "(0,0.9659258,0,0.2588191)",
      "hash": "051409930F088C0E0:051311930A08D9410",
      "properties": {
        "file": "meshes_lampposts.assetbundle",
        "mesh": "YardLamp_Floor"
      }
    },
    {
      "parent": "/Far__x1_z2/Far__x1_z2_LFS/Far_Fences/SmallWireFence01_x12 (7)/Collider",
      "position": "(-37.9883347,-0.0505981445,37.51342)",
      "rotation": "(0,0.9659258,0,0.2588191)",
      "hash": "051409930F088C0E0:052163930A08BF440",
      "properties": {
        "file": "meshes_lampposts.assetbundle",
        "mesh": "YardLamp_Floor"
      }
    },
    {
      "parent": "/Far__x1_z2/Far__x1_z2_LFS/Far_Fences/SmallWireFence01_x12 (7)/Collider",
      "position": "(-8.150124,-0.0505981445,37.51764)",
      "rotation": "(0,0.9659258,0,0.2588191)",
      "hash": "051409930F088C0E0:053047930A08A5490",
      "properties": {
        "file": "meshes_lampposts.assetbundle",
        "mesh": "YardLamp_Floor"
      }
    },
    {
      "parent": "/Far__x1_z2/Far__x1_z2_LFS/Far_Fences/SmallWireFence01_x12 (7)/Collider",
      "position": "(21.8943481,-0.0505981445,37.60545)",
      "rotation": "(0,0.9659258,0,0.2588191)",
      "hash": "051409930F088C0E0:053F3C930A088B400",
      "properties": {
        "file": "meshes_lampposts.assetbundle",
        "mesh": "YardLamp_Floor"
      }
    },
    {
      "parent": "/Far__x1_z2/Far__x1_z2_LFS/Far_Fences/SmallWireFence01_x12 (7)/Collider",
      "position": "(51.93251,-0.0505981445,37.6217575)",
      "rotation": "(0,0.9659258,0,0.2588191)",
      "hash": "051409930F088C0E0:054E2B930A0871330",
      "properties": {
        "file": "meshes_lampposts.assetbundle",
        "mesh": "YardLamp_Floor"
      }
    },
    {
      "parent": "/Far__x1_z2/Far__x1_z2_LFS/Far_Fences/SmallWireFence01_x12 (7)/Collider",
      "position": "(82.0059052,-0.0505981445,37.7675323)",
      "rotation": "(0,0.9659258,0,0.2588191)",
      "hash": "051409930F088C0E0:055D27930A08572B0",
      "properties": {
        "file": "meshes_lampposts.assetbundle",
        "mesh": "YardLamp_Floor"
      }
    },
    {
      "parent": "/Far__x1_z2/Far__x1_z2_LFS/Far_Fences/SmallWireFence01_x12 (7)/Collider",
      "position": "(111.997589,-0.0505981445,37.7038345)",
      "rotation": "(0,0.968147635,0,0.25037998)",
      "hash": "051409930F088C0E0:056C0D930A083D1E0",
      "properties": {
        "file": "meshes_lampposts.assetbundle",
        "mesh": "YardLamp_Floor"
      }
    },
    {
      "parent": "/Far__x1_z2/Far__x1_z2_LFS/Far_Fences/SmallWireFence01_x12 (7)/Collider",
      "position": "(111.693756,-0.0505981445,78.1252441)",
      "rotation": "(0,-0.25037995,0,0.9681477)",
      "hash": "051409930F088C0E0:058F0E930A0851330",
      "properties": {
        "file": "meshes_lampposts.assetbundle",
        "mesh": "YardLamp_Floor"
      }
    },
    {
      "parent": "/Far__x1_z2/Far__x1_z2_LFS/Far_Fences/SmallWireFence01_x12 (7)/Collider",
      "position": "(-68.1916656,-0.0505981445,78.21259)",
      "rotation": "(0,0.9702957,0,0.241921917)",
      "hash": "051409930F088C0E0:053631930A08EE030",
      "properties": {
        "file": "meshes_lampposts.assetbundle",
        "mesh": "YardLamp_Floor"
      }
    },
    {
      "parent": "/Far__x1_z2/Far__x1_z2_LFS/Far_Fences/SmallWireFence01_x12 (7)/Collider",
      "position": "(-38.5071259,-0.0505981445,78.14426)",
      "rotation": "(0,0.9702957,0,0.241921917)",
      "hash": "051409930F088C0E0:054508930A08D4120",
      "properties": {
        "file": "meshes_lampposts.assetbundle",
        "mesh": "YardLamp_Floor"
      }
    },
    {
      "parent": "/Far__x1_z2/Far__x1_z2_LFS/Far_Fences/SmallWireFence01_x12 (7)/Collider",
      "position": "(-8.370819,-0.0505981445,78.13467)",
      "rotation": "(0,0.968147635,0,0.25037998)",
      "hash": "051409930F088C0E0:05535D930A08B95F0",
      "properties": {
        "file": "meshes_lampposts.assetbundle",
        "mesh": "YardLamp_Floor"
      }
    },
    {
      "parent": "/Far__x1_z2/Far__x1_z2_LFS/Far_Fences/SmallWireFence01_x12 (7)/Collider",
      "position": "(21.5556488,-0.0505981445,78.07327)",
      "rotation": "(0,0.9702957,0,0.241921917)",
      "hash": "051409930F088C0E0:056240930A089F590",
      "properties": {
        "file": "meshes_lampposts.assetbundle",
        "mesh": "YardLamp_Floor"
      }
    },
    {
      "parent": "/Far__x1_z2/Far__x1_z2_LFS/Far_Fences/SmallWireFence01_x12 (7)/Collider",
      "position": "(51.6510773,-0.0505981445,78.1415939)",
      "rotation": "(0,0.968147635,0,0.25037998)",
      "hash": "051409930F088C0E0:057136930A08854A0",
      "properties": {
        "file": "meshes_lampposts.assetbundle",
        "mesh": "YardLamp_Floor"
      }
    },
    {
      "parent": "/Far__x1_z2/Far__x1_z2_LFS/Far_Fences/SmallWireFence01_x12 (7)/Collider",
      "position": "(81.6660461,-0.0505981445,78.0937347)",
      "rotation": "(0,0.968147635,0,0.25037998)",
      "hash": "051409930F088C0E0:05801E930A086B3D0",
      "properties": {
        "file": "meshes_lampposts.assetbundle",
        "mesh": "YardLamp_Floor"
      }
    },
    {
      "parent": "/Far__x1_z2/Far__x1_z2_LFS/Far_Fences/SmallWireFence01_x12 (7)/Collider",
      "position": "(141.63385,-0.0505981445,78.0944061)",
      "rotation": "(0,0.968147635,0,0.25037998)",
      "hash": "051409930F088C0E0:059D58930A08372C0",
      "properties": {
        "file": "meshes_lampposts.assetbundle",
        "mesh": "YardLamp_Floor"
      }
    },
    {
      "parent": "/Far__x1_z2/Far__x1_z2_LFS/Far_Fences/SmallWireFence01_x12 (7)/Collider",
      "position": "(161.891815,-0.0505981445,38.01657)",
      "rotation": "(0,0.9636305,0,0.267238349)",
      "hash": "051409930F088C0E0:058501930A0812060",
      "properties": {
        "file": "meshes_lampposts.assetbundle",
        "mesh": "YardLamp_Floor"
      }
    },
    {
      "parent": "/Far__x1_z2/Far__x1_z2_LFS/Far_Fences/SmallWireFence01_x12 (7)/Collider",
      "position": "(-267.645142,-0.416824341,36.52658)",
      "rotation": "(0,0.968147635,0,0.25037998)",
      "hash": "051409930F088C0E0:04AF5692490986620",
      "properties": {
        "file": "meshes_lampposts.assetbundle",
        "mesh": "YardLamp_Floor"
      }
    },
    {
      "parent": "/Far__x1_z2/Far__x1_z2_LFS/Far_Fences/SmallWireFence01_x12 (7)/Collider",
      "position": "(-267.7315,-0.294754028,6.55281067)",
      "rotation": "(0,0.9659258,0,0.2588191)",
      "hash": "051409930F088C0E0:04954A925509781B0",
      "properties": {
        "file": "meshes_lampposts.assetbundle",
        "mesh": "YardLamp_Floor"
      }
    },
    {
      "parent": "/Far__x1_z2/Far__x1_z2_LFS/Far_Fences/SmallWireFence01_x12 (7)/Collider",
      "position": "(-218.154175,-0.0505981445,6.69667053)",
      "rotation": "(0,0.9659258,0,0.2588191)",
      "hash": "051409930F088C0E0:04AE20930A094D150",
      "properties": {
        "file": "meshes_lampposts.assetbundle",
        "mesh": "YardLamp_Floor"
      }
    },
    {
      "parent": "/Far__x1_z2/Far__x1_z2_LFS/Far_Fences/SmallWireFence01_x12 (7)/Collider",
      "position": "(-68.01783,-0.0505981445,108.620758)",
      "rotation": "(0,0.5075384,0,0.8616292)",
      "hash": "051409930F088C0E0:055103930A08FC580",
      "properties": {
        "file": "meshes_lampposts.assetbundle",
        "mesh": "YardLamp_Floor"
      }
    },
    {
      "parent": "/Far__x1_z2/Far__x1_z2_LFS/Far_Fences/SmallWireFence01_x12 (7)/Collider",
      "position": "(-38.04065,-0.0505981445,108.788391)",
      "rotation": "(0,0.870355844,0,-0.492423415)",
      "hash": "051409930F088C0E0:055F60930A08E2580",
      "properties": {
        "file": "meshes_lampposts.assetbundle",
        "mesh": "YardLamp_Floor"
      }
    },
    {
      "parent": "/Far__x1_z2/Far__x1_z2_LFS/Far_Fences/SmallWireFence01_x12 (7)/Collider",
      "position": "(-8.086998,-0.0505981445,109.253113)",
      "rotation": "(0,-0.866025448,0,0.5)",
      "hash": "051409930F088C0E0:056F0E930A08C9060",
      "properties": {
        "file": "meshes_lampposts.assetbundle",
        "mesh": "YardLamp_Floor"
      }
    }
  ],
  "decorations": []
}