{
  "version": 97,
  "enabled": true,
  "lights": [
    {
      "parent": "/Far__x4_z6/Far__x4_z6_LFS/Far_CivilBuildings/Garage_02/collider/%GROUP%_Mesh0002320242000000",
      "position": "(0,0.285,-0.04)",
      "rotation": "(0,0.9983061,0,0.05818018)",
      "hash": "13D52C7D3618D90E0:13D52F7D3218D8550",
      "properties": {
        "type": "Point",
        "intensity": 0.5,
        "range": 10.0,
        "colour": "#FFFFFF",
        "corona": {
          "sprite": "corona_flare02.png",
          "scale": 0.87,
          "range": 100.0
        },
        "dutyCycle": "Always()"
      }
    },
    {
      "parent": "/Far__x4_z6/Far__x4_z6_LFS/Far_Roads/Road_60x8 (11)/Collider/%GROUP%_Mesh000927014F000209",
      "position": "(0,0.27,-0.12)",
      "rotation": "(0,-0.06941154,0,0.997588158)",
      "hash": "1357347C52187A2F0:1357317C46187A4A0",
      "properties": {
        "type": "Point",
        "intensity": 0.5,
        "range": 10.0,
        "colour": "#FFFFFF",
        "corona": null,
        "dutyCycle": "Always()"
      }
    },
    {
      "parent": "/Far__x4_z6/Far__x4_z6_LFS/Far_Roads/Road_60x8 (11)/Collider/%GROUP%_Mesh000F430226000539",
      "position": "(0,0.285,-0.04)",
      "rotation": "(0,0.9975881,0,0.06941148)",
      "hash": "13544F7D291873530:1354537D251873370",
      "properties": {
        "type": "Point",
        "intensity": 1.0,
        "range": 20.0,
        "colour": "#FFB24D",
        "corona": {
          "sprite": "corona_orange01.png",
          "scale": 0.75,
          "range": 100.0
        },
        "dutyCycle": "DuskTillDawn()"
      }
    },
    {
      "parent": "/Far__x4_z6/Far__x4_z6_LFS/Far_Roads/Road_60x8 (11)/Collider/%GROUP%_Mesh000F2E022700034D",
      "position": "(0,0.285,-0.04)",
      "hash": "135E067D2A18750C0:135E0A7D261874540",
      "properties": {
        "type": "Point",
        "intensity": 1.0,
        "range": 20.0,
        "colour": "#FFB24D",
        "corona": {
          "sprite": "corona_orange01.png",
          "scale": 0.75,
          "range": 100.0
        },
        "dutyCycle": "DuskTillDawn()"
      }
    },
    {
      "parent": "/Far__x4_z6/Far__x4_z6_LFS/Far_IndustryBuildings/Warehouse_SmallFlat/collider",
      "position": "(18.5554447,7.168228,-1.0028019)",
      "rotation": "(0.0365008041,0.7773993,-0.626311,0.0453060865)",
      "hash": "134C2B785D18EB220:134D3B800918D8500",
      "properties": {
        "type": "Point",
        "intensity": 1.0,
        "range": 20.0,
        "colour": "#FFB24D",
        "corona": {
          "sprite": "corona_orange01.png",
          "scale": 0.75,
          "range": 100.0
        },
        "dutyCycle": "DuskTillDawn()"
      }
    }
  ],
  "meshes": [
    {
      "parent": "/Far__x4_z6/Far__x4_z6_LFS/Far_CivilBuildings/Garage_02/collider",
      "position": "(-2.50028253,2.66688538,0.002302885)",
      "rotation": "(-0.705909,-0.0411396,-0.0411396,0.705909)",
      "hash": "13D50F7A5818DB3E0:13D52C7D3618D90E0",
      "properties": {
        "file": "meshes_lampposts.assetbundle",
        "mesh": "FloodLight_Wall"
      }
    },
    {
      "parent": "/Far__x4_z6/Far__x4_z6_LFS/Far_Roads/Road_60x8 (11)/Collider",
      "position": "(9.398436,1.79653168,-2.09242249)",
      "rotation": "(-0.0490813777,0.7054013,0.705401361,0.0490813777)",
      "hash": "1358337B031884050:1357347C52187A2F0",
      "properties": {
        "file": "meshes_lampposts.assetbundle",
        "mesh": "IndustrialLamp_Wall"
      }
    },
    {
      "parent": "/Far__x4_z6/Far__x4_z6_LFS/Far_Roads/Road_60x8 (11)/Collider",
      "position": "(15.67837,2.38367462,-5.579916)",
      "rotation": "(-0.705401361,-0.049081333,-0.049081333,0.7054013)",
      "hash": "1358337B031884050:13544F7D291873530",
      "properties": {
        "file": "meshes_lampposts.assetbundle",
        "mesh": "FloodLight_Wall"
      }
    },
    {
      "parent": "/Far__x4_z6/Far__x4_z6_LFS/Far_Roads/Road_60x8 (11)/Collider",
      "position": "(15.4675169,2.39543152,3.77695656)",
      "rotation": "(-0.705401361,-0.0490811728,-0.0490811728,0.705401361)",
      "hash": "1358337B031884050:135E067D2A18750C0",
      "properties": {
        "file": "meshes_lampposts.assetbundle",
        "mesh": "FloodLight_Wall"
      }
    }
  ],
  "decorations": []
}