{
  "version": 97,
  "enabled": true,
  "lights": [
    {
      "parent": "/Far__x4_z6/Far__x4_z6_LFS/Far_SilosCranes/Oil_Derrick/collider/%GROUP%_Mesh00013A1058000004",
      "position": "(0,1.245,-0.188)",
      "hash": "12D2588B4C1906250:12D1418B391906160",
      "properties": {
        "type": "Point",
        "intensity": 1.0,
        "range": 30.0,
        "colour": "#FFFFFF",
        "corona": {
          "sprite": "corona_white01.png",
          "scale": 1.0,
          "range": 100.0
        },
        "dutyCycle": "DuskTillDawn()"
      }
    },
    {
      "parent": "/Far__x4_z6/Far__x4_z6_LFS/Far_SilosCranes/Oil_Derrick/collider/%GROUP%_Mesh00013A1058000004",
      "position": "(-0.705,0.867,-0.153)",
      "hash": "12D2588B4C1906250:12D15E8B3C1906610",
      "properties": {
        "type": "Point",
        "intensity": 1.0,
        "range": 30.0,
        "colour": "#FFFFFF",
        "corona": {
          "sprite": "corona_white01.png",
          "scale": 1.0,
          "range": 100.0
        },
        "dutyCycle": "DuskTillDawn()"
      }
    },
    {
      "parent": "/Far__x4_z6/Far__x4_z6_LFS/Far_SilosCranes/Oil_Derrick/collider/%GROUP%_Mesh00013A1058000004",
      "position": "(0.705,0.867,-0.153)",
      "hash": "12D2588B4C1906250:12D20A8B3C1905380",
      "properties": {
        "type": "Point",
        "intensity": 1.0,
        "range": 30.0,
        "colour": "#FFFFFF",
        "corona": {
          "sprite": "corona_white01.png",
          "scale": 1.0,
          "range": 100.0
        },
        "dutyCycle": "DuskTillDawn()"
      }
    },
    {
      "parent": "/Far__x4_z6/Far__x4_z6_LFS/Far_SilosCranes/Oil_Derrick/collider/%GROUP%_Mesh0001391055000003",
      "position": "(0,1.245,-0.188)",
      "rotation": "(-0.000255452353,0.6647657,0.0002273148,0.7470519)",
      "hash": "12D6018B491906510:12D7198B361906600",
      "properties": {
        "type": "Point",
        "intensity": 1.0,
        "range": 30.0,
        "colour": "#FFFFFF",
        "corona": {
          "sprite": "corona_white01.png",
          "scale": 1.0,
          "range": 100.0
        },
        "dutyCycle": "DuskTillDawn()"
      }
    },
    {
      "parent": "/Far__x4_z6/Far__x4_z6_LFS/Far_SilosCranes/Oil_Derrick/collider/%GROUP%_Mesh0001391055000003",
      "position": "(-0.705,0.867,-0.153)",
      "rotation": "(-0.000255452353,0.6647657,0.0002273148,0.7470519)",
      "hash": "12D6018B491906510:12D6608B3A1906150",
      "properties": {
        "type": "Point",
        "intensity": 1.0,
        "range": 30.0,
        "colour": "#FFFFFF",
        "corona": {
          "sprite": "corona_white01.png",
          "scale": 1.0,
          "range": 100.0
        },
        "dutyCycle": "DuskTillDawn()"
      }
    },
    {
      "parent": "/Far__x4_z6/Far__x4_z6_LFS/Far_SilosCranes/Oil_Derrick/collider/%GROUP%_Mesh0001391055000003",
      "position": "(0.705,0.867,-0.153)",
      "rotation": "(-0.000255452353,0.6647657,0.0002273148,0.7470519)",
      "hash": "12D6018B491906510:12D64F8B3A19073D0",
      "properties": {
        "type": "Point",
        "intensity": 1.0,
        "range": 30.0,
        "colour": "#FFFFFF",
        "corona": {
          "sprite": "corona_white01.png",
          "scale": 1.0,
          "range": 100.0
        },
        "dutyCycle": "DuskTillDawn()"
      }
    },
    {
      "parent": "/Far__x4_z6/Far__x4_z6_LFS/Far_SilosCranes/Oil_Derrick (3)/collider/%GROUP%_Mesh0001391056000002",
      "position": "(0,1.245,-0.188)",
      "rotation": "(-0.000255452353,0.6647657,0.0002273148,0.7470519)",
      "hash": "126F088B4A18FB610:12701F8B3818FC0B0",
      "properties": {
        "type": "Point",
        "intensity": 1.0,
        "range": 30.0,
        "colour": "#FFFFFF",
        "corona": {
          "sprite": "corona_white01.png",
          "scale": 1.0,
          "range": 100.0
        },
        "dutyCycle": "DuskTillDawn()"
      }
    },
    {
      "parent": "/Far__x4_z6/Far__x4_z6_LFS/Far_SilosCranes/Oil_Derrick (3)/collider/%GROUP%_Mesh0001391056000002",
      "position": "(-0.705,0.867,-0.153)",
      "rotation": "(-0.000255452353,0.6647657,0.0002273148,0.7470519)",
      "hash": "126F088B4A18FB610:1270028B3B18FB250",
      "properties": {
        "type": "Point",
        "intensity": 1.0,
        "range": 30.0,
        "colour": "#FFFFFF",
        "corona": {
          "sprite": "corona_white01.png",
          "scale": 1.0,
          "range": 100.0
        },
        "dutyCycle": "DuskTillDawn()"
      }
    },
    {
      "parent": "/Far__x4_z6/Far__x4_z6_LFS/Far_SilosCranes/Oil_Derrick (3)/collider/%GROUP%_Mesh0001391056000002",
      "position": "(0.705,0.867,-0.153)",
      "rotation": "(-0.000255452353,0.6647657,0.0002273148,0.7470519)",
      "hash": "126F088B4A18FB610:126F568B3B18FC4D0",
      "properties": {
        "type": "Point",
        "intensity": 1.0,
        "range": 30.0,
        "colour": "#FFFFFF",
        "corona": {
          "sprite": "corona_white01.png",
          "scale": 1.0,
          "range": 100.0
        },
        "dutyCycle": "DuskTillDawn()"
      }
    },
    {
      "parent": "/Far__x4_z6/Far__x4_z6_LFS/Far_SilosCranes/Oil_Derrick (3)/collider/%GROUP%_Mesh00013A1056000002",
      "position": "(0,1.245,-0.188)",
      "hash": "126B5E8B4A18FB3C0:126A468B3718FB2E0",
      "properties": {
        "type": "Point",
        "intensity": 1.0,
        "range": 30.0,
        "colour": "#FFFFFF",
        "corona": {
          "sprite": "corona_white01.png",
          "scale": 1.0,
          "range": 100.0
        },
        "dutyCycle": "DuskTillDawn()"
      }
    },
    {
      "parent": "/Far__x4_z6/Far__x4_z6_LFS/Far_SilosCranes/Oil_Derrick (3)/collider/%GROUP%_Mesh00013A1056000002",
      "position": "(-0.705,0.867,-0.153)",
      "hash": "126B5E8B4A18FB3C0:126A638B3A18FC140",
      "properties": {
        "type": "Point",
        "intensity": 1.0,
        "range": 30.0,
        "colour": "#FFFFFF",
        "corona": {
          "sprite": "corona_white01.png",
          "scale": 1.0,
          "range": 100.0
        },
        "dutyCycle": "DuskTillDawn()"
      }
    },
    {
      "parent": "/Far__x4_z6/Far__x4_z6_LFS/Far_SilosCranes/Oil_Derrick (3)/collider/%GROUP%_Mesh00013A1056000002",
      "position": "(0.705,0.867,-0.153)",
      "hash": "126B5E8B4A18FB3C0:126B108B3A18FA500",
      "properties": {
        "type": "Point",
        "intensity": 1.0,
        "range": 30.0,
        "colour": "#FFFFFF",
        "corona": {
          "sprite": "corona_white01.png",
          "scale": 1.0,
          "range": 100.0
        },
        "dutyCycle": "DuskTillDawn()"
      }
    },
    {
      "parent": "/Far__x4_z6/Far__x4_z6_LFS/Far_SilosCranes/Oil_Derrick (4)/collider/%GROUP%_Mesh00013A1055000001",
      "position": "(0,1.245,-0.188)",
      "hash": "1349608B49193D460:1348498B36193D380",
      "properties": {
        "type": "Point",
        "intensity": 1.0,
        "range": 30.0,
        "colour": "#FFFFFF",
        "corona": {
          "sprite": "corona_white01.png",
          "scale": 1.0,
          "range": 100.0
        },
        "dutyCycle": "DuskTillDawn()"
      }
    },
    {
      "parent": "/Far__x4_z6/Far__x4_z6_LFS/Far_SilosCranes/Oil_Derrick (4)/collider/%GROUP%_Mesh00013A1055000001",
      "position": "(-0.705,0.867,-0.153)",
      "hash": "1349608B49193D460:1349028B3A193E1E0",
      "properties": {
        "type": "Point",
        "intensity": 1.0,
        "range": 30.0,
        "colour": "#FFFFFF",
        "corona": {
          "sprite": "corona_white01.png",
          "scale": 1.0,
          "range": 100.0
        },
        "dutyCycle": "DuskTillDawn()"
      }
    },
    {
      "parent": "/Far__x4_z6/Far__x4_z6_LFS/Far_SilosCranes/Oil_Derrick (4)/collider/%GROUP%_Mesh00013A1055000001",
      "position": "(0.705,0.867,-0.153)",
      "hash": "1349608B49193D460:1349128B3A193C5A0",
      "properties": {
        "type": "Point",
        "intensity": 1.0,
        "range": 30.0,
        "colour": "#FFFFFF",
        "corona": {
          "sprite": "corona_white01.png",
          "scale": 1.0,
          "range": 100.0
        },
        "dutyCycle": "DuskTillDawn()"
      }
    },
    {
      "parent": "/Far__x4_z6/Far__x4_z6_LFS/Far_SilosCranes/Oil_Derrick (4)/collider/%GROUP%_Mesh0001391055000000",
      "position": "(0,1.245,-0.188)",
      "rotation": "(-0.000255452353,0.6647657,0.0002273148,0.7470519)",
      "hash": "134D0A8B49193E070:134E228B36193E160",
      "properties": {
        "type": "Point",
        "intensity": 1.0,
        "range": 30.0,
        "colour": "#FFFFFF",
        "corona": {
          "sprite": "corona_white01.png",
          "scale": 1.0,
          "range": 100.0
        },
        "dutyCycle": "DuskTillDawn()"
      }
    },
    {
      "parent": "/Far__x4_z6/Far__x4_z6_LFS/Far_SilosCranes/Oil_Derrick (4)/collider/%GROUP%_Mesh0001391055000000",
      "position": "(-0.705,0.867,-0.153)",
      "rotation": "(-0.000255452353,0.6647657,0.0002273148,0.7470519)",
      "hash": "134D0A8B49193E070:134E048B3A193D2F0",
      "properties": {
        "type": "Point",
        "intensity": 1.0,
        "range": 30.0,
        "colour": "#FFFFFF",
        "corona": {
          "sprite": "corona_white01.png",
          "scale": 1.0,
          "range": 100.0
        },
        "dutyCycle": "DuskTillDawn()"
      }
    },
    {
      "parent": "/Far__x4_z6/Far__x4_z6_LFS/Far_SilosCranes/Oil_Derrick (4)/collider/%GROUP%_Mesh0001391055000000",
      "position": "(0.705,0.867,-0.153)",
      "rotation": "(-0.000255452353,0.6647657,0.0002273148,0.7470519)",
      "hash": "134D0A8B49193E070:134D588B3A193E570",
      "properties": {
        "type": "Point",
        "intensity": 1.0,
        "range": 30.0,
        "colour": "#FFFFFF",
        "corona": {
          "sprite": "corona_white01.png",
          "scale": 1.0,
          "range": 100.0
        },
        "dutyCycle": "DuskTillDawn()"
      }
    },
    {
      "parent": "/Far__x4_z6/Far__x4_z6_LFS/Far_SilosCranes/Oil_Derrick (1)/collider/%GROUP%_Mesh0001391056000001",
      "position": "(0,1.245,-0.188)",
      "rotation": "(-0.000255452353,0.6647657,0.0002273148,0.7470519)",
      "hash": "12FF0E8B4A19312E0:1300258B3719313C0",
      "properties": {
        "type": "Point",
        "intensity": 1.0,
        "range": 30.0,
        "colour": "#FFFFFF",
        "corona": {
          "sprite": "corona_white01.png",
          "scale": 1.0,
          "range": 100.0
        },
        "dutyCycle": "DuskTillDawn()"
      }
    },
    {
      "parent": "/Far__x4_z6/Far__x4_z6_LFS/Far_SilosCranes/Oil_Derrick (1)/collider/%GROUP%_Mesh0001391056000001",
      "position": "(-0.705,0.867,-0.153)",
      "rotation": "(-0.000255452353,0.6647657,0.0002273148,0.7470519)",
      "hash": "12FF0E8B4A19312E0:1300088B3A1930560",
      "properties": {
        "type": "Point",
        "intensity": 1.0,
        "range": 30.0,
        "colour": "#FFFFFF",
        "corona": {
          "sprite": "corona_white01.png",
          "scale": 1.0,
          "range": 100.0
        },
        "dutyCycle": "DuskTillDawn()"
      }
    },
    {
      "parent": "/Far__x4_z6/Far__x4_z6_LFS/Far_SilosCranes/Oil_Derrick (1)/collider/%GROUP%_Mesh0001391056000001",
      "position": "(0.705,0.867,-0.153)",
      "rotation": "(-0.000255452353,0.6647657,0.0002273148,0.7470519)",
      "hash": "12FF0E8B4A19312E0:12FF5C8B3A19321A0",
      "properties": {
        "type": "Point",
        "intensity": 1.0,
        "range": 30.0,
        "colour": "#FFFFFF",
        "corona": {
          "sprite": "corona_white01.png",
          "scale": 1.0,
          "range": 100.0
        },
        "dutyCycle": "DuskTillDawn()"
      }
    },
    {
      "parent": "/Far__x4_z6/Far__x4_z6_LFS/Far_SilosCranes/Oil_Derrick (1)/collider/%GROUP%_Mesh00013A1056000001",
      "position": "(0,1.245,-0.188)",
      "hash": "12FC008B4A1931090:12FA4C8B3719305F0",
      "properties": {
        "type": "Point",
        "intensity": 1.0,
        "range": 30.0,
        "colour": "#FFFFFF",
        "corona": {
          "sprite": "corona_white01.png",
          "scale": 1.0,
          "range": 100.0
        },
        "dutyCycle": "DuskTillDawn()"
      }
    },
    {
      "parent": "/Far__x4_z6/Far__x4_z6_LFS/Far_SilosCranes/Oil_Derrick (1)/collider/%GROUP%_Mesh00013A1056000001",
      "position": "(-0.705,0.867,-0.153)",
      "hash": "12FC008B4A1931090:12FB068B3B1931450",
      "properties": {
        "type": "Point",
        "intensity": 1.0,
        "range": 30.0,
        "colour": "#FFFFFF",
        "corona": {
          "sprite": "corona_white01.png",
          "scale": 1.0,
          "range": 100.0
        },
        "dutyCycle": "DuskTillDawn()"
      }
    },
    {
      "parent": "/Far__x4_z6/Far__x4_z6_LFS/Far_SilosCranes/Oil_Derrick (1)/collider/%GROUP%_Mesh00013A1056000001",
      "position": "(0.705,0.867,-0.153)",
      "hash": "12FC008B4A1931090:12FB168B3B19301D0",
      "properties": {
        "type": "Point",
        "intensity": 1.0,
        "range": 30.0,
        "colour": "#FFFFFF",
        "corona": {
          "sprite": "corona_white01.png",
          "scale": 1.0,
          "range": 100.0
        },
        "dutyCycle": "DuskTillDawn()"
      }
    },
    {
      "parent": "/Far__x4_z6/Far__x4_z6_LFS/Far_SilosCranes/Oil_Derrick (5)/collider/%GROUP%_Mesh0001391058000000",
      "position": "(0,1.245,-0.188)",
      "rotation": "(0.00018041693,0.664773,-0.000160547526,0.7470454)",
      "hash": "11E72A8B4C19012A0:11E8428B391901380",
      "properties": {
        "type": "Point",
        "intensity": 1.0,
        "range": 30.0,
        "colour": "#FFFFFF",
        "corona": {
          "sprite": "corona_white01.png",
          "scale": 1.0,
          "range": 100.0
        },
        "dutyCycle": "DuskTillDawn()"
      }
    },
    {
      "parent": "/Far__x4_z6/Far__x4_z6_LFS/Far_SilosCranes/Oil_Derrick (5)/collider/%GROUP%_Mesh0001391058000000",
      "position": "(-0.705,0.867,-0.153)",
      "rotation": "(0.00018041693,0.664773,-0.000160547526,0.7470454)",
      "hash": "11E72A8B4C19012A0:11E8258B3D1900520",
      "properties": {
        "type": "Point",
        "intensity": 1.0,
        "range": 30.0,
        "colour": "#FFFFFF",
        "corona": {
          "sprite": "corona_white01.png",
          "scale": 1.0,
          "range": 100.0
        },
        "dutyCycle": "DuskTillDawn()"
      }
    },
    {
      "parent": "/Far__x4_z6/Far__x4_z6_LFS/Far_SilosCranes/Oil_Derrick (5)/collider/%GROUP%_Mesh0001391058000000",
      "position": "(0.705,0.867,-0.153)",
      "rotation": "(0.00018041693,0.664773,-0.000160547526,0.7470454)",
      "hash": "11E72A8B4C19012A0:11E8148B3D1902160",
      "properties": {
        "type": "Point",
        "intensity": 1.0,
        "range": 30.0,
        "colour": "#FFFFFF",
        "corona": {
          "sprite": "corona_white01.png",
          "scale": 1.0,
          "range": 100.0
        },
        "dutyCycle": "DuskTillDawn()"
      }
    },
    {
      "parent": "/Far__x4_z6/Far__x4_z6_LFS/Far_SilosCranes/Oil_Derrick (5)/collider/%GROUP%_Mesh00013A1057000003",
      "position": "(0,1.245,-0.188)",
      "hash": "11E41D8B4B1901020:11E3058B381900580",
      "properties": {
        "type": "Point",
        "intensity": 1.0,
        "range": 30.0,
        "colour": "#FFFFFF",
        "corona": {
          "sprite": "corona_white01.png",
          "scale": 1.0,
          "range": 100.0
        },
        "dutyCycle": "DuskTillDawn()"
      }
    },
    {
      "parent": "/Far__x4_z6/Far__x4_z6_LFS/Far_SilosCranes/Oil_Derrick (5)/collider/%GROUP%_Mesh00013A1057000003",
      "position": "(-0.705,0.867,-0.153)",
      "hash": "11E41D8B4B1901020:11E3238B3C19013E0",
      "properties": {
        "type": "Point",
        "intensity": 1.0,
        "range": 30.0,
        "colour": "#FFFFFF",
        "corona": {
          "sprite": "corona_white01.png",
          "scale": 1.0,
          "range": 100.0
        },
        "dutyCycle": "DuskTillDawn()"
      }
    },
    {
      "parent": "/Far__x4_z6/Far__x4_z6_LFS/Far_SilosCranes/Oil_Derrick (5)/collider/%GROUP%_Mesh00013A1057000003",
      "position": "(0.705,0.867,-0.153)",
      "hash": "11E41D8B4B1901020:11E3338B3C1900160",
      "properties": {
        "type": "Point",
        "intensity": 1.0,
        "range": 30.0,
        "colour": "#FFFFFF",
        "corona": {
          "sprite": "corona_white01.png",
          "scale": 1.0,
          "range": 100.0
        },
        "dutyCycle": "DuskTillDawn()"
      }
    },
    {
      "parent": "/Far__x4_z6/Far__x4_z6_LFS/Far_SilosCranes/Oil_Derrick (2)/collider/%GROUP%_Mesh0001391055000002",
      "position": "(0,1.245,-0.188)",
      "rotation": "(-0.000255452353,0.6647657,0.0002273148,0.7470519)",
      "hash": "12474B8B49191E5E0:1248628B36191F080",
      "properties": {
        "type": "Point",
        "intensity": 1.0,
        "range": 30.0,
        "colour": "#FFFFFF",
        "corona": {
          "sprite": "corona_white01.png",
          "scale": 1.0,
          "range": 100.0
        },
        "dutyCycle": "DuskTillDawn()"
      }
    },
    {
      "parent": "/Far__x4_z6/Far__x4_z6_LFS/Far_SilosCranes/Oil_Derrick (2)/collider/%GROUP%_Mesh0001391055000002",
      "position": "(-0.705,0.867,-0.153)",
      "rotation": "(-0.000255452353,0.6647657,0.0002273148,0.7470519)",
      "hash": "12474B8B49191E5E0:1248458B39191E220",
      "properties": {
        "type": "Point",
        "intensity": 1.0,
        "range": 30.0,
        "colour": "#FFFFFF",
        "corona": {
          "sprite": "corona_white01.png",
          "scale": 1.0,
          "range": 100.0
        },
        "dutyCycle": "DuskTillDawn()"
      }
    },
    {
      "parent": "/Far__x4_z6/Far__x4_z6_LFS/Far_SilosCranes/Oil_Derrick (2)/collider/%GROUP%_Mesh0001391055000002",
      "position": "(0.705,0.867,-0.153)",
      "rotation": "(-0.000255452353,0.6647657,0.0002273148,0.7470519)",
      "hash": "12474B8B49191E5E0:1248358B39191F4A0",
      "properties": {
        "type": "Point",
        "intensity": 1.0,
        "range": 30.0,
        "colour": "#FFFFFF",
        "corona": {
          "sprite": "corona_white01.png",
          "scale": 1.0,
          "range": 100.0
        },
        "dutyCycle": "DuskTillDawn()"
      }
    },
    {
      "parent": "/Far__x4_z6/Far__x4_z6_LFS/Far_SilosCranes/Oil_Derrick (2)/collider/%GROUP%_Mesh00013F1051000001",
      "position": "(0,1.245,-0.188)",
      "hash": "1244388B45191E380:1243208B32191E290",
      "properties": {
        "type": "Point",
        "intensity": 1.0,
        "range": 30.0,
        "colour": "#FFFFFF",
        "corona": {
          "sprite": "corona_white01.png",
          "scale": 1.0,
          "range": 100.0
        },
        "dutyCycle": "DuskTillDawn()"
      }
    },
    {
      "parent": "/Far__x4_z6/Far__x4_z6_LFS/Far_SilosCranes/Oil_Derrick (2)/collider/%GROUP%_Mesh00013F1051000001",
      "position": "(-0.705,0.867,-0.153)",
      "hash": "1244388B45191E380:12433D8B36191F0F0",
      "properties": {
        "type": "Point",
        "intensity": 1.0,
        "range": 30.0,
        "colour": "#FFFFFF",
        "corona": {
          "sprite": "corona_white01.png",
          "scale": 1.0,
          "range": 100.0
        },
        "dutyCycle": "DuskTillDawn()"
      }
    },
    {
      "parent": "/Far__x4_z6/Far__x4_z6_LFS/Far_SilosCranes/Oil_Derrick (2)/collider/%GROUP%_Mesh00013F1051000001",
      "position": "(0.705,0.867,-0.153)",
      "hash": "1244388B45191E380:12434E8B36191D4B0",
      "properties": {
        "type": "Point",
        "intensity": 1.0,
        "range": 30.0,
        "colour": "#FFFFFF",
        "corona": {
          "sprite": "corona_white01.png",
          "scale": 1.0,
          "range": 100.0
        },
        "dutyCycle": "DuskTillDawn()"
      }
    }
  ],
  "meshes": [
    {
      "parent": "/Far__x4_z6/Far__x4_z6_LFS/Far_SilosCranes/Oil_Derrick/collider",
      "position": "(1.58274078,16.8821259,0.0429039)",
      "rotation": "(-0.5282432,0.470062941,0.470062941,0.528243244)",
      "hash": "12D42D7A5819063B0:12D2588B4C1906250",
      "properties": {
        "file": "meshes_lampposts.assetbundle",
        "mesh": "YardLamp_Wall"
      }
    },
    {
      "parent": "/Far__x4_z6/Far__x4_z6_LFS/Far_SilosCranes/Oil_Derrick/collider",
      "position": "(-1.57730484,16.855072,-0.0368413925)",
      "rotation": "(0.470060319,0.528245568,0.5282455,-0.470060319)",
      "hash": "12D42D7A5819063B0:12D6018B491906510",
      "properties": {
        "file": "meshes_lampposts.assetbundle",
        "mesh": "YardLamp_Wall"
      }
    },
    {
      "parent": "/Far__x4_z6/Far__x4_z6_LFS/Far_SilosCranes/Oil_Derrick (3)/collider",
      "position": "(-1.57719421,16.8697968,-0.0240859985)",
      "rotation": "(0.470060319,0.528245568,0.5282455,-0.470060319)",
      "hash": "126D337A5818FB4C0:126F088B4A18FB610",
      "properties": {
        "file": "meshes_lampposts.assetbundle",
        "mesh": "YardLamp_Wall"
      }
    },
    {
      "parent": "/Far__x4_z6/Far__x4_z6_LFS/Far_SilosCranes/Oil_Derrick (3)/collider",
      "position": "(1.58302307,16.8601532,-0.0269508362)",
      "rotation": "(-0.528243244,0.470062882,0.470062882,0.5282433)",
      "hash": "126D337A5818FB4C0:126B5E8B4A18FB3C0",
      "properties": {
        "file": "meshes_lampposts.assetbundle",
        "mesh": "YardLamp_Wall"
      }
    },
    {
      "parent": "/Far__x4_z6/Far__x4_z6_LFS/Far_SilosCranes/Oil_Derrick (4)/collider",
      "position": "(1.5824585,16.85344,0.01424408)",
      "rotation": "(-0.528243244,0.470062882,0.470062882,0.5282433)",
      "hash": "134B357A58193D5A0:1349608B49193D460",
      "properties": {
        "file": "meshes_lampposts.assetbundle",
        "mesh": "YardLamp_Wall"
      }
    },
    {
      "parent": "/Far__x4_z6/Far__x4_z6_LFS/Far_SilosCranes/Oil_Derrick (4)/collider",
      "position": "(-1.57775879,16.8533936,0.00875091553)",
      "rotation": "(0.470060319,0.528245568,0.5282455,-0.470060319)",
      "hash": "134B357A58193D5A0:134D0A8B49193E070",
      "properties": {
        "file": "meshes_lampposts.assetbundle",
        "mesh": "YardLamp_Wall"
      }
    },
    {
      "parent": "/Far__x4_z6/Far__x4_z6_LFS/Far_SilosCranes/Oil_Derrick (1)/collider",
      "position": "(-1.57772708,16.8607635,-0.0168418884)",
      "rotation": "(0.470060319,0.528245568,0.5282455,-0.470060319)",
      "hash": "12FD397A5819311A0:12FF0E8B4A19312E0",
      "properties": {
        "file": "meshes_lampposts.assetbundle",
        "mesh": "YardLamp_Wall"
      }
    },
    {
      "parent": "/Far__x4_z6/Far__x4_z6_LFS/Far_SilosCranes/Oil_Derrick (1)/collider",
      "position": "(1.5827167,16.8632813,-0.0177669525)",
      "rotation": "(-0.528243244,0.470062882,0.470062882,0.5282433)",
      "hash": "12FD397A5819311A0:12FC008B4A1931090",
      "properties": {
        "file": "meshes_lampposts.assetbundle",
        "mesh": "YardLamp_Wall"
      }
    },
    {
      "parent": "/Far__x4_z6/Far__x4_z6_LFS/Far_SilosCranes/Oil_Derrick (5)/collider",
      "position": "(-1.57724,16.8860016,0.00339508057)",
      "rotation": "(0.470065475,0.528241,0.528241,-0.470065475)",
      "hash": "11E5567A581901180:11E72A8B4C19012A0",
      "properties": {
        "file": "meshes_lampposts.assetbundle",
        "mesh": "YardLamp_Wall"
      }
    },
    {
      "parent": "/Far__x4_z6/Far__x4_z6_LFS/Far_SilosCranes/Oil_Derrick (5)/collider",
      "position": "(1.5826416,16.8763733,0.0349884033)",
      "rotation": "(-0.5282432,0.470062941,0.470062941,0.528243244)",
      "hash": "11E5567A581901180:11E41D8B4B1901020",
      "properties": {
        "file": "meshes_lampposts.assetbundle",
        "mesh": "YardLamp_Wall"
      }
    },
    {
      "parent": "/Far__x4_z6/Far__x4_z6_LFS/Far_SilosCranes/Oil_Derrick (2)/collider",
      "position": "(-1.57731628,16.8509674,-0.0230751038)",
      "rotation": "(0.470060319,0.528245568,0.5282455,-0.470060319)",
      "hash": "1246127A58191E490:12474B8B49191E5E0",
      "properties": {
        "file": "meshes_lampposts.assetbundle",
        "mesh": "YardLamp_Wall"
      }
    },
    {
      "parent": "/Far__x4_z6/Far__x4_z6_LFS/Far_SilosCranes/Oil_Derrick (2)/collider",
      "position": "(1.63484192,16.8147278,-0.0192298889)",
      "rotation": "(-0.5295916,0.468543142,0.468543142,0.5295917)",
      "hash": "1246127A58191E490:1244388B45191E380",
      "properties": {
        "file": "meshes_lampposts.assetbundle",
        "mesh": "YardLamp_Wall"
      }
    }
  ],
  "decorations": []
}