{
  "version": 97,
  "enabled": true,
  "lights": [
    {
      "parent": "/Near__x4_z6/Near__x4_z6_LFS/%GROUP%_Mesh02AA567A5D00C113",
      "position": "(0,7.1,-1.55)",
      "rotation": "(-0.7071068,0,0,0.7071068)",
      "hash": "12AA567A5D18C1130:12AA48820318C2490",
      "properties": {
        "type": "Point",
        "intensity": 1.0,
        "range": 20.0,
        "colour": "#FFB24D",
        "corona": {
          "sprite": "corona_orange01.png",
          "scale": 0.75,
          "range": 100.0
        },
        "dutyCycle": "DuskTillDawn()"
      }
    },
    {
      "parent": "/Near__x4_z6/Near__x4_z6_LFS/%GROUP%_Mesh02D2347A5D00C54B",
      "position": "(0,7.1,-1.55)",
      "rotation": "(-0.7071068,0,0,0.7071068)",
      "hash": "12D2347A5D18C54B0:12D226820318C71D0",
      "properties": {
        "type": "Point",
        "intensity": 1.0,
        "range": 20.0,
        "colour": "#FFB24D",
        "corona": {
          "sprite": "corona_orange01.png",
          "scale": 0.75,
          "range": 100.0
        },
        "dutyCycle": "DuskTillDawn()"
      }
    },
    {
      "parent": "/Near__x4_z6/Near__x4_z6_LFS/%GROUP%_Mesh02F80E7A5D00CA11",
      "position": "(0,7.1,-1.55)",
      "rotation": "(-0.7071068,0,0,0.7071068)",
      "hash": "12F80E7A5D18CA110:12F75F820318CB470",
      "properties": {
        "type": "Point",
        "intensity": 1.0,
        "range": 20.0,
        "colour": "#FFB24D",
        "corona": {
          "sprite": "corona_orange01.png",
          "scale": 0.75,
          "range": 100.0
        },
        "dutyCycle": "DuskTillDawn()"
      }
    },
    {
      "parent": "/Near__x4_z6/Near__x4_z6_LFS/%GROUP%_Mesh0320037A5D00CE55",
      "position": "(0,7.1,-1.55)",
      "rotation": "(-0.7071068,0,0,0.7071068)",
      "hash": "1320037A5D18CE550:131F57820318D0270",
      "properties": {
        "type": "Point",
        "intensity": 1.0,
        "range": 20.0,
        "colour": "#FFB24D",
        "corona": {
          "sprite": "corona_orange01.png",
          "scale": 0.75,
          "range": 100.0
        },
        "dutyCycle": "DuskTillDawn()"
      }
    },
    {
      "parent": "/Near__x4_z6/Near__x4_z6_LFS/%GROUP%_Mesh0338277A5D00F255",
      "position": "(0,7.1,-1.55)",
      "rotation": "(-0.7071068,0,0,0.7071068)",
      "hash": "1338277A5D18F2550:13395D820318F3040",
      "properties": {
        "type": "Point",
        "intensity": 1.0,
        "range": 20.0,
        "colour": "#FFB24D",
        "corona": {
          "sprite": "corona_orange01.png",
          "scale": 0.75,
          "range": 100.0
        },
        "dutyCycle": "DuskTillDawn()"
      }
    },
    {
      "parent": "/Near__x4_z6/Near__x4_z6_LFS/%GROUP%_Mesh02A93E7A5D00CF46",
      "position": "(0,7.1,-1.55)",
      "rotation": "(-0.7071068,0,0,0.7071068)",
      "hash": "12A93E7A5D18CF460:12A951820318CE100",
      "properties": {
        "type": "Point",
        "intensity": 1.0,
        "range": 20.0,
        "colour": "#DDEEFF",
        "corona": {
          "sprite": "corona_flare02.png",
          "scale": 1.0,
          "range": 100.0
        },
        "dutyCycle": "DuskTillDawn()"
      }
    },
    {
      "parent": "/Near__x4_z6/Near__x4_z6_LFS/%GROUP%_Mesh0287577A5D00CB43",
      "position": "(0,7.1,-1.55)",
      "rotation": "(-0.7071068,0,0,0.7071068)",
      "hash": "1287577A5D18CB430:128804820318CA0D0",
      "properties": {
        "type": "Point",
        "intensity": 1.0,
        "range": 20.0,
        "colour": "#DDEEFF",
        "corona": {
          "sprite": "corona_flare02.png",
          "scale": 1.0,
          "range": 100.0
        },
        "dutyCycle": "DuskTillDawn()"
      }
    },
    {
      "parent": "/Far__x4_z6/Far__x4_z6_LFS/Far_Poles/StreetLight01/Colliders",
      "position": "(-1.35380554,6.488846,0.0293349028)",
      "rotation": "(0.567065,0.147551134,-0.104116045,0.8036329)",
      "hash": "12B04A7A58186B270:12B03D8124186C4A0",
      "properties": {
        "type": "Point",
        "intensity": 1.0,
        "range": 20.0,
        "colour": "#DDEEFF",
        "corona": {
          "sprite": "corona_flare02.png",
          "scale": 1.0,
          "range": 100.0
        },
        "dutyCycle": "DuskTillDawn()"
      }
    },
    {
      "parent": "/Far__x4_z6/Far__x4_z6_LFS/Far_Poles/StreetLight01/Colliders",
      "position": "(1.31108093,6.479599,0.04508221)",
      "rotation": "(0.214232937,0.766109169,-0.5156157,0.31831038)",
      "hash": "12B04A7A58186B270:12B05D8123186A0A0",
      "properties": {
        "type": "Point",
        "intensity": 1.0,
        "range": 20.0,
        "colour": "#DDEEFF",
        "corona": {
          "sprite": "corona_flare02.png",
          "scale": 1.0,
          "range": 100.0
        },
        "dutyCycle": "DuskTillDawn()"
      }
    },
    {
      "parent": "/Near__x4_z6/Near__x4_z6_LFS/%GROUP%_Mesh02CD167A5D006F26",
      "position": "(0,7.1,-1.55)",
      "rotation": "(-0.7071068,0,0,0.7071068)",
      "hash": "12CD167A5D186F260:12CD04820318705C0",
      "properties": {
        "type": "Point",
        "intensity": 1.0,
        "range": 20.0,
        "colour": "#FFB24D",
        "corona": {
          "sprite": "corona_orange01.png",
          "scale": 0.75,
          "range": 100.0
        },
        "dutyCycle": "DuskTillDawn()"
      }
    },
    {
      "parent": "/Far__x4_z6/Far__x4_z6_LFS/Far_Poles/StreetLight01 (1)/Colliders",
      "position": "(1.36584473,6.49708557,0.0456601381)",
      "rotation": "(0.215546176,0.765533149,-0.5143897,0.320783556)",
      "hash": "12F20E7A581870020:12F2238125186E430",
      "properties": {
        "type": "Point",
        "intensity": 1.0,
        "range": 20.0,
        "colour": "#DDEEFF",
        "corona": {
          "sprite": "corona_flare02.png",
          "scale": 1.0,
          "range": 100.0
        },
        "dutyCycle": "DuskTillDawn()"
      }
    },
    {
      "parent": "/Far__x4_z6/Far__x4_z6_LFS/Far_Poles/StreetLight01 (1)/Colliders",
      "position": "(-1.342804,6.483032,0.00456035137)",
      "rotation": "(0.5906869,-0.0135007119,0.009885239,0.80672735)",
      "hash": "12F20E7A581870020:12F16381241871240",
      "properties": {
        "type": "Point",
        "intensity": 1.0,
        "range": 20.0,
        "colour": "#DDEEFF",
        "corona": {
          "sprite": "corona_flare02.png",
          "scale": 1.0,
          "range": 100.0
        },
        "dutyCycle": "DuskTillDawn()"
      }
    },
    {
      "parent": "/Far__x4_z6/Far__x4_z6_LFS/Far_Poles/StreetLight01 (2)/Colliders",
      "position": "(-1.36347961,6.490341,-0.0173732042)",
      "rotation": "(0.57404846,-0.163536847,0.118300706,0.793554664)",
      "hash": "1319577A581874430:13194681251876020",
      "properties": {
        "type": "Point",
        "intensity": 1.0,
        "range": 20.0,
        "colour": "#DDEEFF",
        "corona": {
          "sprite": "corona_flare02.png",
          "scale": 1.0,
          "range": 100.0
        },
        "dutyCycle": "DuskTillDawn()"
      }
    },
    {
      "parent": "/Far__x4_z6/Far__x4_z6_LFS/Far_Poles/StreetLight01 (2)/Colliders",
      "position": "(1.32180786,6.47775269,0.0131827593)",
      "rotation": "(0.098582834,0.797818363,-0.579067469,0.135823891)",
      "hash": "1319577A581874430:131A0481231873240",
      "properties": {
        "type": "Point",
        "intensity": 1.0,
        "range": 20.0,
        "colour": "#DDEEFF",
        "corona": {
          "sprite": "corona_flare02.png",
          "scale": 1.0,
          "range": 100.0
        },
        "dutyCycle": "DuskTillDawn()"
      }
    },
    {
      "parent": "/Near__x4_z6/Near__x4_z6_LFS/%GROUP%_Mesh032A4D7A5D007A20",
      "position": "(0,7.1,-1.55)",
      "rotation": "(-0.7071068,0,0,0.7071068)",
      "hash": "132A4D7A5D187A200:132A328203187B550",
      "properties": {
        "type": "Point",
        "intensity": 1.0,
        "range": 20.0,
        "colour": "#FFB24D",
        "corona": {
          "sprite": "corona_orange01.png",
          "scale": 0.75,
          "range": 100.0
        },
        "dutyCycle": "DuskTillDawn()"
      }
    },
    {
      "parent": "/Near__x4_z6/Near__x4_z6_LFS/%GROUP%_Mesh034E3D7A5D007E04",
      "position": "(0,7.1,1.55)",
      "rotation": "(-0.7071068,0,0,0.7071068)",
      "hash": "134E3D7A5D187E040:13500F8203187E140",
      "properties": {
        "type": "Point",
        "intensity": 1.0,
        "range": 20.0,
        "colour": "#DDEEFF",
        "corona": {
          "sprite": "corona_flare02.png",
          "scale": 1.0,
          "range": 100.0
        },
        "dutyCycle": "DuskTillDawn()"
      }
    },
    {
      "parent": "/Near__x4_z6/Near__x4_z6_LFS/%GROUP%_Mesh034E3D7A5D007E04",
      "position": "(0,7.1,-1.55)",
      "rotation": "(-0.7071068,0,0,0.7071068)",
      "hash": "134E3D7A5D187E040:134D078203187D570",
      "properties": {
        "type": "Point",
        "intensity": 1.0,
        "range": 20.0,
        "colour": "#DDEEFF",
        "corona": {
          "sprite": "corona_flare02.png",
          "scale": 1.0,
          "range": 100.0
        },
        "dutyCycle": "DuskTillDawn()"
      }
    },
    {
      "parent": "/Near__x4_z6/Near__x4_z6_LFS/%GROUP%_Mesh0362007A5D008016",
      "position": "(0,7.1,1.55)",
      "rotation": "(-0.7071068,0,0,0.7071068)",
      "hash": "1362007A5D1880160:13633682031880240",
      "properties": {
        "type": "Point",
        "intensity": 1.0,
        "range": 20.0,
        "colour": "#DDEEFF",
        "corona": {
          "sprite": "corona_flare02.png",
          "scale": 1.0,
          "range": 100.0
        },
        "dutyCycle": "DuskTillDawn()"
      }
    },
    {
      "parent": "/Near__x4_z6/Near__x4_z6_LFS/%GROUP%_Mesh0362007A5D008016",
      "position": "(0,7.1,-1.55)",
      "rotation": "(-0.7071068,0,0,0.7071068)",
      "hash": "1362007A5D1880160:13602D82031880090",
      "properties": {
        "type": "Point",
        "intensity": 1.0,
        "range": 20.0,
        "colour": "#DDEEFF",
        "corona": {
          "sprite": "corona_flare02.png",
          "scale": 1.0,
          "range": 100.0
        },
        "dutyCycle": "DuskTillDawn()"
      }
    },
    {
      "parent": "/Near__x4_z6/Near__x4_z6_LFS/%GROUP%_Mesh037F007A5D008424",
      "position": "(0,7.1,1.55)",
      "rotation": "(-0.7071068,0,0,0.7071068)",
      "hash": "137F007A5D1884240:137F1882031882530",
      "properties": {
        "type": "Point",
        "intensity": 1.0,
        "range": 20.0,
        "colour": "#FFB24D",
        "corona": {
          "sprite": "corona_orange01.png",
          "scale": 0.75,
          "range": 100.0
        },
        "dutyCycle": "DuskTillDawn()"
      }
    },
    {
      "parent": "/Near__x4_z6/Near__x4_z6_LFS/%GROUP%_Mesh037F007A5D008424",
      "position": "(0,7.1,-1.55)",
      "rotation": "(-0.7071068,0,0,0.7071068)",
      "hash": "137F007A5D1884240:137E4B82031885590",
      "properties": {
        "type": "Point",
        "intensity": 1.0,
        "range": 20.0,
        "colour": "#FFB24D",
        "corona": {
          "sprite": "corona_orange01.png",
          "scale": 0.75,
          "range": 100.0
        },
        "dutyCycle": "DuskTillDawn()"
      }
    },
    {
      "parent": "/Near__x4_z6/Near__x4_z6_LFS/%GROUP%_Mesh03A62E7A5D008854",
      "position": "(0,7.1,1.55)",
      "rotation": "(-0.7071068,0,0,0.7071068)",
      "hash": "13A62E7A5D1888540:13A63B820318871E0",
      "properties": {
        "type": "Point",
        "intensity": 1.0,
        "range": 20.0,
        "colour": "#FFB24D",
        "corona": {
          "sprite": "corona_orange01.png",
          "scale": 0.75,
          "range": 100.0
        },
        "dutyCycle": "DuskTillDawn()"
      }
    },
    {
      "parent": "/Near__x4_z6/Near__x4_z6_LFS/%GROUP%_Mesh03A62E7A5D008854",
      "position": "(0,7.1,-1.55)",
      "rotation": "(-0.7071068,0,0,0.7071068)",
      "hash": "13A62E7A5D1888540:13A6208203188A270",
      "properties": {
        "type": "Point",
        "intensity": 1.0,
        "range": 20.0,
        "colour": "#FFB24D",
        "corona": {
          "sprite": "corona_orange01.png",
          "scale": 0.75,
          "range": 100.0
        },
        "dutyCycle": "DuskTillDawn()"
      }
    },
    {
      "parent": "/Near__x4_z6/Near__x4_z6_LFS/%GROUP%_Mesh03CC577A5D008D34",
      "position": "(0,7.1,1.55)",
      "rotation": "(-0.7071068,0,0,0.7071068)",
      "hash": "13CC577A5D188D340:13CD038203188B620",
      "properties": {
        "type": "Point",
        "intensity": 1.0,
        "range": 20.0,
        "colour": "#FFB24D",
        "corona": {
          "sprite": "corona_orange01.png",
          "scale": 0.75,
          "range": 100.0
        },
        "dutyCycle": "DuskTillDawn()"
      }
    },
    {
      "parent": "/Near__x4_z6/Near__x4_z6_LFS/%GROUP%_Mesh03CC577A5D008D34",
      "position": "(0,7.1,-1.55)",
      "rotation": "(-0.7071068,0,0,0.7071068)",
      "hash": "13CC577A5D188D340:13CC478203188F060",
      "properties": {
        "type": "Point",
        "intensity": 1.0,
        "range": 20.0,
        "colour": "#FFB24D",
        "corona": {
          "sprite": "corona_orange01.png",
          "scale": 0.75,
          "range": 100.0
        },
        "dutyCycle": "DuskTillDawn()"
      }
    },
    {
      "parent": "/Near__x4_z6/Near__x4_z6_LFS/%GROUP%_Mesh03F4297A5D00915E",
      "position": "(0,7.1,1.55)",
      "rotation": "(-0.7071068,0,0,0.7071068)",
      "hash": "13F4297A5D18915E0:13F43C82031890280",
      "properties": {
        "type": "Point",
        "intensity": 1.0,
        "range": 20.0,
        "colour": "#FFB24D",
        "corona": {
          "sprite": "corona_orange01.png",
          "scale": 0.75,
          "range": 100.0
        },
        "dutyCycle": "DuskTillDawn()"
      }
    },
    {
      "parent": "/Near__x4_z6/Near__x4_z6_LFS/%GROUP%_Mesh03F4297A5D00915E",
      "position": "(0,7.1,-1.55)",
      "rotation": "(-0.7071068,0,0,0.7071068)",
      "hash": "13F4297A5D18915E0:13F416820318932F0",
      "properties": {
        "type": "Point",
        "intensity": 1.0,
        "range": 20.0,
        "colour": "#FFB24D",
        "corona": {
          "sprite": "corona_orange01.png",
          "scale": 0.75,
          "range": 100.0
        },
        "dutyCycle": "DuskTillDawn()"
      }
    },
    {
      "parent": "/Far__x4_z6/Far__x4_z6_LFS/Far_Roads/Road_60x8 (8)/Collider/%GROUP%_Mesh0004270009000D06",
      "position": "(0,7.1,1.55)",
      "rotation": "(-0.7071068,0,0,0.7071068)",
      "hash": "14174B7A5D189E540:1419178203189E240",
      "properties": {
        "type": "Point",
        "intensity": 1.0,
        "range": 20.0,
        "colour": "#FFB24D",
        "corona": {
          "sprite": "corona_orange01.png",
          "scale": 0.75,
          "range": 100.0
        },
        "dutyCycle": "DuskTillDawn()"
      }
    },
    {
      "parent": "/Far__x4_z6/Far__x4_z6_LFS/Far_Roads/Road_60x8 (8)/Collider/%GROUP%_Mesh0004270009000D06",
      "position": "(0,7.1,-1.55)",
      "rotation": "(-0.7071068,0,0,0.7071068)",
      "hash": "14174B7A5D189E540:14161C8203189F200",
      "properties": {
        "type": "Point",
        "intensity": 1.0,
        "range": 20.0,
        "colour": "#FFB24D",
        "corona": {
          "sprite": "corona_orange01.png",
          "scale": 0.75,
          "range": 100.0
        },
        "dutyCycle": "DuskTillDawn()"
      }
    },
    {
      "parent": "/Far__x4_z6/Far__x4_z6_LFS/Far_Roads/Road_60x8 (8)/Collider/%GROUP%_Mesh0023140009000E43",
      "position": "(0,7.1,1.55)",
      "rotation": "(-0.7071068,0,0,0.7071068)",
      "hash": "14154E7A5D18BD3F0:141546820318BF110",
      "properties": {
        "type": "Point",
        "intensity": 1.0,
        "range": 20.0,
        "colour": "#DDEEFF",
        "corona": {
          "sprite": "corona_flare02.png",
          "scale": 1.0,
          "range": 100.0
        },
        "dutyCycle": "DuskTillDawn()"
      }
    },
    {
      "parent": "/Far__x4_z6/Far__x4_z6_LFS/Far_Roads/Road_60x8 (8)/Collider/%GROUP%_Mesh0023140009000E43",
      "position": "(0,7.1,-1.55)",
      "rotation": "(-0.7071068,0,0,0.7071068)",
      "hash": "14154E7A5D18BD3F0:141556820318BC080",
      "properties": {
        "type": "Point",
        "intensity": 1.0,
        "range": 20.0,
        "colour": "#DDEEFF",
        "corona": {
          "sprite": "corona_flare02.png",
          "scale": 1.0,
          "range": 100.0
        },
        "dutyCycle": "DuskTillDawn()"
      }
    },
    {
      "parent": "/Far__x4_z6/Far__x4_z6_LFS/Far_Roads/Road_60x8 (8)/Collider/%GROUP%_Mesh0023380009000515",
      "position": "(0,7.1,1.55)",
      "rotation": "(-0.7071068,0,0,0.7071068)",
      "hash": "140C227A5D18BC580:140C11820318BE2A0",
      "properties": {
        "type": "Point",
        "intensity": 1.0,
        "range": 20.0,
        "colour": "#DDEEFF",
        "corona": {
          "sprite": "corona_flare02.png",
          "scale": 1.0,
          "range": 100.0
        },
        "dutyCycle": "DuskTillDawn()"
      }
    },
    {
      "parent": "/Far__x4_z6/Far__x4_z6_LFS/Far_Roads/Road_60x8 (8)/Collider/%GROUP%_Mesh0023380009000515",
      "position": "(0,7.1,-1.55)",
      "rotation": "(-0.7071068,0,0,0.7071068)",
      "hash": "140C227A5D18BC580:140C32820318BB220",
      "properties": {
        "type": "Point",
        "intensity": 1.0,
        "range": 20.0,
        "colour": "#DDEEFF",
        "corona": {
          "sprite": "corona_flare02.png",
          "scale": 1.0,
          "range": 100.0
        },
        "dutyCycle": "DuskTillDawn()"
      }
    },
    {
      "parent": "/Far__x4_z6/Far__x4_z6_LFS/Far_Roads/Road_60x8 (8)/Collider/%GROUP%_Mesh003F4E0009000349",
      "position": "(0,7.1,-1.55)",
      "rotation": "(-0.7071068,0,0,0.7071068)",
      "hash": "14073B7A5D18D84A0:140725820318D7150",
      "properties": {
        "type": "Point",
        "intensity": 1.0,
        "range": 20.0,
        "colour": "#FFB24D",
        "corona": {
          "sprite": "corona_orange01.png",
          "scale": 0.75,
          "range": 100.0
        },
        "dutyCycle": "DuskTillDawn()"
      }
    },
    {
      "parent": "/Near__x4_z6/Near__x4_z6_LFS/%GROUP%_Mesh03DF297A5D00D437",
      "position": "(0,7.1,-1.55)",
      "rotation": "(-0.7071068,0,0,0.7071068)",
      "hash": "13DF297A5D18D4370:13DF42820318D3020",
      "properties": {
        "type": "Point",
        "intensity": 1.0,
        "range": 20.0,
        "colour": "#FFB24D",
        "corona": {
          "sprite": "corona_orange01.png",
          "scale": 0.75,
          "range": 100.0
        },
        "dutyCycle": "DuskTillDawn()"
      }
    },
    {
      "parent": "/Near__x4_z6/Near__x4_z6_LFS/%GROUP%_Mesh03B8317A5D00D003",
      "position": "(0,7.1,-1.55)",
      "rotation": "(-0.7071068,0,0,0.7071068)",
      "hash": "13B8317A5D18D0030:13B83E820318CE310",
      "properties": {
        "type": "Point",
        "intensity": 1.0,
        "range": 20.0,
        "colour": "#FFB24D",
        "corona": {
          "sprite": "corona_orange01.png",
          "scale": 0.75,
          "range": 100.0
        },
        "dutyCycle": "DuskTillDawn()"
      }
    },
    {
      "parent": "/Near__x4_z6/Near__x4_z6_LFS/%GROUP%_Mesh03920B7A5D00CB3F",
      "position": "(0,7.1,-1.55)",
      "rotation": "(-0.7071068,0,0,0.7071068)",
      "hash": "13920B7A5D18CB3F0:13921B820318CA090",
      "properties": {
        "type": "Point",
        "intensity": 1.0,
        "range": 20.0,
        "colour": "#FFB24D",
        "corona": {
          "sprite": "corona_orange01.png",
          "scale": 0.75,
          "range": 100.0
        },
        "dutyCycle": "DuskTillDawn()"
      }
    },
    {
      "parent": "/Near__x4_z6/Near__x4_z6_LFS/%GROUP%_Mesh036E2F7A5D00C728",
      "position": "(0,7.1,-1.55)",
      "rotation": "(-0.7071068,0,0,0.7071068)",
      "hash": "136E2F7A5D18C7280:136E45820318C5570",
      "properties": {
        "type": "Point",
        "intensity": 1.0,
        "range": 20.0,
        "colour": "#FFB24D",
        "corona": {
          "sprite": "corona_orange01.png",
          "scale": 0.75,
          "range": 100.0
        },
        "dutyCycle": "DuskTillDawn()"
      }
    },
    {
      "parent": "/Near__x4_z6/Near__x4_z6_LFS/%GROUP%_Mesh033F1C7A5D00C435",
      "position": "(0,7.1,-1.55)",
      "rotation": "(-0.7071068,0,0,0.7071068)",
      "hash": "133F1C7A5D18C4350:13403A820318C5250",
      "properties": {
        "type": "Point",
        "intensity": 1.0,
        "range": 20.0,
        "colour": "#FFB24D",
        "corona": {
          "sprite": "corona_orange01.png",
          "scale": 0.75,
          "range": 100.0
        },
        "dutyCycle": "DuskTillDawn()"
      }
    },
    {
      "parent": "/Near__x4_z6/Near__x4_z6_LFS/%GROUP%_Mesh0315297A5D006340",
      "position": "(0,7.1,-1.55)",
      "rotation": "(-0.7071068,0,0,0.7071068)",
      "hash": "1315297A5D1863400:13151C82031865130",
      "properties": {
        "type": "Point",
        "intensity": 1.0,
        "range": 20.0,
        "colour": "#DDEEFF",
        "corona": {
          "sprite": "corona_flare02.png",
          "scale": 1.0,
          "range": 100.0
        },
        "dutyCycle": "DuskTillDawn()"
      }
    },
    {
      "parent": "/Near__x4_z6/Near__x4_z6_LFS/%GROUP%_Mesh02FC397A5D00603E",
      "position": "(0,7.1,-1.55)",
      "rotation": "(-0.7071068,0,0,0.7071068)",
      "hash": "12FC397A5D18603E0:12FC1E820318620E0",
      "properties": {
        "type": "Point",
        "intensity": 1.0,
        "range": 20.0,
        "colour": "#DDEEFF",
        "corona": {
          "sprite": "corona_flare02.png",
          "scale": 1.0,
          "range": 100.0
        },
        "dutyCycle": "DuskTillDawn()"
      }
    },
    {
      "parent": "/Near__x4_z6/Near__x4_z6_LFS/%GROUP%_Mesh02F63D7A5D007C50",
      "position": "(0,7.1,-1.55)",
      "rotation": "(-0.7071068,0,0,0.7071068)",
      "hash": "12F63D7A5D187C500:12F6538203187B1A0",
      "properties": {
        "type": "Point",
        "intensity": 1.0,
        "range": 20.0,
        "colour": "#FFB24D",
        "corona": {
          "sprite": "corona_orange01.png",
          "scale": 0.75,
          "range": 100.0
        },
        "dutyCycle": "DuskTillDawn()"
      }
    },
    {
      "parent": "/Near__x4_z6/Near__x4_z6_LFS/%GROUP%_Mesh030B007A5D007F1C",
      "position": "(0,7.1,-1.55)",
      "rotation": "(-0.7071068,0,0,0.7071068)",
      "hash": "130B007A5D187F1C0:130B168203187D4B0",
      "properties": {
        "type": "Point",
        "intensity": 1.0,
        "range": 20.0,
        "colour": "#FFB24D",
        "corona": {
          "sprite": "corona_orange01.png",
          "scale": 0.75,
          "range": 100.0
        },
        "dutyCycle": "DuskTillDawn()"
      }
    },
    {
      "parent": "/Near__x4_z6/Near__x4_z6_LFS/%GROUP%_Mesh02873E7A5D00BC58",
      "position": "(0,7.1,-1.55)",
      "rotation": "(-0.7071068,0,0,0.7071068)",
      "hash": "12873E7A5D18BC580:128723820318BE290",
      "properties": {
        "type": "Point",
        "intensity": 1.0,
        "range": 20.0,
        "colour": "#FFB24D",
        "corona": {
          "sprite": "corona_orange01.png",
          "scale": 0.75,
          "range": 100.0
        },
        "dutyCycle": "DuskTillDawn()"
      }
    },
    {
      "parent": "/Near__x4_z6/Near__x4_z6_LFS/%GROUP%_Mesh0343067A5D00DF3D",
      "position": "(0,7.1,-1.55)",
      "rotation": "(-0.7071068,0,0,0.7071068)",
      "hash": "1343067A5D18DF3D0:134134820318DF280",
      "properties": {
        "type": "Point",
        "intensity": 1.0,
        "range": 20.0,
        "colour": "#FFB24D",
        "corona": {
          "sprite": "corona_orange01.png",
          "scale": 0.75,
          "range": 100.0
        },
        "dutyCycle": "DuskTillDawn()"
      }
    },
    {
      "parent": "/Near__x4_z6/Near__x4_z6_LFS/%GROUP%_Mesh033E397A5D01085E",
      "position": "(0,7.1,-1.55)",
      "rotation": "(-0.7071068,0,0,0.7071068)",
      "hash": "133E397A5D19085E0:133D0482031908440",
      "properties": {
        "type": "Point",
        "intensity": 1.0,
        "range": 20.0,
        "colour": "#FFB24D",
        "corona": {
          "sprite": "corona_orange01.png",
          "scale": 0.75,
          "range": 100.0
        },
        "dutyCycle": "DuskTillDawn()"
      }
    },
    {
      "parent": "/Far__x4_z6/Far__x4_z6_LFS/Far_SilosCranes/Silo_Fat_2/collider/%GROUP%_Mesh000C2A0857000003",
      "position": "(0,1.5,0.7)",
      "hash": "136646834B18EA520:13663E842D18EC200",
      "properties": {
        "type": "Point",
        "intensity": 1.0,
        "range": 20.0,
        "colour": "#FFB24D",
        "corona": {
          "sprite": "corona_orange01.png",
          "scale": 0.75,
          "range": 100.0
        },
        "dutyCycle": "DuskTillDawn()"
      }
    },
    {
      "parent": "/Far__x4_z6/Far__x4_z6_LFS/Far_SilosCranes/Silo_Fat_2 (1)/collider/%GROUP%_Mesh000C24085200010A",
      "position": "(0,1.5,0.7)",
      "hash": "138937834618EE530:13892E842818F0210",
      "properties": {
        "type": "Point",
        "intensity": 1.0,
        "range": 20.0,
        "colour": "#FFB24D",
        "corona": {
          "sprite": "corona_orange01.png",
          "scale": 0.75,
          "range": 100.0
        },
        "dutyCycle": "DuskTillDawn()"
      }
    },
    {
      "parent": "/Far__x4_z6/Far__x4_z6_LFS/Far_SilosCranes/Silo_Fat_2 (2)/collider/%GROUP%_Mesh000C2A092400000A",
      "position": "(0,1.5,0.7)",
      "hash": "13AA1F841818F2490:13AA17845E18F4160",
      "properties": {
        "type": "Point",
        "intensity": 1.0,
        "range": 20.0,
        "colour": "#FFB24D",
        "corona": {
          "sprite": "corona_orange01.png",
          "scale": 0.75,
          "range": 100.0
        },
        "dutyCycle": "DuskTillDawn()"
      }
    },
    {
      "parent": "/Near__x4_z6/Near__x4_z6_LFS/%GROUP%_Mesh02C5167A5D00684D",
      "position": "(0,7.1,-1.55)",
      "rotation": "(-0.7071068,0,0,0.7071068)",
      "hash": "12C5167A5D18684D0:12C34482031868370",
      "properties": {
        "type": "Point",
        "intensity": 1.0,
        "range": 20.0,
        "colour": "#DDEEFF",
        "corona": {
          "sprite": "corona_flare02.png",
          "scale": 1.0,
          "range": 100.0
        },
        "dutyCycle": "DuskTillDawn()"
      }
    },
    {
      "parent": "/Near__x4_z6/Near__x4_z6_LFS/%GROUP%_Mesh029C3C7A5D00642B",
      "position": "(0,7.1,-1.55)",
      "rotation": "(-0.7071068,0,0,0.7071068)",
      "hash": "129C3C7A5D18642B0:129E0E82031864400",
      "properties": {
        "type": "Point",
        "intensity": 1.0,
        "range": 20.0,
        "colour": "#DDEEFF",
        "corona": {
          "sprite": "corona_flare02.png",
          "scale": 1.0,
          "range": 100.0
        },
        "dutyCycle": "DuskTillDawn()"
      }
    },
    {
      "parent": "/Near__x4_z6/Near__x4_z6_LFS/%GROUP%_Mesh02BB367A5D005909",
      "position": "(0,7.1,-1.55)",
      "rotation": "(-0.7071068,0,0,0.7071068)",
      "hash": "12BB367A5D1859090:12BB238203185A3F0",
      "properties": {
        "type": "Point",
        "intensity": 1.0,
        "range": 20.0,
        "colour": "#DDEEFF",
        "corona": {
          "sprite": "corona_flare02.png",
          "scale": 1.0,
          "range": 100.0
        },
        "dutyCycle": "DuskTillDawn()"
      }
    },
    {
      "parent": "/Near__x4_z6/Near__x4_z6_LFS/%GROUP%_Mesh02A83D7A5D00565B",
      "position": "(0,7.1,-1.55)",
      "rotation": "(-0.7071068,0,0,0.7071068)",
      "hash": "12A83D7A5D18565B0:12A832820318582D0",
      "properties": {
        "type": "Point",
        "intensity": 1.0,
        "range": 20.0,
        "colour": "#DDEEFF",
        "corona": {
          "sprite": "corona_flare02.png",
          "scale": 1.0,
          "range": 100.0
        },
        "dutyCycle": "DuskTillDawn()"
      }
    },
    {
      "parent": "/Far__x4_z6/Far__x4_z6_LFS/Far_Props/GasStationPump (1)/Colliders/Collider (2)",
      "position": "(0.249967754,0.0289563071,-0.009918183)",
      "rotation": "(-0.00304492074,0.996937931,0.0522472449,0.05810061)",
      "hash": "12AE147C2D186A5A0:12AE167C33186A420",
      "properties": {
        "type": "Point",
        "intensity": 1.75,
        "range": 2.0,
        "colour": "#FFFFFF",
        "corona": null,
        "dutyCycle": "Always()"
      }
    },
    {
      "parent": "/Far__x4_z6/Far__x4_z6_LFS/Far_Props/GasStationPump/Colliders/Collider (2)",
      "position": "(0.2501246,0.06767282,0.0180435479)",
      "rotation": "(-0.00304492074,0.996937931,0.0522472449,0.05810061)",
      "hash": "12B33A7C2D186B350:12B33F7C37186B1D0",
      "properties": {
        "type": "Point",
        "intensity": 1.75,
        "range": 2.0,
        "colour": "#FFFFFF",
        "corona": null,
        "dutyCycle": "Always()"
      }
    },
    {
      "parent": "/Far__x4_z6/Far__x4_z6_LFS/Far_Props/GasStationPump/Colliders/Collider (1)",
      "position": "(-0.250101358,0.103799976,0.03300473)",
      "rotation": "(-0.05224725,-0.0581006147,-0.003044921,0.996938)",
      "hash": "12B3377C2D186B4F0:12B3387C3A186C030",
      "properties": {
        "type": "Point",
        "intensity": 1.75,
        "range": 2.0,
        "colour": "#FFFFFF",
        "corona": null,
        "dutyCycle": "Always()"
      }
    },
    {
      "parent": "/Far__x4_z6/Far__x4_z6_LFS/Far_Props/GasStationPump (1)/Colliders/Collider (1)",
      "position": "(-0.2501534,0.12327224,0.0263976753)",
      "rotation": "(-0.05224725,-0.0581006147,-0.003044921,0.996938)",
      "hash": "12AE117C2D186B100:12AE117C3C186B280",
      "properties": {
        "type": "Point",
        "intensity": 1.75,
        "range": 2.0,
        "colour": "#FFFFFF",
        "corona": null,
        "dutyCycle": "Always()"
      }
    },
    {
      "parent": "/Far__x4_z6/Far__x4_z6_LFS/Far_SilosCranes/Silo_Fat_2 (4)/collider/%GROUP%_Mesh000C2B0841000002",
      "position": "(0,1.5,0.7)",
      "hash": "1362338335190E3A0:13622B84171910080",
      "properties": {
        "type": "Point",
        "intensity": 1.0,
        "range": 20.0,
        "colour": "#FFB24D",
        "corona": {
          "sprite": "corona_orange01.png",
          "scale": 0.75,
          "range": 100.0
        },
        "dutyCycle": "DuskTillDawn()"
      }
    },
    {
      "parent": "/Far__x4_z6/Far__x4_z6_LFS/Far_SilosCranes/Silo_Fat_2 (3)/collider/%GROUP%_Mesh000C2A0913000005",
      "position": "(0,1.5,0.7)",
      "hash": "13841F84071912350:138416844D1914030",
      "properties": {
        "type": "Point",
        "intensity": 1.0,
        "range": 20.0,
        "colour": "#FFB24D",
        "corona": {
          "sprite": "corona_orange01.png",
          "scale": 0.75,
          "range": 100.0
        },
        "dutyCycle": "DuskTillDawn()"
      }
    },
    {
      "parent": "/Far__x4_z6/Far__x4_z6_LFS/Far_SilosCranes/Silo_Fat_2 (5)/collider/%GROUP%_Mesh000C2A0927000005",
      "position": "(0,1.5,0.7)",
      "hash": "13A608841B1916300:13A60084611917620",
      "properties": {
        "type": "Point",
        "intensity": 1.0,
        "range": 20.0,
        "colour": "#FFB24D",
        "corona": {
          "sprite": "corona_orange01.png",
          "scale": 0.75,
          "range": 100.0
        },
        "dutyCycle": "DuskTillDawn()"
      }
    }
  ],
  "meshes": [
    {
      "parent": "/Near__x4_z6/Near__x4_z6_LFS",
      "position": "(682.860352,122.932304,193.1914)",
      "rotation": "(0,0.999048233,0,0.0436194576)",
      "hash": "10000000001800000:12AA567A5D18C1130",
      "properties": {
        "file": "meshes_lampposts.assetbundle",
        "mesh": "LampPostSmall_Floor"
      }
    },
    {
      "parent": "/Near__x4_z6/Near__x4_z6_LFS",
      "position": "(722.522,122.932304,197.750488)",
      "rotation": "(0,0.999048233,0,0.0436194576)",
      "hash": "10000000001800000:12D2347A5D18C54B0",
      "properties": {
        "file": "meshes_lampposts.assetbundle",
        "mesh": "LampPostSmall_Floor"
      }
    },
    {
      "parent": "/Near__x4_z6/Near__x4_z6_LFS",
      "position": "(760.145,122.932304,202.171875)",
      "rotation": "(0,0.998134851,0,0.06104851)",
      "hash": "10000000001800000:12F80E7A5D18CA110",
      "properties": {
        "file": "meshes_lampposts.assetbundle",
        "mesh": "LampPostSmall_Floor"
      }
    },
    {
      "parent": "/Near__x4_z6/Near__x4_z6_LFS",
      "position": "(800.035156,122.932304,206.854492)",
      "rotation": "(0,0.9986295,0,0.0523359738)",
      "hash": "10000000001800000:1320037A5D18CE550",
      "properties": {
        "file": "meshes_lampposts.assetbundle",
        "mesh": "LampPostSmall_Floor"
      }
    },
    {
      "parent": "/Near__x4_z6/Near__x4_z6_LFS",
      "position": "(824.397949,122.932304,242.854)",
      "rotation": "(0,-0.748955846,0,0.662619948)",
      "hash": "10000000001800000:1338277A5D18F2550",
      "properties": {
        "file": "meshes_lampposts.assetbundle",
        "mesh": "LampPostSmall_Floor"
      }
    },
    {
      "parent": "/Near__x4_z6/Near__x4_z6_LFS",
      "position": "(681.6221,122.932304,207.705078)",
      "rotation": "(0,-0.0610485859,0,0.9981348)",
      "hash": "10000000001800000:12A93E7A5D18CF460",
      "properties": {
        "file": "meshes_lampposts.assetbundle",
        "mesh": "LampPostSmall_Floor"
      }
    },
    {
      "parent": "/Near__x4_z6/Near__x4_z6_LFS",
      "position": "(647.8789,122.932304,203.677734)",
      "rotation": "(0,-0.05233605,0,0.9986295)",
      "hash": "10000000001800000:1287577A5D18CB430",
      "properties": {
        "file": "meshes_lampposts.assetbundle",
        "mesh": "LampPostSmall_Floor"
      }
    },
    {
      "parent": "/Near__x4_z6/Near__x4_z6_LFS",
      "position": "(717.2295,122.932304,111.385254)",
      "rotation": "(0,0.998134851,0,0.06104851)",
      "hash": "10000000001800000:12CD167A5D186F260",
      "properties": {
        "file": "meshes_lampposts.assetbundle",
        "mesh": "LampPostSmall_Floor"
      }
    },
    {
      "parent": "/Near__x4_z6/Near__x4_z6_LFS",
      "position": "(810.777344,122.932304,122.324219)",
      "rotation": "(0,0.9961947,0,0.0871558)",
      "hash": "10000000001800000:132A4D7A5D187A200",
      "properties": {
        "file": "meshes_lampposts.assetbundle",
        "mesh": "LampPostSmall_Floor"
      }
    },
    {
      "parent": "/Near__x4_z6/Near__x4_z6_LFS",
      "position": "(846.6172,122.932304,126.041992)",
      "rotation": "(0,0.6691306,0,0.7431448)",
      "hash": "10000000001800000:134E3D7A5D187E040",
      "properties": {
        "file": "meshes_lampposts.assetbundle",
        "mesh": "LampPostDouble_Floor"
      }
    },
    {
      "parent": "/Near__x4_z6/Near__x4_z6_LFS",
      "position": "(866.0034,122.932304,128.22998)",
      "rotation": "(0,0.6755901,0,0.737277448)",
      "hash": "10000000001800000:1362007A5D1880160",
      "properties": {
        "file": "meshes_lampposts.assetbundle",
        "mesh": "LampPostDouble_Floor"
      }
    },
    {
      "parent": "/Near__x4_z6/Near__x4_z6_LFS",
      "position": "(895.001,122.932304,132.363281)",
      "rotation": "(0,0.996917367,0,0.0784591)",
      "hash": "10000000001800000:137F007A5D1884240",
      "properties": {
        "file": "meshes_lampposts.assetbundle",
        "mesh": "LampPostDouble_Floor"
      }
    },
    {
      "parent": "/Near__x4_z6/Near__x4_z6_LFS",
      "position": "(934.4634,122.932304,136.84668)",
      "rotation": "(0,0.999048233,0,0.0436194576)",
      "hash": "10000000001800000:13A62E7A5D1888540",
      "properties": {
        "file": "meshes_lampposts.assetbundle",
        "mesh": "LampPostDouble_Floor"
      }
    },
    {
      "parent": "/Near__x4_z6/Near__x4_z6_LFS",
      "position": "(972.876953,122.932304,141.525391)",
      "rotation": "(0,0.9986295,0,0.0523359738)",
      "hash": "10000000001800000:13CC577A5D188D340",
      "properties": {
        "file": "meshes_lampposts.assetbundle",
        "mesh": "LampPostDouble_Floor"
      }
    },
    {
      "parent": "/Near__x4_z6/Near__x4_z6_LFS",
      "position": "(1012.4126,122.932304,145.9414)",
      "rotation": "(0,0.998134851,0,0.06104851)",
      "hash": "10000000001800000:13F4297A5D18915E0",
      "properties": {
        "file": "meshes_lampposts.assetbundle",
        "mesh": "LampPostDouble_Floor"
      }
    },
    {
      "parent": "/Far__x4_z6/Far__x4_z6_LFS/Far_Roads/Road_60x8 (8)/Collider",
      "position": "(-4.392232,-0.0977249146,13.0618629)",
      "rotation": "(0,0.809017,0,0.587785244)",
      "hash": "140B1D7B031898600:14174B7A5D189E540",
      "properties": {
        "file": "meshes_lampposts.assetbundle",
        "mesh": "LampPostDouble_Floor"
      }
    },
    {
      "parent": "/Far__x4_z6/Far__x4_z6_LFS/Far_Roads/Road_60x8 (8)/Collider",
      "position": "(-35.20045,-0.0977249146,14.6795044)",
      "rotation": "(0,-0.02617695,0,0.999657333)",
      "hash": "140B1D7B031898600:14154E7A5D18BD3F0",
      "properties": {
        "file": "meshes_lampposts.assetbundle",
        "mesh": "LampPostDouble_Floor"
      }
    },
    {
      "parent": "/Far__x4_z6/Far__x4_z6_LFS/Far_Roads/Road_60x8 (8)/Collider",
      "position": "(-35.5601234,-0.0977249146,5.210846)",
      "rotation": "(0,-0.05233605,0,0.9986295)",
      "hash": "140B1D7B031898600:140C227A5D18BC580",
      "properties": {
        "file": "meshes_lampposts.assetbundle",
        "mesh": "LampPostDouble_Floor"
      }
    },
    {
      "parent": "/Far__x4_z6/Far__x4_z6_LFS/Far_Roads/Road_60x8 (8)/Collider",
      "position": "(-63.7825966,-0.0977249146,3.7337265)",
      "rotation": "(0,0.0697564855,0,0.9975641)",
      "hash": "140B1D7B031898600:14073B7A5D18D84A0",
      "properties": {
        "file": "meshes_lampposts.assetbundle",
        "mesh": "LampPostSmall_Floor"
      }
    },
    {
      "parent": "/Near__x4_z6/Near__x4_z6_LFS",
      "position": "(991.418457,122.932304,212.556152)",
      "rotation": "(0,-0.07845905,0,0.996917367)",
      "hash": "10000000001800000:13DF297A5D18D4370",
      "properties": {
        "file": "meshes_lampposts.assetbundle",
        "mesh": "LampPostSmall_Floor"
      }
    },
    {
      "parent": "/Near__x4_z6/Near__x4_z6_LFS",
      "position": "(952.493164,122.932304,208.037109)",
      "rotation": "(0,-0.0436195359,0,0.999048233)",
      "hash": "10000000001800000:13B8317A5D18D0030",
      "properties": {
        "file": "meshes_lampposts.assetbundle",
        "mesh": "LampPostSmall_Floor"
      }
    },
    {
      "parent": "/Near__x4_z6/Near__x4_z6_LFS",
      "position": "(914.115234,122.932304,203.633789)",
      "rotation": "(0,-0.05233605,0,0.9986295)",
      "hash": "10000000001800000:13920B7A5D18CB3F0",
      "properties": {
        "file": "meshes_lampposts.assetbundle",
        "mesh": "LampPostSmall_Floor"
      }
    },
    {
      "parent": "/Near__x4_z6/Near__x4_z6_LFS",
      "position": "(878.478,122.932304,199.407227)",
      "rotation": "(0,-0.0697564855,0,0.9975641)",
      "hash": "10000000001800000:136E2F7A5D18C7280",
      "properties": {
        "file": "meshes_lampposts.assetbundle",
        "mesh": "LampPostSmall_Floor"
      }
    },
    {
      "parent": "/Near__x4_z6/Near__x4_z6_LFS",
      "position": "(831.280762,122.932304,196.530762)",
      "rotation": "(0,0.878817141,0,-0.477158755)",
      "hash": "10000000001800000:133F1C7A5D18C4350",
      "properties": {
        "file": "meshes_lampposts.assetbundle",
        "mesh": "LampPostSmall_Floor"
      }
    },
    {
      "parent": "/Near__x4_z6/Near__x4_z6_LFS",
      "position": "(789.418457,122.932304,99.64844)",
      "rotation": "(0,0.999048233,0,0.0436194576)",
      "hash": "10000000001800000:1315297A5D1863400",
      "properties": {
        "file": "meshes_lampposts.assetbundle",
        "mesh": "LampPostSmall_Floor"
      }
    },
    {
      "parent": "/Near__x4_z6/Near__x4_z6_LFS",
      "position": "(764.5747,122.932304,96.62158)",
      "rotation": "(0,0.9961947,0,0.0871558)",
      "hash": "10000000001800000:12FC397A5D18603E0",
      "properties": {
        "file": "meshes_lampposts.assetbundle",
        "mesh": "LampPostSmall_Floor"
      }
    },
    {
      "parent": "/Near__x4_z6/Near__x4_z6_LFS",
      "position": "(758.614746,122.932304,124.80127)",
      "rotation": "(0,-0.0697564855,0,0.9975641)",
      "hash": "10000000001800000:12F63D7A5D187C500",
      "properties": {
        "file": "meshes_lampposts.assetbundle",
        "mesh": "LampPostSmall_Floor"
      }
    },
    {
      "parent": "/Near__x4_z6/Near__x4_z6_LFS",
      "position": "(779.0078,122.932304,127.288086)",
      "rotation": "(0,-0.0697564855,0,0.9975641)",
      "hash": "10000000001800000:130B007A5D187F1C0",
      "properties": {
        "file": "meshes_lampposts.assetbundle",
        "mesh": "LampPostSmall_Floor"
      }
    },
    {
      "parent": "/Near__x4_z6/Near__x4_z6_LFS",
      "position": "(647.623535,122.932304,188.88623)",
      "rotation": "(0,0.9961947,0,0.0871558)",
      "hash": "10000000001800000:12873E7A5D18BC580",
      "properties": {
        "file": "meshes_lampposts.assetbundle",
        "mesh": "LampPostSmall_Floor"
      }
    },
    {
      "parent": "/Near__x4_z6/Near__x4_z6_LFS",
      "position": "(835.0615,122.932304,223.617188)",
      "rotation": "(0,0.656059,0,0.7547096)",
      "hash": "10000000001800000:1343067A5D18DF3D0",
      "properties": {
        "file": "meshes_lampposts.assetbundle",
        "mesh": "LampPostSmall_Floor"
      }
    },
    {
      "parent": "/Near__x4_z6/Near__x4_z6_LFS",
      "position": "(830.5742,122.932304,264.949219)",
      "rotation": "(0,0.6427876,0,0.7660445)",
      "hash": "10000000001800000:133E397A5D19085E0",
      "properties": {
        "file": "meshes_lampposts.assetbundle",
        "mesh": "LampPostSmall_Floor"
      }
    },
    {
      "parent": "/Far__x4_z6/Far__x4_z6_LFS/Far_SilosCranes/Silo_Fat_2/collider",
      "position": "(12.4298449,8.873367,-0.0318460464)",
      "rotation": "(-0.0196433347,0.7068339,0.706833839,0.0196433347)",
      "hash": "13680B7A5818DE2F0:136646834B18EA520",
      "properties": {
        "file": "meshes_lampposts.assetbundle",
        "mesh": "LampPostSmall_Wall"
      }
    },
    {
      "parent": "/Far__x4_z6/Far__x4_z6_LFS/Far_SilosCranes/Silo_Fat_2 (1)/collider",
      "position": "(12.3645163,8.82373,-1.10934258)",
      "rotation": "(-0.0196433347,0.7068339,0.706833839,0.0196433347)",
      "hash": "1389587A5818E22A0:138937834618EE530",
      "properties": {
        "file": "meshes_lampposts.assetbundle",
        "mesh": "LampPostSmall_Wall"
      }
    },
    {
      "parent": "/Far__x4_z6/Far__x4_z6_LFS/Far_SilosCranes/Silo_Fat_2 (2)/collider",
      "position": "(12.4257832,9.36618,-0.106881142)",
      "rotation": "(-0.0196433347,0.7068339,0.706833839,0.0196433347)",
      "hash": "13AB417A5818E6250:13AA1F841818F2490",
      "properties": {
        "file": "meshes_lampposts.assetbundle",
        "mesh": "LampPostSmall_Wall"
      }
    },
    {
      "parent": "/Near__x4_z6/Near__x4_z6_LFS",
      "position": "(709.223145,122.932304,104.772461)",
      "rotation": "(0,0.656059,0,0.7547096)",
      "hash": "10000000001800000:12C5167A5D18684D0",
      "properties": {
        "file": "meshes_lampposts.assetbundle",
        "mesh": "LampPostSmall_Floor"
      }
    },
    {
      "parent": "/Near__x4_z6/Near__x4_z6_LFS",
      "position": "(668.606934,122.932304,100.432129)",
      "rotation": "(0,-0.7547096,0,0.656059)",
      "hash": "10000000001800000:129C3C7A5D18642B0",
      "properties": {
        "file": "meshes_lampposts.assetbundle",
        "mesh": "LampPostSmall_Floor"
      }
    },
    {
      "parent": "/Near__x4_z6/Near__x4_z6_LFS",
      "position": "(699.541,122.932304,89.0981445)",
      "rotation": "(0,0.998134851,0,0.06104851)",
      "hash": "10000000001800000:12BB367A5D1859090",
      "properties": {
        "file": "meshes_lampposts.assetbundle",
        "mesh": "LampPostSmall_Floor"
      }
    },
    {
      "parent": "/Near__x4_z6/Near__x4_z6_LFS",
      "position": "(680.6133,122.932304,86.91113)",
      "rotation": "(0,0.999390841,0,0.0348994955)",
      "hash": "10000000001800000:12A83D7A5D18565B0",
      "properties": {
        "file": "meshes_lampposts.assetbundle",
        "mesh": "LampPostSmall_Floor"
      }
    },
    {
      "parent": "/Far__x4_z6/Far__x4_z6_LFS/Far_SilosCranes/Silo_Fat_2 (4)/collider",
      "position": "(12.4303894,8.65751648,-0.02726078)",
      "rotation": "(-0.0196433347,0.7068339,0.706833839,0.0196433347)",
      "hash": "13635D7A581902170:1362338335190E3A0",
      "properties": {
        "file": "meshes_lampposts.assetbundle",
        "mesh": "LampPostSmall_Wall"
      }
    },
    {
      "parent": "/Far__x4_z6/Far__x4_z6_LFS/Far_SilosCranes/Silo_Fat_2 (3)/collider",
      "position": "(12.42919,9.198441,-0.05135441)",
      "rotation": "(-0.0196433347,0.7068339,0.706833839,0.0196433347)",
      "hash": "1385467A581906120:13841F84071912350",
      "properties": {
        "file": "meshes_lampposts.assetbundle",
        "mesh": "LampPostSmall_Wall"
      }
    },
    {
      "parent": "/Far__x4_z6/Far__x4_z6_LFS/Far_SilosCranes/Silo_Fat_2 (5)/collider",
      "position": "(12.4291992,9.39061,-0.05248356)",
      "rotation": "(-0.0196433347,0.7068339,0.706833839,0.0196433347)",
      "hash": "13A72F7A58190A0D0:13A608841B1916300",
      "properties": {
        "file": "meshes_lampposts.assetbundle",
        "mesh": "LampPostSmall_Wall"
      }
    }
  ],
  "decorations": []
}