{
  "version": 92,
  "enabled": true,
  "priority": "High",
  "lights": [
    {
      "parent": "/Far__x7_z6/Far__x7_z6_LFS/Far_Station_SteelMillTrackside/Railway/Railway_Platform_1 (4)/Collider/collider/%GROUP%_Mesh00204B004E019D53",
      "position": "(-0.5636624,3.15479636,-0.09394385)",
      "rotation": "(-0.7071068,0,0,0.7071068)",
      "hash": "1F2B1083481D244A0:1F2A4286571D25030",
      "properties": {
        "type": "Point",
        "intensity": 1.0,
        "range": 5.0,
        "colour": "#FF0000",
        "corona": {
          "sprite": "corona_orange01.png",
          "scale": 0.25,
          "range": 100.0
        },
        "dutyCycle": "FlashingGlobal(2)"
      }
    },
    {
      "parent": "/Far__x7_z6/Far__x7_z6_LFS/Far_Station_SteelMillTrackside/Railway/Railway_Platform_1 (4)/Collider/collider/%GROUP%_Mesh00204B004E019D53",
      "position": "(-0.5636624,3.15479636,-0.432141364)",
      "rotation": "(-0.7071068,0,0,0.7071068)",
      "hash": "1F2B1083481D244A0:1F2A2D86571D244D0",
      "properties": {
        "type": "Point",
        "intensity": 1.0,
        "range": 5.0,
        "colour": "#FF0000",
        "corona": {
          "sprite": "corona_orange01.png",
          "scale": 0.25,
          "range": 100.0
        },
        "dutyCycle": "FlashingGlobal(2,true)"
      }
    },
    {
      "parent": "/Far__x7_z6/Far__x7_z6_LFS/Far_Station_SteelMillTrackside/Railway/Railway_Platform_1 (4)/Collider/collider/%GROUP%_Mesh002720004E01A55D",
      "position": "(-0.5636624,3.15479636,-0.09394385)",
      "rotation": "(-0.7071068,0,0,0.7071068)",
      "hash": "1F352C83481D262F0:1F355D86571D26120",
      "properties": {
        "type": "Point",
        "intensity": 1.0,
        "range": 5.0,
        "colour": "#FF0000",
        "corona": {
          "sprite": "corona_orange01.png",
          "scale": 0.25,
          "range": 100.0
        },
        "dutyCycle": "FlashingGlobal(2)"
      }
    },
    {
      "parent": "/Far__x7_z6/Far__x7_z6_LFS/Far_Station_SteelMillTrackside/Railway/Railway_Platform_1 (4)/Collider/collider/%GROUP%_Mesh002720004E01A55D",
      "position": "(-0.5636624,3.15479636,-0.432141364)",
      "rotation": "(-0.7071068,0,0,0.7071068)",
      "hash": "1F352C83481D262F0:1F360F86571D262C0",
      "properties": {
        "type": "Point",
        "intensity": 1.0,
        "range": 5.0,
        "colour": "#FF0000",
        "corona": {
          "sprite": "corona_orange01.png",
          "scale": 0.25,
          "range": 100.0
        },
        "dutyCycle": "FlashingGlobal(2,true)"
      }
    }
  ],
  "meshes": [
    {
      "parent": "/Far__x7_z6/Far__x7_z6_LFS/Far_Station_SteelMillTrackside/Railway/Railway_Platform_1 (4)/Collider/collider",
      "position": "(32.7516937,0.7816742,413.830383)",
      "rotation": "(0,0.342020154,0,0.9396927)",
      "hash": "1E0052825E1C04080:1F2B1083481D244A0",
      "properties": {
        "file": "meshes_levelcrossings.assetbundle",
        "mesh": "LevelCrossing"
      }
    },
    {
      "parent": "/Far__x7_z6/Far__x7_z6_LFS/Far_Station_SteelMillTrackside/Railway/Railway_Platform_1 (4)/Collider/collider",
      "position": "(39.321,0.7816742,421.93222)",
      "rotation": "(0,0.9396926,0,-0.342020154)",
      "hash": "1E0052825E1C04080:1F352C83481D262F0",
      "properties": {
        "file": "meshes_levelcrossings.assetbundle",
        "mesh": "LevelCrossing"
      }
    }
  ],
  "decorations": []
}