{
  "version": 92,
  "enabled": true,
  "lights": [
    {
      "parent": "/Far__x12_z2/Far__x12_z2_LFS/Far_City Grid/IndustryBuildings (1)/FakeOffice_4 (1)/collider",
      "position": "(-4.100403,3.654895,-4.542053)",
      "rotation": "(0,0.0258279722,0,0.999666452)",
      "hash": "361B356F0B0E532D0:361715724D0E574E0",
      "properties": {
        "type": "Point",
        "intensity": 1.0,
        "range": 10.0,
        "colour": "#FFE5B2",
        "corona": null,
        "dutyCycle": "DuskTillDawn()"
      }
    },
    {
      "parent": "/Far__x12_z2/Far__x12_z2_LFS/Far_City Grid/IndustryBuildings (1)/FakeOffice_4 (1)/collider",
      "position": "(-4.003296,3.69644475,3.79223633)",
      "rotation": "(0,0.0258279722,0,0.999666452)",
      "hash": "361B356F0B0E532D0:361F3572510E57190",
      "properties": {
        "type": "Point",
        "intensity": 1.0,
        "range": 10.0,
        "colour": "#FFE5B2",
        "corona": null,
        "dutyCycle": "DuskTillDawn()"
      }
    }
  ],
  "meshes": [],
  "decorations": [
    {
      "parent": "/Far__x12_z2/Far__x12_z2_LFS/Far_City Grid/CivilBuildings (1)/rus_build_5et_03f (3)",
      "hash": "33F32C71060E255A0:33F32C71060E255A0",
      "id": "WINDOWS_1:LIT",
      "properties": {
        "file": "meshes_decoration_lights.assetbundle",
        "mesh": "rus_build_11_14_16_17_Windows",
        "assignMaterials": {
          "hideSourcePrefab": true,
          "assignments": [
            {
              "renderer": "Regroup13",
              "fromIndex": 0
            }
          ],
          "randomAlpha": 0.7
        }
      },
      "dutyCycle": "DuskTillDawn()"
    },
    {
      "parent": "/Far__x12_z2/Far__x12_z2_LFS/Far_City Grid/CivilBuildings (1)/rus_build_5et_03f#1",
      "hash": "344E2071060E21140:344E2071060E21140",
      "id": "WINDOWS_1:LIT",
      "properties": {
        "file": "meshes_decoration_lights.assetbundle",
        "mesh": "rus_build_11_14_16_17_Windows",
        "assignMaterials": {
          "hideSourcePrefab": true,
          "assignments": [
            {
              "renderer": "Regroup13",
              "fromIndex": 0
            }
          ],
          "randomAlpha": 0.7
        }
      },
      "dutyCycle": "DuskTillDawn()"
    },
    {
      "parent": "/Far__x12_z2/Far__x12_z2_LFS/Far_City Grid/CivilBuildings (1)/rus_build_5et_03f#1",
      "hash": "344E2071060E21140:344E2071060E21140",
      "id": "WINDOWS_2:LIT",
      "properties": {
        "file": "meshes_decoration_lights.assetbundle",
        "mesh": "rus_build_11_14_16_17_Windows",
        "assignMaterials": {
          "hideSourcePrefab": true,
          "assignments": [
            {
              "renderer": "Regroup13",
              "fromIndex": 1
            }
          ],
          "randomAlpha": 0.7
        }
      },
      "dutyCycle": "DuskTillDawn()"
    },
    {
      "parent": "/Far__x12_z2/Far__x12_z2_LFS/Far_City Grid/CivilBuildings (1)/rus_build_5et_02",
      "hash": "34B61271060E1B530:34B61271060E1B530",
      "id": "WINDOWS_1:LIT",
      "properties": {
        "file": "meshes_decoration_lights.assetbundle",
        "mesh": "rus_build_01_02_03_04_05_Windows",
        "assignMaterials": {
          "hideSourcePrefab": true,
          "assignments": [
            {
              "renderer": "Regroup13",
              "fromIndex": 0
            }
          ],
          "randomAlpha": 0.7
        }
      },
      "dutyCycle": "DuskTillDawn()"
    },
    {
      "parent": "/Far__x12_z2/Far__x12_z2_LFS/Far_City Grid/CivilBuildings (1)/rus_build_5et_02",
      "hash": "34B61271060E1B530:34B61271060E1B530",
      "id": "WINDOWS_4:LIT",
      "properties": {
        "file": "meshes_decoration_lights.assetbundle",
        "mesh": "rus_build_01_02_03_04_05_Windows",
        "assignMaterials": {
          "hideSourcePrefab": true,
          "assignments": [
            {
              "renderer": "Regroup13",
              "fromIndex": 3
            }
          ],
          "randomAlpha": 0.7
        }
      },
      "dutyCycle": "DuskTillDawn()"
    },
    {
      "parent": "/Far__x12_z2/Far__x12_z2_LFS/Far_City Grid/CivilBuildings (1)/rus_build_5et_02 (1)",
      "hash": "34F20A71060E18490:34F20A71060E18490",
      "id": "WINDOWS_2:LIT",
      "properties": {
        "file": "meshes_decoration_lights.assetbundle",
        "mesh": "rus_build_01_02_03_04_05_Windows",
        "assignMaterials": {
          "hideSourcePrefab": true,
          "assignments": [
            {
              "renderer": "Regroup13",
              "fromIndex": 1
            }
          ],
          "randomAlpha": 0.7
        }
      },
      "dutyCycle": "DuskTillDawn()"
    },
    {
      "parent": "/Far__x12_z2/Far__x12_z2_LFS/Far_City Grid/CivilBuildings (1)/rus_build_5et_02 (1)",
      "hash": "34F20A71060E18490:34F20A71060E18490",
      "id": "WINDOWS_5:LIT",
      "properties": {
        "file": "meshes_decoration_lights.assetbundle",
        "mesh": "rus_build_01_02_03_04_05_Windows",
        "assignMaterials": {
          "hideSourcePrefab": true,
          "assignments": [
            {
              "renderer": "Regroup13",
              "fromIndex": 4
            }
          ],
          "randomAlpha": 0.7
        }
      },
      "dutyCycle": "DuskTillDawn()"
    },
    {
      "parent": "/Far__x12_z2/Far__x12_z2_LFS/Far_City Grid/CivilBuildings (1)/rus_build_5et_03d",
      "hash": "352D0271060E15440:352D0271060E15440",
      "id": "WINDOWS_3:LIT",
      "properties": {
        "file": "meshes_decoration_lights.assetbundle",
        "mesh": "rus_build_11_14_16_17_Windows",
        "assignMaterials": {
          "hideSourcePrefab": true,
          "assignments": [
            {
              "renderer": "Regroup13",
              "fromIndex": 2
            }
          ],
          "randomAlpha": 0.7
        }
      },
      "dutyCycle": "DuskTillDawn()"
    },
    {
      "parent": "/Far__x12_z2/Far__x12_z2_LFS/Far_City Grid/CivilBuildings (1)/rus_build_5et_03d",
      "hash": "352D0271060E15440:352D0271060E15440",
      "id": "WINDOWS_2:LIT",
      "properties": {
        "file": "meshes_decoration_lights.assetbundle",
        "mesh": "rus_build_11_14_16_17_Windows",
        "assignMaterials": {
          "hideSourcePrefab": true,
          "assignments": [
            {
              "renderer": "Regroup13",
              "fromIndex": 1
            }
          ],
          "randomAlpha": 0.7
        }
      },
      "dutyCycle": "DuskTillDawn()"
    },
    {
      "parent": "/Far__x12_z2/Far__x12_z2_LFS/Far_City Grid/CivilBuildings (1)/rus_build_5et_03e (1)",
      "hash": "358B5A71060E104E0:358B5A71060E104E0",
      "id": "WINDOWS_1:LIT",
      "properties": {
        "file": "meshes_decoration_lights.assetbundle",
        "mesh": "rus_build_06_07_12_13_Windows",
        "assignMaterials": {
          "hideSourcePrefab": true,
          "assignments": [
            {
              "renderer": "Regroup13",
              "fromIndex": 0
            }
          ],
          "randomAlpha": 0.7
        }
      },
      "dutyCycle": "DuskTillDawn()"
    },
    {
      "parent": "/Far__x12_z2/Far__x12_z2_LFS/Far_City Grid/CivilBuildings (1)/rus_build_5et_03e (1)",
      "hash": "358B5A71060E104E0:358B5A71060E104E0",
      "id": "WINDOWS_4:LIT",
      "properties": {
        "file": "meshes_decoration_lights.assetbundle",
        "mesh": "rus_build_06_07_12_13_Windows",
        "assignMaterials": {
          "hideSourcePrefab": true,
          "assignments": [
            {
              "renderer": "Regroup13",
              "fromIndex": 3
            }
          ],
          "randomAlpha": 0.7
        }
      },
      "dutyCycle": "DuskTillDawn()"
    },
    {
      "parent": "/Far__x12_z2/Far__x12_z2_LFS/Far_City Grid/CivilBuildings (1)/rus_build_5et_03e",
      "hash": "358A2871060DF3510:358A2871060DF3510",
      "id": "WINDOWS_2:LIT",
      "properties": {
        "file": "meshes_decoration_lights.assetbundle",
        "mesh": "rus_build_06_07_12_13_Windows",
        "assignMaterials": {
          "hideSourcePrefab": true,
          "assignments": [
            {
              "renderer": "Regroup13",
              "fromIndex": 1
            }
          ],
          "randomAlpha": 0.7
        }
      },
      "dutyCycle": "DuskTillDawn()"
    },
    {
      "parent": "/Far__x12_z2/Far__x12_z2_LFS/Far_City Grid/CivilBuildings (1)/rus_build_5et_03e",
      "hash": "358A2871060DF3510:358A2871060DF3510",
      "id": "WINDOWS_5:LIT",
      "properties": {
        "file": "meshes_decoration_lights.assetbundle",
        "mesh": "rus_build_06_07_12_13_Windows",
        "assignMaterials": {
          "hideSourcePrefab": true,
          "assignments": [
            {
              "renderer": "Regroup13",
              "fromIndex": 4
            }
          ],
          "randomAlpha": 0.7
        }
      },
      "dutyCycle": "DuskTillDawn()"
    },
    {
      "parent": "/Far__x12_z2/Far__x12_z2_LFS/Far_City Grid/CivilBuildings (1)/rus_build_5et_05#1",
      "hash": "35F54C71060E0B1E0:35F54C71060E0B1E0",
      "id": "WINDOWS_1:LIT",
      "properties": {
        "file": "meshes_decoration_lights.assetbundle",
        "mesh": "rus_build_11_14_16_17_Windows",
        "assignMaterials": {
          "hideSourcePrefab": true,
          "assignments": [
            {
              "renderer": "Regroup13",
              "fromIndex": 0
            }
          ],
          "randomAlpha": 0.7
        }
      },
      "dutyCycle": "DuskTillDawn()"
    },
    {
      "parent": "/Far__x12_z2/Far__x12_z2_LFS/Far_City Grid/CivilBuildings (1)/rus_build_5et_05#1",
      "hash": "35F54C71060E0B1E0:35F54C71060E0B1E0",
      "id": "WINDOWS_2:LIT",
      "properties": {
        "file": "meshes_decoration_lights.assetbundle",
        "mesh": "rus_build_11_14_16_17_Windows",
        "assignMaterials": {
          "hideSourcePrefab": true,
          "assignments": [
            {
              "renderer": "Regroup13",
              "fromIndex": 1
            }
          ],
          "randomAlpha": 0.7
        }
      },
      "dutyCycle": "DuskTillDawn()"
    },
    {
      "parent": "/Far__x12_z2/Far__x12_z2_LFS/Far_City Grid/CivilBuildings (1)/rus_build_5et_03f#0",
      "hash": "35F96271060DC1630:35F96271060DC1630",
      "id": "WINDOWS_3:LIT",
      "properties": {
        "file": "meshes_decoration_lights.assetbundle",
        "mesh": "rus_build_11_14_16_17_Windows",
        "assignMaterials": {
          "hideSourcePrefab": true,
          "assignments": [
            {
              "renderer": "Regroup13",
              "fromIndex": 2
            }
          ],
          "randomAlpha": 0.7
        }
      },
      "dutyCycle": "DuskTillDawn()"
    },
    {
      "parent": "/Far__x12_z2/Far__x12_z2_LFS/Far_City Grid/CivilBuildings (1)/rus_build_5et_03f#0",
      "hash": "35F96271060DC1630:35F96271060DC1630",
      "id": "WINDOWS_5:LIT",
      "properties": {
        "file": "meshes_decoration_lights.assetbundle",
        "mesh": "rus_build_11_14_16_17_Windows",
        "assignMaterials": {
          "hideSourcePrefab": true,
          "assignments": [
            {
              "renderer": "Regroup13",
              "fromIndex": 4
            }
          ],
          "randomAlpha": 0.7
        }
      },
      "dutyCycle": "DuskTillDawn()"
    },
    {
      "parent": "/Far__x12_z2/Far__x12_z2_LFS/Far_City Grid/CivilBuildings (1)/rus_build_5et_03f (4)",
      "hash": "35BF0571060DC5030:35BF0571060DC5030",
      "id": "WINDOWS_3:LIT",
      "properties": {
        "file": "meshes_decoration_lights.assetbundle",
        "mesh": "rus_build_11_14_16_17_Windows",
        "assignMaterials": {
          "hideSourcePrefab": true,
          "assignments": [
            {
              "renderer": "Regroup13",
              "fromIndex": 2
            }
          ],
          "randomAlpha": 0.7
        }
      },
      "dutyCycle": "DuskTillDawn()"
    },
    {
      "parent": "/Far__x12_z2/Far__x12_z2_LFS/Far_City Grid/CivilBuildings (1)/rus_build_5et_03f (4)",
      "hash": "35BF0571060DC5030:35BF0571060DC5030",
      "id": "WINDOWS_2:LIT",
      "properties": {
        "file": "meshes_decoration_lights.assetbundle",
        "mesh": "rus_build_11_14_16_17_Windows",
        "assignMaterials": {
          "hideSourcePrefab": true,
          "assignments": [
            {
              "renderer": "Regroup13",
              "fromIndex": 1
            }
          ],
          "randomAlpha": 0.7
        }
      },
      "dutyCycle": "DuskTillDawn()"
    },
    {
      "parent": "/Far__x12_z2/Far__x12_z2_LFS/Far_City Grid/CivilBuildings (1)/rus_build_5et_01",
      "hash": "35533571060DBD3A0:35533571060DBD3A0",
      "id": "WINDOWS_2:LIT",
      "properties": {
        "file": "meshes_decoration_lights.assetbundle",
        "mesh": "rus_build_01_02_03_04_05_Windows",
        "assignMaterials": {
          "hideSourcePrefab": true,
          "assignments": [
            {
              "renderer": "Regroup13",
              "fromIndex": 1
            }
          ],
          "randomAlpha": 0.7
        }
      },
      "dutyCycle": "DuskTillDawn()"
    },
    {
      "parent": "/Far__x12_z2/Far__x12_z2_LFS/Far_City Grid/CivilBuildings (1)/rus_build_5et_01",
      "hash": "35533571060DBD3A0:35533571060DBD3A0",
      "id": "WINDOWS_4:LIT",
      "properties": {
        "file": "meshes_decoration_lights.assetbundle",
        "mesh": "rus_build_01_02_03_04_05_Windows",
        "assignMaterials": {
          "hideSourcePrefab": true,
          "assignments": [
            {
              "renderer": "Regroup13",
              "fromIndex": 3
            }
          ],
          "randomAlpha": 0.7
        }
      },
      "dutyCycle": "DuskTillDawn()"
    },
    {
      "parent": "/Far__x12_z2/Far__x12_z2_LFS/Far_City Grid/CivilBuildings (1)/rus_build_5et_01 (1)",
      "hash": "35193C71060DC0390:35193C71060DC0390",
      "id": "WINDOWS_5:LIT",
      "properties": {
        "file": "meshes_decoration_lights.assetbundle",
        "mesh": "rus_build_01_02_03_04_05_Windows",
        "assignMaterials": {
          "hideSourcePrefab": true,
          "assignments": [
            {
              "renderer": "Regroup13",
              "fromIndex": 4
            }
          ],
          "randomAlpha": 0.7
        }
      },
      "dutyCycle": "DuskTillDawn()"
    },
    {
      "parent": "/Far__x12_z2/Far__x12_z2_LFS/Far_City Grid/CivilBuildings (1)/rus_build_5et_01 (1)",
      "hash": "35193C71060DC0390:35193C71060DC0390",
      "id": "WINDOWS_3:LIT",
      "properties": {
        "file": "meshes_decoration_lights.assetbundle",
        "mesh": "rus_build_01_02_03_04_05_Windows",
        "assignMaterials": {
          "hideSourcePrefab": true,
          "assignments": [
            {
              "renderer": "Regroup13",
              "fromIndex": 2
            }
          ],
          "randomAlpha": 0.7
        }
      },
      "dutyCycle": "DuskTillDawn()"
    },
    {
      "parent": "/Far__x12_z2/Far__x12_z2_LFS/Far_City Grid/CivilBuildings (1)/rus_build_5et_03b",
      "hash": "34CF4671060DC4270:34CF4671060DC4270",
      "id": "WINDOWS_1:LIT",
      "properties": {
        "file": "meshes_decoration_lights.assetbundle",
        "mesh": "rus_build_01_02_03_04_05_Windows",
        "assignMaterials": {
          "hideSourcePrefab": true,
          "assignments": [
            {
              "renderer": "Regroup13",
              "fromIndex": 0
            }
          ],
          "randomAlpha": 0.7
        }
      },
      "dutyCycle": "DuskTillDawn()"
    },
    {
      "parent": "/Far__x12_z2/Far__x12_z2_LFS/Far_City Grid/CivilBuildings (1)/rus_build_5et_03b",
      "hash": "34CF4671060DC4270:34CF4671060DC4270",
      "id": "WINDOWS_2:LIT",
      "properties": {
        "file": "meshes_decoration_lights.assetbundle",
        "mesh": "rus_build_01_02_03_04_05_Windows",
        "assignMaterials": {
          "hideSourcePrefab": true,
          "assignments": [
            {
              "renderer": "Regroup13",
              "fromIndex": 1
            }
          ],
          "randomAlpha": 0.7
        }
      },
      "dutyCycle": "DuskTillDawn()"
    },
    {
      "parent": "/Far__x12_z2/Far__x12_z2_LFS/Far_City Grid/CivilBuildings (1)/rus_build_5et_03b (1)",
      "hash": "34944E71060DC72C0:34944E71060DC72C0",
      "id": "WINDOWS_3:LIT",
      "properties": {
        "file": "meshes_decoration_lights.assetbundle",
        "mesh": "rus_build_01_02_03_04_05_Windows",
        "assignMaterials": {
          "hideSourcePrefab": true,
          "assignments": [
            {
              "renderer": "Regroup13",
              "fromIndex": 2
            }
          ],
          "randomAlpha": 0.7
        }
      },
      "dutyCycle": "DuskTillDawn()"
    },
    {
      "parent": "/Far__x12_z2/Far__x12_z2_LFS/Far_City Grid/CivilBuildings (1)/rus_build_5et_03b (1)",
      "hash": "34944E71060DC72C0:34944E71060DC72C0",
      "id": "WINDOWS_5:LIT",
      "properties": {
        "file": "meshes_decoration_lights.assetbundle",
        "mesh": "rus_build_01_02_03_04_05_Windows",
        "assignMaterials": {
          "hideSourcePrefab": true,
          "assignments": [
            {
              "renderer": "Regroup13",
              "fromIndex": 4
            }
          ],
          "randomAlpha": 0.7
        }
      },
      "dutyCycle": "DuskTillDawn()"
    },
    {
      "parent": "/Far__x12_z2/Far__x12_z2_LFS/Far_City Grid/CivilBuildings (1)/rus_build_2et_01",
      "hash": "362F6171060D73090:362F6171060D73090",
      "id": "WINDOWS_1:LIT",
      "properties": {
        "file": "meshes_decoration_lights.assetbundle",
        "mesh": "rus_build_15_Windows",
        "assignMaterials": {
          "hideSourcePrefab": true,
          "assignments": [
            {
              "renderer": "Regroup13",
              "fromIndex": 0
            }
          ],
          "randomAlpha": 0.5
        }
      },
      "dutyCycle": "DuskTillDawn()"
    },
    {
      "parent": "/Far__x12_z2/Far__x12_z2_LFS/Far_City Grid/CivilBuildings (1)/rus_build_2et_01",
      "hash": "362F6171060D73090:362F6171060D73090",
      "id": "WINDOWS_3:LIT",
      "properties": {
        "file": "meshes_decoration_lights.assetbundle",
        "mesh": "rus_build_15_Windows",
        "assignMaterials": {
          "hideSourcePrefab": true,
          "assignments": [
            {
              "renderer": "Regroup13",
              "fromIndex": 2
            }
          ],
          "randomAlpha": 0.5
        }
      },
      "dutyCycle": "DuskTillDawn()"
    },
    {
      "parent": "/Far__x12_z2/Far__x12_z2_LFS/Far_City Grid/CivilBuildings (1)/rus_build_2et_01c",
      "hash": "362D3771060D440F0:362D3771060D44100",
      "id": "WINDOWS_2:LIT",
      "properties": {
        "file": "meshes_decoration_lights.assetbundle",
        "mesh": "rus_build_15_Windows",
        "assignMaterials": {
          "hideSourcePrefab": true,
          "assignments": [
            {
              "renderer": "Regroup13",
              "fromIndex": 1
            }
          ],
          "randomAlpha": 0.5
        }
      },
      "dutyCycle": "DuskTillDawn()"
    },
    {
      "parent": "/Far__x12_z2/Far__x12_z2_LFS/Far_City Grid/CivilBuildings (1)/rus_build_2et_01c",
      "hash": "362D3771060D440F0:362D3771060D44100",
      "id": "WINDOWS_4:LIT",
      "properties": {
        "file": "meshes_decoration_lights.assetbundle",
        "mesh": "rus_build_15_Windows",
        "assignMaterials": {
          "hideSourcePrefab": true,
          "assignments": [
            {
              "renderer": "Regroup13",
              "fromIndex": 3
            }
          ],
          "randomAlpha": 0.5
        }
      },
      "dutyCycle": "DuskTillDawn()"
    },
    {
      "parent": "/Far__x12_z2/Far__x12_z2_LFS/Far_City Grid/CivilBuildings (1)/rus_build_2et_01c",
      "hash": "362D3771060D440F0:362D3771060D44100",
      "id": "WINDOWS_5:LIT",
      "properties": {
        "file": "meshes_decoration_lights.assetbundle",
        "mesh": "rus_build_15_Windows",
        "assignMaterials": {
          "hideSourcePrefab": true,
          "assignments": [
            {
              "renderer": "Regroup13",
              "fromIndex": 4
            }
          ],
          "randomAlpha": 0.5
        }
      },
      "dutyCycle": "DuskTillDawn()"
    },
    {
      "parent": "/Far__x12_z2/Far__x12_z2_LFS/Far_City Grid/CivilBuildings (1)/rus_build_2et_01c",
      "hash": "362D3771060D440F0:362D3771060D44100",
      "id": "WINDOWS_3:LIT",
      "properties": {
        "file": "meshes_decoration_lights.assetbundle",
        "mesh": "rus_build_15_Windows",
        "assignMaterials": {
          "hideSourcePrefab": true,
          "assignments": [
            {
              "renderer": "Regroup13",
              "fromIndex": 2
            }
          ],
          "randomAlpha": 0.5
        }
      },
      "dutyCycle": "DuskTillDawn()"
    },
    {
      "parent": "/Far__x12_z2/Far__x12_z2_LFS/Far_City Grid/CivilBuildings (1)/rus_build_2et_01c",
      "hash": "362D3771060D440F0:362D3771060D44100",
      "id": "WINDOWS_1:LIT",
      "properties": {
        "file": "meshes_decoration_lights.assetbundle",
        "mesh": "rus_build_15_Windows",
        "assignMaterials": {
          "hideSourcePrefab": true,
          "assignments": [
            {
              "renderer": "Regroup13",
              "fromIndex": 0
            }
          ],
          "randomAlpha": 0.5
        }
      },
      "dutyCycle": "DuskTillDawn()"
    },
    {
      "parent": "/Far__x12_z2/Far__x12_z2_LFS/Far_City Grid/CivilBuildings (1)/rus_build_5et_05 (1)",
      "hash": "35E15771060D730D0:35E15771060D730D0",
      "id": "WINDOWS_1:LIT",
      "properties": {
        "file": "meshes_decoration_lights.assetbundle",
        "mesh": "rus_build_11_14_16_17_Windows",
        "assignMaterials": {
          "hideSourcePrefab": true,
          "assignments": [
            {
              "renderer": "Regroup13",
              "fromIndex": 0
            }
          ],
          "randomAlpha": 0.7
        }
      },
      "dutyCycle": "DuskTillDawn()"
    },
    {
      "parent": "/Far__x12_z2/Far__x12_z2_LFS/Far_City Grid/CivilBuildings (1)/rus_build_5et_05 (1)",
      "hash": "35E15771060D730D0:35E15771060D730D0",
      "id": "WINDOWS_3:LIT",
      "properties": {
        "file": "meshes_decoration_lights.assetbundle",
        "mesh": "rus_build_11_14_16_17_Windows",
        "assignMaterials": {
          "hideSourcePrefab": true,
          "assignments": [
            {
              "renderer": "Regroup13",
              "fromIndex": 2
            }
          ],
          "randomAlpha": 0.7
        }
      },
      "dutyCycle": "DuskTillDawn()"
    },
    {
      "parent": "/Far__x12_z2/Far__x12_z2_LFS/Far_City Grid/CivilBuildings (1)/rus_build_5et_05#0",
      "hash": "35DF5671060D4C120:35DF5671060D4C120",
      "id": "WINDOWS_2:LIT",
      "properties": {
        "file": "meshes_decoration_lights.assetbundle",
        "mesh": "rus_build_11_14_16_17_Windows",
        "assignMaterials": {
          "hideSourcePrefab": true,
          "assignments": [
            {
              "renderer": "Regroup13",
              "fromIndex": 1
            }
          ],
          "randomAlpha": 0.7
        }
      },
      "dutyCycle": "DuskTillDawn()"
    },
    {
      "parent": "/Far__x12_z2/Far__x12_z2_LFS/Far_City Grid/CivilBuildings (1)/rus_build_5et_05#0",
      "hash": "35DF5671060D4C120:35DF5671060D4C120",
      "id": "WINDOWS_4:LIT",
      "properties": {
        "file": "meshes_decoration_lights.assetbundle",
        "mesh": "rus_build_11_14_16_17_Windows",
        "assignMaterials": {
          "hideSourcePrefab": true,
          "assignments": [
            {
              "renderer": "Regroup13",
              "fromIndex": 3
            }
          ],
          "randomAlpha": 0.7
        }
      },
      "dutyCycle": "DuskTillDawn()"
    },
    {
      "parent": "/Far__x12_z2/Far__x12_z2_LFS/Far_City Grid/CivilBuildings (1)/rus_build_9et_01a (1)",
      "hash": "34225871060E06280:34225871060E06280",
      "id": "WINDOWS_1:LIT",
      "properties": {
        "file": "meshes_decoration_lights.assetbundle",
        "mesh": "rus_build_08_09_10_Windows",
        "assignMaterials": {
          "hideSourcePrefab": true,
          "assignments": [
            {
              "renderer": "Regroup13",
              "fromIndex": 0
            }
          ],
          "randomAlpha": 0.7
        }
      },
      "dutyCycle": "DuskTillDawn()"
    },
    {
      "parent": "/Far__x12_z2/Far__x12_z2_LFS/Far_City Grid/CivilBuildings (1)/rus_build_9et_01a (1)",
      "hash": "34225871060E06280:34225871060E06280",
      "id": "WINDOWS_3:LIT",
      "properties": {
        "file": "meshes_decoration_lights.assetbundle",
        "mesh": "rus_build_08_09_10_Windows",
        "assignMaterials": {
          "hideSourcePrefab": true,
          "assignments": [
            {
              "renderer": "Regroup13",
              "fromIndex": 2
            }
          ],
          "randomAlpha": 0.7
        }
      },
      "dutyCycle": "DuskTillDawn()"
    },
    {
      "parent": "/Far__x12_z2/Far__x12_z2_LFS/Far_City Grid/CivilBuildings (1)/rus_build_9et_01a",
      "hash": "34595171060E03380:34595171060E03380",
      "id": "WINDOWS_2:LIT",
      "properties": {
        "file": "meshes_decoration_lights.assetbundle",
        "mesh": "rus_build_08_09_10_Windows",
        "assignMaterials": {
          "hideSourcePrefab": true,
          "assignments": [
            {
              "renderer": "Regroup13",
              "fromIndex": 1
            }
          ],
          "randomAlpha": 0.7
        }
      },
      "dutyCycle": "DuskTillDawn()"
    },
    {
      "parent": "/Far__x12_z2/Far__x12_z2_LFS/Far_City Grid/CivilBuildings (1)/rus_build_9et_01a",
      "hash": "34595171060E03380:34595171060E03380",
      "id": "WINDOWS_5:LIT",
      "properties": {
        "file": "meshes_decoration_lights.assetbundle",
        "mesh": "rus_build_08_09_10_Windows",
        "assignMaterials": {
          "hideSourcePrefab": true,
          "assignments": [
            {
              "renderer": "Regroup13",
              "fromIndex": 4
            }
          ],
          "randomAlpha": 0.7
        }
      },
      "dutyCycle": "DuskTillDawn()"
    },
    {
      "parent": "/Far__x12_z2/Far__x12_z2_LFS/Far_City Grid/CivilBuildings (1)/rus_build_5et_03c",
      "hash": "35D10F71060E611F0:35D10F71060E611F0",
      "id": "WINDOWS_1:LIT",
      "properties": {
        "file": "meshes_decoration_lights.assetbundle",
        "mesh": "rus_build_06_07_12_13_Windows",
        "assignMaterials": {
          "hideSourcePrefab": true,
          "assignments": [
            {
              "renderer": "Regroup13",
              "fromIndex": 0
            }
          ],
          "randomAlpha": 0.7
        }
      },
      "dutyCycle": "DuskTillDawn()"
    },
    {
      "parent": "/Far__x12_z2/Far__x12_z2_LFS/Far_City Grid/CivilBuildings (1)/rus_build_5et_03c",
      "hash": "35D10F71060E611F0:35D10F71060E611F0",
      "id": "WINDOWS_2:LIT",
      "properties": {
        "file": "meshes_decoration_lights.assetbundle",
        "mesh": "rus_build_06_07_12_13_Windows",
        "assignMaterials": {
          "hideSourcePrefab": true,
          "assignments": [
            {
              "renderer": "Regroup13",
              "fromIndex": 1
            }
          ],
          "randomAlpha": 0.7
        }
      },
      "dutyCycle": "DuskTillDawn()"
    },
    {
      "parent": "/Far__x12_z2/Far__x12_z2_LFS/Far_City Grid/CivilBuildings (1)/rus_build_5et_03c (1)",
      "hash": "361D0871060E71290:361D0871060E71290",
      "id": "WINDOWS_2:LIT",
      "properties": {
        "file": "meshes_decoration_lights.assetbundle",
        "mesh": "rus_build_06_07_12_13_Windows",
        "assignMaterials": {
          "hideSourcePrefab": true,
          "assignments": [
            {
              "renderer": "Regroup13",
              "fromIndex": 1
            }
          ],
          "randomAlpha": 0.7
        }
      },
      "dutyCycle": "DuskTillDawn()"
    },
    {
      "parent": "/Far__x12_z2/Far__x12_z2_LFS/Far_City Grid/CivilBuildings (1)/rus_build_5et_03c (1)",
      "hash": "361D0871060E71290:361D0871060E71290",
      "id": "WINDOWS_4:LIT",
      "properties": {
        "file": "meshes_decoration_lights.assetbundle",
        "mesh": "rus_build_06_07_12_13_Windows",
        "assignMaterials": {
          "hideSourcePrefab": true,
          "assignments": [
            {
              "renderer": "Regroup13",
              "fromIndex": 3
            }
          ],
          "randomAlpha": 0.7
        }
      },
      "dutyCycle": "DuskTillDawn()"
    },
    {
      "parent": "/Far__x12_z2/Far__x12_z2_LFS/Far_Cargo Bay/CivilBuildings (1)/rus_build_2et_01 (1)",
      "hash": "34084F71060C62520:34084F71060C62520",
      "id": "WINDOWS_1:LIT",
      "properties": {
        "file": "meshes_decoration_lights.assetbundle",
        "mesh": "rus_build_15_Windows",
        "assignMaterials": {
          "hideSourcePrefab": true,
          "assignments": [
            {
              "renderer": "Regroup13",
              "fromIndex": 0
            }
          ],
          "randomAlpha": 0.5
        }
      },
      "dutyCycle": "DuskTillDawn()"
    },
    {
      "parent": "/Far__x12_z2/Far__x12_z2_LFS/Far_Cargo Bay/CivilBuildings (1)/rus_build_2et_01 (1)",
      "hash": "34084F71060C62520:34084F71060C62520",
      "id": "WINDOWS_5:LIT",
      "properties": {
        "file": "meshes_decoration_lights.assetbundle",
        "mesh": "rus_build_15_Windows",
        "assignMaterials": {
          "hideSourcePrefab": true,
          "assignments": [
            {
              "renderer": "Regroup13",
              "fromIndex": 4
            }
          ],
          "randomAlpha": 0.5
        }
      },
      "dutyCycle": "DuskTillDawn()"
    },
    {
      "parent": "/Far__x12_z2/Far__x12_z2_LFS/Far_Cargo Bay/CivilBuildings (1)/rus_build_2et_01",
      "hash": "33FB0D71060C45440:33FB0D71060C45440",
      "id": "WINDOWS_2:LIT",
      "properties": {
        "file": "meshes_decoration_lights.assetbundle",
        "mesh": "rus_build_15_Windows",
        "assignMaterials": {
          "hideSourcePrefab": true,
          "assignments": [
            {
              "renderer": "Regroup13",
              "fromIndex": 1
            }
          ],
          "randomAlpha": 0.5
        }
      },
      "dutyCycle": "DuskTillDawn()"
    },
    {
      "parent": "/Far__x12_z2/Far__x12_z2_LFS/Far_Cargo Bay/CivilBuildings (1)/rus_build_2et_01",
      "hash": "33FB0D71060C45440:33FB0D71060C45440",
      "id": "WINDOWS_3:LIT",
      "properties": {
        "file": "meshes_decoration_lights.assetbundle",
        "mesh": "rus_build_15_Windows",
        "assignMaterials": {
          "hideSourcePrefab": true,
          "assignments": [
            {
              "renderer": "Regroup13",
              "fromIndex": 2
            }
          ],
          "randomAlpha": 0.5
        }
      },
      "dutyCycle": "DuskTillDawn()"
    },
    {
      "parent": "/Far__x12_z2/Far__x12_z2_LFS/Far_Cargo Bay/CivilBuildings (1)/rus_build_2et_01",
      "hash": "33FB0D71060C45440:33FB0D71060C45440",
      "id": "WINDOWS_4:LIT",
      "properties": {
        "file": "meshes_decoration_lights.assetbundle",
        "mesh": "rus_build_15_Windows",
        "assignMaterials": {
          "hideSourcePrefab": true,
          "assignments": [
            {
              "renderer": "Regroup13",
              "fromIndex": 3
            }
          ],
          "randomAlpha": 0.5
        }
      },
      "dutyCycle": "DuskTillDawn()"
    },
    {
      "parent": "/Far__x12_z2/Far__x12_z2_LFS/Far_Cargo Bay/CivilBuildings (1)/rus_build_2et_01c",
      "hash": "32AC4B71060DF0430:32AC4B71060DF0430",
      "id": "WINDOWS_1:LIT",
      "properties": {
        "file": "meshes_decoration_lights.assetbundle",
        "mesh": "rus_build_15_Windows",
        "assignMaterials": {
          "hideSourcePrefab": true,
          "assignments": [
            {
              "renderer": "Regroup13",
              "fromIndex": 0
            }
          ],
          "randomAlpha": 0.5
        }
      },
      "dutyCycle": "DuskTillDawn()"
    },
    {
      "parent": "/Far__x12_z2/Far__x12_z2_LFS/Far_Cargo Bay/CivilBuildings (1)/rus_build_2et_01c",
      "hash": "32AC4B71060DF0430:32AC4B71060DF0430",
      "id": "WINDOWS_4:LIT",
      "properties": {
        "file": "meshes_decoration_lights.assetbundle",
        "mesh": "rus_build_15_Windows",
        "assignMaterials": {
          "hideSourcePrefab": true,
          "assignments": [
            {
              "renderer": "Regroup13",
              "fromIndex": 3
            }
          ],
          "randomAlpha": 0.5
        }
      },
      "dutyCycle": "DuskTillDawn()"
    },
    {
      "parent": "/Far__x12_z2/Far__x12_z2_LFS/Far_City Grid/CivilBuildings (1)/rus_build_9et_01a",
      "hash": "34595171060E03380:34595171060E03380",
      "id": "WINDOWS_1:LIT",
      "properties": {
        "file": "meshes_decoration_lights.assetbundle",
        "mesh": "rus_build_08_09_10_Windows",
        "assignMaterials": {
          "hideSourcePrefab": true,
          "assignments": [
            {
              "renderer": "Regroup13",
              "fromIndex": 0
            }
          ],
          "randomAlpha": 0.7
        }
      },
      "dutyCycle": "DuskTillDawn()"
    }
  ]
}