{
  "version": 97,
  "enabled": true,
  "lights": [
    {
      "parent": "/Far__x12_z2/Far__x12_z2_LFS/Far_Cargo Bay/Vehicles (1)/CargoShip_01/CargoShip_Bridge/Collider/CargoShip_Bridge_Collider",
      "position": "(-11.1008911,26.256155,1.09065247)",
      "rotation": "(-0.0014810568,0.217387483,0.000329851871,0.976084232)",
      "hash": "32AA137C420BE93A0:32A03C965C0BEF1C0",
      "properties": {
        "type": "Point",
        "intensity": 1.0,
        "range": 20.0,
        "colour": "#FF0000",
        "corona": {
          "sprite": "corona_flare02.png",
          "scale": 0.5,
          "range": 500.0
        },
        "dutyCycle": "Always()"
      }
    },
    {
      "parent": "/Far__x12_z2/Far__x12_z2_LFS/Far_Cargo Bay/Vehicles (1)/CargoShip_01/CargoShip_Bridge/Collider/CargoShip_Bridge_Collider",
      "position": "(11.1209412,26.2144985,1.09104919)",
      "rotation": "(-0.00148103561,0.2174507,0.0003299478,0.976070166)",
      "hash": "32AA137C420BE93A0:32B44896580BE5550",
      "properties": {
        "type": "Point",
        "intensity": 1.0,
        "range": 20.0,
        "colour": "#00FF00",
        "corona": {
          "sprite": "corona_flare02.png",
          "scale": 0.5,
          "range": 500.0
        },
        "dutyCycle": "Always()"
      }
    },
    {
      "parent": "/Far__x12_z2/Far__x12_z2_LFS/Far_Cargo Bay/Vehicles (1)/CargoShip_01/CargoShip_Front/Collider/Collider (22)",
      "position": "(-1.59999466,1.71914959,0.1631813)",
      "rotation": "(0,-0.536452949,0,0.843930244)",
      "hash": "32EE1681240C9B310:32EC5483080C9C200",
      "properties": {
        "type": "Point",
        "intensity": 1.0,
        "range": 20.0,
        "colour": "#FF0000",
        "corona": {
          "sprite": "corona_flare02.png",
          "scale": 0.5,
          "range": 500.0
        },
        "dutyCycle": "Always()"
      }
    },
    {
      "parent": "/Far__x12_z2/Far__x12_z2_LFS/Far_Cargo Bay/Vehicles (1)/CargoShip_01/CargoShip_Front/Collider/Collider (24)",
      "position": "(1.600254,1.72395611,0.08351517)",
      "rotation": "(0,0.843930244,0,0.536452949)",
      "hash": "33072981240C8F440:33085983090C8F080",
      "properties": {
        "type": "Point",
        "intensity": 1.0,
        "range": 20.0,
        "colour": "#00FF00",
        "corona": {
          "sprite": "corona_flare02.png",
          "scale": 0.5,
          "range": 500.0
        },
        "dutyCycle": "Always()"
      }
    },
    {
      "parent": "/Far__x12_z2/Far__x12_z2_LFS/Far_Cargo Bay/Vehicles (1)/CargoShip_01/CargoShip_Bridge/Collider/CargoShip_Bridge_Collider/%GROUP%_Mesh000710043300263C",
      "position": "(0,0.285,-0.04)",
      "hash": "32A01C81120BC33B0:32A010810E0BC3210",
      "properties": {
        "type": "Point",
        "intensity": 1.0,
        "range": 15.0,
        "colour": "#FFFFFF",
        "corona": {
          "sprite": "corona_flare02.png",
          "scale": 0.87,
          "range": 100.0
        },
        "dutyCycle": "Always()"
      }
    },
    {
      "parent": "/Far__x12_z2/Far__x12_z2_LFS/Far_Cargo Bay/Vehicles (1)/CargoShip_01/CargoShip_Bridge/Collider/CargoShip_Bridge_Collider/%GROUP%_Mesh000716105700263C",
      "position": "(0,0.285,-0.04)",
      "rotation": "(0.0006735773,0.9760346,0.00302138948,-0.217593521)",
      "hash": "32A0228D360BC3380:32A0168D320BC31E0",
      "properties": {
        "type": "Point",
        "intensity": 1.0,
        "range": 15.0,
        "colour": "#FFFFFF",
        "corona": {
          "sprite": "corona_flare02.png",
          "scale": 0.87,
          "range": 100.0
        },
        "dutyCycle": "Always()"
      }
    },
    {
      "parent": "/Far__x12_z2/Far__x12_z2_LFS/Far_Cargo Bay/Vehicles (1)/CargoShip_01/CargoShip_Bridge/Collider/CargoShip_Bridge_Collider/%GROUP%_Mesh000715105E00263C",
      "position": "(0,0.285,-0.04)",
      "rotation": "(0.0006724923,0.976112664,0.00302163069,-0.217243046)",
      "hash": "32931A8D3D0BC9450:32930E8D390BC92B0",
      "properties": {
        "type": "Point",
        "intensity": 1.0,
        "range": 15.0,
        "colour": "#FFFFFF",
        "corona": {
          "sprite": "corona_flare02.png",
          "scale": 0.87,
          "range": 100.0
        },
        "dutyCycle": "Always()"
      }
    },
    {
      "parent": "/Far__x12_z2/Far__x12_z2_LFS/Far_Cargo Bay/Vehicles (1)/CargoShip_01/CargoShip_Bridge/Collider/CargoShip_Bridge_Collider/%GROUP%_Mesh000723042000263C",
      "position": "(0,0.285,-0.04)",
      "hash": "32930E80630BC94B0:329302805F0BC9310",
      "properties": {
        "type": "Point",
        "intensity": 1.0,
        "range": 15.0,
        "colour": "#FFFFFF",
        "corona": {
          "sprite": "corona_flare02.png",
          "scale": 0.87,
          "range": 100.0
        },
        "dutyCycle": "Always()"
      }
    },
    {
      "parent": "/Far__x12_z2/Far__x12_z2_LFS/Far_Cargo Bay/Vehicles (1)/CargoShip_01/CargoShip_Bridge/Collider/CargoShip_Bridge_Collider/%GROUP%_Mesh000B180C5A000432",
      "position": "(0,0.285,-0.04)",
      "hash": "329E0989390BEA1C0:329D5389350BEA280",
      "properties": {
        "type": "Point",
        "intensity": 1.0,
        "range": 15.0,
        "colour": "#FFFFFF",
        "corona": {
          "sprite": "corona_flare02.png",
          "scale": 0.87,
          "range": 100.0
        },
        "dutyCycle": "Always()"
      }
    },
    {
      "parent": "/Far__x12_z2/Far__x12_z2_LFS/Far_Cargo Bay/Vehicles (1)/CargoShip_01/CargoShip_Bridge/Collider/CargoShip_Bridge_Collider/%GROUP%_Mesh0004090D00000000",
      "position": "(0,0.285,-0.04)",
      "hash": "32A62F89420BEB1F0:32A63B893E0BEB390",
      "properties": {
        "type": "Point",
        "intensity": 1.0,
        "range": 15.0,
        "colour": "#FFFFFF",
        "corona": {
          "sprite": "corona_flare02.png",
          "scale": 0.87,
          "range": 100.0
        },
        "dutyCycle": "Always()"
      }
    },
    {
      "parent": "/Far__x12_z2/Far__x12_z2_LFS/Far_Cargo Bay/Vehicles (1)/CargoShip_01/CargoShip_Bridge/Collider/CargoShip_Bridge_Collider/%GROUP%_Mesh0004500C60000001",
      "position": "(0,0.285,-0.04)",
      "hash": "32AE35893F0BE7350:32AE42893B0BE74F0",
      "properties": {
        "type": "Point",
        "intensity": 1.0,
        "range": 15.0,
        "colour": "#FFFFFF",
        "corona": {
          "sprite": "corona_flare02.png",
          "scale": 0.87,
          "range": 100.0
        },
        "dutyCycle": "Always()"
      }
    },
    {
      "parent": "/Far__x12_z2/Far__x12_z2_LFS/Far_Cargo Bay/Vehicles (1)/CargoShip_01/CargoShip_Bridge/Collider/CargoShip_Bridge_Collider/%GROUP%_Mesh000B180D07000433",
      "position": "(0,0.285,-0.04)",
      "hash": "32B22D894A0BE0480:32B24789460BE03C0",
      "properties": {
        "type": "Point",
        "intensity": 1.0,
        "range": 15.0,
        "colour": "#FFFFFF",
        "corona": {
          "sprite": "corona_flare02.png",
          "scale": 0.87,
          "range": 100.0
        },
        "dutyCycle": "Always()"
      }
    },
    {
      "parent": "/Far__x12_z2/Far__x12_z2_LFS/Far_Cargo Bay/Vehicles (1)/CargoShip_01/CargoShip_Front/Collider/Collider (23)/%GROUP%_Mesh00075E003A000018",
      "position": "(0,0.285,-0.04)",
      "rotation": "(0,0.976078331,0,-0.2174193)",
      "hash": "32F334813F0C984A0:32F328813B0C98300",
      "properties": {
        "type": "Point",
        "intensity": 0.5,
        "range": 10.0,
        "colour": "#FFFFFF",
        "corona": {
          "sprite": "corona_flare02.png",
          "scale": 0.87,
          "range": 100.0
        },
        "dutyCycle": "Always()"
      }
    },
    {
      "parent": "/Far__x12_z2/Far__x12_z2_LFS/Far_Cargo Bay/Vehicles (1)/CargoShip_01/CargoShip_Front/Collider/Collider (23)/%GROUP%_Mesh00075E003D000018",
      "position": "(0,0.285,-0.04)",
      "rotation": "(0,0.976078331,0,-0.2174193)",
      "hash": "33015A813C0C91630:33014E81380C91490",
      "properties": {
        "type": "Point",
        "intensity": 0.5,
        "range": 10.0,
        "colour": "#FFFFFF",
        "corona": {
          "sprite": "corona_flare02.png",
          "scale": 0.87,
          "range": 100.0
        },
        "dutyCycle": "Always()"
      }
    },
    {
      "parent": "/Far__x12_z2/Far__x12_z2_LFS/Far_Cargo Bay/Vehicles (1)/CargoShip_01/CargoShip_Front/Collider/Collider (39)",
      "position": "(1.36652446,6.36495972,-0.125534624)",
      "rotation": "(0,0.6225146,0,0.7826082)",
      "hash": "32FC408B360C9B420:32FD57915A0C9C1C0",
      "properties": {
        "type": "Point",
        "intensity": 1.0,
        "range": 30.0,
        "colour": "#DDEEFF",
        "corona": {
          "sprite": "corona_flare02.png",
          "scale": 1.0,
          "range": 100.0
        },
        "dutyCycle": "DuskTillDawn()"
      }
    }
  ],
  "meshes": [
    {
      "parent": "/Far__x12_z2/Far__x12_z2_LFS/Far_Cargo Bay/Vehicles (1)/CargoShip_01/CargoShip_Bridge/Collider/CargoShip_Bridge_Collider",
      "position": "(7.16075134,4.51685143,-38.6057739)",
      "rotation": "(-0.6901926,0.153734341,0.153734341,0.6901925)",
      "hash": "32AA137C420BE93A0:32A01C81120BC33B0",
      "properties": {
        "file": "meshes_lampposts.assetbundle",
        "mesh": "FloodLight_Wall"
      }
    },
    {
      "parent": "/Far__x12_z2/Far__x12_z2_LFS/Far_Cargo Bay/Vehicles (1)/CargoShip_01/CargoShip_Bridge/Collider/CargoShip_Bridge_Collider",
      "position": "(7.2224884,16.8799953,-38.6086426)",
      "rotation": "(-0.690164,0.1538626,0.1538626,0.69016397)",
      "hash": "32AA137C420BE93A0:32A0228D360BC3380",
      "properties": {
        "file": "meshes_lampposts.assetbundle",
        "mesh": "FloodLight_Wall"
      }
    },
    {
      "parent": "/Far__x12_z2/Far__x12_z2_LFS/Far_Cargo Bay/Vehicles (1)/CargoShip_01/CargoShip_Bridge/Collider/CargoShip_Bridge_Collider",
      "position": "(-7.21907043,16.9456234,-38.60852)",
      "rotation": "(-0.6902192,0.153614774,0.153614774,0.690219164)",
      "hash": "32AA137C420BE93A0:32931A8D3D0BC9450",
      "properties": {
        "file": "meshes_lampposts.assetbundle",
        "mesh": "FloodLight_Wall"
      }
    },
    {
      "parent": "/Far__x12_z2/Far__x12_z2_LFS/Far_Cargo Bay/Vehicles (1)/CargoShip_01/CargoShip_Bridge/Collider/CargoShip_Bridge_Collider",
      "position": "(-7.35072327,4.32839,-38.60607)",
      "rotation": "(-0.690190554,0.153743044,0.153743044,0.6901906)",
      "hash": "32AA137C420BE93A0:32930E80630BC94B0",
      "properties": {
        "file": "meshes_lampposts.assetbundle",
        "mesh": "FloodLight_Wall"
      }
    },
    {
      "parent": "/Far__x12_z2/Far__x12_z2_LFS/Far_Cargo Bay/Vehicles (1)/CargoShip_01/CargoShip_Bridge/Collider/CargoShip_Bridge_Collider",
      "position": "(-11.2490082,12.907568,-4.50193)",
      "rotation": "(-0.378361732,0.5973629,0.597362936,0.378361732)",
      "hash": "32AA137C420BE93A0:329E0989390BEA1C0",
      "properties": {
        "file": "meshes_lampposts.assetbundle",
        "mesh": "FloodLight_Wall"
      }
    },
    {
      "parent": "/Far__x12_z2/Far__x12_z2_LFS/Far_Cargo Bay/Vehicles (1)/CargoShip_01/CargoShip_Bridge/Collider/CargoShip_Bridge_Collider",
      "position": "(-4.09902954,13.0001888,-0.009262085)",
      "rotation": "(0.152940422,0.6903689,0.69036895,-0.152940422)",
      "hash": "32AA137C420BE93A0:32A62F89420BEB1F0",
      "properties": {
        "file": "meshes_lampposts.assetbundle",
        "mesh": "FloodLight_Wall"
      }
    },
    {
      "parent": "/Far__x12_z2/Far__x12_z2_LFS/Far_Cargo Bay/Vehicles (1)/CargoShip_01/CargoShip_Bridge/Collider/CargoShip_Bridge_Collider",
      "position": "(4.80603027,12.9638119,-0.0107879639)",
      "rotation": "(0.154536784,0.6900134,0.690013349,-0.154536784)",
      "hash": "32AA137C420BE93A0:32AE35893F0BE7350",
      "properties": {
        "file": "meshes_lampposts.assetbundle",
        "mesh": "FloodLight_Wall"
      }
    },
    {
      "parent": "/Far__x12_z2/Far__x12_z2_LFS/Far_Cargo Bay/Vehicles (1)/CargoShip_01/CargoShip_Bridge/Collider/CargoShip_Bridge_Collider",
      "position": "(11.24968,13.0710506,-4.51924133)",
      "rotation": "(-0.596133232,-0.38029626,-0.38029626,0.596133232)",
      "hash": "32AA137C420BE93A0:32B22D894A0BE0480",
      "properties": {
        "file": "meshes_lampposts.assetbundle",
        "mesh": "FloodLight_Wall"
      }
    },
    {
      "parent": "/Far__x12_z2/Far__x12_z2_LFS/Far_Cargo Bay/Vehicles (1)/CargoShip_01/CargoShip_Front/Collider/Collider (23)",
      "position": "(-7.94360352,-0.5826788,-0.2474289)",
      "rotation": "(-0.6901916,0.153738678,0.153738678,0.690191567)",
      "hash": "32FA5182150C953B0:32F334813F0C984A0",
      "properties": {
        "file": "meshes_lampposts.assetbundle",
        "mesh": "FloodLight_Wall"
      }
    },
    {
      "parent": "/Far__x12_z2/Far__x12_z2_LFS/Far_Cargo Bay/Vehicles (1)/CargoShip_01/CargoShip_Front/Collider/Collider (23)",
      "position": "(7.94412231,-0.6146765,-0.247245789)",
      "rotation": "(-0.6901916,0.153738678,0.153738678,0.690191567)",
      "hash": "32FA5182150C953B0:33015A813C0C91630",
      "properties": {
        "file": "meshes_lampposts.assetbundle",
        "mesh": "FloodLight_Wall"
      }
    }
  ],
  "decorations": []
}