{
  "version": 97,
  "enabled": true,
  "lights": [
    {
      "parent": "/Far__x12_z2/Far__x12_z2_LFS/Far_City Grid/PassengerPlatform (1)/Railway_Platform_RoofWide (2)/Collider/%GROUP%_Mesh0002100707000803",
      "position": "(0,0.25,0.5)",
      "rotation": "(0.6464226,0.0197014939,-0.01670136,0.7625422)",
      "hash": "34BA3378400DE8460:34BB0178270DE8430",
      "properties": {
        "type": "Point",
        "intensity": 0.5,
        "range": 10.0,
        "colour": "#FFFFFF",
        "corona": null,
        "dutyCycle": "Always()"
      }
    },
    {
      "parent": "/Far__x12_z2/Far__x12_z2_LFS/Far_City Grid/PassengerPlatform (1)/Railway_Platform_RoofWide (2)/Collider/%GROUP%_Mesh0002100707000803",
      "position": "(0,0.25,-0.5)",
      "rotation": "(0.6464226,0.0197014939,-0.01670136,0.7625422)",
      "hash": "34BA3378400DE8460:34BA0178270DE8480",
      "properties": {
        "type": "Point",
        "intensity": 0.5,
        "range": 10.0,
        "colour": "#FFFFFF",
        "corona": null,
        "dutyCycle": "Always()"
      }
    },
    {
      "parent": "/Far__x12_z2/Far__x12_z2_LFS/Far_City Grid/PassengerPlatform (1)/Railway_Platform_RoofWide (2)/Collider/%GROUP%_Mesh0002150708000762",
      "position": "(0,0.25,0.5)",
      "rotation": "(-0.0167013537,0.7625424,-0.6464225,-0.0197014976)",
      "hash": "34BA2178410DE4200:34BA5378280DE41F0",
      "properties": {
        "type": "Point",
        "intensity": 0.5,
        "range": 10.0,
        "colour": "#FFFFFF",
        "corona": null,
        "dutyCycle": "Always()"
      }
    },
    {
      "parent": "/Far__x12_z2/Far__x12_z2_LFS/Far_City Grid/PassengerPlatform (1)/Railway_Platform_RoofWide (2)/Collider/%GROUP%_Mesh0002150708000762",
      "position": "(0,0.25,-0.5)",
      "rotation": "(-0.0167013537,0.7625424,-0.6464225,-0.0197014976)",
      "hash": "34BA2178410DE4200:34B95378280DE4220",
      "properties": {
        "type": "Point",
        "intensity": 0.5,
        "range": 10.0,
        "colour": "#FFFFFF",
        "corona": null,
        "dutyCycle": "Always()"
      }
    },
    {
      "parent": "/Far__x12_z2/Far__x12_z2_LFS/Far_City Grid/PassengerPlatform (1)/Railway_Platform_RoofWide (2)/Collider/%GROUP%_Mesh0002120708000B63",
      "position": "(0,0.25,0.5)",
      "rotation": "(-0.0167013537,0.7625424,-0.6464225,-0.0197014976)",
      "hash": "34CE1D78410DE3200:34CE4F78280DE31D0",
      "properties": {
        "type": "Point",
        "intensity": 0.5,
        "range": 10.0,
        "colour": "#FFFFFF",
        "corona": null,
        "dutyCycle": "Always()"
      }
    },
    {
      "parent": "/Far__x12_z2/Far__x12_z2_LFS/Far_City Grid/PassengerPlatform (1)/Railway_Platform_RoofWide (2)/Collider/%GROUP%_Mesh0002120708000B63",
      "position": "(0,0.25,-0.5)",
      "rotation": "(-0.0167013537,0.7625424,-0.6464225,-0.0197014976)",
      "hash": "34CE1D78410DE3200:34CD5078280DE3230",
      "properties": {
        "type": "Point",
        "intensity": 0.5,
        "range": 10.0,
        "colour": "#FFFFFF",
        "corona": null,
        "dutyCycle": "Always()"
      }
    },
    {
      "parent": "/Far__x12_z2/Far__x12_z2_LFS/Far_City Grid/PassengerPlatform (1)/Railway_Platform_RoofWide (2)/Collider/%GROUP%_Mesh0002140708000B63",
      "position": "(0,0.25,0.5)",
      "rotation": "(0.6464226,0.0197014939,-0.01670136,0.7625422)",
      "hash": "34CE3478410DE7460:34CF0278280DE7440",
      "properties": {
        "type": "Point",
        "intensity": 0.5,
        "range": 10.0,
        "colour": "#FFFFFF",
        "corona": null,
        "dutyCycle": "Always()"
      }
    },
    {
      "parent": "/Far__x12_z2/Far__x12_z2_LFS/Far_City Grid/PassengerPlatform (1)/Railway_Platform_RoofWide (2)/Collider/%GROUP%_Mesh0002140708000B63",
      "position": "(0,0.25,-0.5)",
      "rotation": "(0.6464226,0.0197014939,-0.01670136,0.7625422)",
      "hash": "34CE3478410DE7460:34CE0278280DE7490",
      "properties": {
        "type": "Point",
        "intensity": 0.5,
        "range": 10.0,
        "colour": "#FFFFFF",
        "corona": null,
        "dutyCycle": "Always()"
      }
    },
    {
      "parent": "/Far__x12_z2/Far__x12_z2_LFS/Far_City Grid/PassengerPlatform (1)/Railway_Platform_RoofWide/Collider/%GROUP%_Mesh0002130708000802",
      "position": "(0,0.25,0.5)",
      "rotation": "(-0.0167013537,0.7625424,-0.6464225,-0.0197014976)",
      "hash": "34BA6178410DF1210:34BB2E78280DF11E0",
      "properties": {
        "type": "Point",
        "intensity": 0.5,
        "range": 10.0,
        "colour": "#FFFFFF",
        "corona": null,
        "dutyCycle": "Always()"
      }
    },
    {
      "parent": "/Far__x12_z2/Far__x12_z2_LFS/Far_City Grid/PassengerPlatform (1)/Railway_Platform_RoofWide/Collider/%GROUP%_Mesh0002130708000802",
      "position": "(0,0.25,-0.5)",
      "rotation": "(-0.0167013537,0.7625424,-0.6464225,-0.0197014976)",
      "hash": "34BA6178410DF1210:34BA2F78280DF1240",
      "properties": {
        "type": "Point",
        "intensity": 0.5,
        "range": 10.0,
        "colour": "#FFFFFF",
        "corona": null,
        "dutyCycle": "Always()"
      }
    },
    {
      "parent": "/Far__x12_z2/Far__x12_z2_LFS/Far_City Grid/PassengerPlatform (1)/Railway_Platform_RoofWide/Collider/%GROUP%_Mesh0002120708000800",
      "position": "(0,0.25,0.5)",
      "rotation": "(0.6464226,0.0197014939,-0.01670136,0.7625422)",
      "hash": "34BB1678410DF5460:34BB4878280DF5440",
      "properties": {
        "type": "Point",
        "intensity": 0.5,
        "range": 10.0,
        "colour": "#FFFFFF",
        "corona": null,
        "dutyCycle": "Always()"
      }
    },
    {
      "parent": "/Far__x12_z2/Far__x12_z2_LFS/Far_City Grid/PassengerPlatform (1)/Railway_Platform_RoofWide/Collider/%GROUP%_Mesh0002120708000800",
      "position": "(0,0.25,-0.5)",
      "rotation": "(0.6464226,0.0197014939,-0.01670136,0.7625422)",
      "hash": "34BB1678410DF5460:34BA4878280DF5490",
      "properties": {
        "type": "Point",
        "intensity": 0.5,
        "range": 10.0,
        "colour": "#FFFFFF",
        "corona": null,
        "dutyCycle": "Always()"
      }
    },
    {
      "parent": "/Far__x12_z2/Far__x12_z2_LFS/Far_City Grid/PassengerPlatform (1)/Railway_Platform_RoofWide/Collider/%GROUP%_Mesh0002130708000B5F",
      "position": "(0,0.25,0.5)",
      "rotation": "(0.6464226,0.0197014939,-0.01670136,0.7625422)",
      "hash": "34CF0F78410DF4440:34CF4178280DF4420",
      "properties": {
        "type": "Point",
        "intensity": 0.5,
        "range": 10.0,
        "colour": "#FFFFFF",
        "corona": null,
        "dutyCycle": "Always()"
      }
    },
    {
      "parent": "/Far__x12_z2/Far__x12_z2_LFS/Far_City Grid/PassengerPlatform (1)/Railway_Platform_RoofWide/Collider/%GROUP%_Mesh0002130708000B5F",
      "position": "(0,0.25,-0.5)",
      "rotation": "(0.6464226,0.0197014939,-0.01670136,0.7625422)",
      "hash": "34CF0F78410DF4440:34CE4178280DF4460",
      "properties": {
        "type": "Point",
        "intensity": 0.5,
        "range": 10.0,
        "colour": "#FFFFFF",
        "corona": null,
        "dutyCycle": "Always()"
      }
    },
    {
      "parent": "/Far__x12_z2/Far__x12_z2_LFS/Far_City Grid/PassengerPlatform (1)/Railway_Platform_RoofWide/Collider/%GROUP%_Mesh0002110708000B61",
      "position": "(0,0.25,0.5)",
      "rotation": "(-0.0167013537,0.7625424,-0.6464225,-0.0197014976)",
      "hash": "34CE5E78400DF0200:34CF2C78270DF01D0",
      "properties": {
        "type": "Point",
        "intensity": 0.5,
        "range": 10.0,
        "colour": "#FFFFFF",
        "corona": null,
        "dutyCycle": "Always()"
      }
    },
    {
      "parent": "/Far__x12_z2/Far__x12_z2_LFS/Far_City Grid/PassengerPlatform (1)/Railway_Platform_RoofWide/Collider/%GROUP%_Mesh0002110708000B61",
      "position": "(0,0.25,-0.5)",
      "rotation": "(-0.0167013537,0.7625424,-0.6464225,-0.0197014976)",
      "hash": "34CE5E78400DF0200:34CE2C78270DF0230",
      "properties": {
        "type": "Point",
        "intensity": 0.5,
        "range": 10.0,
        "colour": "#FFFFFF",
        "corona": null,
        "dutyCycle": "Always()"
      }
    },
    {
      "parent": "/Far__x12_z2/Far__x12_z2_LFS/Far_City Grid/PassengerPlatform (1)/Railway_PlatformWide_6/Collider/collider/%GROUP%_Mesh0000090100001340",
      "position": "(0,7.1,1.55)",
      "rotation": "(-0.7071068,0,0,0.7071068)",
      "hash": "34E22972380DF13B0:34E36079420DF1320",
      "properties": {
        "type": "Point",
        "intensity": 1.0,
        "range": 20.0,
        "colour": "#FFB24D",
        "corona": {
          "sprite": "corona_orange01.png",
          "scale": 0.75,
          "range": 100.0
        },
        "dutyCycle": "DuskTillDawn()"
      }
    },
    {
      "parent": "/Far__x12_z2/Far__x12_z2_LFS/Far_City Grid/PassengerPlatform (1)/Railway_PlatformWide_6/Collider/collider/%GROUP%_Mesh0000090100001340",
      "position": "(0,7.1,-1.55)",
      "rotation": "(-0.7071068,0,0,0.7071068)",
      "hash": "34E22972380DF13B0:34E05779420DF1430",
      "properties": {
        "type": "Point",
        "intensity": 1.0,
        "range": 20.0,
        "colour": "#FFB24D",
        "corona": {
          "sprite": "corona_orange01.png",
          "scale": 0.75,
          "range": 100.0
        },
        "dutyCycle": "DuskTillDawn()"
      }
    },
    {
      "parent": "/Far__x12_z2/Far__x12_z2_LFS/Far_City Grid/PassengerPlatform (1)/Railway_PlatformWide_6/Collider/collider/%GROUP%_Mesh0000000100000911",
      "position": "(0,7.1,1.55)",
      "rotation": "(-0.7071068,0,0,0.7071068)",
      "hash": "34FF1372380DF0000:35004A79420DEF5C0",
      "properties": {
        "type": "Point",
        "intensity": 1.0,
        "range": 20.0,
        "colour": "#FFB24D",
        "corona": {
          "sprite": "corona_orange01.png",
          "scale": 0.75,
          "range": 100.0
        },
        "dutyCycle": "DuskTillDawn()"
      }
    },
    {
      "parent": "/Far__x12_z2/Far__x12_z2_LFS/Far_City Grid/PassengerPlatform (1)/Railway_PlatformWide_6/Collider/collider/%GROUP%_Mesh0000000100000911",
      "position": "(0,7.1,-1.55)",
      "rotation": "(-0.7071068,0,0,0.7071068)",
      "hash": "34FF1372380DF0000:34FD4179420DF0080",
      "properties": {
        "type": "Point",
        "intensity": 1.0,
        "range": 20.0,
        "colour": "#FFB24D",
        "corona": {
          "sprite": "corona_orange01.png",
          "scale": 0.75,
          "range": 100.0
        },
        "dutyCycle": "DuskTillDawn()"
      }
    }
  ],
  "meshes": [
    {
      "parent": "/Far__x12_z2/Far__x12_z2_LFS/Far_City Grid/PassengerPlatform (1)/Railway_Platform_RoofWide (2)/Collider",
      "position": "(-2.16210938,7.078804,-8.034851)",
      "rotation": "(0.7253744,0,0.6883546,0)",
      "hash": "34C22A71380DE60C0:34BA3378400DE8460",
      "properties": {
        "file": "meshes_lampposts.assetbundle",
        "mesh": "IndustrialLamp_Ceiling"
      }
    },
    {
      "parent": "/Far__x12_z2/Far__x12_z2_LFS/Far_City Grid/PassengerPlatform (1)/Railway_Platform_RoofWide (2)/Collider",
      "position": "(2.2130127,7.08727264,-7.989563)",
      "rotation": "(0.7193398,0,0.6946584,0)",
      "hash": "34C22A71380DE60C0:34BA2178410DE4200",
      "properties": {
        "file": "meshes_lampposts.assetbundle",
        "mesh": "IndustrialLamp_Ceiling"
      }
    },
    {
      "parent": "/Far__x12_z2/Far__x12_z2_LFS/Far_City Grid/PassengerPlatform (1)/Railway_Platform_RoofWide (2)/Collider",
      "position": "(2.18573,7.082733,11.9985657)",
      "rotation": "(0.7313537,0,0.6819984,0)",
      "hash": "34C22A71380DE60C0:34CE1D78410DE3200",
      "properties": {
        "file": "meshes_lampposts.assetbundle",
        "mesh": "IndustrialLamp_Ceiling"
      }
    },
    {
      "parent": "/Far__x12_z2/Far__x12_z2_LFS/Far_City Grid/PassengerPlatform (1)/Railway_Platform_RoofWide (2)/Collider",
      "position": "(-2.20367432,7.08571625,11.9985046)",
      "rotation": "(0.7253744,0,0.6883546,0)",
      "hash": "34C22A71380DE60C0:34CE3478410DE7460",
      "properties": {
        "file": "meshes_lampposts.assetbundle",
        "mesh": "IndustrialLamp_Ceiling"
      }
    },
    {
      "parent": "/Far__x12_z2/Far__x12_z2_LFS/Far_City Grid/PassengerPlatform (1)/Railway_Platform_RoofWide/Collider",
      "position": "(2.19317627,7.084015,-8.028107)",
      "rotation": "(0.7253744,0,0.6883546,0)",
      "hash": "34C30A71380DF30A0:34BA6178410DF1210",
      "properties": {
        "file": "meshes_lampposts.assetbundle",
        "mesh": "IndustrialLamp_Ceiling"
      }
    },
    {
      "parent": "/Far__x12_z2/Far__x12_z2_LFS/Far_City Grid/PassengerPlatform (1)/Railway_Platform_RoofWide/Collider",
      "position": "(-2.18804932,7.083084,-8.001373)",
      "rotation": "(0.7253744,0,0.6883546,0)",
      "hash": "34C30A71380DF30A0:34BB1678410DF5460",
      "properties": {
        "file": "meshes_lampposts.assetbundle",
        "mesh": "IndustrialLamp_Ceiling"
      }
    },
    {
      "parent": "/Far__x12_z2/Far__x12_z2_LFS/Far_City Grid/PassengerPlatform (1)/Railway_Platform_RoofWide/Collider",
      "position": "(-2.19671631,7.08453369,11.9525757)",
      "rotation": "(0.7193398,0,0.6946584,0)",
      "hash": "34C30A71380DF30A0:34CF0F78410DF4440",
      "properties": {
        "file": "meshes_lampposts.assetbundle",
        "mesh": "IndustrialLamp_Ceiling"
      }
    },
    {
      "parent": "/Far__x12_z2/Far__x12_z2_LFS/Far_City Grid/PassengerPlatform (1)/Railway_Platform_RoofWide/Collider",
      "position": "(2.170166,7.080162,11.9719849)",
      "rotation": "(0.7253744,0,0.6883546,0)",
      "hash": "34C30A71380DF30A0:34CE5E78400DF0200",
      "properties": {
        "file": "meshes_lampposts.assetbundle",
        "mesh": "IndustrialLamp_Ceiling"
      }
    },
    {
      "parent": "/Far__x12_z2/Far__x12_z2_LFS/Far_City Grid/PassengerPlatform (1)/Railway_PlatformWide_6/Collider/collider",
      "position": "(-0.09979248,1,-19.646759)",
      "rotation": "(0,0.725374341,0,0.6883546)",
      "hash": "34F60371380DF02F0:34E22972380DF13B0",
      "properties": {
        "file": "meshes_lampposts.assetbundle",
        "mesh": "LampPostDouble_Floor"
      }
    },
    {
      "parent": "/Far__x12_z2/Far__x12_z2_LFS/Far_City Grid/PassengerPlatform (1)/Railway_PlatformWide_6/Collider/collider",
      "position": "(-0.00262451172,1,9.176971)",
      "rotation": "(0,0.725374341,0,0.6883546)",
      "hash": "34F60371380DF02F0:34FF1372380DF0000",
      "properties": {
        "file": "meshes_lampposts.assetbundle",
        "mesh": "LampPostDouble_Floor"
      }
    }
  ],
  "decorations": []
}