{
  "version": 97,
  "enabled": true,
  "lights": [
    {
      "parent": "/Far__x12_z2/Far__x12_z2_LFS/Far_General/Ship Bollard Arrays/Ship Bollard Array 3/Ship_Bollard (37)/collider/%GROUP%_Mesh023B3A000200AE3B",
      "position": "(0.75,12.25,0)",
      "rotation": "(-0.7071068,0,0,0.7071068)",
      "hash": "35830671040DDB510:3583017D1D0DDB060",
      "properties": {
        "type": "Point",
        "intensity": 1.0,
        "range": 30.0,
        "colour": "#FFFFFF",
        "corona": {
          "sprite": "corona_white01.png",
          "scale": 1.0,
          "range": 100.0
        },
        "dutyCycle": "DuskTillDawn()"
      }
    },
    {
      "parent": "/Far__x12_z2/Far__x12_z2_LFS/Far_General/Ship Bollard Arrays/Ship Bollard Array 3/Ship_Bollard (37)/collider/%GROUP%_Mesh023B3A000200AE3B",
      "position": "(0,12.25,0.75)",
      "rotation": "(-0.7071068,0,0,0.7071068)",
      "hash": "35830671040DDB510:3583517D1D0DDB4C0",
      "properties": {
        "type": "Point",
        "intensity": 1.0,
        "range": 30.0,
        "colour": "#FFFFFF",
        "corona": {
          "sprite": "corona_white01.png",
          "scale": 1.0,
          "range": 100.0
        },
        "dutyCycle": "DuskTillDawn()"
      }
    },
    {
      "parent": "/Far__x12_z2/Far__x12_z2_LFS/Far_General/Ship Bollard Arrays/Ship Bollard Array 3/Ship_Bollard (37)/collider/%GROUP%_Mesh023B3A000200AE3B",
      "position": "(-0.75,12.25,0)",
      "rotation": "(-0.7071068,0,0,0.7071068)",
      "hash": "35830671040DDB510:35830B7D1D0DDC380",
      "properties": {
        "type": "Point",
        "intensity": 1.0,
        "range": 30.0,
        "colour": "#FFFFFF",
        "corona": {
          "sprite": "corona_white01.png",
          "scale": 1.0,
          "range": 100.0
        },
        "dutyCycle": "DuskTillDawn()"
      }
    },
    {
      "parent": "/Far__x12_z2/Far__x12_z2_LFS/Far_General/Ship Bollard Arrays/Ship Bollard Array 3/Ship_Bollard (37)/collider/%GROUP%_Mesh023B3A000200AE3B",
      "position": "(0,12.25,-0.75)",
      "rotation": "(-0.7071068,0,0,0.7071068)",
      "hash": "35830671040DDB510:35821F7D1D0DDB560",
      "properties": {
        "type": "Point",
        "intensity": 1.0,
        "range": 30.0,
        "colour": "#FFFFFF",
        "corona": {
          "sprite": "corona_white01.png",
          "scale": 1.0,
          "range": 100.0
        },
        "dutyCycle": "DuskTillDawn()"
      }
    },
    {
      "parent": "/Far__x12_z2/Far__x12_z2_LFS/Far_General/Ship Bollard Arrays/Ship Bollard Array 3/Ship_Bollard (37)/collider/%GROUP%_Mesh025519000200EE2E",
      "position": "(0.75,12.25,0)",
      "rotation": "(-0.7071068,0,0,0.7071068)",
      "hash": "35C74E71040DD75E0:35C74A7D1D0DD7140",
      "properties": {
        "type": "Point",
        "intensity": 1.0,
        "range": 30.0,
        "colour": "#FFFFFF",
        "corona": {
          "sprite": "corona_white01.png",
          "scale": 1.0,
          "range": 100.0
        },
        "dutyCycle": "DuskTillDawn()"
      }
    },
    {
      "parent": "/Far__x12_z2/Far__x12_z2_LFS/Far_General/Ship Bollard Arrays/Ship Bollard Array 3/Ship_Bollard (37)/collider/%GROUP%_Mesh025519000200EE2E",
      "position": "(0,12.25,0.75)",
      "rotation": "(-0.7071068,0,0,0.7071068)",
      "hash": "35C74E71040DD75E0:35C8357D1D0DD75B0",
      "properties": {
        "type": "Point",
        "intensity": 1.0,
        "range": 30.0,
        "colour": "#FFFFFF",
        "corona": {
          "sprite": "corona_white01.png",
          "scale": 1.0,
          "range": 100.0
        },
        "dutyCycle": "DuskTillDawn()"
      }
    },
    {
      "parent": "/Far__x12_z2/Far__x12_z2_LFS/Far_General/Ship Bollard Arrays/Ship Bollard Array 3/Ship_Bollard (37)/collider/%GROUP%_Mesh025519000200EE2E",
      "position": "(-0.75,12.25,0)",
      "rotation": "(-0.7071068,0,0,0.7071068)",
      "hash": "35C74E71040DD75E0:35C7527D1D0DD8450",
      "properties": {
        "type": "Point",
        "intensity": 1.0,
        "range": 30.0,
        "colour": "#FFFFFF",
        "corona": {
          "sprite": "corona_white01.png",
          "scale": 1.0,
          "range": 100.0
        },
        "dutyCycle": "DuskTillDawn()"
      }
    },
    {
      "parent": "/Far__x12_z2/Far__x12_z2_LFS/Far_General/Ship Bollard Arrays/Ship Bollard Array 3/Ship_Bollard (37)/collider/%GROUP%_Mesh025519000200EE2E",
      "position": "(0,12.25,-0.75)",
      "rotation": "(-0.7071068,0,0,0.7071068)",
      "hash": "35C74E71040DD75E0:35C7037D1D0DD7620",
      "properties": {
        "type": "Point",
        "intensity": 1.0,
        "range": 30.0,
        "colour": "#FFFFFF",
        "corona": {
          "sprite": "corona_white01.png",
          "scale": 1.0,
          "range": 100.0
        },
        "dutyCycle": "DuskTillDawn()"
      }
    },
    {
      "parent": "/Far__x13_z3/Far__x13_z3_LFS/Far_tunnel/%GROUP%_Mesh008B38171301801B",
      "position": "(0.75,12.25,0)",
      "rotation": "(-0.7071068,0,0,0.7071068)",
      "hash": "36160F71040DD3210:36160A7D1D0DD23B0",
      "properties": {
        "type": "Point",
        "intensity": 1.0,
        "range": 30.0,
        "colour": "#FFFFFF",
        "corona": {
          "sprite": "corona_white01.png",
          "scale": 1.0,
          "range": 100.0
        },
        "dutyCycle": "DuskTillDawn()"
      }
    },
    {
      "parent": "/Far__x13_z3/Far__x13_z3_LFS/Far_tunnel/%GROUP%_Mesh008B38171301801B",
      "position": "(0,12.25,0.75)",
      "rotation": "(-0.7071068,0,0,0.7071068)",
      "hash": "36160F71040DD3210:36165A7D1D0DD31C0",
      "properties": {
        "type": "Point",
        "intensity": 1.0,
        "range": 30.0,
        "colour": "#FFFFFF",
        "corona": {
          "sprite": "corona_white01.png",
          "scale": 1.0,
          "range": 100.0
        },
        "dutyCycle": "DuskTillDawn()"
      }
    },
    {
      "parent": "/Far__x13_z3/Far__x13_z3_LFS/Far_tunnel/%GROUP%_Mesh008B38171301801B",
      "position": "(-0.75,12.25,0)",
      "rotation": "(-0.7071068,0,0,0.7071068)",
      "hash": "36160F71040DD3210:3616157D1D0DD4080",
      "properties": {
        "type": "Point",
        "intensity": 1.0,
        "range": 30.0,
        "colour": "#FFFFFF",
        "corona": {
          "sprite": "corona_white01.png",
          "scale": 1.0,
          "range": 100.0
        },
        "dutyCycle": "DuskTillDawn()"
      }
    },
    {
      "parent": "/Far__x13_z3/Far__x13_z3_LFS/Far_tunnel/%GROUP%_Mesh008B38171301801B",
      "position": "(0,12.25,-0.75)",
      "rotation": "(-0.7071068,0,0,0.7071068)",
      "hash": "36160F71040DD3210:3615297D1D0DD3270",
      "properties": {
        "type": "Point",
        "intensity": 1.0,
        "range": 30.0,
        "colour": "#FFFFFF",
        "corona": {
          "sprite": "corona_white01.png",
          "scale": 1.0,
          "range": 100.0
        },
        "dutyCycle": "DuskTillDawn()"
      }
    },
    {
      "parent": "/Far__x12_z2/Far__x12_z2_LFS/Far_General/Ship Bollard Arrays/Ship Bollard Array 3/Ship_Bollard (37)/collider/%GROUP%_Mesh01DF150002003612",
      "position": "(0.75,12.25,0)",
      "rotation": "(-0.7071068,0,0,0.7071068)",
      "hash": "348C4671040DE91C0:348C547D1D0DEA010",
      "properties": {
        "type": "Point",
        "intensity": 1.0,
        "range": 30.0,
        "colour": "#FFFFFF",
        "corona": {
          "sprite": "corona_white01.png",
          "scale": 1.0,
          "range": 100.0
        },
        "dutyCycle": "DuskTillDawn()"
      }
    },
    {
      "parent": "/Far__x12_z2/Far__x12_z2_LFS/Far_General/Ship Bollard Arrays/Ship Bollard Array 3/Ship_Bollard (37)/collider/%GROUP%_Mesh01DF150002003612",
      "position": "(0,12.25,0.75)",
      "rotation": "(-0.7071068,0,0,0.7071068)",
      "hash": "348C4671040DE91C0:348B607D1D0DE92A0",
      "properties": {
        "type": "Point",
        "intensity": 1.0,
        "range": 30.0,
        "colour": "#FFFFFF",
        "corona": {
          "sprite": "corona_white01.png",
          "scale": 1.0,
          "range": 100.0
        },
        "dutyCycle": "DuskTillDawn()"
      }
    },
    {
      "parent": "/Far__x12_z2/Far__x12_z2_LFS/Far_General/Ship Bollard Arrays/Ship Bollard Array 3/Ship_Bollard (37)/collider/%GROUP%_Mesh01DF150002003612",
      "position": "(-0.75,12.25,0)",
      "rotation": "(-0.7071068,0,0,0.7071068)",
      "hash": "348C4671040DE91C0:348C387D1D0DE8360",
      "properties": {
        "type": "Point",
        "intensity": 1.0,
        "range": 30.0,
        "colour": "#FFFFFF",
        "corona": {
          "sprite": "corona_white01.png",
          "scale": 1.0,
          "range": 100.0
        },
        "dutyCycle": "DuskTillDawn()"
      }
    },
    {
      "parent": "/Far__x12_z2/Far__x12_z2_LFS/Far_General/Ship Bollard Arrays/Ship Bollard Array 3/Ship_Bollard (37)/collider/%GROUP%_Mesh01DF150002003612",
      "position": "(0,12.25,-0.75)",
      "rotation": "(-0.7071068,0,0,0.7071068)",
      "hash": "348C4671040DE91C0:348D2C7D1D0DE90D0",
      "properties": {
        "type": "Point",
        "intensity": 1.0,
        "range": 30.0,
        "colour": "#FFFFFF",
        "corona": {
          "sprite": "corona_white01.png",
          "scale": 1.0,
          "range": 100.0
        },
        "dutyCycle": "DuskTillDawn()"
      }
    },
    {
      "parent": "/Far__x12_z2/Far__x12_z2_LFS/Far_General/Ship Bollard Arrays/Ship Bollard Array 3/Ship_Bollard (37)/collider/%GROUP%_Mesh01C8170002006E37",
      "position": "(0.75,12.25,0)",
      "rotation": "(-0.7071068,0,0,0.7071068)",
      "hash": "344F5B71040DEC270:344F5C7D1D0DED0E0",
      "properties": {
        "type": "Point",
        "intensity": 1.0,
        "range": 30.0,
        "colour": "#FFFFFF",
        "corona": {
          "sprite": "corona_white01.png",
          "scale": 1.0,
          "range": 100.0
        },
        "dutyCycle": "DuskTillDawn()"
      }
    },
    {
      "parent": "/Far__x12_z2/Far__x12_z2_LFS/Far_General/Ship Bollard Arrays/Ship Bollard Array 3/Ship_Bollard (37)/collider/%GROUP%_Mesh01C8170002006E37",
      "position": "(0,12.25,0.75)",
      "rotation": "(-0.7071068,0,0,0.7071068)",
      "hash": "344F5B71040DEC270:344F107D1D0DEC290",
      "properties": {
        "type": "Point",
        "intensity": 1.0,
        "range": 30.0,
        "colour": "#FFFFFF",
        "corona": {
          "sprite": "corona_white01.png",
          "scale": 1.0,
          "range": 100.0
        },
        "dutyCycle": "DuskTillDawn()"
      }
    },
    {
      "parent": "/Far__x12_z2/Far__x12_z2_LFS/Far_General/Ship Bollard Arrays/Ship Bollard Array 3/Ship_Bollard (37)/collider/%GROUP%_Mesh01C8170002006E37",
      "position": "(-0.75,12.25,0)",
      "rotation": "(-0.7071068,0,0,0.7071068)",
      "hash": "344F5B71040DEC270:344F597D1D0DEB400",
      "properties": {
        "type": "Point",
        "intensity": 1.0,
        "range": 30.0,
        "colour": "#FFFFFF",
        "corona": {
          "sprite": "corona_white01.png",
          "scale": 1.0,
          "range": 100.0
        },
        "dutyCycle": "DuskTillDawn()"
      }
    },
    {
      "parent": "/Far__x12_z2/Far__x12_z2_LFS/Far_General/Ship Bollard Arrays/Ship Bollard Array 3/Ship_Bollard (37)/collider/%GROUP%_Mesh01C8170002006E37",
      "position": "(0,12.25,-0.75)",
      "rotation": "(-0.7071068,0,0,0.7071068)",
      "hash": "344F5B71040DEC270:3450427D1D0DEC260",
      "properties": {
        "type": "Point",
        "intensity": 1.0,
        "range": 30.0,
        "colour": "#FFFFFF",
        "corona": {
          "sprite": "corona_white01.png",
          "scale": 1.0,
          "range": 100.0
        },
        "dutyCycle": "DuskTillDawn()"
      }
    },
    {
      "parent": "/Far__x12_z2/Far__x12_z2_LFS/Far_General/Ship Bollard Arrays/Ship Bollard Array 3/Ship_Bollard (37)/collider/%GROUP%_Mesh01B15C000200A52B",
      "position": "(0.75,12.25,0)",
      "rotation": "(-0.7071068,0,0,0.7071068)",
      "hash": "34144B71040DEF310:34144C7D1D0DF0180",
      "properties": {
        "type": "Point",
        "intensity": 1.0,
        "range": 30.0,
        "colour": "#FFFFFF",
        "corona": {
          "sprite": "corona_white01.png",
          "scale": 1.0,
          "range": 100.0
        },
        "dutyCycle": "DuskTillDawn()"
      }
    },
    {
      "parent": "/Far__x12_z2/Far__x12_z2_LFS/Far_General/Ship Bollard Arrays/Ship Bollard Array 3/Ship_Bollard (37)/collider/%GROUP%_Mesh01B15C000200A52B",
      "position": "(0,12.25,0.75)",
      "rotation": "(-0.7071068,0,0,0.7071068)",
      "hash": "34144B71040DEF310:3414007D1D0DEF320",
      "properties": {
        "type": "Point",
        "intensity": 1.0,
        "range": 30.0,
        "colour": "#FFFFFF",
        "corona": {
          "sprite": "corona_white01.png",
          "scale": 1.0,
          "range": 100.0
        },
        "dutyCycle": "DuskTillDawn()"
      }
    },
    {
      "parent": "/Far__x12_z2/Far__x12_z2_LFS/Far_General/Ship Bollard Arrays/Ship Bollard Array 3/Ship_Bollard (37)/collider/%GROUP%_Mesh01B15C000200A52B",
      "position": "(-0.75,12.25,0)",
      "rotation": "(-0.7071068,0,0,0.7071068)",
      "hash": "34144B71040DEF310:34144A7D1D0DEE4A0",
      "properties": {
        "type": "Point",
        "intensity": 1.0,
        "range": 30.0,
        "colour": "#FFFFFF",
        "corona": {
          "sprite": "corona_white01.png",
          "scale": 1.0,
          "range": 100.0
        },
        "dutyCycle": "DuskTillDawn()"
      }
    },
    {
      "parent": "/Far__x12_z2/Far__x12_z2_LFS/Far_General/Ship Bollard Arrays/Ship Bollard Array 3/Ship_Bollard (37)/collider/%GROUP%_Mesh01B15C000200A52B",
      "position": "(0,12.25,-0.75)",
      "rotation": "(-0.7071068,0,0,0.7071068)",
      "hash": "34144B71040DEF310:3415327D1D0DEF300",
      "properties": {
        "type": "Point",
        "intensity": 1.0,
        "range": 30.0,
        "colour": "#FFFFFF",
        "corona": {
          "sprite": "corona_white01.png",
          "scale": 1.0,
          "range": 100.0
        },
        "dutyCycle": "DuskTillDawn()"
      }
    }
  ],
  "meshes": [
    {
      "parent": "/Far__x12_z2/Far__x12_z2_LFS/Far_General/Ship Bollard Arrays/Ship Bollard Array 3/Ship_Bollard (37)/collider",
      "position": "(-571.582,-0.02532959,174.598633)",
      "rotation": "(0,0.7313537,0,0.6819984)",
      "hash": "33F22571060C20250:35830671040DDB510",
      "properties": {
        "file": "meshes_lampposts.assetbundle",
        "mesh": "YardLamp_Floor"
      }
    },
    {
      "parent": "/Far__x12_z2/Far__x12_z2_LFS/Far_General/Ship Bollard Arrays/Ship Bollard Array 3/Ship_Bollard (37)/collider",
      "position": "(-597.252,-0.02532959,238.460815)",
      "rotation": "(0,0.725374341,0,0.6883546)",
      "hash": "33F22571060C20250:35C74E71040DD75E0",
      "properties": {
        "file": "meshes_lampposts.assetbundle",
        "mesh": "YardLamp_Floor"
      }
    },
    {
      "parent": "/Far__x13_z3/Far__x13_z3_LFS/Far_tunnel",
      "position": "(-139.561523,-23.19519,384.273682)",
      "rotation": "(0,0.7313537,0,0.6819984)",
      "hash": "36A14888170C53060:36160F71040DD3210",
      "properties": {
        "file": "meshes_lampposts.assetbundle",
        "mesh": "YardLamp_Floor"
      }
    },
    {
      "parent": "/Far__x12_z2/Far__x12_z2_LFS/Far_General/Ship Bollard Arrays/Ship Bollard Array 3/Ship_Bollard (37)/collider",
      "position": "(-479.214722,-0.02532959,-54.1855469)",
      "rotation": "(0,-0.636078238,0,0.771624565)",
      "hash": "33F22571060C20250:348C4671040DE91C0",
      "properties": {
        "file": "meshes_lampposts.assetbundle",
        "mesh": "YardLamp_Floor"
      }
    },
    {
      "parent": "/Far__x12_z2/Far__x12_z2_LFS/Far_General/Ship Bollard Arrays/Ship Bollard Array 3/Ship_Bollard (37)/collider",
      "position": "(-456.232727,-0.02532959,-110.556488)",
      "rotation": "(0,-0.7009093,0,0.7132504)",
      "hash": "33F22571060C20250:344F5B71040DEC270",
      "properties": {
        "file": "meshes_lampposts.assetbundle",
        "mesh": "YardLamp_Floor"
      }
    },
    {
      "parent": "/Far__x12_z2/Far__x12_z2_LFS/Far_General/Ship Bollard Arrays/Ship Bollard Array 3/Ship_Bollard (37)/collider",
      "position": "(-433.9281,-0.02532959,-165.430847)",
      "rotation": "(0,-0.7009093,0,0.7132504)",
      "hash": "33F22571060C20250:34144B71040DEF310",
      "properties": {
        "file": "meshes_lampposts.assetbundle",
        "mesh": "YardLamp_Floor"
      }
    }
  ],
  "decorations": []
}