{
  "version": 97,
  "enabled": true,
  "priority": "High",
  "lights": [
    {
      "parent": "/Far__x12_z10/Far__x12_z10_LFS/Far_IndustryBuildings/Burner_Large (1)/collider",
      "position": "(-4.212274,58.0950241,19.0691013)",
      "hash": "31DA4C8A102A590A0:31CB5DC41A2A4C270",
      "properties": {
        "type": "Point",
        "intensity": 1.0,
        "range": 20.0,
        "colour": "#FF0000",
        "corona": {
          "sprite": "corona_flare02.png",
          "scale": 0.5,
          "range": 500.0
        },
        "dutyCycle": "Always()"
      }
    },
    {
      "parent": "/Far__x12_z10/Far__x12_z10_LFS/Far_IndustryBuildings/Burner_Large (1)/collider",
      "position": "(-1.615245,58.0950241,18.94644)",
      "hash": "31DA4C8A102A590A0:31CA51C41A2A4E4A0",
      "properties": {
        "type": "Point",
        "intensity": 1.0,
        "range": 20.0,
        "colour": "#FF0000",
        "corona": {
          "sprite": "corona_flare02.png",
          "scale": 0.5,
          "range": 500.0
        },
        "dutyCycle": "Always()"
      }
    },
    {
      "parent": "/Far__x12_z10/Far__x12_z10_LFS/Far_IndustryBuildings/Burner_Large/collider",
      "position": "(-3.06726265,58.094986,20.3765259)",
      "hash": "32AE598A102AF7630:32A239C41A2B08330",
      "properties": {
        "type": "Point",
        "intensity": 1.0,
        "range": 20.0,
        "colour": "#FF0000",
        "corona": {
          "sprite": "corona_flare02.png",
          "scale": 0.5,
          "range": 500.0
        },
        "dutyCycle": "Always()",
        "neverCull": true
      }
    },
    {
      "parent": "/Far__x12_z10/Far__x12_z10_LFS/Far_IndustryBuildings/Burner_Large/collider",
      "position": "(-3.06018257,58.09499,17.6203613)",
      "hash": "32AE598A102AF7630:32A358C41A2B06080",
      "properties": {
        "type": "Point",
        "intensity": 1.0,
        "range": 20.0,
        "colour": "#FF0000",
        "corona": {
          "sprite": "corona_flare02.png",
          "scale": 0.5,
          "range": 500.0
        },
        "dutyCycle": "Always()"
      }
    }
  ],
  "meshes": [],
  "decorations": []
}