{
  "version": 92,
  "enabled": true,
  "lights": [
    {
      "parent": "/Far__x12_z10/Far__x12_z10_LFS/Far_Roads/ParkingLot05 (21)/Collider",
      "position": "(-7.50372458,4.621467,-3.97289729)",
      "rotation": "(0.7071068,0,0,0.7071068)",
      "hash": "334A518C152BB1320:33515590542BAC4C0",
      "properties": {
        "type": "Point",
        "intensity": 0.7,
        "range": 10.0,
        "colour": "#FFE5B2",
        "corona": null,
        "dutyCycle": "DuskTillDawn()"
      }
    },
    {
      "parent": "/Far__x12_z10/Far__x12_z10_LFS/Far_IndustryBuildings/FakeOffice_1/collider",
      "position": "(6.72467041,6.625294,-0.009282154)",
      "rotation": "(0.7071068,0,0,0.7071068)",
      "hash": "3354098A102BB5220:33571A904F2BAF280",
      "properties": {
        "type": "Point",
        "intensity": 0.7,
        "range": 10.0,
        "colour": "#FFE5B2",
        "corona": null,
        "dutyCycle": "DuskTillDawn()"
      }
    },
    {
      "parent": "/Far__x12_z10/Far__x12_z10_LFS/Far_IndustryBuildings/FakeOffice_1/collider",
      "position": "(6.88669252,6.74479771,6.01238537)",
      "rotation": "(0.7071068,0,0,0.7071068)",
      "hash": "3354098A102BB5220:335C41905B2BB20A0",
      "properties": {
        "type": "Point",
        "intensity": 0.7,
        "range": 10.0,
        "colour": "#FFE5B2",
        "corona": null,
        "dutyCycle": "DuskTillDawn()"
      }
    },
    {
      "parent": "/Far__x12_z10/Far__x12_z10_LFS/Far_IndustryBuildings/FakeOffice_1/collider",
      "position": "(-4.484157,6.76796865,6.024265)",
      "rotation": "(0.7071068,0,0,0.7071068)",
      "hash": "3354098A102BB5220:33571D905D2BBC0D0",
      "properties": {
        "type": "Point",
        "intensity": 0.7,
        "range": 10.0,
        "colour": "#FFE5B2",
        "corona": null,
        "dutyCycle": "DuskTillDawn()"
      }
    },
    {
      "parent": "/Far__x12_z10/Far__x12_z10_LFS/Far_Roads/ParkingLot05 (21)/Collider",
      "position": "(3.82060075,4.75033569,-3.97647262)",
      "rotation": "(0.7071068,0,0,0.7071068)",
      "hash": "334A518C152BB1320:334C3390602BB64A0",
      "properties": {
        "type": "Point",
        "intensity": 0.7,
        "range": 10.0,
        "colour": "#FFE5B2",
        "corona": null,
        "dutyCycle": "DuskTillDawn()"
      }
    },
    {
      "parent": "/Far__x12_z10/Far__x12_z10_LFS/Far_IndustryBuildings/FakeOffice_4 (1)/collider",
      "position": "(5.916456,3.30294514,-1.97885311)",
      "hash": "3386408A102AEB1F0:33853B8D2E2AF12E0",
      "properties": {
        "type": "Point",
        "intensity": 0.7,
        "range": 10.0,
        "colour": "#FFE5B2",
        "corona": null,
        "dutyCycle": "DuskTillDawn()"
      }
    },
    {
      "parent": "/Far__x12_z10/Far__x12_z10_LFS/Far_IndustryBuildings/FakeOffice_4 (1)/collider",
      "position": "(3.01226974,3.29030228,7.208823)",
      "hash": "3386408A102AEB1F0:337E568D2D2AEA390",
      "properties": {
        "type": "Point",
        "intensity": 0.7,
        "range": 10.0,
        "colour": "#FFE5B2",
        "corona": null,
        "dutyCycle": "DuskTillDawn()"
      }
    }
  ],
  "meshes": [],
  "decorations": [
    {
      "parent": "/Far__x12_z10/Far__x12_z10_LFS/Far_IndustryBuildings/Burner_Large (1)",
      "hash": "31DA4C8A102A590A0:31DA4C8A102A590A0",
      "id": "WINDOWS_1:LIT",
      "properties": {
        "file": "meshes_decoration_lights.assetbundle",
        "mesh": "Burner_Large_Windows1",
        "assignMaterials": {
          "hideSourcePrefab": true,
          "assignments": []
        }
      },
      "dutyCycle": "DuskTillDawn()"
    },
    {
      "parent": "/Far__x12_z10/Far__x12_z10_LFS/Far_IndustryBuildings/Burner_Large (1)",
      "hash": "31DA4C8A102A590A0:31DA4C8A102A590A0",
      "id": "WINDOWS_3:LIT",
      "properties": {
        "file": "meshes_decoration_lights.assetbundle",
        "mesh": "Burner_Large_Windows3",
        "assignMaterials": {
          "hideSourcePrefab": true,
          "assignments": []
        }
      },
      "dutyCycle": "DuskTillDawn()"
    },
    {
      "parent": "/Far__x12_z10/Far__x12_z10_LFS/Far_IndustryBuildings/Burner_Large (1)",
      "hash": "31DA4C8A102A590A0:31DA4C8A102A590A0",
      "id": "WINDOWS_5:LIT",
      "properties": {
        "file": "meshes_decoration_lights.assetbundle",
        "mesh": "Burner_Large_Windows5",
        "assignMaterials": {
          "hideSourcePrefab": true,
          "assignments": []
        }
      },
      "dutyCycle": "DuskTillDawn()"
    },
    {
      "parent": "/Far__x12_z10/Far__x12_z10_LFS/Far_IndustryBuildings/Burner_Large2 (1)",
      "position": "(0,0,-1)",
      "hash": "32095A8A102A732E0:3209018A102A72630",
      "id": "WINDOWS_2:LIT",
      "properties": {
        "file": "meshes_decoration_lights.assetbundle",
        "mesh": "Burner_Large2_Windows2",
        "assignMaterials": {
          "hideSourcePrefab": true,
          "assignments": []
        }
      },
      "dutyCycle": "DuskTillDawn()"
    },
    {
      "parent": "/Far__x12_z10/Far__x12_z10_LFS/Far_IndustryBuildings/Burner_Large2 (1)",
      "position": "(0,0,-1)",
      "hash": "32095A8A102A732E0:3209018A102A72630",
      "id": "WINDOWS_3:LIT",
      "properties": {
        "file": "meshes_decoration_lights.assetbundle",
        "mesh": "Burner_Large2_Windows3",
        "assignMaterials": {
          "hideSourcePrefab": true,
          "assignments": []
        }
      },
      "dutyCycle": "DuskTillDawn()"
    },
    {
      "parent": "/Far__x12_z10/Far__x12_z10_LFS/Far_IndustryBuildings/Burner_Large2 (1)",
      "position": "(0,0,-1)",
      "hash": "32095A8A102A732E0:3209018A102A72630",
      "id": "WINDOWS_4:LIT",
      "properties": {
        "file": "meshes_decoration_lights.assetbundle",
        "mesh": "Burner_Large2_Windows4",
        "assignMaterials": {
          "hideSourcePrefab": true,
          "assignments": []
        }
      },
      "dutyCycle": "DuskTillDawn()"
    },
    {
      "parent": "/Far__x12_z10/Far__x12_z10_LFS/Far_IndustryBuildings/Warehouse_TruckTall",
      "hash": "3251258A102A972D0:3251258A102A972D0",
      "id": "WINDOWS_1:LIT",
      "properties": {
        "file": "meshes_decoration_lights.assetbundle",
        "mesh": "Warehouse_TruckTall_Windows1",
        "assignMaterials": {
          "hideSourcePrefab": true,
          "assignments": []
        }
      },
      "dutyCycle": "DuskTillDawn()"
    },
    {
      "parent": "/Far__x12_z10/Far__x12_z10_LFS/Far_IndustryBuildings/Warehouse_TruckTall",
      "hash": "3251258A102A972D0:3251258A102A972D0",
      "id": "WINDOWS_4:LIT",
      "properties": {
        "file": "meshes_decoration_lights.assetbundle",
        "mesh": "Warehouse_TruckTall_Windows4",
        "assignMaterials": {
          "hideSourcePrefab": true,
          "assignments": []
        }
      },
      "dutyCycle": "DuskTillDawn()"
    },
    {
      "parent": "/Far__x12_z10/Far__x12_z10_LFS/Far_IndustryBuildings/Factory_FlatLarge (2)",
      "hash": "32801B8A102AD6080:32801B8A102AD6080",
      "id": "WINDOWS_2:LIT",
      "properties": {
        "file": "meshes_decoration_lights.assetbundle",
        "mesh": "Factory_FlatLarge_Windows2",
        "assignMaterials": {
          "hideSourcePrefab": true,
          "assignments": []
        }
      },
      "dutyCycle": "DuskTillDawn()"
    },
    {
      "parent": "/Far__x12_z10/Far__x12_z10_LFS/Far_IndustryBuildings/Factory_FlatLarge (2)",
      "hash": "32801B8A102AD6080:32801B8A102AD6080",
      "id": "WINDOWS_3:LIT",
      "properties": {
        "file": "meshes_decoration_lights.assetbundle",
        "mesh": "Factory_FlatLarge_Windows3",
        "assignMaterials": {
          "hideSourcePrefab": true,
          "assignments": []
        }
      },
      "dutyCycle": "DuskTillDawn()"
    },
    {
      "parent": "/Far__x12_z10/Far__x12_z10_LFS/Far_IndustryBuildings/Utility_Medium",
      "hash": "32C4068A102AD2370:32C4068A102AD2370",
      "id": "WINDOWS_1:LIT",
      "properties": {
        "file": "meshes_decoration_lights.assetbundle",
        "mesh": "Utility_Medium_Windows1",
        "assignMaterials": {
          "hideSourcePrefab": true,
          "assignments": []
        }
      },
      "dutyCycle": "DuskTillDawn()"
    },
    {
      "parent": "/Far__x12_z10/Far__x12_z10_LFS/Far_IndustryBuildings/Utility_Medium",
      "hash": "32C4068A102AD2370:32C4068A102AD2370",
      "id": "WINDOWS_2:LIT",
      "properties": {
        "file": "meshes_decoration_lights.assetbundle",
        "mesh": "Utility_Medium_Windows2",
        "assignMaterials": {
          "hideSourcePrefab": true,
          "assignments": []
        }
      },
      "dutyCycle": "DuskTillDawn()"
    },
    {
      "parent": "/Far__x12_z10/Far__x12_z10_LFS/Far_IndustryBuildings/Utility_Medium",
      "hash": "32C4068A102AD2370:32C4068A102AD2370",
      "id": "WINDOWS_3:LIT",
      "properties": {
        "file": "meshes_decoration_lights.assetbundle",
        "mesh": "Utility_Medium_Windows3",
        "assignMaterials": {
          "hideSourcePrefab": true,
          "assignments": []
        }
      },
      "dutyCycle": "DuskTillDawn()"
    },
    {
      "parent": "/Far__x12_z10/Far__x12_z10_LFS/Far_IndustryBuildings/Burner_Large",
      "hash": "32AE598A102AF7630:32AE598A102AF7630",
      "id": "WINDOWS_1:LIT",
      "properties": {
        "file": "meshes_decoration_lights.assetbundle",
        "mesh": "Burner_Large_Windows1",
        "assignMaterials": {
          "hideSourcePrefab": true,
          "assignments": []
        }
      },
      "dutyCycle": "DuskTillDawn()"
    },
    {
      "parent": "/Far__x12_z10/Far__x12_z10_LFS/Far_IndustryBuildings/Burner_Large",
      "hash": "32AE598A102AF7630:32AE598A102AF7630",
      "id": "WINDOWS_4:LIT",
      "properties": {
        "file": "meshes_decoration_lights.assetbundle",
        "mesh": "Burner_Large_Windows4",
        "assignMaterials": {
          "hideSourcePrefab": true,
          "assignments": []
        }
      },
      "dutyCycle": "DuskTillDawn()"
    },
    {
      "parent": "/Far__x12_z10/Far__x12_z10_LFS/Far_IndustryBuildings/Burner_Large",
      "hash": "32AE598A102AF7630:32AE598A102AF7630",
      "id": "WINDOWS_5:LIT",
      "properties": {
        "file": "meshes_decoration_lights.assetbundle",
        "mesh": "Burner_Large_Windows5",
        "assignMaterials": {
          "hideSourcePrefab": true,
          "assignments": []
        }
      },
      "dutyCycle": "DuskTillDawn()"
    },
    {
      "parent": "/Far__x12_z10/Far__x12_z10_LFS/Far_IndustryBuildings/Factory_FlatLShaped",
      "hash": "32E6218A102B09120:32E6218A102B09120",
      "id": "WINDOWS_1:LIT",
      "properties": {
        "file": "meshes_decoration_lights.assetbundle",
        "mesh": "Factory_FlatL_Windows1",
        "assignMaterials": {
          "hideSourcePrefab": true,
          "assignments": []
        }
      },
      "dutyCycle": "DuskTillDawn()"
    },
    {
      "parent": "/Far__x12_z10/Far__x12_z10_LFS/Far_IndustryBuildings/Factory_FlatLShaped",
      "hash": "32E6218A102B09120:32E6218A102B09120",
      "id": "WINDOWS_2:LIT",
      "properties": {
        "file": "meshes_decoration_lights.assetbundle",
        "mesh": "Factory_FlatL_Windows2",
        "assignMaterials": {
          "hideSourcePrefab": true,
          "assignments": []
        }
      },
      "dutyCycle": "DuskTillDawn()"
    },
    {
      "parent": "/Far__x12_z10/Far__x12_z10_LFS/Far_IndustryBuildings/Factory_FlatLShaped",
      "hash": "32E6218A102B09120:32E6218A102B09120",
      "id": "WINDOWS_3:LIT",
      "properties": {
        "file": "meshes_decoration_lights.assetbundle",
        "mesh": "Factory_FlatL_Windows3",
        "assignMaterials": {
          "hideSourcePrefab": true,
          "assignments": []
        }
      },
      "dutyCycle": "DuskTillDawn()"
    },
    {
      "parent": "/Far__x12_z10/Far__x12_z10_LFS/Far_IndustryBuildings/Factory_FlatLShaped",
      "hash": "32E6218A102B09120:32E6218A102B09120",
      "id": "WINDOWS_5:LIT",
      "properties": {
        "file": "meshes_decoration_lights.assetbundle",
        "mesh": "Factory_FlatL_Windows5",
        "assignMaterials": {
          "hideSourcePrefab": true,
          "assignments": []
        }
      },
      "dutyCycle": "DuskTillDawn()"
    },
    {
      "parent": "/Far__x12_z10/Far__x12_z10_LFS/Far_IndustryBuildings/Warehouse_MediumFlat (1)",
      "hash": "32E12A8A102A77410:32E12A8A102A77410",
      "id": "WINDOWS_1:LIT",
      "properties": {
        "file": "meshes_decoration_lights.assetbundle",
        "mesh": "Warehouse_MediumFlat_Windows1",
        "assignMaterials": {
          "hideSourcePrefab": true,
          "assignments": []
        }
      },
      "dutyCycle": "DuskTillDawn()"
    },
    {
      "parent": "/Far__x12_z10/Far__x12_z10_LFS/Far_IndustryBuildings/Warehouse_MediumFlat (1)",
      "hash": "32E12A8A102A77410:32E12A8A102A77410",
      "id": "WINDOWS_3:LIT",
      "properties": {
        "file": "meshes_decoration_lights.assetbundle",
        "mesh": "Warehouse_MediumFlat_Windows3",
        "assignMaterials": {
          "hideSourcePrefab": true,
          "assignments": []
        }
      },
      "dutyCycle": "DuskTillDawn()"
    },
    {
      "parent": "/Far__x12_z10/Far__x12_z10_LFS/Far_IndustryBuildings/Warehouse_MediumFlat (1)",
      "hash": "32E12A8A102A77410:32E12A8A102A77410",
      "id": "WINDOWS_4:LIT",
      "properties": {
        "file": "meshes_decoration_lights.assetbundle",
        "mesh": "Warehouse_MediumFlat_Windows4",
        "assignMaterials": {
          "hideSourcePrefab": true,
          "assignments": []
        }
      },
      "dutyCycle": "DuskTillDawn()"
    },
    {
      "parent": "/Far__x12_z10/Far__x12_z10_LFS/Far_IndustryBuildings/Warehouse_MediumFlat",
      "hash": "32CB268A102A6B550:32CB268A102A6B550",
      "id": "WINDOWS_2:LIT",
      "properties": {
        "file": "meshes_decoration_lights.assetbundle",
        "mesh": "Warehouse_MediumFlat_Windows2",
        "assignMaterials": {
          "hideSourcePrefab": true,
          "assignments": []
        }
      },
      "dutyCycle": "DuskTillDawn()"
    },
    {
      "parent": "/Far__x12_z10/Far__x12_z10_LFS/Far_IndustryBuildings/Warehouse_MediumFlat",
      "hash": "32CB268A102A6B550:32CB268A102A6B550",
      "id": "WINDOWS_3:LIT",
      "properties": {
        "file": "meshes_decoration_lights.assetbundle",
        "mesh": "Warehouse_MediumFlat_Windows3",
        "assignMaterials": {
          "hideSourcePrefab": true,
          "assignments": []
        }
      },
      "dutyCycle": "DuskTillDawn()"
    },
    {
      "parent": "/Far__x12_z10/Far__x12_z10_LFS/Far_IndustryBuildings/Warehouse_MediumFlat",
      "hash": "32CB268A102A6B550:32CB268A102A6B550",
      "id": "WINDOWS_5:LIT",
      "properties": {
        "file": "meshes_decoration_lights.assetbundle",
        "mesh": "Warehouse_MediumFlat_Windows5",
        "assignMaterials": {
          "hideSourcePrefab": true,
          "assignments": []
        }
      },
      "dutyCycle": "DuskTillDawn()"
    },
    {
      "parent": "/Far__x12_z10/Far__x12_z10_LFS/Far_IndustryBuildings/Warehouse_Truck (1)",
      "hash": "328C1E8A102A4B170:328C1E8A102A4B170",
      "id": "WINDOWS_1:LIT",
      "properties": {
        "file": "meshes_decoration_lights.assetbundle",
        "mesh": "Warehouse_Truck_Windows1",
        "assignMaterials": {
          "hideSourcePrefab": true,
          "assignments": []
        }
      },
      "dutyCycle": "DuskTillDawn()"
    },
    {
      "parent": "/Far__x12_z10/Far__x12_z10_LFS/Far_IndustryBuildings/Warehouse_Truck (1)",
      "hash": "328C1E8A102A4B170:328C1E8A102A4B170",
      "id": "WINDOWS_2:LIT",
      "properties": {
        "file": "meshes_decoration_lights.assetbundle",
        "mesh": "Warehouse_Truck_Windows2",
        "assignMaterials": {
          "hideSourcePrefab": true,
          "assignments": []
        }
      },
      "dutyCycle": "DuskTillDawn()"
    },
    {
      "parent": "/Far__x12_z10/Far__x12_z10_LFS/Far_IndustryBuildings/Warehouse_Truck (1)",
      "hash": "328C1E8A102A4B170:328C1E8A102A4B170",
      "id": "WINDOWS_4:LIT",
      "properties": {
        "file": "meshes_decoration_lights.assetbundle",
        "mesh": "Warehouse_Truck_Windows4",
        "assignMaterials": {
          "hideSourcePrefab": true,
          "assignments": []
        }
      },
      "dutyCycle": "DuskTillDawn()"
    },
    {
      "parent": "/Far__x12_z10/Far__x12_z10_LFS/Far_IndustryBuildings/Warehouse_Truck",
      "hash": "3253588A102A2D040:3253588A102A2D040",
      "id": "WINDOWS_2:LIT",
      "properties": {
        "file": "meshes_decoration_lights.assetbundle",
        "mesh": "Warehouse_Truck_Windows2",
        "assignMaterials": {
          "hideSourcePrefab": true,
          "assignments": []
        }
      },
      "dutyCycle": "DuskTillDawn()"
    },
    {
      "parent": "/Far__x12_z10/Far__x12_z10_LFS/Far_IndustryBuildings/Warehouse_Truck",
      "hash": "3253588A102A2D040:3253588A102A2D040",
      "id": "WINDOWS_4:LIT",
      "properties": {
        "file": "meshes_decoration_lights.assetbundle",
        "mesh": "Warehouse_Truck_Windows4",
        "assignMaterials": {
          "hideSourcePrefab": true,
          "assignments": []
        }
      },
      "dutyCycle": "DuskTillDawn()"
    },
    {
      "parent": "/Far__x12_z10/Far__x12_z10_LFS/Far_IndustryBuildings/Warehouse_Truck",
      "hash": "3253588A102A2D040:3253588A102A2D040",
      "id": "WINDOWS_5:LIT",
      "properties": {
        "file": "meshes_decoration_lights.assetbundle",
        "mesh": "Warehouse_Truck_Windows5",
        "assignMaterials": {
          "hideSourcePrefab": true,
          "assignments": []
        }
      },
      "dutyCycle": "DuskTillDawn()"
    },
    {
      "parent": "/Far__x12_z10/Far__x12_z10_LFS/Far_IndustryBuildings/Offices_Tall",
      "hash": "3201528A102A03270:3201528A102A03270",
      "id": "WINDOWS_1:LIT",
      "properties": {
        "file": "meshes_decoration_lights.assetbundle",
        "mesh": "Offices_Tall_Windows1",
        "assignMaterials": {
          "hideSourcePrefab": true,
          "assignments": []
        }
      },
      "dutyCycle": "DuskTillDawn()"
    },
    {
      "parent": "/Far__x12_z10/Far__x12_z10_LFS/Far_IndustryBuildings/Offices_Tall",
      "hash": "3201528A102A03270:3201528A102A03270",
      "id": "WINDOWS_2:LIT",
      "properties": {
        "file": "meshes_decoration_lights.assetbundle",
        "mesh": "Offices_Tall_Windows2",
        "assignMaterials": {
          "hideSourcePrefab": true,
          "assignments": []
        }
      },
      "dutyCycle": "DuskTillDawn()"
    },
    {
      "parent": "/Far__x12_z10/Far__x12_z10_LFS/Far_IndustryBuildings/Offices_Tall",
      "hash": "3201528A102A03270:3201528A102A03270",
      "id": "WINDOWS_5:LIT",
      "properties": {
        "file": "meshes_decoration_lights.assetbundle",
        "mesh": "Offices_Tall_Windows5",
        "assignMaterials": {
          "hideSourcePrefab": true,
          "assignments": []
        }
      },
      "dutyCycle": "DuskTillDawn()"
    },
    {
      "parent": "/Far__x12_z10/Far__x12_z10_LFS/Far_IndustryBuildings/Factory_FlatLarge (1)",
      "hash": "31D2608A102A8B310:31D2608A102A8B310",
      "id": "WINDOWS_1:LIT",
      "properties": {
        "file": "meshes_decoration_lights.assetbundle",
        "mesh": "Factory_FlatLarge_Windows1",
        "assignMaterials": {
          "hideSourcePrefab": true,
          "assignments": []
        }
      },
      "dutyCycle": "DuskTillDawn()"
    },
    {
      "parent": "/Far__x12_z10/Far__x12_z10_LFS/Far_IndustryBuildings/Factory_FlatLarge (1)",
      "hash": "31D2608A102A8B310:31D2608A102A8B310",
      "id": "WINDOWS_3:LIT",
      "properties": {
        "file": "meshes_decoration_lights.assetbundle",
        "mesh": "Factory_FlatLarge_Windows3",
        "assignMaterials": {
          "hideSourcePrefab": true,
          "assignments": []
        }
      },
      "dutyCycle": "DuskTillDawn()"
    },
    {
      "parent": "/Far__x12_z10/Far__x12_z10_LFS/Far_IndustryBuildings/Factory_FlatLarge (1)",
      "hash": "31D2608A102A8B310:31D2608A102A8B310",
      "id": "WINDOWS_4:LIT",
      "properties": {
        "file": "meshes_decoration_lights.assetbundle",
        "mesh": "Factory_FlatLarge_Windows4",
        "assignMaterials": {
          "hideSourcePrefab": true,
          "assignments": []
        }
      },
      "dutyCycle": "DuskTillDawn()"
    },
    {
      "parent": "/Far__x12_z10/Far__x12_z10_LFS/Far_IndustryBuildings/Factory_FlatLarge",
      "hash": "3232138A102ABE2C0:3232138A102ABE2C0",
      "id": "WINDOWS_2:LIT",
      "properties": {
        "file": "meshes_decoration_lights.assetbundle",
        "mesh": "Factory_FlatLarge_Windows2",
        "assignMaterials": {
          "hideSourcePrefab": true,
          "assignments": []
        }
      },
      "dutyCycle": "DuskTillDawn()"
    },
    {
      "parent": "/Far__x12_z10/Far__x12_z10_LFS/Far_IndustryBuildings/Factory_FlatLarge",
      "hash": "3232138A102ABE2C0:3232138A102ABE2C0",
      "id": "WINDOWS_4:LIT",
      "properties": {
        "file": "meshes_decoration_lights.assetbundle",
        "mesh": "Factory_FlatLarge_Windows4",
        "assignMaterials": {
          "hideSourcePrefab": true,
          "assignments": []
        }
      },
      "dutyCycle": "DuskTillDawn()"
    },
    {
      "parent": "/Far__x12_z10/Far__x12_z10_LFS/Far_IndustryBuildings/Factory_FlatLarge",
      "hash": "3232138A102ABE2C0:3232138A102ABE2C0",
      "id": "WINDOWS_5:LIT",
      "properties": {
        "file": "meshes_decoration_lights.assetbundle",
        "mesh": "Factory_FlatLarge_Windows5",
        "assignMaterials": {
          "hideSourcePrefab": true,
          "assignments": []
        }
      },
      "dutyCycle": "DuskTillDawn()"
    },
    {
      "parent": "/Far__x12_z10/Far__x12_z10_LFS/Far_IndustryBuildings/FakeOffice_4 (1)",
      "hash": "3386408A102AEB1F0:3386408A102AEB1F0",
      "id": "WINDOWS_1:LIT",
      "properties": {
        "file": "meshes_decoration_lights.assetbundle",
        "mesh": "FakeOffice_4_Windows1",
        "assignMaterials": {
          "hideSourcePrefab": true,
          "assignments": []
        }
      },
      "dutyCycle": "DuskTillDawn()"
    },
    {
      "parent": "/Far__x12_z10/Far__x12_z10_LFS/Far_IndustryBuildings/FakeOffice_1",
      "hash": "3354098A102BB5220:3354098A102BB5220",
      "id": "WINDOWS_2:LIT",
      "properties": {
        "file": "meshes_decoration_lights.assetbundle",
        "mesh": "FakeOffice_1_Windows2",
        "assignMaterials": {
          "hideSourcePrefab": true,
          "assignments": []
        }
      },
      "dutyCycle": "DuskTillDawn()"
    },
    {
      "parent": "/Far__x12_z10/Far__x12_z10_LFS/Far_IndustryBuildings/FakeOffice_1",
      "hash": "3354098A102BB5220:3354098A102BB5220",
      "id": "WINDOWS_4:LIT",
      "properties": {
        "file": "meshes_decoration_lights.assetbundle",
        "mesh": "FakeOffice_1_Windows4",
        "assignMaterials": {
          "hideSourcePrefab": true,
          "assignments": []
        }
      },
      "dutyCycle": "DuskTillDawn()"
    },
    {
      "parent": "/Far__x12_z10/Far__x12_z10_LFS/Far_IndustryBuildings/FakeOffice_3 (1)",
      "hash": "332F068A102BA1340:332F068A102BA1340",
      "id": "WINDOWS_4:LIT",
      "properties": {
        "file": "meshes_decoration_lights.assetbundle",
        "mesh": "FakeOffice_3_Windows4",
        "assignMaterials": {
          "hideSourcePrefab": true,
          "assignments": []
        }
      },
      "dutyCycle": "DuskTillDawn()"
    },
    {
      "parent": "/Far__x12_z10/Far__x12_z10_LFS/Far_IndustryBuildings/FakeOffice_3 (1)",
      "hash": "332F068A102BA1340:332F068A102BA1340",
      "id": "WINDOWS_1:LIT",
      "properties": {
        "file": "meshes_decoration_lights.assetbundle",
        "mesh": "FakeOffice_3_Windows1",
        "assignMaterials": {
          "hideSourcePrefab": true,
          "assignments": []
        }
      },
      "dutyCycle": "DuskTillDawn()"
    },
    {
      "parent": "/Far__x12_z10/Far__x12_z10_LFS/Far_IndustryBuildings/FakeOffice_4",
      "hash": "32E6008A102AD4530:32E6008A102AD4530",
      "id": "WINDOWS_1:LIT",
      "properties": {
        "file": "meshes_decoration_lights.assetbundle",
        "mesh": "FakeOffice_4_Windows1",
        "assignMaterials": {
          "hideSourcePrefab": true,
          "assignments": []
        }
      },
      "dutyCycle": "DuskTillDawn()"
    }
  ]
}