{
  "version": 97,
  "enabled": true,
  "lights": [
    {
      "parent": "/Far__x12_z10/Far__x12_z10_LFS/Far_PassengerPlatform/Railway_Platform_RoofWide (1)/Collider/%GROUP%_Mesh00021A070900080D",
      "position": "(0,0.25,0.5)",
      "rotation": "(0.627221942,-0.185518846,0.157267958,0.7398933)",
      "hash": "32C53D931F2B63480:32C60693062B635F0",
      "properties": {
        "type": "Point",
        "intensity": 0.5,
        "range": 10.0,
        "colour": "#FFFFFF",
        "corona": null,
        "dutyCycle": "Always()"
      }
    },
    {
      "parent": "/Far__x12_z10/Far__x12_z10_LFS/Far_PassengerPlatform/Railway_Platform_RoofWide (1)/Collider/%GROUP%_Mesh00021A070900080D",
      "position": "(0,0.25,-0.5)",
      "rotation": "(0.627221942,-0.185518846,0.157267958,0.7398933)",
      "hash": "32C53D931F2B63480:32C51193062B63310",
      "properties": {
        "type": "Point",
        "intensity": 0.5,
        "range": 10.0,
        "colour": "#FFFFFF",
        "corona": null,
        "dutyCycle": "Always()"
      }
    },
    {
      "parent": "/Far__x12_z10/Far__x12_z10_LFS/Far_PassengerPlatform/Railway_Platform_RoofWide (1)/Collider/%GROUP%_Mesh0002140708000807",
      "position": "(0,0.25,0.5)",
      "rotation": "(0.157270119,0.7398924,-0.6272219,0.185521215)",
      "hash": "32C74D931E2B5F500:32C81693052B60030",
      "properties": {
        "type": "Point",
        "intensity": 0.5,
        "range": 10.0,
        "colour": "#FFFFFF",
        "corona": null,
        "dutyCycle": "Always()"
      }
    },
    {
      "parent": "/Far__x12_z10/Far__x12_z10_LFS/Far_PassengerPlatform/Railway_Platform_RoofWide (1)/Collider/%GROUP%_Mesh0002140708000807",
      "position": "(0,0.25,-0.5)",
      "rotation": "(0.157270119,0.7398924,-0.6272219,0.185521215)",
      "hash": "32C74D931E2B5F500:32C72193052B5F3A0",
      "properties": {
        "type": "Point",
        "intensity": 0.5,
        "range": 10.0,
        "colour": "#FFFFFF",
        "corona": null,
        "dutyCycle": "Always()"
      }
    },
    {
      "parent": "/Far__x12_z10/Far__x12_z10_LFS/Far_PassengerPlatform/Railway_Platform_RoofWide (1)/Collider/%GROUP%_Mesh00021B0709000761",
      "position": "(0,0.25,0.5)",
      "rotation": "(0.627221942,-0.185518846,0.157267958,0.7398933)",
      "hash": "32D351931F2B6B210:32D41993062B6B390",
      "properties": {
        "type": "Point",
        "intensity": 0.5,
        "range": 10.0,
        "colour": "#FFFFFF",
        "corona": null,
        "dutyCycle": "Always()"
      }
    },
    {
      "parent": "/Far__x12_z10/Far__x12_z10_LFS/Far_PassengerPlatform/Railway_Platform_RoofWide (1)/Collider/%GROUP%_Mesh00021B0709000761",
      "position": "(0,0.25,-0.5)",
      "rotation": "(0.627221942,-0.185518846,0.157267958,0.7398933)",
      "hash": "32D351931F2B6B210:32D32693062B6B090",
      "properties": {
        "type": "Point",
        "intensity": 0.5,
        "range": 10.0,
        "colour": "#FFFFFF",
        "corona": null,
        "dutyCycle": "Always()"
      }
    },
    {
      "parent": "/Far__x12_z10/Far__x12_z10_LFS/Far_PassengerPlatform/Railway_Platform_RoofWide (1)/Collider/%GROUP%_Mesh000213070800075A",
      "position": "(0,0.25,0.5)",
      "rotation": "(0.157270119,0.7398924,-0.6272219,0.185521215)",
      "hash": "32D556931E2B67230:32D61E93052B673A0",
      "properties": {
        "type": "Point",
        "intensity": 0.5,
        "range": 10.0,
        "colour": "#FFFFFF",
        "corona": null,
        "dutyCycle": "Always()"
      }
    },
    {
      "parent": "/Far__x12_z10/Far__x12_z10_LFS/Far_PassengerPlatform/Railway_Platform_RoofWide (1)/Collider/%GROUP%_Mesh000213070800075A",
      "position": "(0,0.25,-0.5)",
      "rotation": "(0.157270119,0.7398924,-0.6272219,0.185521215)",
      "hash": "32D556931E2B67230:32D52993052B670C0",
      "properties": {
        "type": "Point",
        "intensity": 0.5,
        "range": 10.0,
        "colour": "#FFFFFF",
        "corona": null,
        "dutyCycle": "Always()"
      }
    },
    {
      "parent": "/Far__x12_z10/Far__x12_z10_LFS/Far_PassengerPlatform/Railway_Platform_RoofWide (2)/Collider/%GROUP%_Mesh000221070A000809",
      "position": "(0,0.25,0.5)",
      "rotation": "(0.627221942,-0.185518846,0.157267958,0.7398933)",
      "hash": "32FC1C93202B81050:32FC4893072B811D0",
      "properties": {
        "type": "Point",
        "intensity": 0.5,
        "range": 10.0,
        "colour": "#FFFFFF",
        "corona": null,
        "dutyCycle": "Always()"
      }
    },
    {
      "parent": "/Far__x12_z10/Far__x12_z10_LFS/Far_PassengerPlatform/Railway_Platform_RoofWide (2)/Collider/%GROUP%_Mesh000221070A000809",
      "position": "(0,0.25,-0.5)",
      "rotation": "(0.627221942,-0.185518846,0.157267958,0.7398933)",
      "hash": "32FC1C93202B81050:32FB5493072B80520",
      "properties": {
        "type": "Point",
        "intensity": 0.5,
        "range": 10.0,
        "colour": "#FFFFFF",
        "corona": null,
        "dutyCycle": "Always()"
      }
    },
    {
      "parent": "/Far__x12_z10/Far__x12_z10_LFS/Far_PassengerPlatform/Railway_Platform_RoofWide (2)/Collider/%GROUP%_Mesh000215070800080B",
      "position": "(0,0.25,0.5)",
      "rotation": "(0.157270119,0.7398924,-0.6272219,0.185521215)",
      "hash": "32FE29931E2B7D030:32FE5593052B7D1B0",
      "properties": {
        "type": "Point",
        "intensity": 0.5,
        "range": 10.0,
        "colour": "#FFFFFF",
        "corona": null,
        "dutyCycle": "Always()"
      }
    },
    {
      "parent": "/Far__x12_z10/Far__x12_z10_LFS/Far_PassengerPlatform/Railway_Platform_RoofWide (2)/Collider/%GROUP%_Mesh000215070800080B",
      "position": "(0,0.25,-0.5)",
      "rotation": "(0.157270119,0.7398924,-0.6272219,0.185521215)",
      "hash": "32FE29931E2B7D030:32FD6193052B7C500",
      "properties": {
        "type": "Point",
        "intensity": 0.5,
        "range": 10.0,
        "colour": "#FFFFFF",
        "corona": null,
        "dutyCycle": "Always()"
      }
    },
    {
      "parent": "/Far__x12_z10/Far__x12_z10_LFS/Far_PassengerPlatform/Railway_Platform_RoofWide (2)/Collider/%GROUP%_Mesh000217070900075C",
      "position": "(0,0.25,0.5)",
      "rotation": "(0.627221942,-0.185518846,0.157267958,0.7398933)",
      "hash": "330A2D931F2B88350:330A5993062B884C0",
      "properties": {
        "type": "Point",
        "intensity": 0.5,
        "range": 10.0,
        "colour": "#FFFFFF",
        "corona": null,
        "dutyCycle": "Always()"
      }
    },
    {
      "parent": "/Far__x12_z10/Far__x12_z10_LFS/Far_PassengerPlatform/Railway_Platform_RoofWide (2)/Collider/%GROUP%_Mesh000217070900075C",
      "position": "(0,0.25,-0.5)",
      "rotation": "(0.627221942,-0.185518846,0.157267958,0.7398933)",
      "hash": "330A2D931F2B88350:330A0193062B881D0",
      "properties": {
        "type": "Point",
        "intensity": 0.5,
        "range": 10.0,
        "colour": "#FFFFFF",
        "corona": null,
        "dutyCycle": "Always()"
      }
    },
    {
      "parent": "/Far__x12_z10/Far__x12_z10_LFS/Far_PassengerPlatform/Railway_Platform_RoofWide (2)/Collider/%GROUP%_Mesh00021A0709000800",
      "position": "(0,0.25,0.5)",
      "rotation": "(0.157270119,0.7398924,-0.6272219,0.185521215)",
      "hash": "330C40931F2B843B0:330D0893062B84530",
      "properties": {
        "type": "Point",
        "intensity": 0.5,
        "range": 10.0,
        "colour": "#FFFFFF",
        "corona": null,
        "dutyCycle": "Always()"
      }
    },
    {
      "parent": "/Far__x12_z10/Far__x12_z10_LFS/Far_PassengerPlatform/Railway_Platform_RoofWide (2)/Collider/%GROUP%_Mesh00021A0709000800",
      "position": "(0,0.25,-0.5)",
      "rotation": "(0.157270119,0.7398924,-0.6272219,0.185521215)",
      "hash": "330C40931F2B843B0:330C1493062B84240",
      "properties": {
        "type": "Point",
        "intensity": 0.5,
        "range": 10.0,
        "colour": "#FFFFFF",
        "corona": null,
        "dutyCycle": "Always()"
      }
    },
    {
      "parent": "/Far__x12_z10/Far__x12_z10_LFS/Far_PassengerPlatform/Railway_Platform_RoofWide (3)/Collider/%GROUP%_Mesh0002120708000800",
      "position": "(0,0.25,0.5)",
      "rotation": "(0.627221942,-0.185518846,0.157267958,0.7398933)",
      "hash": "331044931E2B7D050:33101793052B7C530",
      "properties": {
        "type": "Point",
        "intensity": 0.5,
        "range": 10.0,
        "colour": "#FFFFFF",
        "corona": null,
        "dutyCycle": "Always()"
      }
    },
    {
      "parent": "/Far__x12_z10/Far__x12_z10_LFS/Far_PassengerPlatform/Railway_Platform_RoofWide (3)/Collider/%GROUP%_Mesh0002120708000800",
      "position": "(0,0.25,-0.5)",
      "rotation": "(0.627221942,-0.185518846,0.157267958,0.7398933)",
      "hash": "331044931E2B7D050:33110D93052B7D1B0",
      "properties": {
        "type": "Point",
        "intensity": 0.5,
        "range": 10.0,
        "colour": "#FFFFFF",
        "corona": null,
        "dutyCycle": "Always()"
      }
    },
    {
      "parent": "/Far__x12_z10/Far__x12_z10_LFS/Far_PassengerPlatform/Railway_Platform_RoofWide (3)/Collider/%GROUP%_Mesh0002120708000806",
      "position": "(0,0.25,0.5)",
      "rotation": "(0.157270119,0.7398924,-0.6272219,0.185521215)",
      "hash": "33124F931E2B79170:33122393052B79000",
      "properties": {
        "type": "Point",
        "intensity": 0.5,
        "range": 10.0,
        "colour": "#FFFFFF",
        "corona": null,
        "dutyCycle": "Always()"
      }
    },
    {
      "parent": "/Far__x12_z10/Far__x12_z10_LFS/Far_PassengerPlatform/Railway_Platform_RoofWide (3)/Collider/%GROUP%_Mesh0002120708000806",
      "position": "(0,0.25,-0.5)",
      "rotation": "(0.157270119,0.7398924,-0.6272219,0.185521215)",
      "hash": "33124F931E2B79170:33131793052B792F0",
      "properties": {
        "type": "Point",
        "intensity": 0.5,
        "range": 10.0,
        "colour": "#FFFFFF",
        "corona": null,
        "dutyCycle": "Always()"
      }
    },
    {
      "parent": "/Far__x12_z10/Far__x12_z10_LFS/Far_PassengerPlatform/Railway_Platform_RoofWide (3)/Collider/%GROUP%_Mesh00020F070700075D",
      "position": "(0,0.25,0.5)",
      "rotation": "(0.157270119,0.7398924,-0.6272219,0.185521215)",
      "hash": "330443931D2B71460:33041793042B712F0",
      "properties": {
        "type": "Point",
        "intensity": 0.5,
        "range": 10.0,
        "colour": "#FFFFFF",
        "corona": null,
        "dutyCycle": "Always()"
      }
    },
    {
      "parent": "/Far__x12_z10/Far__x12_z10_LFS/Far_PassengerPlatform/Railway_Platform_RoofWide (3)/Collider/%GROUP%_Mesh00020F070700075D",
      "position": "(0,0.25,-0.5)",
      "rotation": "(0.157270119,0.7398924,-0.6272219,0.185521215)",
      "hash": "330443931D2B71460:33050B93042B715E0",
      "properties": {
        "type": "Point",
        "intensity": 0.5,
        "range": 10.0,
        "colour": "#FFFFFF",
        "corona": null,
        "dutyCycle": "Always()"
      }
    },
    {
      "parent": "/Far__x12_z10/Far__x12_z10_LFS/Far_PassengerPlatform/Railway_Platform_RoofWide (3)/Collider/%GROUP%_Mesh00020E070700075E",
      "position": "(0,0.25,0.5)",
      "rotation": "(0.627221942,-0.185518846,0.157267958,0.7398933)",
      "hash": "330240931D2B75320:33021393042B751B0",
      "properties": {
        "type": "Point",
        "intensity": 0.5,
        "range": 10.0,
        "colour": "#FFFFFF",
        "corona": null,
        "dutyCycle": "Always()"
      }
    },
    {
      "parent": "/Far__x12_z10/Far__x12_z10_LFS/Far_PassengerPlatform/Railway_Platform_RoofWide (3)/Collider/%GROUP%_Mesh00020E070700075E",
      "position": "(0,0.25,-0.5)",
      "rotation": "(0.627221942,-0.185518846,0.157267958,0.7398933)",
      "hash": "330240931D2B75320:33030893042B75490",
      "properties": {
        "type": "Point",
        "intensity": 0.5,
        "range": 10.0,
        "colour": "#FFFFFF",
        "corona": null,
        "dutyCycle": "Always()"
      }
    },
    {
      "parent": "/Far__x12_z10/Far__x12_z10_LFS/Far_PassengerPlatform/Railway_Platform_RoofWide/Collider/%GROUP%_Mesh0002150708000816",
      "position": "(0,0.25,0.5)",
      "rotation": "(0.157270119,0.7398924,-0.6272219,0.185521215)",
      "hash": "32DC1D931E2B5C030:32DB5593052B5B4E0",
      "properties": {
        "type": "Point",
        "intensity": 0.5,
        "range": 10.0,
        "colour": "#FFFFFF",
        "corona": null,
        "dutyCycle": "Always()"
      }
    },
    {
      "parent": "/Far__x12_z10/Far__x12_z10_LFS/Far_PassengerPlatform/Railway_Platform_RoofWide/Collider/%GROUP%_Mesh0002150708000816",
      "position": "(0,0.25,-0.5)",
      "rotation": "(0.157270119,0.7398924,-0.6272219,0.185521215)",
      "hash": "32DC1D931E2B5C030:32DC4993052B5C1B0",
      "properties": {
        "type": "Point",
        "intensity": 0.5,
        "range": 10.0,
        "colour": "#FFFFFF",
        "corona": null,
        "dutyCycle": "Always()"
      }
    },
    {
      "parent": "/Far__x12_z10/Far__x12_z10_LFS/Far_PassengerPlatform/Railway_Platform_RoofWide/Collider/%GROUP%_Mesh000211070800080E",
      "position": "(0,0.25,0.5)",
      "rotation": "(0.627221942,-0.185518846,0.157267958,0.7398933)",
      "hash": "32DA0F931E2B5F560:32D94693052B5F3E0",
      "properties": {
        "type": "Point",
        "intensity": 0.5,
        "range": 10.0,
        "colour": "#FFFFFF",
        "corona": null,
        "dutyCycle": "Always()"
      }
    },
    {
      "parent": "/Far__x12_z10/Far__x12_z10_LFS/Far_PassengerPlatform/Railway_Platform_RoofWide/Collider/%GROUP%_Mesh000211070800080E",
      "position": "(0,0.25,-0.5)",
      "rotation": "(0.627221942,-0.185518846,0.157267958,0.7398933)",
      "hash": "32DA0F931E2B5F560:32DA3B93052B60090",
      "properties": {
        "type": "Point",
        "intensity": 0.5,
        "range": 10.0,
        "colour": "#FFFFFF",
        "corona": null,
        "dutyCycle": "Always()"
      }
    },
    {
      "parent": "/Far__x12_z10/Far__x12_z10_LFS/Far_PassengerPlatform/Railway_Platform_RoofWide/Collider/%GROUP%_Mesh0002160708000759",
      "position": "(0,0.25,0.5)",
      "rotation": "(0.157270119,0.7398924,-0.6272219,0.185521215)",
      "hash": "32CE08931E2B54290:32CD4093052B54120",
      "properties": {
        "type": "Point",
        "intensity": 0.5,
        "range": 10.0,
        "colour": "#FFFFFF",
        "corona": null,
        "dutyCycle": "Always()"
      }
    },
    {
      "parent": "/Far__x12_z10/Far__x12_z10_LFS/Far_PassengerPlatform/Railway_Platform_RoofWide/Collider/%GROUP%_Mesh0002160708000759",
      "position": "(0,0.25,-0.5)",
      "rotation": "(0.157270119,0.7398924,-0.6272219,0.185521215)",
      "hash": "32CE08931E2B54290:32CE3493052B54400",
      "properties": {
        "type": "Point",
        "intensity": 0.5,
        "range": 10.0,
        "colour": "#FFFFFF",
        "corona": null,
        "dutyCycle": "Always()"
      }
    },
    {
      "parent": "/Far__x12_z10/Far__x12_z10_LFS/Far_PassengerPlatform/Railway_Platform_RoofWide/Collider/%GROUP%_Mesh0002110708000755",
      "position": "(0,0.25,0.5)",
      "rotation": "(0.627221942,-0.185518846,0.157267958,0.7398933)",
      "hash": "32CC03931E2B581F0:32CB3A93052B58080",
      "properties": {
        "type": "Point",
        "intensity": 0.5,
        "range": 10.0,
        "colour": "#FFFFFF",
        "corona": null,
        "dutyCycle": "Always()"
      }
    },
    {
      "parent": "/Far__x12_z10/Far__x12_z10_LFS/Far_PassengerPlatform/Railway_Platform_RoofWide/Collider/%GROUP%_Mesh0002110708000755",
      "position": "(0,0.25,-0.5)",
      "rotation": "(0.627221942,-0.185518846,0.157267958,0.7398933)",
      "hash": "32CC03931E2B581F0:32CC3093052B58360",
      "properties": {
        "type": "Point",
        "intensity": 0.5,
        "range": 10.0,
        "colour": "#FFFFFF",
        "corona": null,
        "dutyCycle": "Always()"
      }
    },
    {
      "parent": "/Far__x12_z10/Far__x12_z10_LFS/Far_SilosCranes/PedestrianOverpass03 (1)/Collider/%GROUP%_Mesh00065E0501000000",
      "position": "(0,0.285,-0.04)",
      "hash": "32EE5391122B69410:32EE46910E2B695B0",
      "properties": {
        "type": "Point",
        "intensity": 1.0,
        "range": 20.0,
        "colour": "#FFB24D",
        "corona": {
          "sprite": "corona_orange01.png",
          "scale": 0.75,
          "range": 100.0
        },
        "dutyCycle": "DuskTillDawn()"
      }
    },
    {
      "parent": "/Far__x12_z10/Far__x12_z10_LFS/Far_SilosCranes/PedestrianOverpass03 (1)/Collider/%GROUP%_Mesh0006620500000000",
      "position": "(0,0.285,-0.04)",
      "hash": "32E81991112B755D0:32E826910D2B75440",
      "properties": {
        "type": "Point",
        "intensity": 1.0,
        "range": 20.0,
        "colour": "#FFB24D",
        "corona": {
          "sprite": "corona_orange01.png",
          "scale": 0.75,
          "range": 100.0
        },
        "dutyCycle": "DuskTillDawn()"
      }
    },
    {
      "parent": "/Far__x12_z10/Far__x12_z10_LFS/Far_SilosCranes/PedestrianOverpass03 (1)/Collider/%GROUP%_Mesh0009040501000001",
      "position": "(0,0.285,-0.04)",
      "hash": "32EF5391122B67510:32EF61910E2B67380",
      "properties": {
        "type": "Point",
        "intensity": 1.0,
        "range": 20.0,
        "colour": "#FFB24D",
        "corona": {
          "sprite": "corona_orange01.png",
          "scale": 0.75,
          "range": 100.0
        },
        "dutyCycle": "DuskTillDawn()"
      }
    },
    {
      "parent": "/Far__x12_z10/Far__x12_z10_LFS/Far_PassengerPlatform/Railway_Platform_RoofWide (3)/Collider/%GROUP%_Mesh000000060E001028",
      "position": "(0,0.285,-0.04)",
      "hash": "32FC1392242B6F3E0:32FB5E92202B6F310",
      "properties": {
        "type": "Point",
        "intensity": 1.0,
        "range": 20.0,
        "colour": "#FFB24D",
        "corona": {
          "sprite": "corona_orange01.png",
          "scale": 0.75,
          "range": 100.0
        },
        "dutyCycle": "DuskTillDawn()"
      }
    },
    {
      "parent": "/Far__x12_z10/Far__x12_z10_LFS/Far_PassengerPlatform/Railway_Platform_RoofWide (2)/Collider/%GROUP%_Mesh000003055D001028",
      "position": "(0,0.285,-0.04)",
      "hash": "32F607920F2B7B050:32F552920B2B7A5B0",
      "properties": {
        "type": "Point",
        "intensity": 1.0,
        "range": 20.0,
        "colour": "#FFB24D",
        "corona": {
          "sprite": "corona_orange01.png",
          "scale": 0.75,
          "range": 100.0
        },
        "dutyCycle": "DuskTillDawn()"
      }
    },
    {
      "parent": "/Far__x12_z10/Far__x12_z10_LFS/Far_PassengerPlatform/Railway_Platform_RoofWide (1)/Collider/%GROUP%_Mesh0000010603001027",
      "position": "(0,0.285,-0.04)",
      "hash": "32DC2092192B6D1D0:32DC3992152B6D2A0",
      "properties": {
        "type": "Point",
        "intensity": 1.0,
        "range": 20.0,
        "colour": "#FFB24D",
        "corona": {
          "sprite": "corona_orange01.png",
          "scale": 0.75,
          "range": 100.0
        },
        "dutyCycle": "DuskTillDawn()"
      }
    },
    {
      "parent": "/Far__x12_z10/Far__x12_z10_LFS/Far_PassengerPlatform/Railway_Platform_RoofWide/Collider/%GROUP%_Mesh0000000608001027",
      "position": "(0,0.285,-0.04)",
      "hash": "32E22D921E2B61530:32E246921A2B61610",
      "properties": {
        "type": "Point",
        "intensity": 1.0,
        "range": 20.0,
        "colour": "#FFB24D",
        "corona": {
          "sprite": "corona_orange01.png",
          "scale": 0.75,
          "range": 100.0
        },
        "dutyCycle": "DuskTillDawn()"
      }
    },
    {
      "parent": "/Far__x12_z10/Far__x12_z10_LFS/Far_IndustryBuildings/Offices_Tall/collider/%GROUP%_Mesh01C439015500C91F",
      "position": "(0.75,12.25,0)",
      "rotation": "(-0.7071068,0,0,0.7071068)",
      "hash": "3331578C022B8A2A0:333216981B2B894C0",
      "properties": {
        "type": "Point",
        "intensity": 1.0,
        "range": 30.0,
        "colour": "#FFFFFF",
        "corona": {
          "sprite": "corona_white01.png",
          "scale": 1.0,
          "range": 100.0
        },
        "dutyCycle": "DuskTillDawn()"
      }
    },
    {
      "parent": "/Far__x12_z10/Far__x12_z10_LFS/Far_IndustryBuildings/Offices_Tall/collider/%GROUP%_Mesh01C439015500C91F",
      "position": "(0,12.25,0.75)",
      "rotation": "(-0.7071068,0,0,0.7071068)",
      "hash": "3331578C022B8A2A0:333235981B2B8A4E0",
      "properties": {
        "type": "Point",
        "intensity": 1.0,
        "range": 30.0,
        "colour": "#FFFFFF",
        "corona": {
          "sprite": "corona_white01.png",
          "scale": 1.0,
          "range": 100.0
        },
        "dutyCycle": "DuskTillDawn()"
      }
    },
    {
      "parent": "/Far__x12_z10/Far__x12_z10_LFS/Far_IndustryBuildings/Offices_Tall/collider/%GROUP%_Mesh01C439015500C91F",
      "position": "(-0.75,12.25,0)",
      "rotation": "(-0.7071068,0,0,0.7071068)",
      "hash": "3331578C022B8A2A0:333134981B2B8B090",
      "properties": {
        "type": "Point",
        "intensity": 1.0,
        "range": 30.0,
        "colour": "#FFFFFF",
        "corona": {
          "sprite": "corona_white01.png",
          "scale": 1.0,
          "range": 100.0
        },
        "dutyCycle": "DuskTillDawn()"
      }
    },
    {
      "parent": "/Far__x12_z10/Far__x12_z10_LFS/Far_IndustryBuildings/Offices_Tall/collider/%GROUP%_Mesh01C439015500C91F",
      "position": "(0,12.25,-0.75)",
      "rotation": "(-0.7071068,0,0,0.7071068)",
      "hash": "3331578C022B8A2A0:333115981B2B8A070",
      "properties": {
        "type": "Point",
        "intensity": 1.0,
        "range": 30.0,
        "colour": "#FFFFFF",
        "corona": {
          "sprite": "corona_white01.png",
          "scale": 1.0,
          "range": 100.0
        },
        "dutyCycle": "DuskTillDawn()"
      }
    },
    {
      "parent": "/Far__x12_z10/Far__x12_z10_LFS/Far_IndustryBuildings/Offices_Tall/collider/%GROUP%_Mesh013337015500CA1F",
      "position": "(0.75,12.25,0)",
      "rotation": "(-0.7071068,0,0,0.7071068)",
      "hash": "32B1358C022B46590:32B114981B2B47380",
      "properties": {
        "type": "Point",
        "intensity": 1.0,
        "range": 30.0,
        "colour": "#FFFFFF",
        "corona": {
          "sprite": "corona_white01.png",
          "scale": 1.0,
          "range": 100.0
        },
        "dutyCycle": "DuskTillDawn()"
      }
    },
    {
      "parent": "/Far__x12_z10/Far__x12_z10_LFS/Far_IndustryBuildings/Offices_Tall/collider/%GROUP%_Mesh013337015500CA1F",
      "position": "(0,12.25,0.75)",
      "rotation": "(-0.7071068,0,0,0.7071068)",
      "hash": "32B1358C022B46590:32B056981B2B46380",
      "properties": {
        "type": "Point",
        "intensity": 1.0,
        "range": 30.0,
        "colour": "#FFFFFF",
        "corona": {
          "sprite": "corona_white01.png",
          "scale": 1.0,
          "range": 100.0
        },
        "dutyCycle": "DuskTillDawn()"
      }
    },
    {
      "parent": "/Far__x12_z10/Far__x12_z10_LFS/Far_IndustryBuildings/Offices_Tall/collider/%GROUP%_Mesh013337015500CA1F",
      "position": "(-0.75,12.25,0)",
      "rotation": "(-0.7071068,0,0,0.7071068)",
      "hash": "32B1358C022B46590:32B156981B2B46150",
      "properties": {
        "type": "Point",
        "intensity": 1.0,
        "range": 30.0,
        "colour": "#FFFFFF",
        "corona": {
          "sprite": "corona_white01.png",
          "scale": 1.0,
          "range": 100.0
        },
        "dutyCycle": "DuskTillDawn()"
      }
    },
    {
      "parent": "/Far__x12_z10/Far__x12_z10_LFS/Far_IndustryBuildings/Offices_Tall/collider/%GROUP%_Mesh013337015500CA1F",
      "position": "(0,12.25,-0.75)",
      "rotation": "(-0.7071068,0,0,0.7071068)",
      "hash": "32B1358C022B46590:32B215981B2B47150",
      "properties": {
        "type": "Point",
        "intensity": 1.0,
        "range": 30.0,
        "colour": "#FFFFFF",
        "corona": {
          "sprite": "corona_white01.png",
          "scale": 1.0,
          "range": 100.0
        },
        "dutyCycle": "DuskTillDawn()"
      }
    },
    {
      "parent": "/Far__x12_z10/Far__x12_z10_LFS/Far_Roads/Flat_40x10 (15)/Collider/%GROUP%_Mesh00024F0005000955",
      "position": "(0,7.1,1.55)",
      "hash": "32B92D8C102B67230:32BA52931A2B68080",
      "properties": {
        "type": "Point",
        "intensity": 1.0,
        "range": 20.0,
        "colour": "#DDEEFF",
        "corona": {
          "sprite": "corona_flare02.png",
          "scale": 1.0,
          "range": 100.0
        },
        "dutyCycle": "DuskTillDawn()"
      }
    },
    {
      "parent": "/Far__x12_z10/Far__x12_z10_LFS/Far_Roads/Flat_40x10 (15)/Collider/%GROUP%_Mesh00024F0005000955",
      "position": "(0,7.1,-1.55)",
      "hash": "32B92D8C102B67230:32B808931A2B663E0",
      "properties": {
        "type": "Point",
        "intensity": 1.0,
        "range": 20.0,
        "colour": "#DDEEFF",
        "corona": {
          "sprite": "corona_flare02.png",
          "scale": 1.0,
          "range": 100.0
        },
        "dutyCycle": "DuskTillDawn()"
      }
    },
    {
      "parent": "/Far__x12_z10/Far__x12_z10_LFS/Far_Roads/Flat_40x10 (15)/Collider/%GROUP%_Mesh000263000500275A",
      "position": "(0,7.1,1.55)",
      "hash": "32D4048C102B75230:32D52A931A2B76050",
      "properties": {
        "type": "Point",
        "intensity": 1.0,
        "range": 20.0,
        "colour": "#DDEEFF",
        "corona": {
          "sprite": "corona_flare02.png",
          "scale": 1.0,
          "range": 100.0
        },
        "dutyCycle": "DuskTillDawn()"
      }
    },
    {
      "parent": "/Far__x12_z10/Far__x12_z10_LFS/Far_Roads/Flat_40x10 (15)/Collider/%GROUP%_Mesh000263000500275A",
      "position": "(0,7.1,-1.55)",
      "hash": "32D4048C102B75230:32D242931A2B74410",
      "properties": {
        "type": "Point",
        "intensity": 1.0,
        "range": 20.0,
        "colour": "#DDEEFF",
        "corona": {
          "sprite": "corona_flare02.png",
          "scale": 1.0,
          "range": 100.0
        },
        "dutyCycle": "DuskTillDawn()"
      }
    },
    {
      "parent": "/Far__x12_z10/Far__x12_z10_LFS/Far_Roads/Flat_40x10 (16)/Collider/%GROUP%_Mesh0003150005001E01",
      "position": "(0,7.1,1.55)",
      "hash": "32EE458C102B83250:32F007931A2B84070",
      "properties": {
        "type": "Point",
        "intensity": 1.0,
        "range": 20.0,
        "colour": "#DDEEFF",
        "corona": {
          "sprite": "corona_flare02.png",
          "scale": 1.0,
          "range": 100.0
        },
        "dutyCycle": "DuskTillDawn()"
      }
    },
    {
      "parent": "/Far__x12_z10/Far__x12_z10_LFS/Far_Roads/Flat_40x10 (16)/Collider/%GROUP%_Mesh0003150005001E01",
      "position": "(0,7.1,-1.55)",
      "hash": "32EE458C102B83250:32ED1F931A2B82420",
      "properties": {
        "type": "Point",
        "intensity": 1.0,
        "range": 20.0,
        "colour": "#DDEEFF",
        "corona": {
          "sprite": "corona_flare02.png",
          "scale": 1.0,
          "range": 100.0
        },
        "dutyCycle": "DuskTillDawn()"
      }
    },
    {
      "parent": "/Far__x12_z10/Far__x12_z10_LFS/Far_Roads/Flat_40x10 (17)/Collider/%GROUP%_Mesh0003290004001350",
      "position": "(0,7.1,1.55)",
      "hash": "3309058C102B91180:330A2B931A2B915F0",
      "properties": {
        "type": "Point",
        "intensity": 1.0,
        "range": 20.0,
        "colour": "#DDEEFF",
        "corona": {
          "sprite": "corona_flare02.png",
          "scale": 1.0,
          "range": 100.0
        },
        "dutyCycle": "DuskTillDawn()"
      }
    },
    {
      "parent": "/Far__x12_z10/Far__x12_z10_LFS/Far_Roads/Flat_40x10 (17)/Collider/%GROUP%_Mesh0003290004001350",
      "position": "(0,7.1,-1.55)",
      "hash": "3309058C102B91180:330743931A2B90360",
      "properties": {
        "type": "Point",
        "intensity": 1.0,
        "range": 20.0,
        "colour": "#DDEEFF",
        "corona": {
          "sprite": "corona_flare02.png",
          "scale": 1.0,
          "range": 100.0
        },
        "dutyCycle": "DuskTillDawn()"
      }
    }
  ],
  "meshes": [
    {
      "parent": "/Far__x12_z10/Far__x12_z10_LFS/Far_PassengerPlatform/Railway_Platform_RoofWide (1)/Collider",
      "position": "(-2.26351929,7.095641,-8.133995)",
      "rotation": "(0.522498548,0,0.8526402,0)",
      "hash": "32CD558C152B65380:32C53D931F2B63480",
      "properties": {
        "file": "meshes_lampposts.assetbundle",
        "mesh": "IndustrialLamp_Ceiling"
      }
    },
    {
      "parent": "/Far__x12_z10/Far__x12_z10_LFS/Far_PassengerPlatform/Railway_Platform_RoofWide (1)/Collider",
      "position": "(2.20928955,7.086611,-8.077484)",
      "rotation": "(0.522498548,0,0.8526402,0)",
      "hash": "32CD558C152B65380:32C74D931E2B5F500",
      "properties": {
        "file": "meshes_lampposts.assetbundle",
        "mesh": "IndustrialLamp_Ceiling"
      }
    },
    {
      "parent": "/Far__x12_z10/Far__x12_z10_LFS/Far_PassengerPlatform/Railway_Platform_RoofWide (1)/Collider",
      "position": "(-2.27626038,7.09773874,7.97833252)",
      "rotation": "(0.5075384,0,0.8616292,0)",
      "hash": "32CD558C152B65380:32D351931F2B6B210",
      "properties": {
        "file": "meshes_lampposts.assetbundle",
        "mesh": "IndustrialLamp_Ceiling"
      }
    },
    {
      "parent": "/Far__x12_z10/Far__x12_z10_LFS/Far_PassengerPlatform/Railway_Platform_RoofWide (1)/Collider",
      "position": "(2.19940186,7.08496952,7.90152)",
      "rotation": "(0.522498548,0,0.8526402,0)",
      "hash": "32CD558C152B65380:32D556931E2B67230",
      "properties": {
        "file": "meshes_lampposts.assetbundle",
        "mesh": "IndustrialLamp_Ceiling"
      }
    },
    {
      "parent": "/Far__x12_z10/Far__x12_z10_LFS/Far_PassengerPlatform/Railway_Platform_RoofWide (2)/Collider",
      "position": "(-2.33227539,7.107022,-8.091934)",
      "rotation": "(0.5150381,0,0.857167363,0)",
      "hash": "3304348C152B82510:32FC1C93202B81050",
      "properties": {
        "file": "meshes_lampposts.assetbundle",
        "mesh": "IndustrialLamp_Ceiling"
      }
    },
    {
      "parent": "/Far__x12_z10/Far__x12_z10_LFS/Far_PassengerPlatform/Railway_Platform_RoofWide (2)/Collider",
      "position": "(2.21521,7.087676,-8.115265)",
      "rotation": "(0.5150381,0,0.857167363,0)",
      "hash": "3304348C152B82510:32FE29931E2B7D030",
      "properties": {
        "file": "meshes_lampposts.assetbundle",
        "mesh": "IndustrialLamp_Ceiling"
      }
    },
    {
      "parent": "/Far__x12_z10/Far__x12_z10_LFS/Far_PassengerPlatform/Railway_Platform_RoofWide (2)/Collider",
      "position": "(-2.23794556,7.091434,7.92657471)",
      "rotation": "(0.5150381,0,0.857167363,0)",
      "hash": "3304348C152B82510:330A2D931F2B88350",
      "properties": {
        "file": "meshes_lampposts.assetbundle",
        "mesh": "IndustrialLamp_Ceiling"
      }
    },
    {
      "parent": "/Far__x12_z10/Far__x12_z10_LFS/Far_PassengerPlatform/Railway_Platform_RoofWide (2)/Collider",
      "position": "(2.2633667,7.09564829,8.003235)",
      "rotation": "(0.5150381,0,0.857167363,0)",
      "hash": "3304348C152B82510:330C40931F2B843B0",
      "properties": {
        "file": "meshes_lampposts.assetbundle",
        "mesh": "IndustrialLamp_Ceiling"
      }
    },
    {
      "parent": "/Far__x12_z10/Far__x12_z10_LFS/Far_PassengerPlatform/Railway_Platform_RoofWide (3)/Collider",
      "position": "(-2.18112183,7.08182859,8.00822449)",
      "rotation": "(0.8480481,0,-0.5299193,0)",
      "hash": "330A418C152B77230:331044931E2B7D050",
      "properties": {
        "file": "meshes_lampposts.assetbundle",
        "mesh": "IndustrialLamp_Ceiling"
      }
    },
    {
      "parent": "/Far__x12_z10/Far__x12_z10_LFS/Far_PassengerPlatform/Railway_Platform_RoofWide (3)/Collider",
      "position": "(2.180214,7.08196926,8.063477)",
      "rotation": "(0.857167363,0,-0.5150381,0)",
      "hash": "330A418C152B77230:33124F931E2B79170",
      "properties": {
        "file": "meshes_lampposts.assetbundle",
        "mesh": "IndustrialLamp_Ceiling"
      }
    },
    {
      "parent": "/Far__x12_z10/Far__x12_z10_LFS/Far_PassengerPlatform/Railway_Platform_RoofWide (3)/Collider",
      "position": "(2.15492249,7.07778168,-7.93989563)",
      "rotation": "(0.857167363,0,-0.5150381,0)",
      "hash": "330A418C152B77230:330443931D2B71460",
      "properties": {
        "file": "meshes_lampposts.assetbundle",
        "mesh": "IndustrialLamp_Ceiling"
      }
    },
    {
      "parent": "/Far__x12_z10/Far__x12_z10_LFS/Far_PassengerPlatform/Railway_Platform_RoofWide (3)/Collider",
      "position": "(-2.149887,7.07663441,-7.941208)",
      "rotation": "(0.8526402,0,-0.5224985,0)",
      "hash": "330A418C152B77230:330240931D2B75320",
      "properties": {
        "file": "meshes_lampposts.assetbundle",
        "mesh": "IndustrialLamp_Ceiling"
      }
    },
    {
      "parent": "/Far__x12_z10/Far__x12_z10_LFS/Far_PassengerPlatform/Railway_Platform_RoofWide/Collider",
      "position": "(2.217598,7.08806038,8.229797)",
      "rotation": "(0.8616291,0,-0.507538438,0)",
      "hash": "32D3638C152B5A0A0:32DC1D931E2B5C030",
      "properties": {
        "file": "meshes_lampposts.assetbundle",
        "mesh": "IndustrialLamp_Ceiling"
      }
    },
    {
      "parent": "/Far__x12_z10/Far__x12_z10_LFS/Far_PassengerPlatform/Railway_Platform_RoofWide/Collider",
      "position": "(-2.172844,7.08061075,8.149155)",
      "rotation": "(0.857167363,0,-0.5150381,0)",
      "hash": "32D3638C152B5A0A0:32DA0F931E2B5F560",
      "properties": {
        "file": "meshes_lampposts.assetbundle",
        "mesh": "IndustrialLamp_Ceiling"
      }
    },
    {
      "parent": "/Far__x12_z10/Far__x12_z10_LFS/Far_PassengerPlatform/Railway_Platform_RoofWide/Collider",
      "position": "(2.22740173,7.08967066,-7.89425659)",
      "rotation": "(0.857167363,0,-0.5150381,0)",
      "hash": "32D3638C152B5A0A0:32CE08931E2B54290",
      "properties": {
        "file": "meshes_lampposts.assetbundle",
        "mesh": "IndustrialLamp_Ceiling"
      }
    },
    {
      "parent": "/Far__x12_z10/Far__x12_z10_LFS/Far_PassengerPlatform/Railway_Platform_RoofWide/Collider",
      "position": "(-2.175583,7.081093,-7.85964966)",
      "rotation": "(0.8526402,0,-0.5224985,0)",
      "hash": "32D3638C152B5A0A0:32CC03931E2B581F0",
      "properties": {
        "file": "meshes_lampposts.assetbundle",
        "mesh": "IndustrialLamp_Ceiling"
      }
    },
    {
      "parent": "/Far__x12_z10/Far__x12_z10_LFS/Far_SilosCranes/PedestrianOverpass03 (1)/Collider",
      "position": "(6.94982147,5.016189,0.007217407)",
      "rotation": "(-0.171975628,0.6858749,0.685874939,0.171975628)",
      "hash": "32EB368C102B6F4E0:32EE5391122B69410",
      "properties": {
        "file": "meshes_lampposts.assetbundle",
        "mesh": "FloodLight_Wall"
      }
    },
    {
      "parent": "/Far__x12_z10/Far__x12_z10_LFS/Far_SilosCranes/PedestrianOverpass03 (1)/Collider",
      "position": "(-6.983673,5.00295067,-0.00518798828)",
      "rotation": "(-0.6858749,-0.171975791,-0.171975791,0.6858749)",
      "hash": "32EB368C102B6F4E0:32E81991112B755D0",
      "properties": {
        "file": "meshes_lampposts.assetbundle",
        "mesh": "FloodLight_Wall"
      }
    },
    {
      "parent": "/Far__x12_z10/Far__x12_z10_LFS/Far_SilosCranes/PedestrianOverpass03 (1)/Collider",
      "position": "(9.049896,5.015946,0.019821167)",
      "rotation": "(-0.685874939,-0.171975628,-0.171975628,0.6858749)",
      "hash": "32EB368C102B6F4E0:32EF5391122B67510",
      "properties": {
        "file": "meshes_lampposts.assetbundle",
        "mesh": "FloodLight_Wall"
      }
    },
    {
      "parent": "/Far__x12_z10/Far__x12_z10_LFS/Far_PassengerPlatform/Railway_Platform_RoofWide (3)/Collider",
      "position": "(-0.008857727,6.144496,-16.40036)",
      "rotation": "(-0.60659194,0.363381684,0.363381684,0.60659194)",
      "hash": "330A418C152B77230:32FC1392242B6F3E0",
      "properties": {
        "file": "meshes_lampposts.assetbundle",
        "mesh": "FloodLight_Wall"
      }
    },
    {
      "parent": "/Far__x12_z10/Far__x12_z10_LFS/Far_PassengerPlatform/Railway_Platform_RoofWide (2)/Collider",
      "position": "(0.0335998535,5.93451166,-16.40001)",
      "rotation": "(-0.60659194,0.363381684,0.363381684,0.60659194)",
      "hash": "3304348C152B82510:32F607920F2B7B050",
      "properties": {
        "file": "meshes_lampposts.assetbundle",
        "mesh": "FloodLight_Wall"
      }
    },
    {
      "parent": "/Far__x12_z10/Far__x12_z10_LFS/Far_PassengerPlatform/Railway_Platform_RoofWide (1)/Collider",
      "position": "(0.0148620605,6.036792,16.3994446)",
      "rotation": "(0.363381684,0.60659194,0.60659194,-0.363381684)",
      "hash": "32CD558C152B65380:32DC2092192B6D1D0",
      "properties": {
        "file": "meshes_lampposts.assetbundle",
        "mesh": "FloodLight_Wall"
      }
    },
    {
      "parent": "/Far__x12_z10/Far__x12_z10_LFS/Far_PassengerPlatform/Railway_Platform_RoofWide/Collider",
      "position": "(0.00257873535,6.082332,16.3995972)",
      "rotation": "(0.363381684,0.60659194,0.60659194,-0.363381684)",
      "hash": "32D3638C152B5A0A0:32E22D921E2B61530",
      "properties": {
        "file": "meshes_lampposts.assetbundle",
        "mesh": "FloodLight_Wall"
      }
    },
    {
      "parent": "/Far__x12_z10/Far__x12_z10_LFS/Far_IndustryBuildings/Offices_Tall/collider",
      "position": "(452.575745,1.85697412,201.315063)",
      "rotation": "(0,0.5150381,0,0.857167363)",
      "hash": "3201528A102A03270:3331578C022B8A2A0",
      "properties": {
        "file": "meshes_lampposts.assetbundle",
        "mesh": "YardLamp_Floor"
      }
    },
    {
      "parent": "/Far__x12_z10/Far__x12_z10_LFS/Far_IndustryBuildings/Offices_Tall/collider",
      "position": "(307.5564,1.85705125,202.31662)",
      "rotation": "(0,-0.848048031,0,0.5299194)",
      "hash": "3201528A102A03270:32B1358C022B46590",
      "properties": {
        "file": "meshes_lampposts.assetbundle",
        "mesh": "YardLamp_Floor"
      }
    },
    {
      "parent": "/Far__x12_z10/Far__x12_z10_LFS/Far_Roads/Flat_40x10 (15)/Collider",
      "position": "(2.79908752,-0.05000465,9.855743)",
      "rotation": "(0,0.5150381,0,0.857167363)",
      "hash": "32AF2C8C152B65100:32B92D8C102B67230",
      "properties": {
        "file": "meshes_lampposts.assetbundle",
        "mesh": "LampPostDouble_Floor"
      }
    },
    {
      "parent": "/Far__x12_z10/Far__x12_z10_LFS/Far_Roads/Flat_40x10 (15)/Collider",
      "position": "(2.997635,-0.0500053726,39.90149)",
      "rotation": "(0,0.522498548,0,0.8526402)",
      "hash": "32AF2C8C152B65100:32D4048C102B75230",
      "properties": {
        "file": "meshes_lampposts.assetbundle",
        "mesh": "LampPostDouble_Floor"
      }
    },
    {
      "parent": "/Far__x12_z10/Far__x12_z10_LFS/Far_Roads/Flat_40x10 (16)/Collider",
      "position": "(3.21347046,-0.05000612,30.0188751)",
      "rotation": "(0,0.522498548,0,0.8526402)",
      "hash": "32D2478C152B78040:32EE458C102B83250",
      "properties": {
        "file": "meshes_lampposts.assetbundle",
        "mesh": "LampPostDouble_Floor"
      }
    },
    {
      "parent": "/Far__x12_z10/Far__x12_z10_LFS/Far_Roads/Flat_40x10 (17)/Collider",
      "position": "(3.41799927,-0.04999144,19.8066711)",
      "rotation": "(0,0.522498548,0,0.8526402)",
      "hash": "32F5628C152B8A5B0:3309058C102B91180",
      "properties": {
        "file": "meshes_lampposts.assetbundle",
        "mesh": "LampPostDouble_Floor"
      }
    }
  ],
  "decorations": []
}