{
  "version": 97,
  "enabled": true,
  "lights": [
    {
      "parent": "/Far__x12_z10/Far__x12_z10_LFS/Far_Props/TrafficLight01#1/Collider",
      "position": "(-0.460022,2.768341,-0.012665391)",
      "hash": "339A558C152B923D0:339B198E622B92540",
      "properties": {
        "type": "Point",
        "intensity": 0.5,
        "range": 5.0,
        "colour": "#FF9900",
        "corona": null,
        "dutyCycle": "FlashingGlobal(2.00,False)"
      }
    },
    {
      "parent": "/Far__x12_z10/Far__x12_z10_LFS/Far_Props/TrafficLight01 (1)/Collider",
      "position": "(-0.460323334,2.76852179,0.004424514)",
      "hash": "339D348C152B83030:339D498E622B823E0",
      "properties": {
        "type": "Point",
        "intensity": 0.5,
        "range": 5.0,
        "colour": "#FF9900",
        "corona": null,
        "dutyCycle": "FlashingGlobal(2.00,False)"
      }
    },
    {
      "parent": "/Far__x12_z10/Far__x12_z10_LFS/Far_Props/TrafficLight03 (1)/Collider",
      "position": "(-0.450072825,5.25874233,2.913055)",
      "hash": "339D348C152B83030:339B10912F2B81190",
      "properties": {
        "type": "Point",
        "intensity": 0.5,
        "range": 5.0,
        "colour": "#FF9900",
        "corona": null,
        "dutyCycle": "FlashingGlobal(2.00,False)"
      }
    },
    {
      "parent": "/Far__x12_z10/Far__x12_z10_LFS/Far_Props/TrafficLight01 (2)/Collider",
      "position": "(-0.460784972,2.73939753,0.00407338142)",
      "hash": "338D5D8C152B80240:338D358E5F2B800E0",
      "properties": {
        "type": "Point",
        "intensity": 0.5,
        "range": 5.0,
        "colour": "#FF9900",
        "corona": null,
        "dutyCycle": "FlashingGlobal(2.00,False)"
      }
    },
    {
      "parent": "/Far__x12_z10/Far__x12_z10_LFS/Far_Props/TrafficLight03/Collider",
      "position": "(-0.449783325,5.258426,2.89648438)",
      "hash": "338B1A8C152B8F5E0:338D3D912F2B91460",
      "properties": {
        "type": "Point",
        "intensity": 0.5,
        "range": 5.0,
        "colour": "#FF9900",
        "corona": null,
        "dutyCycle": "FlashingGlobal(2.00,False)"
      }
    },
    {
      "parent": "/Far__x12_z10/Far__x12_z10_LFS/Far_Props/TrafficLight01#0/Collider",
      "position": "(-0.459686279,2.75313282,0.0009765625)",
      "hash": "338B1A8C152B8F5E0:338B058E612B90230",
      "properties": {
        "type": "Point",
        "intensity": 0.5,
        "range": 5.0,
        "colour": "#FF9900",
        "corona": null,
        "dutyCycle": "FlashingGlobal(2.00,False)"
      }
    }
  ],
  "meshes": [],
  "decorations": [
    {
      "parent": "/Far__x12_z10/Far__x12_z10_LFS/Far_Props/TrafficLight01 (1)",
      "hash": "339D348C152B83030:339D348C152B83030",
      "id": "TRAFFIC_LIGHT:AMBER_FLASHING",
      "properties": {
        "file": "meshes_decoration_lights.assetbundle",
        "mesh": "TrafficLight01_AmberLight",
        "assignMaterials": {
          "hideSourcePrefab": true,
          "assignments": []
        }
      },
      "dutyCycle": "FlashingGlobal(2.00,False)"
    },
    {
      "parent": "/Far__x12_z10/Far__x12_z10_LFS/Far_Props/TrafficLight03 (1)",
      "hash": "339D348C152B83030:339D348C152B83030",
      "id": "TRAFFIC_LIGHT:AMBER_FLASHING",
      "properties": {
        "file": "meshes_decoration_lights.assetbundle",
        "mesh": "TrafficLight03_AmberLight",
        "assignMaterials": {
          "hideSourcePrefab": true,
          "assignments": []
        }
      },
      "dutyCycle": "FlashingGlobal(2.00,False)"
    },
    {
      "parent": "/Far__x12_z10/Far__x12_z10_LFS/Far_Props/TrafficLight01 (2)",
      "hash": "338D5D8C152B80240:338D5D8C152B80240",
      "id": "TRAFFIC_LIGHT:AMBER_FLASHING",
      "properties": {
        "file": "meshes_decoration_lights.assetbundle",
        "mesh": "TrafficLight01_AmberLight",
        "assignMaterials": {
          "hideSourcePrefab": true,
          "assignments": []
        }
      },
      "dutyCycle": "FlashingGlobal(2.00,False)"
    },
    {
      "parent": "/Far__x12_z10/Far__x12_z10_LFS/Far_Props/TrafficLight03",
      "hash": "338B1A8C152B8F5E0:338B1A8C152B8F5E0",
      "id": "TRAFFIC_LIGHT:AMBER_FLASHING",
      "properties": {
        "file": "meshes_decoration_lights.assetbundle",
        "mesh": "TrafficLight03_AmberLight",
        "assignMaterials": {
          "hideSourcePrefab": true,
          "assignments": []
        }
      },
      "dutyCycle": "FlashingGlobal(2.00,False)"
    },
    {
      "parent": "/Far__x12_z10/Far__x12_z10_LFS/Far_Props/TrafficLight01#0",
      "hash": "338B1A8C152B8F5E0:338B1A8C152B8F5E0",
      "id": "TRAFFIC_LIGHT:AMBER_FLASHING",
      "properties": {
        "file": "meshes_decoration_lights.assetbundle",
        "mesh": "TrafficLight01_AmberLight",
        "assignMaterials": {
          "hideSourcePrefab": true,
          "assignments": []
        }
      },
      "dutyCycle": "FlashingGlobal(2.00,False)"
    },
    {
      "parent": "/Far__x12_z10/Far__x12_z10_LFS/Far_Props/TrafficLight01#1",
      "hash": "339A558C152B923D0:339A558C152B923D0",
      "id": "TRAFFIC_LIGHT:AMBER_FLASHING",
      "properties": {
        "file": "meshes_decoration_lights.assetbundle",
        "mesh": "TrafficLight01_AmberLight",
        "assignMaterials": {
          "hideSourcePrefab": true,
          "assignments": []
        }
      },
      "dutyCycle": "FlashingGlobal(2.00,False)"
    }
  ]
}