{
  "version": 92,
  "enabled": true,
  "lights": [
    {
      "parent": "/Far__x15_z10/Far__x15_z10_LFS/Far_IndustryBuildings/Warehouse_SmallSlant (1)/collider",
      "position": "(18.5908222,7.17601,1.00292778)",
      "hash": "3CBD5CCA142BE3110:3CBC5CD1252BF54C0",
      "properties": {
        "type": "Point",
        "intensity": 1.0,
        "range": 20.0,
        "colour": "#FFB24D",
        "corona": {
          "sprite": "corona_orange01.png",
          "scale": 0.75,
          "range": 100.0
        },
        "dutyCycle": "DuskTillDawn()"
      }
    },
    {
      "parent": "/Far__x15_z10/Far__x15_z10_LFS/Far_IndustryBuildings/Warehouse_SmallSlant (1)/collider",
      "position": "(15.0009785,7.18409729,5.642576)",
      "rotation": "(0.445272654,-0.549508,0.44625774,0.548294961)",
      "hash": "3CBD5CCA142BE3110:3CB81CD1262BF2110",
      "properties": {
        "type": "Point",
        "intensity": 1.0,
        "range": 20.0,
        "colour": "#FFB24D",
        "corona": {
          "sprite": "corona_orange01.png",
          "scale": 0.75,
          "range": 100.0
        },
        "dutyCycle": "DuskTillDawn()"
      }
    },
    {
      "parent": "/Far__x15_z10/Far__x15_z10_LFS/Far_IndustryBuildings/Warehouse_SmallSlant (1)/collider",
      "position": "(7.03808737,7.169815,5.57519436)",
      "rotation": "(0.445272654,-0.549508,0.44625774,0.548294961)",
      "hash": "3CBD5CCA142BE3110:3CB823D1252BEA150",
      "properties": {
        "type": "Point",
        "intensity": 1.0,
        "range": 20.0,
        "colour": "#FFB24D",
        "corona": {
          "sprite": "corona_orange01.png",
          "scale": 0.75,
          "range": 100.0
        },
        "dutyCycle": "DuskTillDawn()"
      }
    },
    {
      "parent": "/Far__x15_z10/Far__x15_z10_LFS/Far_IndustryBuildings/Warehouse_SmallSlant (1)/collider",
      "position": "(-0.9882809,7.15881348,5.52246141)",
      "rotation": "(0.445272654,-0.549508,0.44625774,0.548294961)",
      "hash": "3CBD5CCA142BE3110:3CB828D1232BE2120",
      "properties": {
        "type": "Point",
        "intensity": 1.0,
        "range": 20.0,
        "colour": "#FFB24D",
        "corona": {
          "sprite": "corona_orange01.png",
          "scale": 0.75,
          "range": 100.0
        },
        "dutyCycle": "DuskTillDawn()"
      }
    },
    {
      "parent": "/Far__x15_z10/Far__x15_z10_LFS/Far_IndustryBuildings/Warehouse_SmallSlant (1)/collider",
      "position": "(-9.014648,7.17350769,5.592775)",
      "rotation": "(0.445272654,-0.549508,0.44625774,0.548294961)",
      "hash": "3CBD5CCA142BE3110:3CB821D1252BDA100",
      "properties": {
        "type": "Point",
        "intensity": 1.0,
        "range": 20.0,
        "colour": "#FFB24D",
        "corona": {
          "sprite": "corona_orange01.png",
          "scale": 0.75,
          "range": 100.0
        },
        "dutyCycle": "DuskTillDawn()"
      }
    },
    {
      "parent": "/Far__x15_z10/Far__x15_z10_LFS/Far_IndustryBuildings/Warehouse_SmallSlant (1)/collider",
      "position": "(-16.9873066,7.161667,5.53613472)",
      "rotation": "(0.445272654,-0.549508,0.44625774,0.548294961)",
      "hash": "3CBD5CCA142BE3110:3CB827D1242BD2130",
      "properties": {
        "type": "Point",
        "intensity": 1.0,
        "range": 20.0,
        "colour": "#FFB24D",
        "corona": {
          "sprite": "corona_orange01.png",
          "scale": 0.75,
          "range": 100.0
        },
        "dutyCycle": "DuskTillDawn()"
      }
    },
    {
      "parent": "/Far__x15_z10/Far__x15_z10_LFS/Far_IndustryBuildings/Industry_Coal/collider",
      "position": "(8.992189,7.180969,11.6279287)",
      "rotation": "(0.445276022,-0.549503565,0.446253538,0.548299968)",
      "hash": "3D025CCA142BA6110:3CF71DD1262BAF100",
      "properties": {
        "type": "Point",
        "intensity": 1.0,
        "range": 20.0,
        "colour": "#FFB24D",
        "corona": {
          "sprite": "corona_orange01.png",
          "scale": 0.75,
          "range": 100.0
        },
        "dutyCycle": "DuskTillDawn()"
      }
    },
    {
      "parent": "/Far__x15_z10/Far__x15_z10_LFS/Far_IndustryBuildings/Industry_Coal/collider",
      "position": "(-4.00195265,9.35968,6.34765768)",
      "rotation": "(0.430459172,-0.5609857,0.430459231,0.5609856)",
      "hash": "3D025CCA142BA6110:3CFC39D3372BA2110",
      "properties": {
        "type": "Point",
        "intensity": 1.0,
        "range": 20.0,
        "colour": "#DDEEFF",
        "corona": {
          "sprite": "corona_flare02.png",
          "scale": 1.0,
          "range": 100.0
        },
        "dutyCycle": "DuskTillDawn()"
      }
    },
    {
      "parent": "/Far__x15_z10/Far__x15_z10_LFS/Far_Props/SkipDumpster (4)/collider (2)/%GROUP%_Mesh0004460A08000D0C",
      "position": "(0,0.253,-0.032)",
      "hash": "3CE62ACE562B803C0:3CE639CF062B80390",
      "properties": {
        "type": "Point",
        "intensity": 0.5,
        "range": 10.0,
        "colour": "#FFFFFF",
        "corona": {
          "sprite": "corona_flare02.png",
          "scale": 0.87,
          "range": 100.0
        },
        "dutyCycle": "DuskTillDawn()"
      }
    },
    {
      "parent": "/Far__x15_z10/Far__x15_z10_LFS/Far_SilosCranes/Storage_Shed/collider/%GROUP%_Mesh00040F0743000C00",
      "position": "(0,1.5,0.7)",
      "hash": "3D764DD3522BE00C0:3D751BD4342BE00C0",
      "properties": {
        "type": "Point",
        "intensity": 1.0,
        "range": 20.0,
        "colour": "#FFB24D",
        "corona": {
          "sprite": "corona_orange01.png",
          "scale": 0.75,
          "range": 100.0
        },
        "dutyCycle": "DuskTillDawn()"
      }
    },
    {
      "parent": "/Far__x15_z10/Far__x15_z10_LFS/Far_SilosCranes/Storage_Shed/collider/%GROUP%_Mesh00040F0751000362",
      "position": "(0,1.5,0.7)",
      "hash": "3D764DD3602BE80E0:3D751BD4422BE80E0",
      "properties": {
        "type": "Point",
        "intensity": 1.0,
        "range": 20.0,
        "colour": "#FFB24D",
        "corona": {
          "sprite": "corona_orange01.png",
          "scale": 0.75,
          "range": 100.0
        },
        "dutyCycle": "DuskTillDawn()"
      }
    },
    {
      "parent": "/Far__x15_z10/Far__x15_z10_LFS/Far_SilosCranes/Storage_Shed/collider/%GROUP%_Mesh00040F075B000361",
      "position": "(0,1.5,0.7)",
      "rotation": "(0,-0.7071068,0,0.7071068)",
      "hash": "3D764DD4062BF00A0:3D751BD44C2BF00A0",
      "properties": {
        "type": "Point",
        "intensity": 1.0,
        "range": 20.0,
        "colour": "#FFB24D",
        "corona": {
          "sprite": "corona_orange01.png",
          "scale": 0.75,
          "range": 100.0
        },
        "dutyCycle": "DuskTillDawn()"
      }
    },
    {
      "parent": "/Far__x15_z10/Far__x15_z10_LFS/Far_SilosCranes/Storage_Shed/collider/%GROUP%_Mesh00040F0759000B61",
      "position": "(0,1.5,0.7)",
      "hash": "3D764DD4042BF8090:3D751BD44A2BF8090",
      "properties": {
        "type": "Point",
        "intensity": 1.0,
        "range": 20.0,
        "colour": "#FFB24D",
        "corona": {
          "sprite": "corona_orange01.png",
          "scale": 0.75,
          "range": 100.0
        },
        "dutyCycle": "DuskTillDawn()"
      }
    },
    {
      "parent": "/Far__x15_z10/Far__x15_z10_LFS/Far_IndustryBuildings/Warehouse_MediumSlant/collider",
      "position": "(18.5791016,7.173355,3.01464653)",
      "hash": "3D4D5CCA142C27110:3D505ED1252C143B0",
      "properties": {
        "type": "Point",
        "intensity": 1.0,
        "range": 20.0,
        "colour": "#FFB24D",
        "corona": {
          "sprite": "corona_orange01.png",
          "scale": 0.75,
          "range": 100.0
        },
        "dutyCycle": "DuskTillDawn()"
      }
    },
    {
      "parent": "/Far__x15_z10/Far__x15_z10_LFS/Far_IndustryBuildings/Warehouse_MediumSlant/collider",
      "position": "(18.5869141,7.1750946,-3.00781441)",
      "hash": "3D4D5CCA142C27110:3D4A5BD1252C143B0",
      "properties": {
        "type": "Point",
        "intensity": 1.0,
        "range": 20.0,
        "colour": "#FFB24D",
        "corona": {
          "sprite": "corona_orange01.png",
          "scale": 0.75,
          "range": 100.0
        },
        "dutyCycle": "DuskTillDawn()"
      }
    },
    {
      "parent": "/Far__x15_z10/Far__x15_z10_LFS/Far_IndustryBuildings/Warehouse_MediumSlant/collider/%GROUP%_Mesh0013140446000163",
      "position": "(0,0.253,-0.032)",
      "hash": "3D4F5CCE5A2C3A250:3D4F59CF102C3A250",
      "properties": {
        "type": "Point",
        "intensity": 0.5,
        "range": 10.0,
        "colour": "#FFFFFF",
        "corona": {
          "sprite": "corona_flare02.png",
          "scale": 0.87,
          "range": 100.0
        },
        "dutyCycle": "DuskTillDawn()"
      }
    },
    {
      "parent": "/Far__x15_z10/Far__x15_z10_LFS/Far_IndustryBuildings/Utility_Small/collider/%GROUP%_Mesh000001043B000409",
      "position": "(0,0.253,-0.032)",
      "hash": "3D155BCE4F2BB91B0:3D155BCF052BB9180",
      "properties": {
        "type": "Point",
        "intensity": 0.5,
        "range": 10.0,
        "colour": "#FFFFFF",
        "corona": {
          "sprite": "corona_flare02.png",
          "scale": 0.87,
          "range": 100.0
        },
        "dutyCycle": "DuskTillDawn()"
      }
    },
    {
      "parent": "/Far__x15_z10/Far__x15_z10_LFS/Far_IndustryBuildings/Industry_Coal/collider",
      "position": "(-2.2998054,12.2086639,-4.02539063)",
      "hash": "3D025CCA142BA6110:3D065FD6282BA3570",
      "properties": {
        "type": "Point",
        "intensity": 1.0,
        "range": 20.0,
        "colour": "#DDEEFF",
        "corona": {
          "sprite": "corona_flare02.png",
          "scale": 1.0,
          "range": 100.0
        },
        "dutyCycle": "DuskTillDawn()"
      }
    },
    {
      "parent": "/Far__x15_z10/Far__x15_z10_LFS/Far_IndustryBuildings/Industry_Coal/collider",
      "position": "(-2.29980588,12.19342,-6.010743)",
      "hash": "3D025CCA142BA6110:3D085DD6272BA3570",
      "properties": {
        "type": "Point",
        "intensity": 1.0,
        "range": 20.0,
        "colour": "#DDEEFF",
        "corona": {
          "sprite": "corona_flare02.png",
          "scale": 1.0,
          "range": 100.0
        },
        "dutyCycle": "DuskTillDawn()"
      }
    },
    {
      "parent": "/Far__x15_z10/Far__x15_z10_LFS/Far_IndustryBuildings/Industry_Coal/collider/%GROUP%_Mesh0012140A1300015C",
      "position": "(0,1.5,0.7)",
      "hash": "3D0455D4272B93610:3D040FD5592B93610",
      "properties": {
        "type": "Point",
        "intensity": 1.0,
        "range": 20.0,
        "colour": "#FFB24D",
        "corona": {
          "sprite": "corona_orange01.png",
          "scale": 0.75,
          "range": 100.0
        },
        "dutyCycle": "DuskTillDawn()"
      }
    },
    {
      "parent": "/Far__x15_z10/Far__x15_z10_LFS/Far_IndustryBuildings/Utility_Tiny2/collider/%GROUP%_Mesh0000010426000209",
      "position": "(0,0.253,-0.032)",
      "hash": "3CB802CE3A2C26100:3CB81BCE372C26100",
      "properties": {
        "type": "Point",
        "intensity": 0.5,
        "range": 10.0,
        "colour": "#FFFFFF",
        "corona": {
          "sprite": "corona_flare02.png",
          "scale": 0.87,
          "range": 100.0
        },
        "dutyCycle": "DuskTillDawn()"
      }
    },
    {
      "parent": "/Far__x15_z10/Far__x15_z10_LFS/Far_IndustryBuildings/Industry_Coal/collider/%GROUP%_Mesh00095F0952000614",
      "position": "(0,1.5,0.7)",
      "hash": "3D090CD4022BB00D0:3D0A3ED4482BB00D0",
      "properties": {
        "type": "Point",
        "intensity": 1.0,
        "range": 20.0,
        "colour": "#FFB24D",
        "corona": {
          "sprite": "corona_orange01.png",
          "scale": 0.75,
          "range": 100.0
        },
        "dutyCycle": "DuskTillDawn()"
      }
    },
    {
      "parent": "/Far__x15_z10/Far__x15_z10_LFS/Far_IndustryBuildings/Industry_Coal/collider",
      "position": "(-2.35156369,5.36068726,-8.00097752)",
      "hash": "3D025CCA142BA6110:3D0A5CCF382BA3520",
      "properties": {
        "type": "Point",
        "intensity": 1.0,
        "range": 20.0,
        "colour": "#DDEEFF",
        "corona": {
          "sprite": "corona_flare02.png",
          "scale": 1.0,
          "range": 100.0
        },
        "dutyCycle": "DuskTillDawn()"
      }
    },
    {
      "parent": "/Far__x15_z10/Far__x15_z10_LFS/Far_IndustryBuildings/Industry_Coal/collider/%GROUP%_Mesh005962072B000160",
      "position": "(0,1.5,0.7)",
      "hash": "3D0459D13F2B4C130:3D0413D30D2B4C130",
      "properties": {
        "type": "Point",
        "intensity": 1.0,
        "range": 20.0,
        "colour": "#FFB24D",
        "corona": {
          "sprite": "corona_orange01.png",
          "scale": 0.75,
          "range": 100.0
        },
        "dutyCycle": "DuskTillDawn()"
      }
    },
    {
      "parent": "/Far__x15_z10/Far__x15_z10_LFS/Far_IndustryBuildings/Industry_Coal/collider/%GROUP%_Mesh005201072B000163",
      "position": "(0,1.5,0.7)",
      "hash": "3D045CD13F2B540F0:3D0416D30D2B540F0",
      "properties": {
        "type": "Point",
        "intensity": 1.0,
        "range": 20.0,
        "colour": "#FFB24D",
        "corona": {
          "sprite": "corona_orange01.png",
          "scale": 0.75,
          "range": 100.0
        },
        "dutyCycle": "DuskTillDawn()"
      }
    },
    {
      "parent": "/Far__x15_z10/Far__x15_z10_LFS/Far_IndustryBuildings/Industry_Coal/collider/%GROUP%_Mesh005809252B000162",
      "position": "(0,0.253,-0.032)",
      "hash": "3D005EEF3F2B4E070:3D0061EF582B4E070",
      "properties": {
        "type": "Point",
        "intensity": 0.5,
        "range": 10.0,
        "colour": "#FFFFFF",
        "corona": {
          "sprite": "corona_flare02.png",
          "scale": 0.87,
          "range": 100.0
        },
        "dutyCycle": "DuskTillDawn()"
      }
    },
    {
      "parent": "/Far__x15_z10/Far__x15_z10_LFS/Far_SilosCranes/Util_Conveyor#1/collider/%GROUP%_Mesh0002130A2B001208",
      "position": "(0,1.5,0.7)",
      "rotation": "(0,-0.673647761,0,0.739052534)",
      "hash": "3D6528D63A2B94450:3D635BD71C2B94530",
      "properties": {
        "type": "Point",
        "intensity": 1.0,
        "range": 20.0,
        "colour": "#FFB24D",
        "corona": {
          "sprite": "corona_orange01.png",
          "scale": 0.75,
          "range": 100.0
        },
        "dutyCycle": "DuskTillDawn()"
      }
    },
    {
      "parent": "/Far__x15_z10/Far__x15_z10_LFS/Far_SilosCranes/Util_Conveyor#1/collider/%GROUP%_Mesh0002130A3E001603",
      "position": "(0,1.5,0.7)",
      "rotation": "(0,-0.6736482,0,0.7390522)",
      "hash": "3D6146D64D2B6C490:3D6014D72F2B6C570",
      "properties": {
        "type": "Point",
        "intensity": 1.0,
        "range": 20.0,
        "colour": "#FFB24D",
        "corona": {
          "sprite": "corona_orange01.png",
          "scale": 0.75,
          "range": 100.0
        },
        "dutyCycle": "DuskTillDawn()"
      }
    },
    {
      "parent": "/Far__x15_z10/Far__x15_z10_LFS/Far_IndustryBuildings/Industry_Coal/collider/%GROUP%_Mesh0055520963000A18",
      "position": "(0,1.5,0.7)",
      "rotation": "(0,0.70710665,0,0.7071069)",
      "hash": "3D0D10D4132B50230:3D0E42D4592B50230",
      "properties": {
        "type": "Point",
        "intensity": 1.0,
        "range": 20.0,
        "colour": "#FFB24D",
        "corona": {
          "sprite": "corona_orange01.png",
          "scale": 0.75,
          "range": 100.0
        },
        "dutyCycle": "DuskTillDawn()"
      }
    },
    {
      "parent": "/Far__x15_z10/Far__x15_z10_LFS/Far_IndustryBuildings/Industry_Coal/collider/%GROUP%_Mesh0056060963000618",
      "position": "(0,1.5,0.7)",
      "rotation": "(0,-0.707106948,0,0.7071066)",
      "hash": "3CFC44D4132B500B0:3CFB12D4592B500B0",
      "properties": {
        "type": "Point",
        "intensity": 1.0,
        "range": 20.0,
        "colour": "#FFB24D",
        "corona": {
          "sprite": "corona_orange01.png",
          "scale": 0.75,
          "range": 100.0
        },
        "dutyCycle": "DuskTillDawn()"
      }
    },
    {
      "parent": "/Far__x15_z10/Far__x15_z10_LFS/Far_IndustryBuildings/FakeOffice_7#1/collider/%GROUP%_Mesh000509042E000402",
      "position": "(0,0.253,-0.032)",
      "hash": "3D1A02CE422B730F0:3D1A1BCE3F2B730F0",
      "properties": {
        "type": "Point",
        "intensity": 0.5,
        "range": 10.0,
        "colour": "#FFFFFF",
        "corona": {
          "sprite": "corona_flare02.png",
          "scale": 0.87,
          "range": 100.0
        },
        "dutyCycle": "DuskTillDawn()"
      }
    }
  ],
  "meshes": [
    {
      "parent": "/Far__x15_z10/Far__x15_z10_LFS/Far_Props/SkipDumpster (4)/collider (2)",
      "position": "(-4.70420027,-10.08699,-13.1270571)",
      "hash": "3CF560CC472B79350:3CE62ACE562B803C0",
      "properties": {
        "file": "meshes_lampposts.assetbundle",
        "mesh": "FloodLight_Wall"
      }
    },
    {
      "parent": "/Far__x15_z10/Far__x15_z10_LFS/Far_SilosCranes/Storage_Shed/collider",
      "position": "(-4.15039063,7.677109,-12.000782)",
      "rotation": "(-0.5,0.5,0.5,0.5)",
      "hash": "3D7A5CCC0F2BEC0C0:3D764DD3522BE00C0",
      "properties": {
        "file": "meshes_lampposts.assetbundle",
        "mesh": "LampPostSmall_Wall"
      }
    },
    {
      "parent": "/Far__x15_z10/Far__x15_z10_LFS/Far_SilosCranes/Storage_Shed/collider",
      "position": "(-4.15039063,7.81086731,-3.98613358)",
      "rotation": "(-0.499999,0.500001,0.5000011,0.499999)",
      "hash": "3D7A5CCC0F2BEC0C0:3D764DD3602BE80E0",
      "properties": {
        "file": "meshes_lampposts.assetbundle",
        "mesh": "LampPostSmall_Wall"
      }
    },
    {
      "parent": "/Far__x15_z10/Far__x15_z10_LFS/Far_SilosCranes/Storage_Shed/collider",
      "position": "(-4.15039063,7.91212463,3.97773361)",
      "rotation": "(0.5,-0.5,-0.5,-0.5)",
      "hash": "3D7A5CCC0F2BEC0C0:3D764DD4062BF00A0",
      "properties": {
        "file": "meshes_lampposts.assetbundle",
        "mesh": "LampPostSmall_Wall"
      }
    },
    {
      "parent": "/Far__x15_z10/Far__x15_z10_LFS/Far_SilosCranes/Storage_Shed/collider",
      "position": "(-4.15039063,7.892105,11.9708977)",
      "rotation": "(-0.499999,0.500001,0.5000011,0.499999)",
      "hash": "3D7A5CCC0F2BEC0C0:3D764DD4042BF8090",
      "properties": {
        "file": "meshes_lampposts.assetbundle",
        "mesh": "LampPostSmall_Wall"
      }
    },
    {
      "parent": "/Far__x15_z10/Far__x15_z10_LFS/Far_IndustryBuildings/Warehouse_MediumSlant/collider",
      "position": "(-19.2001953,4.70709229,1.99902534)",
      "hash": "3D4D5CCA142C27110:3D4F5CCE5A2C3A250",
      "properties": {
        "file": "meshes_lampposts.assetbundle",
        "mesh": "FloodLight_Wall"
      }
    },
    {
      "parent": "/Far__x15_z10/Far__x15_z10_LFS/Far_IndustryBuildings/Utility_Small/collider",
      "position": "(-0.0107382778,4.59960938,4.09960938)",
      "hash": "3D155CCA142BB5110:3D155BCE4F2BB91B0",
      "properties": {
        "file": "meshes_lampposts.assetbundle",
        "mesh": "FloodLight_Wall"
      }
    },
    {
      "parent": "/Far__x15_z10/Far__x15_z10_LFS/Far_IndustryBuildings/Industry_Coal/collider",
      "position": "(-18.2001972,10.1995392,-1.928709)",
      "hash": "3D025CCA142BA6110:3D0455D4272B93610",
      "properties": {
        "file": "meshes_lampposts.assetbundle",
        "mesh": "LampPostSmall_Wall"
      }
    },
    {
      "parent": "/Far__x15_z10/Far__x15_z10_LFS/Far_IndustryBuildings/Utility_Tiny2/collider",
      "position": "(0.0136716384,4.38182068,2.09960961)",
      "rotation": "(0.499997675,0.5000023,0.5000024,-0.499997675)",
      "hash": "3CB55CCA142C26110:3CB802CE3A2C26100",
      "properties": {
        "file": "meshes_lampposts.assetbundle",
        "mesh": "FloodLight_Wall"
      }
    },
    {
      "parent": "/Far__x15_z10/Far__x15_z10_LFS/Far_IndustryBuildings/Industry_Coal/collider",
      "position": "(9.959961,9.824127,-6.200197)",
      "rotation": "(0.5,0.5,0.50000006,-0.5)",
      "hash": "3D025CCA142BA6110:3D090CD4022BB00D0",
      "properties": {
        "file": "meshes_lampposts.assetbundle",
        "mesh": "LampPostSmall_Wall"
      }
    },
    {
      "parent": "/Far__x15_z10/Far__x15_z10_LFS/Far_IndustryBuildings/Industry_Coal/collider",
      "position": "(-89.98048,7.43457031,-1.96776581)",
      "hash": "3D025CCA142BA6110:3D0459D13F2B4C130",
      "properties": {
        "file": "meshes_lampposts.assetbundle",
        "mesh": "LampPostSmall_Wall"
      }
    },
    {
      "parent": "/Far__x15_z10/Far__x15_z10_LFS/Far_IndustryBuildings/Industry_Coal/collider",
      "position": "(-82.01954,7.4317627,-1.994133)",
      "hash": "3D025CCA142BA6110:3D045CD13F2B540F0",
      "properties": {
        "file": "meshes_lampposts.assetbundle",
        "mesh": "LampPostSmall_Wall"
      }
    },
    {
      "parent": "/Far__x15_z10/Far__x15_z10_LFS/Far_IndustryBuildings/Industry_Coal/collider",
      "position": "(-88.09962,37.43515,1.9824295)",
      "hash": "3D025CCA142BA6110:3D005EEF3F2B4E070",
      "properties": {
        "file": "meshes_lampposts.assetbundle",
        "mesh": "FloodLight_Wall"
      }
    },
    {
      "parent": "/Far__x15_z10/Far__x15_z10_LFS/Far_SilosCranes/Util_Conveyor#1/collider",
      "position": "(2.19978428,10.4382324,-18.088726)",
      "rotation": "(-0.47634095,0.522589,0.522589,0.47634095)",
      "hash": "3D655CCC0F2B822F0:3D6528D63A2B94450",
      "properties": {
        "file": "meshes_lampposts.assetbundle",
        "mesh": "LampPostSmall_Wall"
      }
    },
    {
      "parent": "/Far__x15_z10/Far__x15_z10_LFS/Far_SilosCranes/Util_Conveyor#1/collider",
      "position": "(2.19943738,10.6205139,22.0360126)",
      "rotation": "(-0.476341218,0.522588849,0.522588849,0.476341218)",
      "hash": "3D655CCC0F2B822F0:3D6146D64D2B6C490",
      "properties": {
        "file": "meshes_lampposts.assetbundle",
        "mesh": "LampPostSmall_Wall"
      }
    },
    {
      "parent": "/Far__x15_z10/Far__x15_z10_LFS/Far_IndustryBuildings/Industry_Coal/collider",
      "position": "(-85.8252,9.992294,-10.2402267)",
      "rotation": "(0.49999994,0.50000006,0.5000001,-0.49999994)",
      "hash": "3D025CCA142BA6110:3D0D10D4132B50230",
      "properties": {
        "file": "meshes_lampposts.assetbundle",
        "mesh": "LampPostSmall_Wall"
      }
    },
    {
      "parent": "/Far__x15_z10/Far__x15_z10_LFS/Far_IndustryBuildings/Industry_Coal/collider",
      "position": "(-86.06251,9.990997,6.240242)",
      "rotation": "(-0.5000001,0.499999881,0.499999881,0.5000001)",
      "hash": "3D025CCA142BA6110:3CFC44D4132B500B0",
      "properties": {
        "file": "meshes_lampposts.assetbundle",
        "mesh": "LampPostSmall_Wall"
      }
    },
    {
      "parent": "/Far__x15_z10/Far__x15_z10_LFS/Far_IndustryBuildings/FakeOffice_7#1/collider",
      "position": "(5.099613,4.466278,-4.020503)",
      "rotation": "(0.499999642,0.500000358,0.500000358,-0.499999642)",
      "hash": "3D145CCA142B77110:3D1A02CE422B730F0",
      "properties": {
        "file": "meshes_lampposts.assetbundle",
        "mesh": "FloodLight_Wall"
      }
    }
  ],
  "decorations": []
}