{
  "version": 92,
  "enabled": true,
  "lights": [
    {
      "parent": "/Far__x15_z10/Far__x15_z10_LFS/Far_SilosCranes/Pile11#0/collider/%GROUP%_Mesh0012234E1700CD44",
      "position": "(0,7.1,-1.55)",
      "rotation": "(-0.7071068,0,0,0.7071068)",
      "hash": "3CFE10CC172B5C270:3CFC3DD3212B5C270",
      "properties": {
        "type": "Point",
        "intensity": 1.0,
        "range": 20.0,
        "colour": "#DDEEFF",
        "corona": {
          "sprite": "corona_flare02.png",
          "scale": 1.0,
          "range": 100.0
        },
        "dutyCycle": "DuskTillDawn()"
      }
    },
    {
      "parent": "/Far__x15_z10/Far__x15_z10_LFS/Far_SilosCranes/Pile11#0/collider/%GROUP%_Mesh0014334E1700ED01",
      "position": "(0,7.1,-1.55)",
      "rotation": "(-0.7071068,0,0,0.7071068)",
      "hash": "3CFE0DCC172B7B500:3CFC3AD3212B7B4A0",
      "properties": {
        "type": "Point",
        "intensity": 1.0,
        "range": 20.0,
        "colour": "#DDEEFF",
        "corona": {
          "sprite": "corona_flare02.png",
          "scale": 1.0,
          "range": 100.0
        },
        "dutyCycle": "DuskTillDawn()"
      }
    },
    {
      "parent": "/Far__x15_z10/Far__x15_z10_LFS/Far_Fences/SmallWireFence02b_x12 (3)/Collider/%GROUP%_Mesh0056160008009D57",
      "position": "(0,7.1,-1.55)",
      "rotation": "(-0.7071068,0,0,0.7071068)",
      "hash": "3D3B50CC172C4B270:3D3D23D3212C4B2D0",
      "properties": {
        "type": "Point",
        "intensity": 1.0,
        "range": 20.0,
        "colour": "#FFB24D",
        "corona": {
          "sprite": "corona_orange01.png",
          "scale": 0.75,
          "range": 100.0
        },
        "dutyCycle": "DuskTillDawn()"
      }
    },
    {
      "parent": "/Far__x15_z10/Far__x15_z10_LFS/Far_Fences/SmallWireFence02b_x12 (3)/Collider/%GROUP%_Mesh0037400008009D52",
      "position": "(0,7.1,-1.55)",
      "rotation": "(-0.7071068,0,0,0.7071068)",
      "hash": "3D3B4BCC172C2C520:3D3D1DD3212C2C4D0",
      "properties": {
        "type": "Point",
        "intensity": 1.0,
        "range": 20.0,
        "colour": "#FFB24D",
        "corona": {
          "sprite": "corona_orange01.png",
          "scale": 0.75,
          "range": 100.0
        },
        "dutyCycle": "DuskTillDawn()"
      }
    },
    {
      "parent": "/Far__x15_z10/Far__x15_z10_LFS/Far_Fences/SmallWireFence02b_x12 (3)/Collider/%GROUP%_Mesh0019300008009D57",
      "position": "(0,7.1,-1.55)",
      "rotation": "(-0.7071068,0,0,0.7071068)",
      "hash": "3D3B50CC172C0E410:3D3D23D3212C0E3F0",
      "properties": {
        "type": "Point",
        "intensity": 1.0,
        "range": 20.0,
        "colour": "#FFB24D",
        "corona": {
          "sprite": "corona_orange01.png",
          "scale": 0.75,
          "range": 100.0
        },
        "dutyCycle": "DuskTillDawn()"
      }
    },
    {
      "parent": "/Far__x15_z10/Far__x15_z10_LFS/Far_SilosCranes/Pile11#0/collider/%GROUP%_Mesh0021064E17016517",
      "position": "(0,7.1,-1.55)",
      "rotation": "(-0.7071068,0,0,0.7071068)",
      "hash": "3D3B48CC172BF00B0:3D3D1BD3212BF0060",
      "properties": {
        "type": "Point",
        "intensity": 1.0,
        "range": 20.0,
        "colour": "#FFB24D",
        "corona": {
          "sprite": "corona_orange01.png",
          "scale": 0.75,
          "range": 100.0
        },
        "dutyCycle": "DuskTillDawn()"
      }
    },
    {
      "parent": "/Far__x15_z10/Far__x15_z10_LFS/Far_SilosCranes/Pile11#0/collider/%GROUP%_Mesh000F3A4E17015317",
      "position": "(0,7.1,-1.55)",
      "rotation": "(-0.7071068,0,0,0.7071068)",
      "hash": "3D2907CC172BDF210:3D2907D3212BDD4F0",
      "properties": {
        "type": "Point",
        "intensity": 1.0,
        "range": 20.0,
        "colour": "#FFB24D",
        "corona": {
          "sprite": "corona_orange01.png",
          "scale": 0.75,
          "range": 100.0
        },
        "dutyCycle": "DuskTillDawn()"
      }
    },
    {
      "parent": "/Far__x15_z10/Far__x15_z10_LFS/Far_SilosCranes/Pile11#0/collider/%GROUP%_Mesh0015124E17015047",
      "position": "(0,7.1,-1.55)",
      "rotation": "(-0.7071068,0,0,0.7071068)",
      "hash": "3D0415CC172BDF1F0:3D0412D3212BDD4C0",
      "properties": {
        "type": "Point",
        "intensity": 1.0,
        "range": 20.0,
        "colour": "#FFB24D",
        "corona": {
          "sprite": "corona_orange01.png",
          "scale": 0.75,
          "range": 100.0
        },
        "dutyCycle": "DuskTillDawn()"
      }
    },
    {
      "parent": "/Far__x15_z10/Far__x15_z10_LFS/Far_SilosCranes/Pile11#0/collider/%GROUP%_Mesh002C354E1701430F",
      "position": "(0,7.1,-1.55)",
      "rotation": "(-0.7071068,0,0,0.7071068)",
      "hash": "3CEB63CC172BD3240:3CED35D3212BD30C0",
      "properties": {
        "type": "Point",
        "intensity": 1.0,
        "range": 20.0,
        "colour": "#FFB24D",
        "corona": {
          "sprite": "corona_orange01.png",
          "scale": 0.75,
          "range": 100.0
        },
        "dutyCycle": "DuskTillDawn()"
      }
    },
    {
      "parent": "/Far__x15_z10/Far__x15_z10_LFS/Far_SilosCranes/Pile11#0/collider/%GROUP%_Mesh002A3C4E17012315",
      "position": "(0,7.1,-1.55)",
      "rotation": "(-0.7071068,0,0,0.7071068)",
      "hash": "3CEB4CCC172BB3250:3CED1FD3212BB3280",
      "properties": {
        "type": "Point",
        "intensity": 1.0,
        "range": 20.0,
        "colour": "#FFB24D",
        "corona": {
          "sprite": "corona_orange01.png",
          "scale": 0.75,
          "range": 100.0
        },
        "dutyCycle": "DuskTillDawn()"
      }
    },
    {
      "parent": "/Far__x15_z10/Far__x15_z10_LFS/Far_SilosCranes/Pile11#0/collider/%GROUP%_Mesh0027594E1700FB2D",
      "position": "(0,7.1,-1.55)",
      "rotation": "(-0.7071068,0,0,0.7071068)",
      "hash": "3CEB4DCC172B8B330:3CED20D3212B8B360",
      "properties": {
        "type": "Point",
        "intensity": 1.0,
        "range": 20.0,
        "colour": "#FFB24D",
        "corona": {
          "sprite": "corona_orange01.png",
          "scale": 0.75,
          "range": 100.0
        },
        "dutyCycle": "DuskTillDawn()"
      }
    },
    {
      "parent": "/Far__x15_z10/Far__x15_z10_LFS/Far_SilosCranes/Pile11#0/collider/%GROUP%_Mesh0026344E1700E602",
      "position": "(0,7.1,-1.55)",
      "rotation": "(-0.7071068,0,0,0.7071068)",
      "hash": "3CEB44CC172B76040:3CED17D3212B76070",
      "properties": {
        "type": "Point",
        "intensity": 1.0,
        "range": 20.0,
        "colour": "#FFB24D",
        "corona": {
          "sprite": "corona_orange01.png",
          "scale": 0.75,
          "range": 100.0
        },
        "dutyCycle": "DuskTillDawn()"
      }
    },
    {
      "parent": "/Far__x15_z10/Far__x15_z10_LFS/Far_SilosCranes/Pile11#0/collider/%GROUP%_Mesh0024454E1700CA2A",
      "position": "(0,7.1,-1.55)",
      "rotation": "(-0.7071068,0,0,0.7071068)",
      "hash": "3CEB40CC172B5A260:3CED13D3212B5A240",
      "properties": {
        "type": "Point",
        "intensity": 1.0,
        "range": 20.0,
        "colour": "#FFB24D",
        "corona": {
          "sprite": "corona_orange01.png",
          "scale": 0.75,
          "range": 100.0
        },
        "dutyCycle": "DuskTillDawn()"
      }
    },
    {
      "parent": "/Far__x15_z10/Far__x15_z10_LFS/Far_SilosCranes/Pile11#0/collider/%GROUP%_Mesh00384D4E1701315E",
      "position": "(0,7.1,-1.55)",
      "rotation": "(-0.7071068,0,0,0.7071068)",
      "hash": "3CDE3ECC172BC3020:3CDE46D3212BC4390",
      "properties": {
        "type": "Point",
        "intensity": 1.0,
        "range": 20.0,
        "colour": "#FFB24D",
        "corona": {
          "sprite": "corona_orange01.png",
          "scale": 0.75,
          "range": 100.0
        },
        "dutyCycle": "DuskTillDawn()"
      }
    },
    {
      "parent": "/Far__x15_z10/Far__x15_z10_LFS/Far_Fences/SmallWireFence02b_x12 (3)/Collider/%GROUP%_Mesh004D43000800240F",
      "position": "(0,7.1,-1.55)",
      "rotation": "(-0.7071068,0,0,0.7071068)",
      "hash": "3CC208CC172C42550:3CC035D3212C42550",
      "properties": {
        "type": "Point",
        "intensity": 1.0,
        "range": 20.0,
        "colour": "#FFB24D",
        "corona": {
          "sprite": "corona_orange01.png",
          "scale": 0.75,
          "range": 100.0
        },
        "dutyCycle": "DuskTillDawn()"
      }
    },
    {
      "parent": "/Far__x15_z10/Far__x15_z10_LFS/Far_Fences/SmallWireFence02b_x12 (3)/Collider/%GROUP%_Mesh002E590008002411",
      "position": "(0,7.1,-1.55)",
      "rotation": "(-0.7071068,0,0,0.7071068)",
      "hash": "3CC209CC172C24070:3CC036D3212C24040",
      "properties": {
        "type": "Point",
        "intensity": 1.0,
        "range": 20.0,
        "colour": "#FFB24D",
        "corona": {
          "sprite": "corona_orange01.png",
          "scale": 0.75,
          "range": 100.0
        },
        "dutyCycle": "DuskTillDawn()"
      }
    },
    {
      "parent": "/Far__x15_z10/Far__x15_z10_LFS/Far_Fences/SmallWireFence02b_x12 (3)/Collider/%GROUP%_Mesh00103F0008002412",
      "position": "(0,7.1,-1.55)",
      "rotation": "(-0.7071068,0,0,0.7071068)",
      "hash": "3CC20ACC172C05510:3CC037D3212C05530",
      "properties": {
        "type": "Point",
        "intensity": 1.0,
        "range": 20.0,
        "colour": "#FFB24D",
        "corona": {
          "sprite": "corona_orange01.png",
          "scale": 0.75,
          "range": 100.0
        },
        "dutyCycle": "DuskTillDawn()"
      }
    },
    {
      "parent": "/Far__x15_z10/Far__x15_z10_LFS/Far_SilosCranes/Pile11#0/collider/%GROUP%_Mesh0073614E1701645A",
      "position": "(0,7.1,-1.55)",
      "rotation": "(-0.7071068,0,0,0.7071068)",
      "hash": "3CA701CC172BF9580:3CA82BD3212BF9190",
      "properties": {
        "type": "Point",
        "intensity": 1.0,
        "range": 20.0,
        "colour": "#FFB24D",
        "corona": {
          "sprite": "corona_orange01.png",
          "scale": 0.75,
          "range": 100.0
        },
        "dutyCycle": "DuskTillDawn()"
      }
    },
    {
      "parent": "/Far__x15_z10/Far__x15_z10_LFS/Far_SilosCranes/Pile11#0/collider/%GROUP%_Mesh0072514E1701413F",
      "position": "(0,7.1,-1.55)",
      "rotation": "(-0.7071068,0,0,0.7071068)",
      "hash": "3CA54ECC172BD63D0:3CA721D3212BD63F0",
      "properties": {
        "type": "Point",
        "intensity": 1.0,
        "range": 20.0,
        "colour": "#FFB24D",
        "corona": {
          "sprite": "corona_orange01.png",
          "scale": 0.75,
          "range": 100.0
        },
        "dutyCycle": "DuskTillDawn()"
      }
    },
    {
      "parent": "/Far__x15_z10/Far__x15_z10_LFS/Far_SilosCranes/Pile11#0/collider/%GROUP%_Mesh0059214E17012F46",
      "position": "(0,7.1,-1.55)",
      "rotation": "(-0.7071068,0,0,0.7071068)",
      "hash": "3CBD63CC172BC2630:3CBE01D3212BC4360",
      "properties": {
        "type": "Point",
        "intensity": 1.0,
        "range": 20.0,
        "colour": "#FFB24D",
        "corona": {
          "sprite": "corona_orange01.png",
          "scale": 0.75,
          "range": 100.0
        },
        "dutyCycle": "DuskTillDawn()"
      }
    },
    {
      "parent": "/Far__x15_z10/Far__x15_z10_LFS/Far_Fences/SmallWireFence02b_x12 (3)/Collider/%GROUP%_Mesh005E1A000800AC1F",
      "position": "(0,7.1,-1.55)",
      "rotation": "(-0.7071068,0,0,0.7071068)",
      "hash": "3D4A18CC172C532C0:3D4A1DD3212C51590",
      "properties": {
        "type": "Point",
        "intensity": 1.0,
        "range": 20.0,
        "colour": "#DDEEFF",
        "corona": {
          "sprite": "corona_flare02.png",
          "scale": 1.0,
          "range": 100.0
        },
        "dutyCycle": "DuskTillDawn()"
      }
    },
    {
      "parent": "/Far__x15_z10/Far__x15_z10_LFS/Far_Fences/SmallWireFence02b_x12 (3)/Collider/%GROUP%_Mesh005548000800BA10",
      "position": "(0,7.1,-1.55)",
      "rotation": "(-0.7071068,0,0,0.7071068)",
      "hash": "3D5808CC172C4A5A0:3D563AD3212C4A320",
      "properties": {
        "type": "Point",
        "intensity": 1.0,
        "range": 20.0,
        "colour": "#DDEEFF",
        "corona": {
          "sprite": "corona_flare02.png",
          "scale": 1.0,
          "range": 100.0
        },
        "dutyCycle": "DuskTillDawn()"
      }
    },
    {
      "parent": "/Far__x15_z10/Far__x15_z10_LFS/Far_Fences/SmallWireFence02b_x12 (3)/Collider/%GROUP%_Mesh001632000800BA1A",
      "position": "(0,7.1,-1.55)",
      "rotation": "(-0.7071068,0,0,0.7071068)",
      "hash": "3D5813CC172C0B440:3D5640D3212C0B470",
      "properties": {
        "type": "Point",
        "intensity": 1.0,
        "range": 20.0,
        "colour": "#DDEEFF",
        "corona": {
          "sprite": "corona_flare02.png",
          "scale": 1.0,
          "range": 100.0
        },
        "dutyCycle": "DuskTillDawn()"
      }
    },
    {
      "parent": "/Far__x15_z10/Far__x15_z10_LFS/Far_SilosCranes/Pile11#0/collider/%GROUP%_Mesh003D174E17016A38",
      "position": "(0,7.1,-1.55)",
      "rotation": "(-0.7071068,0,0,0.7071068)",
      "hash": "3D5814CC172BF3340:3D5641D3212BF3340",
      "properties": {
        "type": "Point",
        "intensity": 1.0,
        "range": 20.0,
        "colour": "#DDEEFF",
        "corona": {
          "sprite": "corona_flare02.png",
          "scale": 1.0,
          "range": 100.0
        },
        "dutyCycle": "DuskTillDawn()"
      }
    },
    {
      "parent": "/Far__x15_z10/Far__x15_z10_LFS/Far_Fences/SmallWireFence02b_x12 (3)/Collider/%GROUP%_Mesh0016140008001546",
      "position": "(0,7.1,-1.55)",
      "rotation": "(-0.7071068,0,0,0.7071068)",
      "hash": "3CB33ECC172C0B250:3CB511D3212C0B280",
      "properties": {
        "type": "Point",
        "intensity": 1.0,
        "range": 20.0,
        "colour": "#DDEEFF",
        "corona": {
          "sprite": "corona_flare02.png",
          "scale": 1.0,
          "range": 100.0
        },
        "dutyCycle": "DuskTillDawn()"
      }
    },
    {
      "parent": "/Far__x15_z10/Far__x15_z10_LFS/Far_Fences/SmallWireFence02b_x12 (3)/Collider/%GROUP%_Mesh002511000800153F",
      "position": "(0,7.1,-1.55)",
      "rotation": "(-0.7071068,0,0,0.7071068)",
      "hash": "3CB338CC172C1A230:3CB50BD3212C1A260",
      "properties": {
        "type": "Point",
        "intensity": 1.0,
        "range": 20.0,
        "colour": "#DDEEFF",
        "corona": {
          "sprite": "corona_flare02.png",
          "scale": 1.0,
          "range": 100.0
        },
        "dutyCycle": "DuskTillDawn()"
      }
    },
    {
      "parent": "/Far__x15_z10/Far__x15_z10_LFS/Far_Roads/Flat_40x40/Collider/%GROUP%_Mesh00273C0004002155",
      "position": "(0,7.1,-1.55)",
      "rotation": "(-0.7071068,0,0,0.7071068)",
      "hash": "3D1B35CC192BD1030:3D1962D3232BD10B0",
      "properties": {
        "type": "Point",
        "intensity": 1.0,
        "range": 20.0,
        "colour": "#FFB24D",
        "corona": {
          "sprite": "corona_orange01.png",
          "scale": 0.75,
          "range": 100.0
        },
        "dutyCycle": "DuskTillDawn()"
      }
    },
    {
      "parent": "/Far__x15_z10/Far__x15_z10_LFS/Far_Roads/Flat_40x40/Collider/%GROUP%_Mesh0027490004001033",
      "position": "(0,7.1,-1.55)",
      "rotation": "(-0.7071068,0,0,0.7071068)",
      "hash": "3D1B42CC192BBF450:3D1A0BD3232BBF4A0",
      "properties": {
        "type": "Point",
        "intensity": 1.0,
        "range": 20.0,
        "colour": "#FFB24D",
        "corona": {
          "sprite": "corona_orange01.png",
          "scale": 0.75,
          "range": 100.0
        },
        "dutyCycle": "DuskTillDawn()"
      }
    }
  ],
  "meshes": [
    {
      "parent": "/Far__x15_z10/Far__x15_z10_LFS/Far_SilosCranes/Pile11#0/collider",
      "position": "(-18.3570023,78.2358551,205.689224)",
      "rotation": "(0,0.7071067,0,0.7071068)",
      "hash": "3D02367E002A8D5D0:3CFE10CC172B5C270",
      "properties": {
        "file": "meshes_lampposts.assetbundle",
        "mesh": "LampPostSmall_Floor"
      }
    },
    {
      "parent": "/Far__x15_z10/Far__x15_z10_LFS/Far_SilosCranes/Pile11#0/collider",
      "position": "(-20.5130482,78.2358551,237.018463)",
      "rotation": "(0,0.6946584,0,0.7193398)",
      "hash": "3D02367E002A8D5D0:3CFE0DCC172B7B500",
      "properties": {
        "file": "meshes_lampposts.assetbundle",
        "mesh": "LampPostSmall_Floor"
      }
    },
    {
      "parent": "/Far__x15_z10/Far__x15_z10_LFS/Far_Fences/SmallWireFence02b_x12 (3)/Collider",
      "position": "(-86.22174,0.08595276,157.874969)",
      "rotation": "(0,-0.7193399,0,0.6946583)",
      "hash": "3C9D5CCC0F2BF5110:3D3B50CC172C4B270",
      "properties": {
        "file": "meshes_lampposts.assetbundle",
        "mesh": "LampPostSmall_Floor"
      }
    },
    {
      "parent": "/Far__x15_z10/Far__x15_z10_LFS/Far_Fences/SmallWireFence02b_x12 (3)/Collider",
      "position": "(-55.6485,0.08595276,157.8242)",
      "rotation": "(0,-0.694658458,0,0.7193397)",
      "hash": "3C9D5CCC0F2BF5110:3D3B4BCC172C2C520",
      "properties": {
        "file": "meshes_lampposts.assetbundle",
        "mesh": "LampPostSmall_Floor"
      }
    },
    {
      "parent": "/Far__x15_z10/Far__x15_z10_LFS/Far_Fences/SmallWireFence02b_x12 (3)/Collider",
      "position": "(-25.48053,0.08595276,157.875961)",
      "rotation": "(0,-0.7009093,0,0.7132504)",
      "hash": "3C9D5CCC0F2BF5110:3D3B50CC172C0E410",
      "properties": {
        "file": "meshes_lampposts.assetbundle",
        "mesh": "LampPostSmall_Floor"
      }
    },
    {
      "parent": "/Far__x15_z10/Far__x15_z10_LFS/Far_SilosCranes/Pile11#0/collider",
      "position": "(33.0617828,78.2358551,357.237335)",
      "rotation": "(0,-0.694658458,0,0.7193397)",
      "hash": "3D02367E002A8D5D0:3D3B48CC172BF00B0",
      "properties": {
        "file": "meshes_lampposts.assetbundle",
        "mesh": "LampPostSmall_Floor"
      }
    },
    {
      "parent": "/Far__x15_z10/Far__x15_z10_LFS/Far_SilosCranes/Pile11#0/collider",
      "position": "(15.5895,78.2358551,339.235321)",
      "rotation": "(0,0,0,1)",
      "hash": "3D02367E002A8D5D0:3D2907CC172BDF210",
      "properties": {
        "file": "meshes_lampposts.assetbundle",
        "mesh": "LampPostSmall_Floor"
      }
    },
    {
      "parent": "/Far__x15_z10/Far__x15_z10_LFS/Far_SilosCranes/Pile11#0/collider",
      "position": "(-21.1887245,78.2358551,336.718231)",
      "rotation": "(0,0.008726535,0,0.9999619)",
      "hash": "3D02367E002A8D5D0:3D0415CC172BDF1F0",
      "properties": {
        "file": "meshes_lampposts.assetbundle",
        "mesh": "LampPostSmall_Floor"
      }
    },
    {
      "parent": "/Far__x15_z10/Far__x15_z10_LFS/Far_SilosCranes/Pile11#0/collider",
      "position": "(-44.53837,78.2358551,323.151581)",
      "rotation": "(0,-0.649448037,0,0.760406)",
      "hash": "3D02367E002A8D5D0:3CEB63CC172BD3240",
      "properties": {
        "file": "meshes_lampposts.assetbundle",
        "mesh": "LampPostSmall_Floor"
      }
    },
    {
      "parent": "/Far__x15_z10/Far__x15_z10_LFS/Far_SilosCranes/Pile11#0/collider",
      "position": "(-42.6046677,78.2358551,291.219)",
      "rotation": "(0,-0.7132504,0,0.7009093)",
      "hash": "3D02367E002A8D5D0:3CEB4CCC172BB3250",
      "properties": {
        "file": "meshes_lampposts.assetbundle",
        "mesh": "LampPostSmall_Floor"
      }
    },
    {
      "parent": "/Far__x15_z10/Far__x15_z10_LFS/Far_SilosCranes/Pile11#0/collider",
      "position": "(-39.89944,78.2358551,251.453491)",
      "rotation": "(0,-0.7132504,0,0.7009093)",
      "hash": "3D02367E002A8D5D0:3CEB4DCC172B8B330",
      "properties": {
        "file": "meshes_lampposts.assetbundle",
        "mesh": "LampPostSmall_Floor"
      }
    },
    {
      "parent": "/Far__x15_z10/Far__x15_z10_LFS/Far_SilosCranes/Pile11#0/collider",
      "position": "(-38.52807,78.2358551,230.025482)",
      "rotation": "(0,-0.7132504,0,0.7009093)",
      "hash": "3D02367E002A8D5D0:3CEB44CC172B76040",
      "properties": {
        "file": "meshes_lampposts.assetbundle",
        "mesh": "LampPostSmall_Floor"
      }
    },
    {
      "parent": "/Far__x15_z10/Far__x15_z10_LFS/Far_SilosCranes/Pile11#0/collider",
      "position": "(-36.6987419,78.2358551,202.427811)",
      "rotation": "(0,-0.7009093,0,0.7132504)",
      "hash": "3D02367E002A8D5D0:3CEB40CC172B5A260",
      "properties": {
        "file": "meshes_lampposts.assetbundle",
        "mesh": "LampPostSmall_Floor"
      }
    },
    {
      "parent": "/Far__x15_z10/Far__x15_z10_LFS/Far_SilosCranes/Pile11#0/collider",
      "position": "(-56.7730446,78.2358551,305.942657)",
      "rotation": "(0,0.999657333,0,-0.0261769611)",
      "hash": "3D02367E002A8D5D0:3CDE3ECC172BC3020",
      "properties": {
        "file": "meshes_lampposts.assetbundle",
        "mesh": "LampPostSmall_Floor"
      }
    },
    {
      "parent": "/Far__x15_z10/Far__x15_z10_LFS/Far_Fences/SmallWireFence02b_x12 (3)/Collider",
      "position": "(-77.67482,0.08595276,36.15915)",
      "rotation": "(0,0.7071067,0,0.7071068)",
      "hash": "3C9D5CCC0F2BF5110:3CC208CC172C42550",
      "properties": {
        "file": "meshes_lampposts.assetbundle",
        "mesh": "LampPostSmall_Floor"
      }
    },
    {
      "parent": "/Far__x15_z10/Far__x15_z10_LFS/Far_Fences/SmallWireFence02b_x12 (3)/Collider",
      "position": "(-46.89552,0.08595276,36.1728363)",
      "rotation": "(0,0.700909257,0,0.713250458)",
      "hash": "3C9D5CCC0F2BF5110:3CC209CC172C24070",
      "properties": {
        "file": "meshes_lampposts.assetbundle",
        "mesh": "LampPostSmall_Floor"
      }
    },
    {
      "parent": "/Far__x15_z10/Far__x15_z10_LFS/Far_Fences/SmallWireFence02b_x12 (3)/Collider",
      "position": "(-16.6347771,0.08595276,36.181633)",
      "rotation": "(0,0.713250458,0,0.700909257)",
      "hash": "3C9D5CCC0F2BF5110:3CC20ACC172C05510",
      "properties": {
        "file": "meshes_lampposts.assetbundle",
        "mesh": "LampPostSmall_Floor"
      }
    },
    {
      "parent": "/Far__x15_z10/Far__x15_z10_LFS/Far_SilosCranes/Pile11#0/collider",
      "position": "(-115.972015,78.2358551,356.908752)",
      "rotation": "(0,-0.544639051,0,0.838670552)",
      "hash": "3D02367E002A8D5D0:3CA701CC172BF9580",
      "properties": {
        "file": "meshes_lampposts.assetbundle",
        "mesh": "LampPostSmall_Floor"
      }
    },
    {
      "parent": "/Far__x15_z10/Far__x15_z10_LFS/Far_SilosCranes/Pile11#0/collider",
      "position": "(-114.815811,78.2358551,321.6356)",
      "rotation": "(0,-0.7132504,0,0.7009093)",
      "hash": "3D02367E002A8D5D0:3CA54ECC172BD63D0",
      "properties": {
        "file": "meshes_lampposts.assetbundle",
        "mesh": "LampPostSmall_Floor"
      }
    },
    {
      "parent": "/Far__x15_z10/Far__x15_z10_LFS/Far_SilosCranes/Pile11#0/collider",
      "position": "(-89.33187,78.2358551,303.703156)",
      "rotation": "(0,0.9999619,0,-0.008726531)",
      "hash": "3D02367E002A8D5D0:3CBD63CC172BC2630",
      "properties": {
        "file": "meshes_lampposts.assetbundle",
        "mesh": "LampPostSmall_Floor"
      }
    },
    {
      "parent": "/Far__x15_z10/Far__x15_z10_LFS/Far_Fences/SmallWireFence02b_x12 (3)/Collider",
      "position": "(-94.26764,0.08595276,172.314423)",
      "rotation": "(0,-0.0174524579,0,0.9998477)",
      "hash": "3C9D5CCC0F2BF5110:3D4A18CC172C532C0",
      "properties": {
        "file": "meshes_lampposts.assetbundle",
        "mesh": "LampPostSmall_Floor"
      }
    },
    {
      "parent": "/Far__x15_z10/Far__x15_z10_LFS/Far_Fences/SmallWireFence02b_x12 (3)/Collider",
      "position": "(-85.72467,0.08595276,186.160126)",
      "rotation": "(0,0.6087614,0,0.7933534)",
      "hash": "3C9D5CCC0F2BF5110:3D5808CC172C4A5A0",
      "properties": {
        "file": "meshes_lampposts.assetbundle",
        "mesh": "LampPostSmall_Floor"
      }
    },
    {
      "parent": "/Far__x15_z10/Far__x15_z10_LFS/Far_Fences/SmallWireFence02b_x12 (3)/Collider",
      "position": "(-22.5098267,0.08595276,186.264648)",
      "rotation": "(0,0.713250458,0,0.700909257)",
      "hash": "3C9D5CCC0F2BF5110:3D5813CC172C0B440",
      "properties": {
        "file": "meshes_lampposts.assetbundle",
        "mesh": "LampPostSmall_Floor"
      }
    },
    {
      "parent": "/Far__x15_z10/Far__x15_z10_LFS/Far_SilosCranes/Pile11#0/collider",
      "position": "(61.2372665,78.2358551,362.566)",
      "rotation": "(0,0.7071067,0,0.7071068)",
      "hash": "3D02367E002A8D5D0:3D5814CC172BF3340",
      "properties": {
        "file": "meshes_lampposts.assetbundle",
        "mesh": "LampPostSmall_Floor"
      }
    },
    {
      "parent": "/Far__x15_z10/Far__x15_z10_LFS/Far_Fences/SmallWireFence02b_x12 (3)/Collider",
      "position": "(-22.2021561,0.08595276,21.7031174)",
      "rotation": "(0,-0.7132504,0,0.7009093)",
      "hash": "3C9D5CCC0F2BF5110:3CB33ECC172C0B250",
      "properties": {
        "file": "meshes_lampposts.assetbundle",
        "mesh": "LampPostSmall_Floor"
      }
    },
    {
      "parent": "/Far__x15_z10/Far__x15_z10_LFS/Far_Fences/SmallWireFence02b_x12 (3)/Collider",
      "position": "(-37.177742,0.08595276,21.6376839)",
      "rotation": "(0,-0.7132504,0,0.7009093)",
      "hash": "3C9D5CCC0F2BF5110:3CB338CC172C1A230",
      "properties": {
        "file": "meshes_lampposts.assetbundle",
        "mesh": "LampPostSmall_Floor"
      }
    },
    {
      "parent": "/Far__x15_z10/Far__x15_z10_LFS/Far_Roads/Flat_40x40/Collider",
      "position": "(39.609375,-0.049987793,33.85742)",
      "rotation": "(0,0.725374341,0,0.6883546)",
      "hash": "3CF35CCC1E2BAF110:3D1B35CC192BD1030",
      "properties": {
        "file": "meshes_lampposts.assetbundle",
        "mesh": "LampPostSmall_Floor"
      }
    },
    {
      "parent": "/Far__x15_z10/Far__x15_z10_LFS/Far_Roads/Flat_40x40/Collider",
      "position": "(39.73828,-0.049987793,16.5136719)",
      "rotation": "(0,0.7193398,0,0.6946584)",
      "hash": "3CF35CCC1E2BAF110:3D1B42CC192BBF450",
      "properties": {
        "file": "meshes_lampposts.assetbundle",
        "mesh": "LampPostSmall_Floor"
      }
    }
  ],
  "decorations": []
}