{
  "version": 97,
  "enabled": true,
  "priority": "Low",
  "lights": [
    {
      "parent": "/Far__x2_z10/Far__x2_z10_LFS/Far_Station_MachineFactoryMilitaryBase/SilosCranes/MilitaryStorage (1)/Collider/%GROUP%_Mesh00081E0459000005",
      "position": "(0,1.5,0.7)",
      "hash": "098856A3472B595C0:09893AA4292B583C0",
      "properties": {
        "type": "Point",
        "intensity": 1.0,
        "range": 20.0,
        "colour": "#FFB24D",
        "corona": {
          "sprite": "corona_orange01.png",
          "scale": 0.75,
          "range": 100.0
        },
        "dutyCycle": "DuskTillDawn()"
      }
    },
    {
      "parent": "/Far__x2_z10/Far__x2_z10_LFS/Far_Station_MachineFactoryMilitaryBase/SilosCranes/MilitaryStorage (2)/Collider/%GROUP%_Mesh00081E0459000003",
      "position": "(0,1.5,0.7)",
      "hash": "099657A3472B61310:09973AA4292B60110",
      "properties": {
        "type": "Point",
        "intensity": 1.0,
        "range": 20.0,
        "colour": "#FFB24D",
        "corona": {
          "sprite": "corona_orange01.png",
          "scale": 0.75,
          "range": 100.0
        },
        "dutyCycle": "DuskTillDawn()"
      }
    },
    {
      "parent": "/Far__x2_z10/Far__x2_z10_LFS/Far_Station_MachineFactory/Roads/Road_30x8 (11)/Collider/%GROUP%_Mesh01172A000C01A413",
      "position": "(0,7.1,-1.55)",
      "rotation": "(-0.7071068,0,0,0.7071068)",
      "hash": "099C189F122B74190:099D04A61C2B725C0",
      "properties": {
        "type": "Point",
        "intensity": 1.0,
        "range": 20.0,
        "colour": "#FFB24D",
        "corona": {
          "sprite": "corona_orange01.png",
          "scale": 0.75,
          "range": 100.0
        },
        "dutyCycle": "DuskTillDawn()"
      }
    },
    {
      "parent": "/Far__x2_z10/Far__x2_z10_LFS/Far_Station_MachineFactory/Roads/Road_30x8 (11)/Collider/%GROUP%_Mesh01250D000C01AC0C",
      "position": "(0,7.1,-1.55)",
      "rotation": "(-0.7071068,0,0,0.7071068)",
      "hash": "09AA119F122B7B4E0:09AA5FA61C2B7A2C0",
      "properties": {
        "type": "Point",
        "intensity": 1.0,
        "range": 20.0,
        "colour": "#FFB24D",
        "corona": {
          "sprite": "corona_orange01.png",
          "scale": 0.75,
          "range": 100.0
        },
        "dutyCycle": "DuskTillDawn()"
      }
    },
    {
      "parent": "/Far__x2_z10/Far__x2_z10_LFS/Far_Station_MachineFactoryMilitaryBase/SilosCranes/MilitaryBarracks2/Collider/%GROUP%_Mesh000659031A000001",
      "position": "(0,0.285,-0.04)",
      "hash": "09D74FA2082B86250:09D75CA2042B860B0",
      "properties": {
        "type": "Point",
        "intensity": 0.5,
        "range": 10.0,
        "colour": "#FFFFFF",
        "corona": {
          "sprite": "corona_flare02.png",
          "scale": 0.87,
          "range": 100.0
        },
        "dutyCycle": "DuskTillDawn()"
      }
    },
    {
      "parent": "/Far__x2_z10/Far__x2_z10_LFS/Far_Station_MachineFactoryMilitaryBase/SilosCranes/MilitaryBarracks2 (3)/Collider/%GROUP%_Mesh0006590320000002",
      "position": "(0,0.285,-0.04)",
      "hash": "09E313A20E2B8C340:09E320A20A2B8C1B0",
      "properties": {
        "type": "Point",
        "intensity": 0.5,
        "range": 10.0,
        "colour": "#FFFFFF",
        "corona": {
          "sprite": "corona_flare02.png",
          "scale": 0.87,
          "range": 100.0
        },
        "dutyCycle": "DuskTillDawn()"
      }
    },
    {
      "parent": "/Far__x2_z10/Far__x2_z10_LFS/Far_Station_MachineFactoryMilitaryBase/SilosCranes/MilitaryBarracks2 (4)/Collider/%GROUP%_Mesh0006590315000001",
      "position": "(0,0.285,-0.04)",
      "hash": "09EE40A2032B92460:09EE4DA1632B922D0",
      "properties": {
        "type": "Point",
        "intensity": 0.5,
        "range": 10.0,
        "colour": "#FFFFFF",
        "corona": {
          "sprite": "corona_flare02.png",
          "scale": 0.87,
          "range": 100.0
        },
        "dutyCycle": "DuskTillDawn()"
      }
    },
    {
      "parent": "/Far__x2_z10/Far__x2_z10_LFS/Far_Station_MachineFactoryMilitaryBase/IndustryBuildings/Offices_Medium/collider",
      "position": "(7.564171,5.762329,-0.0133241145)",
      "rotation": "(0.447670668,-0.2173492,0.113144457,0.859970152)",
      "hash": "0A0A379D1F2B575A0:0A0660A3082B5E380",
      "properties": {
        "type": "Point",
        "intensity": 1.0,
        "range": 20.0,
        "colour": "#DDEEFF",
        "corona": {
          "sprite": "corona_flare02.png",
          "scale": 1.0,
          "range": 100.0
        },
        "dutyCycle": "DuskTillDawn()"
      }
    },
    {
      "parent": "/Far__x2_z10/Far__x2_z10_LFS/Far_Station_MachineFactoryMilitaryBase/IndustryBuildings/Offices_Medium/collider/%GROUP%_Mesh000913053A000001",
      "position": "(0,0.285,-0.04)",
      "rotation": "(0,0.9695331,0,0.244960457)",
      "hash": "0A0E5AA25A2B4F500:0A0F04A2562B4F370",
      "properties": {
        "type": "Point",
        "intensity": 0.5,
        "range": 10.0,
        "colour": "#FFFFFF",
        "corona": {
          "sprite": "corona_flare02.png",
          "scale": 0.87,
          "range": 100.0
        },
        "dutyCycle": "DuskTillDawn()"
      }
    },
    {
      "parent": "/Far__x2_z10/Far__x2_z10_LFS/Far_Station_MachineFactoryMilitaryBase/IndustryBuildings/Warehouse_LargeSlant/collider/%GROUP%_Mesh001314043A001202",
      "position": "(0,0.285,-0.04)",
      "rotation": "(0,0.969514251,0,0.245035037)",
      "hash": "09FF03A15A2B3B120:09FF10A1562B3A5D0",
      "properties": {
        "type": "Point",
        "intensity": 0.5,
        "range": 10.0,
        "colour": "#FFFFFF",
        "corona": {
          "sprite": "corona_flare02.png",
          "scale": 0.87,
          "range": 100.0
        },
        "dutyCycle": "DuskTillDawn()"
      }
    },
    {
      "parent": "/Far__x2_z10/Far__x2_z10_LFS/Far_Station_MachineFactoryMilitaryBase/IndustryBuildings/Warehouse_LargeSlant/collider/%GROUP%_Mesh001314043F001162",
      "position": "(0,0.285,-0.04)",
      "rotation": "(0,0.969514251,0,0.245035037)",
      "hash": "09DF22A15F2B2A070:09DF30A15B2B29520",
      "properties": {
        "type": "Point",
        "intensity": 0.5,
        "range": 10.0,
        "colour": "#FFFFFF",
        "corona": {
          "sprite": "corona_flare02.png",
          "scale": 0.87,
          "range": 100.0
        },
        "dutyCycle": "DuskTillDawn()"
      }
    },
    {
      "parent": "/Far__x2_z10/Far__x2_z10_LFS/Far_Station_MachineFactoryMilitaryBase/IndustryBuildings/Warehouse_MediumSlant/collider/%GROUP%_Mesh0013140441000163",
      "position": "(0,0.285,-0.04)",
      "rotation": "(0,0.71710676,0,0.69696337)",
      "hash": "09C957A1612B2B020:09CA0FA15D2B2B010",
      "properties": {
        "type": "Point",
        "intensity": 0.5,
        "range": 10.0,
        "colour": "#FFFFFF",
        "corona": {
          "sprite": "corona_flare02.png",
          "scale": 0.87,
          "range": 100.0
        },
        "dutyCycle": "DuskTillDawn()"
      }
    },
    {
      "parent": "/Far__x2_z10/Far__x2_z10_LFS/Far_Station_MachineFactoryMilitaryBase/IndustryBuildings/Warehouse_MediumSlant/collider",
      "position": "(18.5394478,7.16471863,2.99884224)",
      "rotation": "(0.4498937,-0.542738259,0.437256217,0.5584244)",
      "hash": "09B6499D1F2B2D370:09A40BA4302B2B080",
      "properties": {
        "type": "Point",
        "intensity": 1.0,
        "range": 20.0,
        "colour": "#FFB24D",
        "corona": {
          "sprite": "corona_orange01.png",
          "scale": 0.75,
          "range": 100.0
        },
        "dutyCycle": "DuskTillDawn()"
      }
    },
    {
      "parent": "/Far__x2_z10/Far__x2_z10_LFS/Far_Station_MachineFactoryMilitaryBase/IndustryBuildings/Warehouse_MediumSlant/collider",
      "position": "(18.54609,7.16618347,-3.0112133)",
      "rotation": "(0.4498937,-0.542738259,0.437256217,0.5584244)",
      "hash": "09B6499D1F2B2D370:09A41CA4302B31090",
      "properties": {
        "type": "Point",
        "intensity": 1.0,
        "range": 20.0,
        "colour": "#FFB24D",
        "corona": {
          "sprite": "corona_orange01.png",
          "scale": 0.75,
          "range": 100.0
        },
        "dutyCycle": "DuskTillDawn()"
      }
    },
    {
      "parent": "/Far__x2_z10/Far__x2_z10_LFS/Far_Station_MachineFactoryMilitaryBase/IndustryBuildings/Warehouse_LargeSlant/collider",
      "position": "(18.5992985,7.177841,-20.00508)",
      "rotation": "(0.608247459,-0.190813318,0.153728485,0.7549787)",
      "hash": "09E6059D1F2B43330:09EE52A4312B5D260",
      "properties": {
        "type": "Point",
        "intensity": 1.0,
        "range": 20.0,
        "colour": "#FFB24D",
        "corona": {
          "sprite": "corona_orange01.png",
          "scale": 0.75,
          "range": 100.0
        },
        "dutyCycle": "DuskTillDawn()"
      }
    },
    {
      "parent": "/Far__x2_z10/Far__x2_z10_LFS/Far_Station_MachineFactoryMilitaryBase/IndustryBuildings/Warehouse_LargeSlant/collider",
      "position": "(18.5762062,7.172699,-12.0031729)",
      "rotation": "(0.608247459,-0.190813348,0.153728485,0.7549787)",
      "hash": "09E6059D1F2B43330:09E74FA4312B59380",
      "properties": {
        "type": "Point",
        "intensity": 1.0,
        "range": 20.0,
        "colour": "#FFB24D",
        "corona": {
          "sprite": "corona_orange01.png",
          "scale": 0.75,
          "range": 100.0
        },
        "dutyCycle": "DuskTillDawn()"
      }
    },
    {
      "parent": "/Far__x2_z10/Far__x2_z10_LFS/Far_Station_MachineFactoryMilitaryBase/IndustryBuildings/Warehouse_LargeSlant/collider",
      "position": "(18.5863857,7.17501831,-4.00952244)",
      "rotation": "(0.608247459,-0.190813348,0.153728485,0.7549787)",
      "hash": "09E6059D1F2B43330:09E04BA4312B554D0",
      "properties": {
        "type": "Point",
        "intensity": 1.0,
        "range": 20.0,
        "colour": "#FFB24D",
        "corona": {
          "sprite": "corona_orange01.png",
          "scale": 0.75,
          "range": 100.0
        },
        "dutyCycle": "DuskTillDawn()"
      }
    },
    {
      "parent": "/Far__x2_z10/Far__x2_z10_LFS/Far_Station_MachineFactoryMilitaryBase/IndustryBuildings/Warehouse_LargeSlant/collider",
      "position": "(18.55488,7.168167,3.9994204)",
      "rotation": "(0.608247459,-0.190813348,0.153728485,0.7549787)",
      "hash": "09E6059D1F2B43330:09D947A4302B515E0",
      "properties": {
        "type": "Point",
        "intensity": 1.0,
        "range": 20.0,
        "colour": "#FFB24D",
        "corona": {
          "sprite": "corona_orange01.png",
          "scale": 0.75,
          "range": 100.0
        },
        "dutyCycle": "DuskTillDawn()"
      }
    },
    {
      "parent": "/Far__x2_z10/Far__x2_z10_LFS/Far_Station_MachineFactoryMilitaryBase/IndustryBuildings/Warehouse_LargeSlant/collider",
      "position": "(18.5405884,7.1651,11.9929714)",
      "rotation": "(0.608247459,-0.190813348,0.153728485,0.7549787)",
      "hash": "09E6059D1F2B43330:09D245A4302B4E0D0",
      "properties": {
        "type": "Point",
        "intensity": 1.0,
        "range": 20.0,
        "colour": "#FFB24D",
        "corona": {
          "sprite": "corona_orange01.png",
          "scale": 0.75,
          "range": 100.0
        },
        "dutyCycle": "DuskTillDawn()"
      }
    },
    {
      "parent": "/Far__x2_z10/Far__x2_z10_LFS/Far_Station_MachineFactoryMilitaryBase/IndustryBuildings/Warehouse_LargeSlant/collider",
      "position": "(18.5511951,7.167389,19.97918)",
      "rotation": "(0.608247459,-0.190813348,0.153728485,0.7549787)",
      "hash": "09E6059D1F2B43330:09CB42A4302B4A220",
      "properties": {
        "type": "Point",
        "intensity": 1.0,
        "range": 20.0,
        "colour": "#FFB24D",
        "corona": {
          "sprite": "corona_orange01.png",
          "scale": 0.75,
          "range": 100.0
        },
        "dutyCycle": "DuskTillDawn()"
      }
    },
    {
      "parent": "/Far__x2_z10/Far__x2_z10_LFS/Far_Station_MachineFactoryMilitaryBase/IndustryBuildings/Warehouse_LargeSlant/collider/%GROUP%_Mesh0013140440000163",
      "position": "(0,0.285,-0.04)",
      "rotation": "(0,0.969514251,0,0.245035037)",
      "hash": "09ED2AA1602B31430:09ED38A15C2B312A0",
      "properties": {
        "type": "Point",
        "intensity": 0.5,
        "range": 10.0,
        "colour": "#FFFFFF",
        "corona": {
          "sprite": "corona_flare02.png",
          "scale": 0.87,
          "range": 100.0
        },
        "dutyCycle": "DuskTillDawn()"
      }
    },
    {
      "parent": "/Far__x2_z10/Far__x2_z10_LFS/Far_Station_MachineFactoryMilitaryBase/IndustryBuildings/Utility_Small/collider/%GROUP%_Mesh0000000437000409",
      "position": "(0,0.285,-0.04)",
      "rotation": "(0,0.01424387,0,0.999898553)",
      "hash": "0A1B1FA1572B22550:0A1B1FA1532B230E0",
      "properties": {
        "type": "Point",
        "intensity": 0.5,
        "range": 10.0,
        "colour": "#FFFFFF",
        "corona": {
          "sprite": "corona_flare02.png",
          "scale": 0.87,
          "range": 100.0
        },
        "dutyCycle": "DuskTillDawn()"
      }
    },
    {
      "parent": "/Far__x2_z10/Far__x2_z10_LFS/Far_Station_MachineFactoryMilitaryBase/IndustryBuildings/Warehouse_LargeSlant/collider/%GROUP%_Mesh000D260662001814",
      "position": "(0,1.5,0.7)",
      "rotation": "(0,0.5122839,0,0.858816147)",
      "hash": "0A0146A41E2B43170:0A0302A5002B435F0",
      "properties": {
        "type": "Point",
        "intensity": 1.0,
        "range": 20.0,
        "colour": "#FFB24D",
        "corona": {
          "sprite": "corona_orange01.png",
          "scale": 0.75,
          "range": 100.0
        },
        "dutyCycle": "DuskTillDawn()"
      }
    },
    {
      "parent": "/Far__x2_z10/Far__x2_z10_LFS/Far_Station_MachineFactoryMilitaryBase/IndustryBuildings/Warehouse_LargeSlant/collider/%GROUP%_Mesh00082F0650001813",
      "position": "(0,1.5,0.7)",
      "rotation": "(0,0.512284338,0,0.8588159)",
      "hash": "09F720A40C2B562F0:09F840A4522B57120",
      "properties": {
        "type": "Point",
        "intensity": 1.0,
        "range": 20.0,
        "colour": "#FFB24D",
        "corona": {
          "sprite": "corona_orange01.png",
          "scale": 0.75,
          "range": 100.0
        },
        "dutyCycle": "DuskTillDawn()"
      }
    },
    {
      "parent": "/Far__x2_z10/Far__x2_z10_LFS/Far_Station_MachineFactoryMilitaryBase/IndustryBuildings/Warehouse_LargeSlant/collider/%GROUP%_Mesh00063F065B001814",
      "position": "(0,1.5,0.7)",
      "rotation": "(0,-0.8588161,0,0.5122841)",
      "hash": "09CD3CA4172B3D550:09CC1CA45D2B3D0E0",
      "properties": {
        "type": "Point",
        "intensity": 1.0,
        "range": 20.0,
        "colour": "#FFB24D",
        "corona": {
          "sprite": "corona_orange01.png",
          "scale": 0.75,
          "range": 100.0
        },
        "dutyCycle": "DuskTillDawn()"
      }
    },
    {
      "parent": "/Far__x2_z10/Far__x2_z10_LFS/Far_Station_MachineFactoryMilitaryBase/IndustryBuildings/Warehouse_LargeSlant/collider/%GROUP%_Mesh000F0B0719001813",
      "position": "(0,1.5,0.7)",
      "rotation": "(0,-0.8588161,0,0.5122841)",
      "hash": "09D75EA4392B2A480:09D63EA51B2B2A000",
      "properties": {
        "type": "Point",
        "intensity": 1.0,
        "range": 20.0,
        "colour": "#FFB24D",
        "corona": {
          "sprite": "corona_orange01.png",
          "scale": 0.75,
          "range": 100.0
        },
        "dutyCycle": "DuskTillDawn()"
      }
    },
    {
      "parent": "/Far__x2_z10/Far__x2_z10_LFS/Far_Station_MachineFactoryMilitaryBase/Fences/SolidWall01_x12_Concrete (3)/Collider/%GROUP%_Mesh0009190204000317",
      "position": "(0,0.285,-0.04)",
      "rotation": "(0,-0.861381352,0,0.5079588)",
      "hash": "09731AA1232B4D000:097301A11F2B4C560",
      "properties": {
        "type": "Point",
        "intensity": 0.5,
        "range": 10.0,
        "colour": "#FFFFFF",
        "corona": {
          "sprite": "corona_flare02.png",
          "scale": 0.87,
          "range": 100.0
        },
        "dutyCycle": "DuskTillDawn()"
      }
    }
  ],
  "meshes": [
    {
      "parent": "/Far__x2_z10/Far__x2_z10_LFS/Far_Station_MachineFactoryMilitaryBase/SilosCranes/MilitaryStorage (1)/Collider",
      "position": "(-8.304588,4.89466858,-0.0515824221)",
      "rotation": "(-0.6855503,-0.173265055,-0.173265055,0.685550332)",
      "hash": "0984579E512B61150:098856A3472B595C0",
      "properties": {
        "file": "meshes_lampposts.assetbundle",
        "mesh": "LampPostSmall_Wall"
      }
    },
    {
      "parent": "/Far__x2_z10/Far__x2_z10_LFS/Far_Station_MachineFactoryMilitaryBase/SilosCranes/MilitaryStorage (2)/Collider",
      "position": "(-8.30505,4.891861,0.0308302958)",
      "rotation": "(-0.6855503,-0.173265055,-0.173265055,0.685550332)",
      "hash": "09925F9E512B68510:099657A3472B61310",
      "properties": {
        "file": "meshes_lampposts.assetbundle",
        "mesh": "LampPostSmall_Wall"
      }
    },
    {
      "parent": "/Far__x2_z10/Far__x2_z10_LFS/Far_Station_MachineFactory/Roads/Road_30x8 (11)/Collider",
      "position": "(-279.42038,-0.129928589,-420.197449)",
      "rotation": "(0,-0.267238438,0,0.963630438)",
      "hash": "0878619F1F29D8120:099C189F122B74190",
      "properties": {
        "file": "meshes_lampposts.assetbundle",
        "mesh": "LampPostSmall_Floor"
      }
    },
    {
      "parent": "/Far__x2_z10/Far__x2_z10_LFS/Far_Station_MachineFactory/Roads/Road_30x8 (11)/Collider",
      "position": "(-293.13266,-0.129928589,-428.120483)",
      "rotation": "(0,-0.258819133,0,0.9659258)",
      "hash": "0878619F1F29D8120:09AA119F122B7B4E0",
      "properties": {
        "file": "meshes_lampposts.assetbundle",
        "mesh": "LampPostSmall_Floor"
      }
    },
    {
      "parent": "/Far__x2_z10/Far__x2_z10_LFS/Far_Station_MachineFactoryMilitaryBase/SilosCranes/MilitaryBarracks2/Collider",
      "position": "(-6.899414,3.268341,-0.0122375311)",
      "rotation": "(-0.685550153,-0.173265874,-0.173265874,0.6855501)",
      "hash": "09D4329E512B8C2B0:09D74FA2082B86250",
      "properties": {
        "file": "meshes_lampposts.assetbundle",
        "mesh": "FloodLight_Wall"
      }
    },
    {
      "parent": "/Far__x2_z10/Far__x2_z10_LFS/Far_Station_MachineFactoryMilitaryBase/SilosCranes/MilitaryBarracks2 (3)/Collider",
      "position": "(-6.899273,3.32243347,0.0290727783)",
      "rotation": "(-0.685550153,-0.173265874,-0.173265874,0.6855501)",
      "hash": "09DF5E9E512B923D0:09E313A20E2B8C340",
      "properties": {
        "file": "meshes_lampposts.assetbundle",
        "mesh": "FloodLight_Wall"
      }
    },
    {
      "parent": "/Far__x2_z10/Far__x2_z10_LFS/Far_Station_MachineFactoryMilitaryBase/SilosCranes/MilitaryBarracks2 (4)/Collider",
      "position": "(-6.89964676,3.21401978,0.0158853717)",
      "rotation": "(-0.685550153,-0.173265874,-0.173265874,0.6855501)",
      "hash": "09EB269E512B984E0:09EE40A2032B92460",
      "properties": {
        "file": "meshes_lampposts.assetbundle",
        "mesh": "FloodLight_Wall"
      }
    },
    {
      "parent": "/Far__x2_z10/Far__x2_z10_LFS/Far_Station_MachineFactoryMilitaryBase/IndustryBuildings/Offices_Medium/collider",
      "position": "(-9.199797,5.58676147,0.0177324284)",
      "rotation": "(-0.6855634,-0.173213184,-0.173213184,0.685563445)",
      "hash": "0A0A379D1F2B575A0:0A0E5AA25A2B4F500",
      "properties": {
        "file": "meshes_lampposts.assetbundle",
        "mesh": "FloodLight_Wall"
      }
    },
    {
      "parent": "/Far__x2_z10/Far__x2_z10_LFS/Far_Station_MachineFactoryMilitaryBase/IndustryBuildings/Warehouse_LargeSlant/collider",
      "position": "(-19.2000351,4.586273,-18.0205612)",
      "rotation": "(-0.6855501,-0.173265949,-0.173265949,0.6855501)",
      "hash": "09E6059D1F2B43330:09FF03A15A2B3B120",
      "properties": {
        "file": "meshes_lampposts.assetbundle",
        "mesh": "FloodLight_Wall"
      }
    },
    {
      "parent": "/Far__x2_z10/Far__x2_z10_LFS/Far_Station_MachineFactoryMilitaryBase/IndustryBuildings/Warehouse_LargeSlant/collider",
      "position": "(-19.2004433,4.632843,17.9885883)",
      "rotation": "(-0.6855501,-0.173265949,-0.173265949,0.6855501)",
      "hash": "09E6059D1F2B43330:09DF22A15F2B2A070",
      "properties": {
        "file": "meshes_lampposts.assetbundle",
        "mesh": "FloodLight_Wall"
      }
    },
    {
      "parent": "/Far__x2_z10/Far__x2_z10_LFS/Far_Station_MachineFactoryMilitaryBase/IndustryBuildings/Warehouse_MediumSlant/collider",
      "position": "(-19.20015,4.65068054,1.99279022)",
      "rotation": "(-0.507071,-0.4928275,-0.4928275,0.5070711)",
      "hash": "09B6499D1F2B2D370:09C957A1612B2B020",
      "properties": {
        "file": "meshes_lampposts.assetbundle",
        "mesh": "FloodLight_Wall"
      }
    },
    {
      "parent": "/Far__x2_z10/Far__x2_z10_LFS/Far_Station_MachineFactoryMilitaryBase/IndustryBuildings/Warehouse_LargeSlant/collider",
      "position": "(-19.2000675,4.64483643,1.99036241)",
      "rotation": "(-0.6855501,-0.173265949,-0.173265949,0.6855501)",
      "hash": "09E6059D1F2B43330:09ED2AA1602B31430",
      "properties": {
        "file": "meshes_lampposts.assetbundle",
        "mesh": "FloodLight_Wall"
      }
    },
    {
      "parent": "/Far__x2_z10/Far__x2_z10_LFS/Far_Station_MachineFactoryMilitaryBase/IndustryBuildings/Utility_Small/collider",
      "position": "(-0.009581208,4.5561676,4.099898)",
      "rotation": "(0.0100719379,0.707035065,0.707035065,-0.0100719379)",
      "hash": "0A1B149D1F2B1E4B0:0A1B1FA1572B22550",
      "properties": {
        "file": "meshes_lampposts.assetbundle",
        "mesh": "FloodLight_Wall"
      }
    },
    {
      "parent": "/Far__x2_z10/Far__x2_z10_LFS/Far_Station_MachineFactoryMilitaryBase/IndustryBuildings/Warehouse_LargeSlant/collider",
      "position": "(-13.3861628,6.98274231,-24.20001)",
      "rotation": "(0.36223948,0.6072747,0.6072747,-0.36223948)",
      "hash": "09E6059D1F2B43330:0A0146A41E2B43170",
      "properties": {
        "file": "meshes_lampposts.assetbundle",
        "mesh": "LampPostSmall_Wall"
      }
    },
    {
      "parent": "/Far__x2_z10/Far__x2_z10_LFS/Far_Station_MachineFactoryMilitaryBase/IndustryBuildings/Warehouse_LargeSlant/collider",
      "position": "(8.476668,6.80686951,-24.1997166)",
      "rotation": "(0.362239748,0.607274532,0.607274532,-0.362239748)",
      "hash": "09E6059D1F2B43330:09F720A40C2B562F0",
      "properties": {
        "file": "meshes_lampposts.assetbundle",
        "mesh": "LampPostSmall_Wall"
      }
    },
    {
      "parent": "/Far__x2_z10/Far__x2_z10_LFS/Far_Station_MachineFactoryMilitaryBase/IndustryBuildings/Warehouse_LargeSlant/collider",
      "position": "(6.63442469,6.916107,24.20005)",
      "rotation": "(-0.6072746,0.362239569,0.362239569,0.607274652)",
      "hash": "09E6059D1F2B43330:09CD3CA4172B3D550",
      "properties": {
        "file": "meshes_lampposts.assetbundle",
        "mesh": "LampPostSmall_Wall"
      }
    },
    {
      "parent": "/Far__x2_z10/Far__x2_z10_LFS/Far_Station_MachineFactoryMilitaryBase/IndustryBuildings/Warehouse_LargeSlant/collider",
      "position": "(-15.1151228,7.25810242,24.1999035)",
      "rotation": "(-0.6072746,0.362239569,0.362239569,0.607274652)",
      "hash": "09E6059D1F2B43330:09D75EA4392B2A480",
      "properties": {
        "file": "meshes_lampposts.assetbundle",
        "mesh": "LampPostSmall_Wall"
      }
    },
    {
      "parent": "/Far__x2_z10/Far__x2_z10_LFS/Far_Station_MachineFactoryMilitaryBase/Fences/SolidWall01_x12_Concrete (3)/Collider",
      "position": "(9.256695,2.04063416,3.23728848)",
      "rotation": "(-0.6090886,0.359181166,0.359181166,0.6090886)",
      "hash": "097A329F1F2B46270:09731AA1232B4D000",
      "properties": {
        "file": "meshes_lampposts.assetbundle",
        "mesh": "FloodLight_Wall"
      }
    }
  ],
  "decorations": []
}