{
  "version": 92,
  "enabled": true,
  "lights": [
    {
      "parent": "/Near__x14_z14/Near__x14_z14_LFS/Near_collider#1/%GROUP%_Mesh0092561539010631",
      "position": "(0.75,12.25,0)",
      "rotation": "(-0.492314637,-0.507569,-0.492314637,0.507569)",
      "hash": "3A7B02F74E3AE2000:3A7B47104033AE1450",
      "properties": {
        "type": "Point",
        "intensity": 1.0,
        "range": 30.0,
        "colour": "#FFFFFF",
        "corona": {
          "sprite": "corona_white01.png",
          "scale": 1.0,
          "range": 100.0
        },
        "dutyCycle": "DuskTillDawn()"
      }
    },
    {
      "parent": "/Near__x14_z14/Near__x14_z14_LFS/Near_collider#1/%GROUP%_Mesh0092561539010631",
      "position": "(0,12.25,0.75)",
      "rotation": "(-0.492314637,-0.507569,-0.492314637,0.507569)",
      "hash": "3A7B02F74E3AE2000:3A7B21104033AE2440",
      "properties": {
        "type": "Point",
        "intensity": 1.0,
        "range": 30.0,
        "colour": "#FFFFFF",
        "corona": {
          "sprite": "corona_white01.png",
          "scale": 1.0,
          "range": 100.0
        },
        "dutyCycle": "DuskTillDawn()"
      }
    },
    {
      "parent": "/Near__x14_z14/Near__x14_z14_LFS/Near_collider#1/%GROUP%_Mesh0092561539010631",
      "position": "(-0.75,12.25,0)",
      "rotation": "(-0.492314637,-0.507569,-0.492314637,0.507569)",
      "hash": "3A7B02F74E3AE2000:3A7A22104033AE21E0",
      "properties": {
        "type": "Point",
        "intensity": 1.0,
        "range": 30.0,
        "colour": "#FFFFFF",
        "corona": {
          "sprite": "corona_white01.png",
          "scale": 1.0,
          "range": 100.0
        },
        "dutyCycle": "DuskTillDawn()"
      }
    },
    {
      "parent": "/Near__x14_z14/Near__x14_z14_LFS/Near_collider#1/%GROUP%_Mesh0092561539010631",
      "position": "(0,12.25,-0.75)",
      "rotation": "(-0.492314637,-0.507569,-0.492314637,0.507569)",
      "hash": "3A7B02F74E3AE2000:3A7A48104033AE11F0",
      "properties": {
        "type": "Point",
        "intensity": 1.0,
        "range": 30.0,
        "colour": "#FFFFFF",
        "corona": {
          "sprite": "corona_white01.png",
          "scale": 1.0,
          "range": 100.0
        },
        "dutyCycle": "DuskTillDawn()"
      }
    },
    {
      "parent": "/Near__x14_z14/Near__x14_z14_LFS/Near_collider#1/%GROUP%_Mesh00B2221802011F1E",
      "position": "(0.75,12.25,0)",
      "rotation": "(-0.7071068,0,0,0.7071068)",
      "hash": "3A8B62F8063B06280:3A8C421041F3B06080",
      "properties": {
        "type": "Point",
        "intensity": 1.0,
        "range": 30.0,
        "colour": "#FFFFFF",
        "corona": {
          "sprite": "corona_white01.png",
          "scale": 1.0,
          "range": 100.0
        },
        "dutyCycle": "DuskTillDawn()"
      }
    },
    {
      "parent": "/Near__x14_z14/Near__x14_z14_LFS/Near_collider#1/%GROUP%_Mesh00B2221802011F1E",
      "position": "(0,12.25,0.75)",
      "rotation": "(-0.7071068,0,0,0.7071068)",
      "hash": "3A8B62F8063B06280:3A8C1D1041F3B07080",
      "properties": {
        "type": "Point",
        "intensity": 1.0,
        "range": 30.0,
        "colour": "#FFFFFF",
        "corona": {
          "sprite": "corona_white01.png",
          "scale": 1.0,
          "range": 100.0
        },
        "dutyCycle": "DuskTillDawn()"
      }
    },
    {
      "parent": "/Near__x14_z14/Near__x14_z14_LFS/Near_collider#1/%GROUP%_Mesh00B2221802011F1E",
      "position": "(-0.75,12.25,0)",
      "rotation": "(-0.7071068,0,0,0.7071068)",
      "hash": "3A8B62F8063B06280:3A8B1E1041F3B06480",
      "properties": {
        "type": "Point",
        "intensity": 1.0,
        "range": 30.0,
        "colour": "#FFFFFF",
        "corona": {
          "sprite": "corona_white01.png",
          "scale": 1.0,
          "range": 100.0
        },
        "dutyCycle": "DuskTillDawn()"
      }
    },
    {
      "parent": "/Near__x14_z14/Near__x14_z14_LFS/Near_collider#1/%GROUP%_Mesh00B2221802011F1E",
      "position": "(0,12.25,-0.75)",
      "rotation": "(-0.7071068,0,0,0.7071068)",
      "hash": "3A8B62F8063B06280:3A8B421041F3B05480",
      "properties": {
        "type": "Point",
        "intensity": 1.0,
        "range": 30.0,
        "colour": "#FFFFFF",
        "corona": {
          "sprite": "corona_white01.png",
          "scale": 1.0,
          "range": 100.0
        },
        "dutyCycle": "DuskTillDawn()"
      }
    },
    {
      "parent": "/Far__x14_z14/Far__x14_z14_LFS/Far_viaduct_bridge Start Object(Clone)#0/collider/%GROUP%_Mesh00D1411A12013760",
      "position": "(0.75,12.25,0)",
      "rotation": "(-0.7071068,0,0,0.7071068)",
      "hash": "3A9C51F8063B2A3B0:3A9D311041F3B2A1B0",
      "properties": {
        "type": "Point",
        "intensity": 1.0,
        "range": 30.0,
        "colour": "#FFFFFF",
        "corona": {
          "sprite": "corona_white01.png",
          "scale": 1.0,
          "range": 100.0
        },
        "dutyCycle": "DuskTillDawn()"
      }
    },
    {
      "parent": "/Far__x14_z14/Far__x14_z14_LFS/Far_viaduct_bridge Start Object(Clone)#0/collider/%GROUP%_Mesh00D1411A12013760",
      "position": "(0,12.25,0.75)",
      "rotation": "(-0.7071068,0,0,0.7071068)",
      "hash": "3A9C51F8063B2A3B0:3A9D0C1041F3B2B1B0",
      "properties": {
        "type": "Point",
        "intensity": 1.0,
        "range": 30.0,
        "colour": "#FFFFFF",
        "corona": {
          "sprite": "corona_white01.png",
          "scale": 1.0,
          "range": 100.0
        },
        "dutyCycle": "DuskTillDawn()"
      }
    },
    {
      "parent": "/Far__x14_z14/Far__x14_z14_LFS/Far_viaduct_bridge Start Object(Clone)#0/collider/%GROUP%_Mesh00D1411A12013760",
      "position": "(-0.75,12.25,0)",
      "rotation": "(-0.7071068,0,0,0.7071068)",
      "hash": "3A9C51F8063B2A3B0:3A9C0D1041F3B2A5B0",
      "properties": {
        "type": "Point",
        "intensity": 1.0,
        "range": 30.0,
        "colour": "#FFFFFF",
        "corona": {
          "sprite": "corona_white01.png",
          "scale": 1.0,
          "range": 100.0
        },
        "dutyCycle": "DuskTillDawn()"
      }
    },
    {
      "parent": "/Far__x14_z14/Far__x14_z14_LFS/Far_viaduct_bridge Start Object(Clone)#0/collider/%GROUP%_Mesh00D1411A12013760",
      "position": "(0,12.25,-0.75)",
      "rotation": "(-0.7071068,0,0,0.7071068)",
      "hash": "3A9C51F8063B2A3B0:3A9C311041F3B295B0",
      "properties": {
        "type": "Point",
        "intensity": 1.0,
        "range": 30.0,
        "colour": "#FFFFFF",
        "corona": {
          "sprite": "corona_white01.png",
          "scale": 1.0,
          "range": 100.0
        },
        "dutyCycle": "DuskTillDawn()"
      }
    },
    {
      "parent": "/Far__x14_z14/Far__x14_z14_LFS/Far_viaduct_bridge Start Object(Clone)#0/collider/%GROUP%_Mesh00F0621C2201503F",
      "position": "(0.75,12.25,0)",
      "rotation": "(-0.7071068,0,0,0.7071068)",
      "hash": "3AAD40F8063B4E500:3AAE1F1041F3B4E2F0",
      "properties": {
        "type": "Point",
        "intensity": 1.0,
        "range": 30.0,
        "colour": "#FFFFFF",
        "corona": {
          "sprite": "corona_white01.png",
          "scale": 1.0,
          "range": 100.0
        },
        "dutyCycle": "DuskTillDawn()"
      }
    },
    {
      "parent": "/Far__x14_z14/Far__x14_z14_LFS/Far_viaduct_bridge Start Object(Clone)#0/collider/%GROUP%_Mesh00F0621C2201503F",
      "position": "(0,12.25,0.75)",
      "rotation": "(-0.7071068,0,0,0.7071068)",
      "hash": "3AAD40F8063B4E500:3AAD611041F3B4F300",
      "properties": {
        "type": "Point",
        "intensity": 1.0,
        "range": 30.0,
        "colour": "#FFFFFF",
        "corona": {
          "sprite": "corona_white01.png",
          "scale": 1.0,
          "range": 100.0
        },
        "dutyCycle": "DuskTillDawn()"
      }
    },
    {
      "parent": "/Far__x14_z14/Far__x14_z14_LFS/Far_viaduct_bridge Start Object(Clone)#0/collider/%GROUP%_Mesh00F0621C2201503F",
      "position": "(-0.75,12.25,0)",
      "rotation": "(-0.7071068,0,0,0.7071068)",
      "hash": "3AAD40F8063B4E500:3AAC611041F3B4F0D0",
      "properties": {
        "type": "Point",
        "intensity": 1.0,
        "range": 30.0,
        "colour": "#FFFFFF",
        "corona": {
          "sprite": "corona_white01.png",
          "scale": 1.0,
          "range": 100.0
        },
        "dutyCycle": "DuskTillDawn()"
      }
    },
    {
      "parent": "/Far__x14_z14/Far__x14_z14_LFS/Far_viaduct_bridge Start Object(Clone)#0/collider/%GROUP%_Mesh00F0621C2201503F",
      "position": "(0,12.25,-0.75)",
      "rotation": "(-0.7071068,0,0,0.7071068)",
      "hash": "3AAD40F8063B4E500:3AAD1F1041F3B4E0D0",
      "properties": {
        "type": "Point",
        "intensity": 1.0,
        "range": 30.0,
        "colour": "#FFFFFF",
        "corona": {
          "sprite": "corona_white01.png",
          "scale": 1.0,
          "range": 100.0
        },
        "dutyCycle": "DuskTillDawn()"
      }
    },
    {
      "parent": "/Far__x14_z14/Far__x14_z14_LFS/Far_viaduct_bridge Start Object(Clone)#0/collider/%GROUP%_Mesh01102A1E32016922",
      "position": "(0.75,12.25,0)",
      "rotation": "(-0.7071068,0,0,0.7071068)",
      "hash": "3ABE31F8063B730D0:3ABF111041F3B72510",
      "properties": {
        "type": "Point",
        "intensity": 1.0,
        "range": 30.0,
        "colour": "#FFFFFF",
        "corona": {
          "sprite": "corona_white01.png",
          "scale": 1.0,
          "range": 100.0
        },
        "dutyCycle": "DuskTillDawn()"
      }
    },
    {
      "parent": "/Far__x14_z14/Far__x14_z14_LFS/Far_viaduct_bridge Start Object(Clone)#0/collider/%GROUP%_Mesh01102A1E32016922",
      "position": "(0,12.25,0.75)",
      "rotation": "(-0.7071068,0,0,0.7071068)",
      "hash": "3ABE31F8063B730D0:3ABE511041F3B73510",
      "properties": {
        "type": "Point",
        "intensity": 1.0,
        "range": 30.0,
        "colour": "#FFFFFF",
        "corona": {
          "sprite": "corona_white01.png",
          "scale": 1.0,
          "range": 100.0
        },
        "dutyCycle": "DuskTillDawn()"
      }
    },
    {
      "parent": "/Far__x14_z14/Far__x14_z14_LFS/Far_viaduct_bridge Start Object(Clone)#0/collider/%GROUP%_Mesh01102A1E32016922",
      "position": "(-0.75,12.25,0)",
      "rotation": "(-0.7071068,0,0,0.7071068)",
      "hash": "3ABE31F8063B730D0:3ABD511041F3B732D0",
      "properties": {
        "type": "Point",
        "intensity": 1.0,
        "range": 30.0,
        "colour": "#FFFFFF",
        "corona": {
          "sprite": "corona_white01.png",
          "scale": 1.0,
          "range": 100.0
        },
        "dutyCycle": "DuskTillDawn()"
      }
    },
    {
      "parent": "/Far__x14_z14/Far__x14_z14_LFS/Far_viaduct_bridge Start Object(Clone)#0/collider/%GROUP%_Mesh01102A1E32016922",
      "position": "(0,12.25,-0.75)",
      "rotation": "(-0.7071068,0,0,0.7071068)",
      "hash": "3ABE31F8063B730D0:3ABE121041F3B722D0",
      "properties": {
        "type": "Point",
        "intensity": 1.0,
        "range": 30.0,
        "colour": "#FFFFFF",
        "corona": {
          "sprite": "corona_white01.png",
          "scale": 1.0,
          "range": 100.0
        },
        "dutyCycle": "DuskTillDawn()"
      }
    },
    {
      "parent": "/Far__x14_z14/Far__x14_z14_LFS/Far_viaduct_bridge Start Object(Clone)#0/collider/%GROUP%_Mesh012F422041018163",
      "position": "(0.75,12.25,0)",
      "rotation": "(-0.7071068,0,0,0.7071068)",
      "hash": "3ACF21F8063B97190:3AD0011041F3B965D0",
      "properties": {
        "type": "Point",
        "intensity": 1.0,
        "range": 30.0,
        "colour": "#FFFFFF",
        "corona": {
          "sprite": "corona_white01.png",
          "scale": 1.0,
          "range": 100.0
        },
        "dutyCycle": "DuskTillDawn()"
      }
    },
    {
      "parent": "/Far__x14_z14/Far__x14_z14_LFS/Far_viaduct_bridge Start Object(Clone)#0/collider/%GROUP%_Mesh012F422041018163",
      "position": "(0,12.25,0.75)",
      "rotation": "(-0.7071068,0,0,0.7071068)",
      "hash": "3ACF21F8063B97190:3ACF411041F3B975D0",
      "properties": {
        "type": "Point",
        "intensity": 1.0,
        "range": 30.0,
        "colour": "#FFFFFF",
        "corona": {
          "sprite": "corona_white01.png",
          "scale": 1.0,
          "range": 100.0
        },
        "dutyCycle": "DuskTillDawn()"
      }
    },
    {
      "parent": "/Far__x14_z14/Far__x14_z14_LFS/Far_viaduct_bridge Start Object(Clone)#0/collider/%GROUP%_Mesh012F422041018163",
      "position": "(-0.75,12.25,0)",
      "rotation": "(-0.7071068,0,0,0.7071068)",
      "hash": "3ACF21F8063B97190:3ACE411041F3B97390",
      "properties": {
        "type": "Point",
        "intensity": 1.0,
        "range": 30.0,
        "colour": "#FFFFFF",
        "corona": {
          "sprite": "corona_white01.png",
          "scale": 1.0,
          "range": 100.0
        },
        "dutyCycle": "DuskTillDawn()"
      }
    },
    {
      "parent": "/Far__x14_z14/Far__x14_z14_LFS/Far_viaduct_bridge Start Object(Clone)#0/collider/%GROUP%_Mesh012F422041018163",
      "position": "(0,12.25,-0.75)",
      "rotation": "(-0.7071068,0,0,0.7071068)",
      "hash": "3ACF21F8063B97190:3ACF011041F3B96390",
      "properties": {
        "type": "Point",
        "intensity": 1.0,
        "range": 30.0,
        "colour": "#FFFFFF",
        "corona": {
          "sprite": "corona_white01.png",
          "scale": 1.0,
          "range": 100.0
        },
        "dutyCycle": "DuskTillDawn()"
      }
    },
    {
      "parent": "/Near__x14_z14/Near__x14_z14_LFS/Near_collider#1/%GROUP%_Mesh0148582229019607",
      "position": "(0.75,12.25,0)",
      "rotation": "(-0.7071068,0,0,0.7071068)",
      "hash": "3ADD09F8063BB42E0:3ADD4E1041F3BB4100",
      "properties": {
        "type": "Point",
        "intensity": 1.0,
        "range": 30.0,
        "colour": "#FFFFFF",
        "corona": {
          "sprite": "corona_white01.png",
          "scale": 1.0,
          "range": 100.0
        },
        "dutyCycle": "DuskTillDawn()"
      }
    },
    {
      "parent": "/Near__x14_z14/Near__x14_z14_LFS/Near_collider#1/%GROUP%_Mesh0148582229019607",
      "position": "(0,12.25,0.75)",
      "rotation": "(-0.7071068,0,0,0.7071068)",
      "hash": "3ADD09F8063BB42E0:3ADD281041F3BB50F0",
      "properties": {
        "type": "Point",
        "intensity": 1.0,
        "range": 30.0,
        "colour": "#FFFFFF",
        "corona": {
          "sprite": "corona_white01.png",
          "scale": 1.0,
          "range": 100.0
        },
        "dutyCycle": "DuskTillDawn()"
      }
    },
    {
      "parent": "/Near__x14_z14/Near__x14_z14_LFS/Near_collider#1/%GROUP%_Mesh0148582229019607",
      "position": "(-0.75,12.25,0)",
      "rotation": "(-0.7071068,0,0,0.7071068)",
      "hash": "3ADD09F8063BB42E0:3ADC291041F3BB44C0",
      "properties": {
        "type": "Point",
        "intensity": 1.0,
        "range": 30.0,
        "colour": "#FFFFFF",
        "corona": {
          "sprite": "corona_white01.png",
          "scale": 1.0,
          "range": 100.0
        },
        "dutyCycle": "DuskTillDawn()"
      }
    },
    {
      "parent": "/Near__x14_z14/Near__x14_z14_LFS/Near_collider#1/%GROUP%_Mesh0148582229019607",
      "position": "(0,12.25,-0.75)",
      "rotation": "(-0.7071068,0,0,0.7071068)",
      "hash": "3ADD09F8063BB42E0:3ADC4F1041F3BB34D0",
      "properties": {
        "type": "Point",
        "intensity": 1.0,
        "range": 30.0,
        "colour": "#FFFFFF",
        "corona": {
          "sprite": "corona_white01.png",
          "scale": 1.0,
          "range": 100.0
        },
        "dutyCycle": "DuskTillDawn()"
      }
    },
    {
      "parent": "/Far__x14_z14/Far__x14_z14_LFS/Far_viaduct_bridge Start Object(Clone)#0/collider/%GROUP%_Mesh00B630132200E951",
      "position": "(0.75,12.25,0)",
      "rotation": "(-0.7071068,0,0,0.7071068)",
      "hash": "3A564FF8063AFD630:3A57331041F3AFD4E0",
      "properties": {
        "type": "Point",
        "intensity": 1.0,
        "range": 30.0,
        "colour": "#FFFFFF",
        "corona": {
          "sprite": "corona_white01.png",
          "scale": 1.0,
          "range": 100.0
        },
        "dutyCycle": "DuskTillDawn()"
      }
    },
    {
      "parent": "/Far__x14_z14/Far__x14_z14_LFS/Far_viaduct_bridge Start Object(Clone)#0/collider/%GROUP%_Mesh00B630132200E951",
      "position": "(0,12.25,0.75)",
      "rotation": "(-0.7071068,0,0,0.7071068)",
      "hash": "3A564FF8063AFD630:3A56631041F3AFE470",
      "properties": {
        "type": "Point",
        "intensity": 1.0,
        "range": 30.0,
        "colour": "#FFFFFF",
        "corona": {
          "sprite": "corona_white01.png",
          "scale": 1.0,
          "range": 100.0
        },
        "dutyCycle": "DuskTillDawn()"
      }
    },
    {
      "parent": "/Far__x14_z14/Far__x14_z14_LFS/Far_viaduct_bridge Start Object(Clone)#0/collider/%GROUP%_Mesh00B630132200E951",
      "position": "(-0.75,12.25,0)",
      "rotation": "(-0.7071068,0,0,0.7071068)",
      "hash": "3A564FF8063AFD630:3A56061041F3AFE130",
      "properties": {
        "type": "Point",
        "intensity": 1.0,
        "range": 30.0,
        "colour": "#FFFFFF",
        "corona": {
          "sprite": "corona_white01.png",
          "scale": 1.0,
          "range": 100.0
        },
        "dutyCycle": "DuskTillDawn()"
      }
    },
    {
      "parent": "/Far__x14_z14/Far__x14_z14_LFS/Far_viaduct_bridge Start Object(Clone)#0/collider/%GROUP%_Mesh00B630132200E951",
      "position": "(0,12.25,-0.75)",
      "rotation": "(-0.7071068,0,0,0.7071068)",
      "hash": "3A564FF8063AFD630:3A563A1041F3AFD1A0",
      "properties": {
        "type": "Point",
        "intensity": 1.0,
        "range": 30.0,
        "colour": "#FFFFFF",
        "corona": {
          "sprite": "corona_white01.png",
          "scale": 1.0,
          "range": 100.0
        },
        "dutyCycle": "DuskTillDawn()"
      }
    },
    {
      "parent": "/Far__x14_z14/Far__x14_z14_LFS/Far_viaduct_bridge Start Object(Clone)#0/collider/%GROUP%_Mesh00D938150200FD03",
      "position": "(0.75,12.25,0)",
      "rotation": "(-0.7071068,0,0,0.7071068)",
      "hash": "3A612BF8063B243A0:3A62101041F3B24260",
      "properties": {
        "type": "Point",
        "intensity": 1.0,
        "range": 30.0,
        "colour": "#FFFFFF",
        "corona": {
          "sprite": "corona_white01.png",
          "scale": 1.0,
          "range": 100.0
        },
        "dutyCycle": "DuskTillDawn()"
      }
    },
    {
      "parent": "/Far__x14_z14/Far__x14_z14_LFS/Far_viaduct_bridge Start Object(Clone)#0/collider/%GROUP%_Mesh00D938150200FD03",
      "position": "(0,12.25,0.75)",
      "rotation": "(-0.7071068,0,0,0.7071068)",
      "hash": "3A612BF8063B243A0:3A613E1041F3B251E0",
      "properties": {
        "type": "Point",
        "intensity": 1.0,
        "range": 30.0,
        "colour": "#FFFFFF",
        "corona": {
          "sprite": "corona_white01.png",
          "scale": 1.0,
          "range": 100.0
        },
        "dutyCycle": "DuskTillDawn()"
      }
    },
    {
      "parent": "/Far__x14_z14/Far__x14_z14_LFS/Far_viaduct_bridge Start Object(Clone)#0/collider/%GROUP%_Mesh00D938150200FD03",
      "position": "(-0.75,12.25,0)",
      "rotation": "(-0.7071068,0,0,0.7071068)",
      "hash": "3A612BF8063B243A0:3A60471041F3B244D0",
      "properties": {
        "type": "Point",
        "intensity": 1.0,
        "range": 30.0,
        "colour": "#FFFFFF",
        "corona": {
          "sprite": "corona_white01.png",
          "scale": 1.0,
          "range": 100.0
        },
        "dutyCycle": "DuskTillDawn()"
      }
    },
    {
      "parent": "/Far__x14_z14/Far__x14_z14_LFS/Far_viaduct_bridge Start Object(Clone)#0/collider/%GROUP%_Mesh00D938150200FD03",
      "position": "(0,12.25,-0.75)",
      "rotation": "(-0.7071068,0,0,0.7071068)",
      "hash": "3A612BF8063B243A0:3A61181041F3B23550",
      "properties": {
        "type": "Point",
        "intensity": 1.0,
        "range": 30.0,
        "colour": "#FFFFFF",
        "corona": {
          "sprite": "corona_white01.png",
          "scale": 1.0,
          "range": 100.0
        },
        "dutyCycle": "DuskTillDawn()"
      }
    },
    {
      "parent": "/Near__x14_z14/Near__x14_z14_LFS/Near_collider#1/%GROUP%_Mesh00FC381647011022",
      "position": "(0.75,12.25,0)",
      "rotation": "(-0.7071068,0,0,0.7071068)",
      "hash": "3A6C12F8063B4B0C0:3A6C5B1041F3B4A5C0",
      "properties": {
        "type": "Point",
        "intensity": 1.0,
        "range": 30.0,
        "colour": "#FFFFFF",
        "corona": {
          "sprite": "corona_white01.png",
          "scale": 1.0,
          "range": 100.0
        },
        "dutyCycle": "DuskTillDawn()"
      }
    },
    {
      "parent": "/Near__x14_z14/Near__x14_z14_LFS/Near_collider#1/%GROUP%_Mesh00FC381647011022",
      "position": "(0,12.25,0.75)",
      "rotation": "(-0.7071068,0,0,0.7071068)",
      "hash": "3A6C12F8063B4B0C0:3A6C261041F3B4B540",
      "properties": {
        "type": "Point",
        "intensity": 1.0,
        "range": 30.0,
        "colour": "#FFFFFF",
        "corona": {
          "sprite": "corona_white01.png",
          "scale": 1.0,
          "range": 100.0
        },
        "dutyCycle": "DuskTillDawn()"
      }
    },
    {
      "parent": "/Near__x14_z14/Near__x14_z14_LFS/Near_collider#1/%GROUP%_Mesh00FC381647011022",
      "position": "(-0.75,12.25,0)",
      "rotation": "(-0.7071068,0,0,0.7071068)",
      "hash": "3A6C12F8063B4B0C0:3A6B2E1041F3B4B1F0",
      "properties": {
        "type": "Point",
        "intensity": 1.0,
        "range": 30.0,
        "colour": "#FFFFFF",
        "corona": {
          "sprite": "corona_white01.png",
          "scale": 1.0,
          "range": 100.0
        },
        "dutyCycle": "DuskTillDawn()"
      }
    },
    {
      "parent": "/Near__x14_z14/Near__x14_z14_LFS/Near_collider#1/%GROUP%_Mesh00FC381647011022",
      "position": "(0,12.25,-0.75)",
      "rotation": "(-0.7071068,0,0,0.7071068)",
      "hash": "3A6C12F8063B4B0C0:3A6B631041F3B4A270",
      "properties": {
        "type": "Point",
        "intensity": 1.0,
        "range": 30.0,
        "colour": "#FFFFFF",
        "corona": {
          "sprite": "corona_white01.png",
          "scale": 1.0,
          "range": 100.0
        },
        "dutyCycle": "DuskTillDawn()"
      }
    },
    {
      "parent": "/Near__x14_z14/Near__x14_z14_LFS/Near_collider#1/%GROUP%_Mesh011F41182801233D",
      "position": "(0.75,12.25,0)",
      "rotation": "(-0.7071068,0,0,0.7071068)",
      "hash": "3A7657F8063B714A0:3A773B1041F3B71360",
      "properties": {
        "type": "Point",
        "intensity": 1.0,
        "range": 30.0,
        "colour": "#FFFFFF",
        "corona": {
          "sprite": "corona_white01.png",
          "scale": 1.0,
          "range": 100.0
        },
        "dutyCycle": "DuskTillDawn()"
      }
    },
    {
      "parent": "/Near__x14_z14/Near__x14_z14_LFS/Near_collider#1/%GROUP%_Mesh011F41182801233D",
      "position": "(0,12.25,0.75)",
      "rotation": "(-0.7071068,0,0,0.7071068)",
      "hash": "3A7657F8063B714A0:3A77061041F3B722E0",
      "properties": {
        "type": "Point",
        "intensity": 1.0,
        "range": 30.0,
        "colour": "#FFFFFF",
        "corona": {
          "sprite": "corona_white01.png",
          "scale": 1.0,
          "range": 100.0
        },
        "dutyCycle": "DuskTillDawn()"
      }
    },
    {
      "parent": "/Near__x14_z14/Near__x14_z14_LFS/Near_collider#1/%GROUP%_Mesh011F41182801233D",
      "position": "(-0.75,12.25,0)",
      "rotation": "(-0.7071068,0,0,0.7071068)",
      "hash": "3A7657F8063B714A0:3A760F1041F3B715D0",
      "properties": {
        "type": "Point",
        "intensity": 1.0,
        "range": 30.0,
        "colour": "#FFFFFF",
        "corona": {
          "sprite": "corona_white01.png",
          "scale": 1.0,
          "range": 100.0
        },
        "dutyCycle": "DuskTillDawn()"
      }
    },
    {
      "parent": "/Near__x14_z14/Near__x14_z14_LFS/Near_collider#1/%GROUP%_Mesh011F41182801233D",
      "position": "(0,12.25,-0.75)",
      "rotation": "(-0.7071068,0,0,0.7071068)",
      "hash": "3A7657F8063B714A0:3A76441041F3B71010",
      "properties": {
        "type": "Point",
        "intensity": 1.0,
        "range": 30.0,
        "colour": "#FFFFFF",
        "corona": {
          "sprite": "corona_white01.png",
          "scale": 1.0,
          "range": 100.0
        },
        "dutyCycle": "DuskTillDawn()"
      }
    },
    {
      "parent": "/Near__x14_z14/Near__x14_z14_LFS/Near_collider#1/%GROUP%_Mesh0142371A08013655",
      "position": "(0.75,12.25,0)",
      "rotation": "(-0.7071068,0,0,0.7071068)",
      "hash": "3A8139F8063B98100:3A821D1041F3B975F0",
      "properties": {
        "type": "Point",
        "intensity": 1.0,
        "range": 30.0,
        "colour": "#FFFFFF",
        "corona": {
          "sprite": "corona_white01.png",
          "scale": 1.0,
          "range": 100.0
        },
        "dutyCycle": "DuskTillDawn()"
      }
    },
    {
      "parent": "/Near__x14_z14/Near__x14_z14_LFS/Near_collider#1/%GROUP%_Mesh0142371A08013655",
      "position": "(0,12.25,0.75)",
      "rotation": "(-0.7071068,0,0,0.7071068)",
      "hash": "3A8139F8063B98100:3A814E1041F3B98580",
      "properties": {
        "type": "Point",
        "intensity": 1.0,
        "range": 30.0,
        "colour": "#FFFFFF",
        "corona": {
          "sprite": "corona_white01.png",
          "scale": 1.0,
          "range": 100.0
        },
        "dutyCycle": "DuskTillDawn()"
      }
    },
    {
      "parent": "/Near__x14_z14/Near__x14_z14_LFS/Near_collider#1/%GROUP%_Mesh0142371A08013655",
      "position": "(-0.75,12.25,0)",
      "rotation": "(-0.7071068,0,0,0.7071068)",
      "hash": "3A8139F8063B98100:3A80551041F3B98250",
      "properties": {
        "type": "Point",
        "intensity": 1.0,
        "range": 30.0,
        "colour": "#FFFFFF",
        "corona": {
          "sprite": "corona_white01.png",
          "scale": 1.0,
          "range": 100.0
        },
        "dutyCycle": "DuskTillDawn()"
      }
    },
    {
      "parent": "/Near__x14_z14/Near__x14_z14_LFS/Near_collider#1/%GROUP%_Mesh0142371A08013655",
      "position": "(0,12.25,-0.75)",
      "rotation": "(-0.7071068,0,0,0.7071068)",
      "hash": "3A8139F8063B98100:3A81251041F3B972C0",
      "properties": {
        "type": "Point",
        "intensity": 1.0,
        "range": 30.0,
        "colour": "#FFFFFF",
        "corona": {
          "sprite": "corona_white01.png",
          "scale": 1.0,
          "range": 100.0
        },
        "dutyCycle": "DuskTillDawn()"
      }
    },
    {
      "parent": "/Near__x14_z14/Near__x14_z14_LFS/Near_collider#1/%GROUP%_Mesh01652C1B4D014A0F",
      "position": "(0.75,12.25,0)",
      "rotation": "(-0.7071068,0,0,0.7071068)",
      "hash": "3A8C22F8063BBE3A0:3A8D061041F3BBE260",
      "properties": {
        "type": "Point",
        "intensity": 1.0,
        "range": 30.0,
        "colour": "#FFFFFF",
        "corona": {
          "sprite": "corona_white01.png",
          "scale": 1.0,
          "range": 100.0
        },
        "dutyCycle": "DuskTillDawn()"
      }
    },
    {
      "parent": "/Near__x14_z14/Near__x14_z14_LFS/Near_collider#1/%GROUP%_Mesh01652C1B4D014A0F",
      "position": "(0,12.25,0.75)",
      "rotation": "(-0.7071068,0,0,0.7071068)",
      "hash": "3A8C22F8063BBE3A0:3A8C371041F3BBF1E0",
      "properties": {
        "type": "Point",
        "intensity": 1.0,
        "range": 30.0,
        "colour": "#FFFFFF",
        "corona": {
          "sprite": "corona_white01.png",
          "scale": 1.0,
          "range": 100.0
        },
        "dutyCycle": "DuskTillDawn()"
      }
    },
    {
      "parent": "/Near__x14_z14/Near__x14_z14_LFS/Near_collider#1/%GROUP%_Mesh01652C1B4D014A0F",
      "position": "(-0.75,12.25,0)",
      "rotation": "(-0.7071068,0,0,0.7071068)",
      "hash": "3A8C22F8063BBE3A0:3A8B3E1041F3BBE4F0",
      "properties": {
        "type": "Point",
        "intensity": 1.0,
        "range": 30.0,
        "colour": "#FFFFFF",
        "corona": {
          "sprite": "corona_white01.png",
          "scale": 1.0,
          "range": 100.0
        },
        "dutyCycle": "DuskTillDawn()"
      }
    },
    {
      "parent": "/Near__x14_z14/Near__x14_z14_LFS/Near_collider#1/%GROUP%_Mesh01652C1B4D014A0F",
      "position": "(0,12.25,-0.75)",
      "rotation": "(-0.7071068,0,0,0.7071068)",
      "hash": "3A8C22F8063BBE3A0:3A8C0D1041F3BBD560",
      "properties": {
        "type": "Point",
        "intensity": 1.0,
        "range": 30.0,
        "colour": "#FFFFFF",
        "corona": {
          "sprite": "corona_white01.png",
          "scale": 1.0,
          "range": 100.0
        },
        "dutyCycle": "DuskTillDawn()"
      }
    },
    {
      "parent": "/Far__x14_z15/Far__x14_z15_LFS/Far_IndustryBuildings/Utility_Tiny#1/collider/%GROUP%_Mesh000332015200163F",
      "position": "(0.75,12.25,0)",
      "rotation": "(-0.26269117,0.728016257,0.374564558,0.510575354)",
      "hash": "3A4C3EF75C3AD7410:3A4B59104113AD7510",
      "properties": {
        "type": "Point",
        "intensity": 1.0,
        "range": 30.0,
        "colour": "#FFFFFF",
        "corona": {
          "sprite": "corona_white01.png",
          "scale": 1.0,
          "range": 100.0
        },
        "dutyCycle": "DuskTillDawn()"
      }
    },
    {
      "parent": "/Far__x14_z15/Far__x14_z15_LFS/Far_IndustryBuildings/Utility_Tiny#1/collider/%GROUP%_Mesh000332015200163F",
      "position": "(0,12.25,0.75)",
      "rotation": "(-0.26269117,0.728016257,0.374564558,0.510575354)",
      "hash": "3A4C3EF75C3AD7410:3A4C2E104113AD65B0",
      "properties": {
        "type": "Point",
        "intensity": 1.0,
        "range": 30.0,
        "colour": "#FFFFFF",
        "corona": {
          "sprite": "corona_white01.png",
          "scale": 1.0,
          "range": 100.0
        },
        "dutyCycle": "DuskTillDawn()"
      }
    },
    {
      "parent": "/Far__x14_z15/Far__x14_z15_LFS/Far_IndustryBuildings/Utility_Tiny#1/collider/%GROUP%_Mesh000332015200163F",
      "position": "(-0.75,12.25,0)",
      "rotation": "(-0.26269117,0.728016257,0.374564558,0.510575354)",
      "hash": "3A4C3EF75C3AD7410:3A4D24104113AD7300",
      "properties": {
        "type": "Point",
        "intensity": 1.0,
        "range": 30.0,
        "colour": "#FFFFFF",
        "corona": {
          "sprite": "corona_white01.png",
          "scale": 1.0,
          "range": 100.0
        },
        "dutyCycle": "DuskTillDawn()"
      }
    },
    {
      "parent": "/Far__x14_z15/Far__x14_z15_LFS/Far_IndustryBuildings/Utility_Tiny#1/collider/%GROUP%_Mesh000332015200163F",
      "position": "(0,12.25,-0.75)",
      "rotation": "(-0.26269117,0.728016257,0.374564558,0.510575354)",
      "hash": "3A4C3EF75C3AD7410:3A4C4F104113AD8260",
      "properties": {
        "type": "Point",
        "intensity": 1.0,
        "range": 30.0,
        "colour": "#FFFFFF",
        "corona": {
          "sprite": "corona_white01.png",
          "scale": 1.0,
          "range": 100.0
        },
        "dutyCycle": "DuskTillDawn()"
      }
    },
    {
      "parent": "/Far__x14_z15/Far__x14_z15_LFS/Far_IndustryBuildings/Utility_Tiny#1/collider/%GROUP%_Mesh000332015200163F/%GROUP%_Mesh0002100022002755",
      "position": "(0.75,12.25,0)",
      "rotation": "(-0.3839337,-0.483557254,-0.248786137,0.746239066)",
      "hash": "3A4136F73A3AB11E0:3A4122103533AB03A0",
      "properties": {
        "type": "Point",
        "intensity": 1.0,
        "range": 30.0,
        "colour": "#FFFFFF",
        "corona": {
          "sprite": "corona_white01.png",
          "scale": 1.0,
          "range": 100.0
        },
        "dutyCycle": "DuskTillDawn()"
      }
    },
    {
      "parent": "/Far__x14_z15/Far__x14_z15_LFS/Far_IndustryBuildings/Utility_Tiny#1/collider/%GROUP%_Mesh000332015200163F/%GROUP%_Mesh0002100022002755",
      "position": "(0,12.25,0.75)",
      "rotation": "(-0.3839337,-0.483557254,-0.248786137,0.746239066)",
      "hash": "3A4136F73A3AB11E0:3A421B103533AB1090",
      "properties": {
        "type": "Point",
        "intensity": 1.0,
        "range": 30.0,
        "colour": "#FFFFFF",
        "corona": {
          "sprite": "corona_white01.png",
          "scale": 1.0,
          "range": 100.0
        },
        "dutyCycle": "DuskTillDawn()"
      }
    },
    {
      "parent": "/Far__x14_z15/Far__x14_z15_LFS/Far_IndustryBuildings/Utility_Tiny#1/collider/%GROUP%_Mesh000332015200163F/%GROUP%_Mesh0002100022002755",
      "position": "(-0.75,12.25,0)",
      "rotation": "(-0.3839337,-0.483557254,-0.248786137,0.746239066)",
      "hash": "3A4136F73A3AB11E0:3A414B103533AB2020",
      "properties": {
        "type": "Point",
        "intensity": 1.0,
        "range": 30.0,
        "colour": "#FFFFFF",
        "corona": {
          "sprite": "corona_white01.png",
          "scale": 1.0,
          "range": 100.0
        },
        "dutyCycle": "DuskTillDawn()"
      }
    },
    {
      "parent": "/Far__x14_z15/Far__x14_z15_LFS/Far_IndustryBuildings/Utility_Tiny#1/collider/%GROUP%_Mesh000332015200163F/%GROUP%_Mesh0002100022002755",
      "position": "(0,12.25,-0.75)",
      "rotation": "(-0.3839337,-0.483557254,-0.248786137,0.746239066)",
      "hash": "3A4136F73A3AB11E0:3A4052103533AB1320",
      "properties": {
        "type": "Point",
        "intensity": 1.0,
        "range": 30.0,
        "colour": "#FFFFFF",
        "corona": {
          "sprite": "corona_white01.png",
          "scale": 1.0,
          "range": 100.0
        },
        "dutyCycle": "DuskTillDawn()"
      }
    }
  ],
  "meshes": [
    {
      "parent": "/Near__x14_z14/Near__x14_z14_LFS/Near_collider#1",
      "position": "(-146.865143,21.579155,262.495331)",
      "rotation": "(0,0.20791173,0,0.9781476)",
      "hash": "399C52F9103A160C0:3A7B02F74E3AE2000",
      "properties": {
        "file": "meshes_lampposts.assetbundle",
        "mesh": "YardLamp_Floor"
      }
    },
    {
      "parent": "/Near__x14_z14/Near__x14_z14_LFS/Near_collider#1",
      "position": "(-178.349457,24.0243626,287.3019)",
      "rotation": "(0,0.21643962,0,0.976296067)",
      "hash": "399C52F9103A160C0:3A8B62F8063B06280",
      "properties": {
        "file": "meshes_lampposts.assetbundle",
        "mesh": "YardLamp_Floor"
      }
    },
    {
      "parent": "/Far__x14_z14/Far__x14_z14_LFS/Far_viaduct_bridge Start Object(Clone)#0/collider",
      "position": "(-209.6569,26.1817875,311.961731)",
      "rotation": "(0,0.21643962,0,0.976296067)",
      "hash": "399C52F9103A160C0:3A9C51F8063B2A3B0",
      "properties": {
        "file": "meshes_lampposts.assetbundle",
        "mesh": "YardLamp_Floor"
      }
    },
    {
      "parent": "/Far__x14_z14/Far__x14_z14_LFS/Far_viaduct_bridge Start Object(Clone)#0/collider",
      "position": "(-240.987823,28.34014,336.6318)",
      "rotation": "(0,0.224951044,0,0.974370062)",
      "hash": "399C52F9103A160C0:3AAD40F8063B4E500",
      "properties": {
        "file": "meshes_lampposts.assetbundle",
        "mesh": "YardLamp_Floor"
      }
    },
    {
      "parent": "/Far__x14_z14/Far__x14_z14_LFS/Far_viaduct_bridge Start Object(Clone)#0/collider",
      "position": "(-272.422333,30.5024776,361.3474)",
      "rotation": "(0,0.21643962,0,0.976296067)",
      "hash": "399C52F9103A160C0:3ABE31F8063B730D0",
      "properties": {
        "file": "meshes_lampposts.assetbundle",
        "mesh": "YardLamp_Floor"
      }
    },
    {
      "parent": "/Far__x14_z14/Far__x14_z14_LFS/Far_viaduct_bridge Start Object(Clone)#0/collider",
      "position": "(-303.6609,32.6589966,385.996552)",
      "rotation": "(0,0.21643962,0,0.976296067)",
      "hash": "399C52F9103A160C0:3ACF21F8063B97190",
      "properties": {
        "file": "meshes_lampposts.assetbundle",
        "mesh": "YardLamp_Floor"
      }
    },
    {
      "parent": "/Near__x14_z14/Near__x14_z14_LFS/Near_collider#1",
      "position": "(-328.889557,34.4155655,406.07373)",
      "rotation": "(0,0.20791173,0,0.9781476)",
      "hash": "399C52F9103A160C0:3ADD09F8063BB42E0",
      "properties": {
        "file": "meshes_lampposts.assetbundle",
        "mesh": "YardLamp_Floor"
      }
    },
    {
      "parent": "/Far__x14_z14/Far__x14_z14_LFS/Far_viaduct_bridge Start Object(Clone)#0/collider",
      "position": "(-182.485443,19.3446579,233.812973)",
      "rotation": "(0,0.13917309,0,0.9902681)",
      "hash": "399C52F9103A160C0:3A564FF8063AFD630",
      "properties": {
        "file": "meshes_lampposts.assetbundle",
        "mesh": "YardLamp_Floor"
      }
    },
    {
      "parent": "/Far__x14_z14/Far__x14_z14_LFS/Far_viaduct_bridge Start Object(Clone)#0/collider",
      "position": "(-217.560211,21.0262585,253.033737)",
      "rotation": "(0,0.1305262,0,0.9914449)",
      "hash": "399C52F9103A160C0:3A612BF8063B243A0",
      "properties": {
        "file": "meshes_lampposts.assetbundle",
        "mesh": "YardLamp_Floor"
      }
    },
    {
      "parent": "/Near__x14_z14/Near__x14_z14_LFS/Near_collider#1",
      "position": "(-252.5631,22.7160854,272.348236)",
      "rotation": "(0,0.1305262,0,0.9914449)",
      "hash": "399C52F9103A160C0:3A6C12F8063B4B0C0",
      "properties": {
        "file": "meshes_lampposts.assetbundle",
        "mesh": "YardLamp_Floor"
      }
    },
    {
      "parent": "/Near__x14_z14/Near__x14_z14_LFS/Near_collider#1",
      "position": "(-287.658,24.4016953,291.614777)",
      "rotation": "(0,0.1305262,0,0.9914449)",
      "hash": "399C52F9103A160C0:3A7657F8063B714A0",
      "properties": {
        "file": "meshes_lampposts.assetbundle",
        "mesh": "YardLamp_Floor"
      }
    },
    {
      "parent": "/Near__x14_z14/Near__x14_z14_LFS/Near_collider#1",
      "position": "(-322.5588,26.08485,310.853363)",
      "rotation": "(0,0.13917309,0,0.9902681)",
      "hash": "399C52F9103A160C0:3A8139F8063B98100",
      "properties": {
        "file": "meshes_lampposts.assetbundle",
        "mesh": "YardLamp_Floor"
      }
    },
    {
      "parent": "/Near__x14_z14/Near__x14_z14_LFS/Near_collider#1",
      "position": "(-357.4413,27.7732277,330.15152)",
      "rotation": "(0,0.13917309,0,0.9902681)",
      "hash": "399C52F9103A160C0:3A8C22F8063BBE3A0",
      "properties": {
        "file": "meshes_lampposts.assetbundle",
        "mesh": "YardLamp_Floor"
      }
    },
    {
      "parent": "/Far__x14_z15/Far__x14_z15_LFS/Far_IndustryBuildings/Utility_Tiny#1/collider",
      "position": "(-3.50048828,1.82713318,22.63736)",
      "rotation": "(0,0.9935719,0,-0.113203213)",
      "hash": "3A3558F6093ADA210:3A4C3EF75C3AD7410",
      "properties": {
        "file": "meshes_lampposts.assetbundle",
        "mesh": "YardLamp_Floor"
      }
    },
    {
      "parent": "/Far__x14_z15/Far__x14_z15_LFS/Far_IndustryBuildings/Utility_Tiny#1/collider/%GROUP%_Mesh000332015200163F",
      "position": "(2.16973758,-0.343170166,39.8572578)",
      "rotation": "(0,0.798635542,0,0.601815)",
      "hash": "3A4C3EF75C3AD7410:3A4136F73A3AB11E0",
      "properties": {
        "file": "meshes_lampposts.assetbundle",
        "mesh": "YardLamp_Floor"
      }
    }
  ],
  "decorations": []
}