{
  "version": 97,
  "enabled": true,
  "priority": "High",
  "lights": [
    {
      "parent": "/Near__x7_z7/Near__x7_z7_LFS/%GROUP%_Mesh04EA23815202F418",
      "position": "(0.75,12.25,0)",
      "rotation": "(-0.264699578,0.66721797,0.639041245,0.2763707)",
      "hash": "20EA2381521EF4180:20E9588E071EF4520",
      "properties": {
        "type": "Point",
        "intensity": 0.5,
        "range": 25.0,
        "colour": "#FFFFFF",
        "corona": {
          "sprite": "corona_flare03.png",
          "scale": 0.5,
          "range": 100.0
        },
        "dutyCycle": "DuskTillDawn()"
      }
    },
    {
      "parent": "/Near__x7_z7/Near__x7_z7_LFS/%GROUP%_Mesh04EA23815202F418",
      "position": "(0,12.25,0.75)",
      "rotation": "(-0.264699578,0.66721797,0.639041245,0.2763707)",
      "hash": "20EA2381521EF4180:20E94D8E071EF34D0",
      "properties": {
        "type": "Point",
        "intensity": 0.5,
        "range": 25.0,
        "colour": "#FFFFFF",
        "corona": {
          "sprite": "corona_flare03.png",
          "scale": 0.5,
          "range": 100.0
        },
        "dutyCycle": "DuskTillDawn()"
      }
    },
    {
      "parent": "/Near__x7_z7/Near__x7_z7_LFS/%GROUP%_Mesh04EA23815202F418",
      "position": "(-0.75,12.25,0)",
      "rotation": "(-0.264699578,0.66721797,0.639041245,0.2763707)",
      "hash": "20EA2381521EF4180:20EA538E071EF3420",
      "properties": {
        "type": "Point",
        "intensity": 0.5,
        "range": 25.0,
        "colour": "#FFFFFF",
        "corona": {
          "sprite": "corona_flare03.png",
          "scale": 0.5,
          "range": 100.0
        },
        "dutyCycle": "DuskTillDawn()"
      }
    },
    {
      "parent": "/Near__x7_z7/Near__x7_z7_LFS/%GROUP%_Mesh04EA23815202F418",
      "position": "(0,12.25,-0.75)",
      "rotation": "(-0.264699578,0.66721797,0.639041245,0.2763707)",
      "hash": "20EA2381521EF4180:20EA5E8E071EF4470",
      "properties": {
        "type": "Point",
        "intensity": 0.5,
        "range": 25.0,
        "colour": "#FFFFFF",
        "corona": {
          "sprite": "corona_flare03.png",
          "scale": 0.5,
          "range": 100.0
        },
        "dutyCycle": "DuskTillDawn()"
      }
    },
    {
      "parent": "/Near__x7_z7/Near__x7_z7_LFS/%GROUP%_Mesh04D32C815702E063",
      "position": "(0.75,12.25,0)",
      "rotation": "(-0.6390412,-0.276370674,-0.264699548,0.6672179)",
      "hash": "20D32C81571EE0630:20D2618E0C1EE13A0",
      "properties": {
        "type": "Point",
        "intensity": 0.5,
        "range": 25.0,
        "colour": "#FFFFFF",
        "corona": {
          "sprite": "corona_flare03.png",
          "scale": 0.5,
          "range": 100.0
        },
        "dutyCycle": "DuskTillDawn()"
      }
    },
    {
      "parent": "/Near__x7_z7/Near__x7_z7_LFS/%GROUP%_Mesh04D32C815702E063",
      "position": "(0,12.25,0.75)",
      "rotation": "(-0.6390412,-0.276370674,-0.264699548,0.6672179)",
      "hash": "20D32C81571EE0630:20D2568E0C1EE0340",
      "properties": {
        "type": "Point",
        "intensity": 0.5,
        "range": 25.0,
        "colour": "#FFFFFF",
        "corona": {
          "sprite": "corona_flare03.png",
          "scale": 0.5,
          "range": 100.0
        },
        "dutyCycle": "DuskTillDawn()"
      }
    },
    {
      "parent": "/Near__x7_z7/Near__x7_z7_LFS/%GROUP%_Mesh04D32C815702E063",
      "position": "(-0.75,12.25,0)",
      "rotation": "(-0.6390412,-0.276370674,-0.264699548,0.6672179)",
      "hash": "20D32C81571EE0630:20D35B8E0C1EE0290",
      "properties": {
        "type": "Point",
        "intensity": 0.5,
        "range": 25.0,
        "colour": "#FFFFFF",
        "corona": {
          "sprite": "corona_flare03.png",
          "scale": 0.5,
          "range": 100.0
        },
        "dutyCycle": "DuskTillDawn()"
      }
    },
    {
      "parent": "/Near__x7_z7/Near__x7_z7_LFS/%GROUP%_Mesh04D32C815702E063",
      "position": "(0,12.25,-0.75)",
      "rotation": "(-0.6390412,-0.276370674,-0.264699548,0.6672179)",
      "hash": "20D32C81571EE0630:20D4028E0C1EE12F0",
      "properties": {
        "type": "Point",
        "intensity": 0.5,
        "range": 25.0,
        "colour": "#FFFFFF",
        "corona": {
          "sprite": "corona_flare03.png",
          "scale": 0.5,
          "range": 100.0
        },
        "dutyCycle": "DuskTillDawn()"
      }
    },
    {
      "parent": "/Near__x7_z7/Near__x7_z7_LFS/%GROUP%_Mesh04BC2B815F02CD50",
      "position": "(0.75,12.25,0)",
      "rotation": "(-0.7071068,0,0,0.7071068)",
      "hash": "20BC2B815F1ECD500:20BB608E141ECE260",
      "properties": {
        "type": "Point",
        "intensity": 0.5,
        "range": 25.0,
        "colour": "#FFFFFF",
        "corona": {
          "sprite": "corona_flare03.png",
          "scale": 0.5,
          "range": 100.0
        },
        "dutyCycle": "DuskTillDawn()"
      }
    },
    {
      "parent": "/Near__x7_z7/Near__x7_z7_LFS/%GROUP%_Mesh04BC2B815F02CD50",
      "position": "(0,12.25,0.75)",
      "rotation": "(-0.7071068,0,0,0.7071068)",
      "hash": "20BC2B815F1ECD500:20BB558E141ECD200",
      "properties": {
        "type": "Point",
        "intensity": 0.5,
        "range": 25.0,
        "colour": "#FFFFFF",
        "corona": {
          "sprite": "corona_flare03.png",
          "scale": 0.5,
          "range": 100.0
        },
        "dutyCycle": "DuskTillDawn()"
      }
    },
    {
      "parent": "/Near__x7_z7/Near__x7_z7_LFS/%GROUP%_Mesh04BC2B815F02CD50",
      "position": "(-0.75,12.25,0)",
      "rotation": "(-0.7071068,0,0,0.7071068)",
      "hash": "20BC2B815F1ECD500:20BC5A8E141ECD150",
      "properties": {
        "type": "Point",
        "intensity": 0.5,
        "range": 25.0,
        "colour": "#FFFFFF",
        "corona": {
          "sprite": "corona_flare03.png",
          "scale": 0.5,
          "range": 100.0
        },
        "dutyCycle": "DuskTillDawn()"
      }
    },
    {
      "parent": "/Near__x7_z7/Near__x7_z7_LFS/%GROUP%_Mesh04BC2B815F02CD50",
      "position": "(0,12.25,-0.75)",
      "rotation": "(-0.7071068,0,0,0.7071068)",
      "hash": "20BC2B815F1ECD500:20BD028E141ECE1B0",
      "properties": {
        "type": "Point",
        "intensity": 0.5,
        "range": 25.0,
        "colour": "#FFFFFF",
        "corona": {
          "sprite": "corona_flare03.png",
          "scale": 0.5,
          "range": 100.0
        },
        "dutyCycle": "DuskTillDawn()"
      }
    },
    {
      "parent": "/Near__x8_z7/Near__x8_z7_LFS",
      "position": "(254.442383,133.830811,766.0586)",
      "rotation": "(0,0.9039835,0,-0.4275674)",
      "hash": "20000000001C00000:20FE2C85531EFE050",
      "properties": {
        "type": "Point",
        "intensity": 1.0,
        "range": 20.0,
        "colour": "#FFB24D",
        "corona": {
          "sprite": "corona_orange01.png",
          "scale": 0.75,
          "range": 100.0
        },
        "dutyCycle": "DuskTillDawn()"
      }
    }
  ],
  "meshes": [
    {
      "parent": "/Near__x7_z7/Near__x7_z7_LFS",
      "position": "(1258.35938,129.826157,756.243164)",
      "rotation": "(0,0.902585268,0,-0.4305111)",
      "hash": "1C000000001C00000:20EA2381521EF4180",
      "properties": {
        "file": "meshes_lampposts.assetbundle",
        "mesh": "YardLamp_Floor"
      }
    },
    {
      "parent": "/Near__x7_z7/Near__x7_z7_LFS",
      "position": "(1235.44434,129.8738,736.9995)",
      "rotation": "(0,0.902585268,0,-0.4305111)",
      "hash": "1C000000001C00000:20D32C81571EE0630",
      "properties": {
        "file": "meshes_lampposts.assetbundle",
        "mesh": "YardLamp_Floor"
      }
    },
    {
      "parent": "/Near__x7_z7/Near__x7_z7_LFS",
      "position": "(1212.4375,129.951782,717.801758)",
      "rotation": "(0,0.902585268,0,-0.4305111)",
      "hash": "1C000000001C00000:20BC2B815F1ECD500",
      "properties": {
        "file": "meshes_lampposts.assetbundle",
        "mesh": "YardLamp_Floor"
      }
    }
  ],
  "decorations": []
}