{
  "version": 92,
  "enabled": true,
  "priority": "Normal",
  "lights": [],
  "meshes": [],
  "decorations": [
    {
      "parent": "/Far__x12_z2/Far__x12_z2_LFS/Far_Military Bay/IndustryBuildings/Warehouse_MediumFlat2 (1)",
      "hash": "30490B6F0B0BAD340:30490B6F0B0BAD340",
      "id": "WINDOWS_1:LIT",
      "properties": {
        "file": "meshes_decoration_lights.assetbundle",
        "mesh": "Warehouse_MediumFlat2_Windows1",
        "assignMaterials": {
          "hideSourcePrefab": true,
          "assignments": []
        }
      },
      "dutyCycle": "DuskTillDawn()"
    },
    {
      "parent": "/Far__x12_z2/Far__x12_z2_LFS/Far_Military Bay/IndustryBuildings/Warehouse_MediumFlat2 (1)",
      "hash": "30490B6F0B0BAD340:30490B6F0B0BAD340",
      "id": "WINDOWS_3:LIT",
      "properties": {
        "file": "meshes_decoration_lights.assetbundle",
        "mesh": "Warehouse_MediumFlat2_Windows3",
        "assignMaterials": {
          "hideSourcePrefab": true,
          "assignments": []
        }
      },
      "dutyCycle": "DuskTillDawn()"
    },
    {
      "parent": "/Far__x12_z2/Far__x12_z2_LFS/Far_Military Bay/IndustryBuildings/Warehouse_MediumFlat2",
      "hash": "303E326F0B0B96580:303E326F0B0B96580",
      "id": "WINDOWS_2:LIT",
      "properties": {
        "file": "meshes_decoration_lights.assetbundle",
        "mesh": "Warehouse_MediumFlat2_Windows2",
        "assignMaterials": {
          "hideSourcePrefab": true,
          "assignments": []
        }
      },
      "dutyCycle": "DuskTillDawn()"
    },
    {
      "parent": "/Far__x12_z2/Far__x12_z2_LFS/Far_Military Bay/IndustryBuildings/Warehouse_MediumFlat2",
      "hash": "303E326F0B0B96580:303E326F0B0B96580",
      "id": "WINDOWS_4:LIT",
      "properties": {
        "file": "meshes_decoration_lights.assetbundle",
        "mesh": "Warehouse_MediumFlat2_Windows4",
        "assignMaterials": {
          "hideSourcePrefab": true,
          "assignments": []
        }
      },
      "dutyCycle": "DuskTillDawn()"
    },
    {
      "parent": "/Far__x12_z2/Far__x12_z2_LFS/Far_Military Bay/IndustryBuildings/Warehouse_MediumFlat2",
      "hash": "303E326F0B0B96580:303E326F0B0B96580",
      "id": "WINDOWS_5:LIT",
      "properties": {
        "file": "meshes_decoration_lights.assetbundle",
        "mesh": "Warehouse_MediumFlat2_Windows5",
        "assignMaterials": {
          "hideSourcePrefab": true,
          "assignments": []
        }
      },
      "dutyCycle": "DuskTillDawn()"
    },
    {
      "parent": "/Far__x12_z2/Far__x12_z2_LFS/Far_Military Bay/IndustryBuildings/Utility_Medium2",
      "hash": "2FD90B6F0B0AC5290:2FD90B6F0B0AC5290",
      "id": "WINDOWS_2:LIT",
      "properties": {
        "file": "meshes_decoration_lights.assetbundle",
        "mesh": "Utility_Medium2_Windows2",
        "assignMaterials": {
          "hideSourcePrefab": true,
          "assignments": []
        }
      },
      "dutyCycle": "DuskTillDawn()"
    },
    {
      "parent": "/Far__x12_z2/Far__x12_z2_LFS/Far_Military Bay/IndustryBuildings/Utility_Medium2",
      "hash": "2FD90B6F0B0AC5290:2FD90B6F0B0AC5290",
      "id": "WINDOWS_3:LIT",
      "properties": {
        "file": "meshes_decoration_lights.assetbundle",
        "mesh": "Utility_Medium2_Windows3",
        "assignMaterials": {
          "hideSourcePrefab": true,
          "assignments": []
        }
      },
      "dutyCycle": "DuskTillDawn()"
    },
    {
      "parent": "/Far__x12_z2/Far__x12_z2_LFS/Far_Military Bay/IndustryBuildings/Utility_Medium2",
      "hash": "2FD90B6F0B0AC5290:2FD90B6F0B0AC5290",
      "id": "WINDOWS_4:LIT",
      "properties": {
        "file": "meshes_decoration_lights.assetbundle",
        "mesh": "Utility_Medium2_Windows4",
        "assignMaterials": {
          "hideSourcePrefab": true,
          "assignments": []
        }
      },
      "dutyCycle": "DuskTillDawn()"
    },
    {
      "parent": "/Far__x12_z2/Far__x12_z2_LFS/Far_Military Bay/IndustryBuildings/Utility_Medium2",
      "hash": "2FD90B6F0B0AC5290:2FD90B6F0B0AC5290",
      "id": "WINDOWS_5:LIT",
      "properties": {
        "file": "meshes_decoration_lights.assetbundle",
        "mesh": "Utility_Medium2_Windows5",
        "assignMaterials": {
          "hideSourcePrefab": true,
          "assignments": []
        }
      },
      "dutyCycle": "DuskTillDawn()"
    },
    {
      "parent": "/Far__x12_z2/Far__x12_z2_LFS/Far_Military Bay/IndustryBuildings/Offices_Medium2",
      "hash": "30AB236F0B0B6D500:30AB236F0B0B6D500",
      "id": "WINDOWS_1:LIT",
      "properties": {
        "file": "meshes_decoration_lights.assetbundle",
        "mesh": "Offices_Medium2_Windows1",
        "assignMaterials": {
          "hideSourcePrefab": true,
          "assignments": []
        }
      },
      "dutyCycle": "DuskTillDawn()"
    },
    {
      "parent": "/Far__x12_z2/Far__x12_z2_LFS/Far_Military Bay/IndustryBuildings/Offices_Medium2",
      "hash": "30AB236F0B0B6D500:30AB236F0B0B6D500",
      "id": "WINDOWS_3:LIT",
      "properties": {
        "file": "meshes_decoration_lights.assetbundle",
        "mesh": "Offices_Medium2_Windows3",
        "assignMaterials": {
          "hideSourcePrefab": true,
          "assignments": []
        }
      },
      "dutyCycle": "DuskTillDawn()"
    },
    {
      "parent": "/Far__x12_z2/Far__x12_z2_LFS/Far_Military Bay/IndustryBuildings/Offices_Medium2",
      "hash": "30AB236F0B0B6D500:30AB236F0B0B6D500",
      "id": "WINDOWS_4:LIT",
      "properties": {
        "file": "meshes_decoration_lights.assetbundle",
        "mesh": "Offices_Medium2_Windows4",
        "assignMaterials": {
          "hideSourcePrefab": true,
          "assignments": []
        }
      },
      "dutyCycle": "DuskTillDawn()"
    },
    {
      "parent": "/Far__x12_z2/Far__x12_z2_LFS/Far_City Grid/CivilBuildings (1)/House_09 (1)",
      "hash": "312C2A71060E7D380:312C2A71060E7D380",
      "id": "WINDOWS_1:LIT",
      "properties": {
        "file": "meshes_decoration_lights.assetbundle",
        "mesh": "house_09_Windows",
        "assignMaterials": {
          "hideSourcePrefab": true,
          "assignments": []
        }
      },
      "dutyCycle": "DuskTillDawn()"
    },
    {
      "parent": "/Far__x12_z2/Far__x12_z2_LFS/Far_Military Bay/SilosCranes/MilitaryBarracks1 (2)",
      "hash": "30353571060B624C0:30353571060B624C0",
      "id": "WINDOWS_1:LIT",
      "properties": {
        "file": "meshes_decoration_lights.assetbundle",
        "mesh": "MilitaryBarracks01_Windows1",
        "assignMaterials": {
          "hideSourcePrefab": true,
          "assignments": []
        }
      },
      "dutyCycle": "DuskTillDawn()"
    },
    {
      "parent": "/Far__x12_z2/Far__x12_z2_LFS/Far_Military Bay/SilosCranes/MilitaryBarracks1 (6)",
      "hash": "30213D71060B6C0A0:30213D71060B6C0A0",
      "id": "WINDOWS_1:LIT",
      "properties": {
        "file": "meshes_decoration_lights.assetbundle",
        "mesh": "MilitaryBarracks01_Windows1",
        "assignMaterials": {
          "hideSourcePrefab": true,
          "assignments": []
        }
      },
      "dutyCycle": "DuskTillDawn()"
    },
    {
      "parent": "/Far__x12_z2/Far__x12_z2_LFS/Far_Military Bay/SilosCranes/MilitaryBarracks1 (4)",
      "hash": "30243771060B3E360:30243771060B3E360",
      "id": "WINDOWS_1:LIT",
      "properties": {
        "file": "meshes_decoration_lights.assetbundle",
        "mesh": "MilitaryBarracks01_Windows1",
        "assignMaterials": {
          "hideSourcePrefab": true,
          "assignments": []
        }
      },
      "dutyCycle": "DuskTillDawn()"
    },
    {
      "parent": "/Far__x12_z2/Far__x12_z2_LFS/Far_Military Bay/SilosCranes/MilitaryBarracks1 (15)",
      "hash": "30000871060B24390:30000871060B24390",
      "id": "WINDOWS_1:LIT",
      "properties": {
        "file": "meshes_decoration_lights.assetbundle",
        "mesh": "MilitaryBarracks01_Windows1",
        "assignMaterials": {
          "hideSourcePrefab": true,
          "assignments": []
        }
      },
      "dutyCycle": "DuskTillDawn()"
    },
    {
      "parent": "/Far__x12_z2/Far__x12_z2_LFS/Far_Military Bay/SilosCranes/MilitaryBarracks1 (12)",
      "hash": "30030271060AF7010:30030271060AF7010",
      "id": "WINDOWS_1:LIT",
      "properties": {
        "file": "meshes_decoration_lights.assetbundle",
        "mesh": "MilitaryBarracks01_Windows1",
        "assignMaterials": {
          "hideSourcePrefab": true,
          "assignments": []
        }
      },
      "dutyCycle": "DuskTillDawn()"
    },
    {
      "parent": "/Far__x12_z2/Far__x12_z2_LFS/Far_Military Bay/SilosCranes/MilitaryBarracks1 (17)",
      "hash": "2FEF0A71060B00230:2FEF0A71060B00230",
      "id": "WINDOWS_1:LIT",
      "properties": {
        "file": "meshes_decoration_lights.assetbundle",
        "mesh": "MilitaryBarracks01_Windows1",
        "assignMaterials": {
          "hideSourcePrefab": true,
          "assignments": []
        }
      },
      "dutyCycle": "DuskTillDawn()"
    }
  ]
}