{
  "version": 97,
  "enabled": true,
  "priority": "Normal",
  "lights": [
    {
      "parent": "/Far__x12_z2/Far__x12_z2_LFS/Far_General/Ship Bollard Arrays/Ship Bollard Array 12/Ship_Bollard (47)/collider/%GROUP%_Mesh01130E000103202C",
      "position": "(0,7.1,1.55)",
      "hash": "2F9C4A71080A67290:2F9D2778120A68520",
      "properties": {
        "type": "Point",
        "intensity": 1.0,
        "range": 20.0,
        "colour": "#FFB24D",
        "corona": {
          "sprite": "corona_orange01.png",
          "scale": 0.75,
          "range": 100.0
        },
        "dutyCycle": "DuskTillDawn()"
      }
    },
    {
      "parent": "/Far__x12_z2/Far__x12_z2_LFS/Far_General/Ship Bollard Arrays/Ship Bollard Array 12/Ship_Bollard (47)/collider/%GROUP%_Mesh01130E000103202C",
      "position": "(0,7.1,-1.55)",
      "hash": "2F9C4A71080A67290:2F9C0878120A66010",
      "properties": {
        "type": "Point",
        "intensity": 1.0,
        "range": 20.0,
        "colour": "#FFB24D",
        "corona": {
          "sprite": "corona_orange01.png",
          "scale": 0.75,
          "range": 100.0
        },
        "dutyCycle": "DuskTillDawn()"
      }
    },
    {
      "parent": "/Far__x12_z2/Far__x12_z2_LFS/Far_General/Ship Bollard Arrays/Ship Bollard Array 12/Ship_Bollard (47)/collider/%GROUP%_Mesh011327000102EE16",
      "position": "(0,7.1,1.55)",
      "hash": "2FB15271080A95000:2FB23078120A96280",
      "properties": {
        "type": "Point",
        "intensity": 1.0,
        "range": 20.0,
        "colour": "#FFB24D",
        "corona": {
          "sprite": "corona_orange01.png",
          "scale": 0.75,
          "range": 100.0
        },
        "dutyCycle": "DuskTillDawn()"
      }
    },
    {
      "parent": "/Far__x12_z2/Far__x12_z2_LFS/Far_General/Ship Bollard Arrays/Ship Bollard Array 12/Ship_Bollard (47)/collider/%GROUP%_Mesh011327000102EE16",
      "position": "(0,7.1,-1.55)",
      "hash": "2FB15271080A95000:2FB11078120A933B0",
      "properties": {
        "type": "Point",
        "intensity": 1.0,
        "range": 20.0,
        "colour": "#FFB24D",
        "corona": {
          "sprite": "corona_orange01.png",
          "scale": 0.75,
          "range": 100.0
        },
        "dutyCycle": "DuskTillDawn()"
      }
    },
    {
      "parent": "/Far__x12_z2/Far__x12_z2_LFS/Far_General/Ship Bollard Arrays/Ship Bollard Array 12/Ship_Bollard (47)/collider/%GROUP%_Mesh01132D000102BC21",
      "position": "(0,7.1,1.55)",
      "hash": "2FC65E71080AC2140:2FC73C78120AC33C0",
      "properties": {
        "type": "Point",
        "intensity": 1.0,
        "range": 20.0,
        "colour": "#FFB24D",
        "corona": {
          "sprite": "corona_orange01.png",
          "scale": 0.75,
          "range": 100.0
        },
        "dutyCycle": "DuskTillDawn()"
      }
    },
    {
      "parent": "/Far__x12_z2/Far__x12_z2_LFS/Far_General/Ship Bollard Arrays/Ship Bollard Array 12/Ship_Bollard (47)/collider/%GROUP%_Mesh01132D000102BC21",
      "position": "(0,7.1,-1.55)",
      "hash": "2FC65E71080AC2140:2FC61D78120AC04F0",
      "properties": {
        "type": "Point",
        "intensity": 1.0,
        "range": 20.0,
        "colour": "#FFB24D",
        "corona": {
          "sprite": "corona_orange01.png",
          "scale": 0.75,
          "range": 100.0
        },
        "dutyCycle": "DuskTillDawn()"
      }
    },
    {
      "parent": "/Far__x12_z2/Far__x12_z2_LFS/Far_General/Ship Bollard Arrays/Ship Bollard Array 12/Ship_Bollard (47)/collider/%GROUP%_Mesh0113590001028A14",
      "position": "(0,7.1,1.55)",
      "hash": "2FDB5271080AEF4D0:2FDC3078120AF1120",
      "properties": {
        "type": "Point",
        "intensity": 1.0,
        "range": 20.0,
        "colour": "#FFB24D",
        "corona": {
          "sprite": "corona_orange01.png",
          "scale": 0.75,
          "range": 100.0
        },
        "dutyCycle": "DuskTillDawn()"
      }
    },
    {
      "parent": "/Far__x12_z2/Far__x12_z2_LFS/Far_General/Ship Bollard Arrays/Ship Bollard Array 12/Ship_Bollard (47)/collider/%GROUP%_Mesh0113590001028A14",
      "position": "(0,7.1,-1.55)",
      "hash": "2FDB5271080AEF4D0:2FDB1178120AEE250",
      "properties": {
        "type": "Point",
        "intensity": 1.0,
        "range": 20.0,
        "colour": "#FFB24D",
        "corona": {
          "sprite": "corona_orange01.png",
          "scale": 0.75,
          "range": 100.0
        },
        "dutyCycle": "DuskTillDawn()"
      }
    },
    {
      "parent": "/Far__x12_z2/Far__x12_z2_LFS/Far_General/Ship Bollard Arrays/Ship Bollard Array 12/Ship_Bollard (47)/collider/%GROUP%_Mesh0114130001025817",
      "position": "(0,7.1,1.55)",
      "hash": "2FF04C71080B1D0E0:2FF12A78120B1E370",
      "properties": {
        "type": "Point",
        "intensity": 1.0,
        "range": 20.0,
        "colour": "#FFB24D",
        "corona": {
          "sprite": "corona_orange01.png",
          "scale": 0.75,
          "range": 100.0
        },
        "dutyCycle": "DuskTillDawn()"
      }
    },
    {
      "parent": "/Far__x12_z2/Far__x12_z2_LFS/Far_General/Ship Bollard Arrays/Ship Bollard Array 12/Ship_Bollard (47)/collider/%GROUP%_Mesh0114130001025817",
      "position": "(0,7.1,-1.55)",
      "hash": "2FF04C71080B1D0E0:2FF00B78120B1B4A0",
      "properties": {
        "type": "Point",
        "intensity": 1.0,
        "range": 20.0,
        "colour": "#FFB24D",
        "corona": {
          "sprite": "corona_orange01.png",
          "scale": 0.75,
          "range": 100.0
        },
        "dutyCycle": "DuskTillDawn()"
      }
    },
    {
      "parent": "/Far__x12_z2/Far__x12_z2_LFS/Far_General/Ship Bollard Arrays/Ship Bollard Array 12/Ship_Bollard (47)/collider/%GROUP%_Mesh01140F000102260B",
      "position": "(0,7.1,1.55)",
      "hash": "30060771080B4A330:30064878120B4B5B0",
      "properties": {
        "type": "Point",
        "intensity": 1.0,
        "range": 20.0,
        "colour": "#FFB24D",
        "corona": {
          "sprite": "corona_orange01.png",
          "scale": 0.75,
          "range": 100.0
        },
        "dutyCycle": "DuskTillDawn()"
      }
    },
    {
      "parent": "/Far__x12_z2/Far__x12_z2_LFS/Far_General/Ship Bollard Arrays/Ship Bollard Array 12/Ship_Bollard (47)/collider/%GROUP%_Mesh01140F000102260B",
      "position": "(0,7.1,-1.55)",
      "hash": "30060771080B4A330:30052978120B490A0",
      "properties": {
        "type": "Point",
        "intensity": 1.0,
        "range": 20.0,
        "colour": "#FFB24D",
        "corona": {
          "sprite": "corona_orange01.png",
          "scale": 0.75,
          "range": 100.0
        },
        "dutyCycle": "DuskTillDawn()"
      }
    },
    {
      "parent": "/Far__x12_z2/Far__x12_z2_LFS/Far_General/Ship Bollard Arrays/Ship Bollard Array 12/Ship_Bollard (47)/collider/%GROUP%_Mesh011426000101F402",
      "position": "(0,7.1,1.55)",
      "hash": "301B0C71080B77600:301B4D78120B79240",
      "properties": {
        "type": "Point",
        "intensity": 1.0,
        "range": 20.0,
        "colour": "#FFB24D",
        "corona": {
          "sprite": "corona_orange01.png",
          "scale": 0.75,
          "range": 100.0
        },
        "dutyCycle": "DuskTillDawn()"
      }
    },
    {
      "parent": "/Far__x12_z2/Far__x12_z2_LFS/Far_General/Ship Bollard Arrays/Ship Bollard Array 12/Ship_Bollard (47)/collider/%GROUP%_Mesh011426000101F402",
      "position": "(0,7.1,-1.55)",
      "hash": "301B0C71080B77600:301A2E78120B76370",
      "properties": {
        "type": "Point",
        "intensity": 1.0,
        "range": 20.0,
        "colour": "#FFB24D",
        "corona": {
          "sprite": "corona_orange01.png",
          "scale": 0.75,
          "range": 100.0
        },
        "dutyCycle": "DuskTillDawn()"
      }
    },
    {
      "parent": "/Far__x12_z2/Far__x12_z2_LFS/Far_General/Ship Bollard Arrays/Ship Bollard Array 12/Ship_Bollard (47)/collider/%GROUP%_Mesh00F4150001031F5F",
      "position": "(0,7.1,1.55)",
      "hash": "2FB85F71080A5A490:2FB93F78120A5C0C0",
      "properties": {
        "type": "Point",
        "intensity": 1.0,
        "range": 20.0,
        "colour": "#FFB24D",
        "corona": {
          "sprite": "corona_orange01.png",
          "scale": 0.75,
          "range": 100.0
        },
        "dutyCycle": "DuskTillDawn()"
      }
    },
    {
      "parent": "/Far__x12_z2/Far__x12_z2_LFS/Far_General/Ship Bollard Arrays/Ship Bollard Array 12/Ship_Bollard (47)/collider/%GROUP%_Mesh00F4150001031F5F",
      "position": "(0,7.1,-1.55)",
      "hash": "2FB85F71080A5A490:2FB81B78120A59220",
      "properties": {
        "type": "Point",
        "intensity": 1.0,
        "range": 20.0,
        "colour": "#FFB24D",
        "corona": {
          "sprite": "corona_orange01.png",
          "scale": 0.75,
          "range": 100.0
        },
        "dutyCycle": "DuskTillDawn()"
      }
    },
    {
      "parent": "/Far__x12_z2/Far__x12_z2_LFS/Far_General/Ship Bollard Arrays/Ship Bollard Array 12/Ship_Bollard (47)/collider/%GROUP%_Mesh00F424000102EE13",
      "position": "(0,7.1,1.55)",
      "hash": "2FCD5D71080A87550:2FCE3D78120A89190",
      "properties": {
        "type": "Point",
        "intensity": 1.0,
        "range": 20.0,
        "colour": "#FFB24D",
        "corona": {
          "sprite": "corona_orange01.png",
          "scale": 0.75,
          "range": 100.0
        },
        "dutyCycle": "DuskTillDawn()"
      }
    },
    {
      "parent": "/Far__x12_z2/Far__x12_z2_LFS/Far_General/Ship Bollard Arrays/Ship Bollard Array 12/Ship_Bollard (47)/collider/%GROUP%_Mesh00F424000102EE13",
      "position": "(0,7.1,-1.55)",
      "hash": "2FCD5D71080A87550:2FCD1978120A862E0",
      "properties": {
        "type": "Point",
        "intensity": 1.0,
        "range": 20.0,
        "colour": "#FFB24D",
        "corona": {
          "sprite": "corona_orange01.png",
          "scale": 0.75,
          "range": 100.0
        },
        "dutyCycle": "DuskTillDawn()"
      }
    },
    {
      "parent": "/Far__x12_z2/Far__x12_z2_LFS/Far_General/Ship Bollard Arrays/Ship Bollard Array 12/Ship_Bollard (47)/collider/%GROUP%_Mesh00F428000102BC0F",
      "position": "(0,7.1,1.55)",
      "hash": "2FE30E71080AB5120:2FE34F78120AB63B0",
      "properties": {
        "type": "Point",
        "intensity": 1.0,
        "range": 20.0,
        "colour": "#FFB24D",
        "corona": {
          "sprite": "corona_orange01.png",
          "scale": 0.75,
          "range": 100.0
        },
        "dutyCycle": "DuskTillDawn()"
      }
    },
    {
      "parent": "/Far__x12_z2/Far__x12_z2_LFS/Far_General/Ship Bollard Arrays/Ship Bollard Array 12/Ship_Bollard (47)/collider/%GROUP%_Mesh00F428000102BC0F",
      "position": "(0,7.1,-1.55)",
      "hash": "2FE30E71080AB5120:2FE23078120AB34E0",
      "properties": {
        "type": "Point",
        "intensity": 1.0,
        "range": 20.0,
        "colour": "#FFB24D",
        "corona": {
          "sprite": "corona_orange01.png",
          "scale": 0.75,
          "range": 100.0
        },
        "dutyCycle": "DuskTillDawn()"
      }
    },
    {
      "parent": "/Far__x12_z2/Far__x12_z2_LFS/Far_General/Ship Bollard Arrays/Ship Bollard Array 12/Ship_Bollard (47)/collider/%GROUP%_Mesh00CD150001031F58",
      "position": "(0,7.1,1.55)",
      "hash": "2FDC1D71080A4A180:2FDC5C78120A4B420",
      "properties": {
        "type": "Point",
        "intensity": 1.0,
        "range": 20.0,
        "colour": "#FFB24D",
        "corona": {
          "sprite": "corona_orange01.png",
          "scale": 0.75,
          "range": 100.0
        },
        "dutyCycle": "DuskTillDawn()"
      }
    },
    {
      "parent": "/Far__x12_z2/Far__x12_z2_LFS/Far_General/Ship Bollard Arrays/Ship Bollard Array 12/Ship_Bollard (47)/collider/%GROUP%_Mesh00CD150001031F58",
      "position": "(0,7.1,-1.55)",
      "hash": "2FDC1D71080A4A180:2FDB4278120A48520",
      "properties": {
        "type": "Point",
        "intensity": 1.0,
        "range": 20.0,
        "colour": "#FFB24D",
        "corona": {
          "sprite": "corona_orange01.png",
          "scale": 0.75,
          "range": 100.0
        },
        "dutyCycle": "DuskTillDawn()"
      }
    },
    {
      "parent": "/Far__x12_z2/Far__x12_z2_LFS/Far_General/Ship Bollard Arrays/Ship Bollard Array 12/Ship_Bollard (47)/collider/%GROUP%_Mesh00CD22000102ED61",
      "position": "(0,7.1,1.55)",
      "hash": "2FF12471080A77310:2FF16378120A785A0",
      "properties": {
        "type": "Point",
        "intensity": 1.0,
        "range": 20.0,
        "colour": "#FFB24D",
        "corona": {
          "sprite": "corona_orange01.png",
          "scale": 0.75,
          "range": 100.0
        },
        "dutyCycle": "DuskTillDawn()"
      }
    },
    {
      "parent": "/Far__x12_z2/Far__x12_z2_LFS/Far_General/Ship Bollard Arrays/Ship Bollard Array 12/Ship_Bollard (47)/collider/%GROUP%_Mesh00CD22000102ED61",
      "position": "(0,7.1,-1.55)",
      "hash": "2FF12471080A77310:2FF04978120A76070",
      "properties": {
        "type": "Point",
        "intensity": 1.0,
        "range": 20.0,
        "colour": "#FFB24D",
        "corona": {
          "sprite": "corona_orange01.png",
          "scale": 0.75,
          "range": 100.0
        },
        "dutyCycle": "DuskTillDawn()"
      }
    },
    {
      "parent": "/Far__x12_z2/Far__x12_z2_LFS/Far_General/Ship Bollard Arrays/Ship Bollard Array 12/Ship_Bollard (47)/collider/%GROUP%_Mesh0114070001019010",
      "position": "(0,7.1,1.55)",
      "hash": "30454F71080BD2190:30462C78120BD3420",
      "properties": {
        "type": "Point",
        "intensity": 1.0,
        "range": 20.0,
        "colour": "#FFB24D",
        "corona": {
          "sprite": "corona_orange01.png",
          "scale": 0.75,
          "range": 100.0
        },
        "dutyCycle": "DuskTillDawn()"
      }
    },
    {
      "parent": "/Far__x12_z2/Far__x12_z2_LFS/Far_General/Ship Bollard Arrays/Ship Bollard Array 12/Ship_Bollard (47)/collider/%GROUP%_Mesh0114070001019010",
      "position": "(0,7.1,-1.55)",
      "hash": "30454F71080BD2190:30450D78120BD0550",
      "properties": {
        "type": "Point",
        "intensity": 1.0,
        "range": 20.0,
        "colour": "#FFB24D",
        "corona": {
          "sprite": "corona_orange01.png",
          "scale": 0.75,
          "range": 100.0
        },
        "dutyCycle": "DuskTillDawn()"
      }
    },
    {
      "parent": "/Far__x12_z2/Far__x12_z2_LFS/Far_General/Ship Bollard Arrays/Ship Bollard Array 12/Ship_Bollard (47)/collider/%GROUP%_Mesh00F45A0001018F57",
      "position": "(0,7.1,1.55)",
      "hash": "30620D71080BC51C0:30613078120BC3570",
      "properties": {
        "type": "Point",
        "intensity": 1.0,
        "range": 20.0,
        "colour": "#FFB24D",
        "corona": {
          "sprite": "corona_orange01.png",
          "scale": 0.75,
          "range": 100.0
        },
        "dutyCycle": "DuskTillDawn()"
      }
    },
    {
      "parent": "/Far__x12_z2/Far__x12_z2_LFS/Far_General/Ship Bollard Arrays/Ship Bollard Array 12/Ship_Bollard (47)/collider/%GROUP%_Mesh00F45A0001018F57",
      "position": "(0,7.1,-1.55)",
      "hash": "30620D71080BC51C0:30624F78120BC6440",
      "properties": {
        "type": "Point",
        "intensity": 1.0,
        "range": 20.0,
        "colour": "#FFB24D",
        "corona": {
          "sprite": "corona_orange01.png",
          "scale": 0.75,
          "range": 100.0
        },
        "dutyCycle": "DuskTillDawn()"
      }
    },
    {
      "parent": "/Far__x12_z2/Far__x12_z2_LFS/Far_General/Ship Bollard Arrays/Ship Bollard Array 12/Ship_Bollard (47)/collider/%GROUP%_Mesh00D65C0001018F48",
      "position": "(0,7.1,1.55)",
      "hash": "307D2371080BB8450:307C4578120BB71D0",
      "properties": {
        "type": "Point",
        "intensity": 1.0,
        "range": 20.0,
        "colour": "#FFB24D",
        "corona": {
          "sprite": "corona_orange01.png",
          "scale": 0.75,
          "range": 100.0
        },
        "dutyCycle": "DuskTillDawn()"
      }
    },
    {
      "parent": "/Far__x12_z2/Far__x12_z2_LFS/Far_General/Ship Bollard Arrays/Ship Bollard Array 12/Ship_Bollard (47)/collider/%GROUP%_Mesh00D65C0001018F48",
      "position": "(0,7.1,-1.55)",
      "hash": "307D2371080BB8450:307E0078120BBA0A0",
      "properties": {
        "type": "Point",
        "intensity": 1.0,
        "range": 20.0,
        "colour": "#FFB24D",
        "corona": {
          "sprite": "corona_orange01.png",
          "scale": 0.75,
          "range": 100.0
        },
        "dutyCycle": "DuskTillDawn()"
      }
    },
    {
      "parent": "/Far__x12_z2/Far__x12_z2_LFS/Far_General/Ship Bollard Arrays/Ship Bollard Array 12/Ship_Bollard (47)/collider/%GROUP%_Mesh00A537000100851F",
      "position": "(0,7.1,1.55)",
      "hash": "311B0C71080C94600:311A2C78120C93390",
      "properties": {
        "type": "Point",
        "intensity": 1.0,
        "range": 20.0,
        "colour": "#DDEEFF",
        "corona": {
          "sprite": "corona_flare02.png",
          "scale": 1.0,
          "range": 100.0
        },
        "dutyCycle": "DuskTillDawn()"
      }
    },
    {
      "parent": "/Far__x12_z2/Far__x12_z2_LFS/Far_General/Ship Bollard Arrays/Ship Bollard Array 12/Ship_Bollard (47)/collider/%GROUP%_Mesh00A537000100851F",
      "position": "(0,7.1,-1.55)",
      "hash": "311B0C71080C94600:311B5078120C96240",
      "properties": {
        "type": "Point",
        "intensity": 1.0,
        "range": 20.0,
        "colour": "#DDEEFF",
        "corona": {
          "sprite": "corona_flare02.png",
          "scale": 1.0,
          "range": 100.0
        },
        "dutyCycle": "DuskTillDawn()"
      }
    },
    {
      "parent": "/Far__x12_z2/Far__x12_z2_LFS/Far_General/Ship Bollard Arrays/Ship Bollard Array 12/Ship_Bollard (47)/collider/%GROUP%_Mesh00C3420001008621",
      "position": "(0,7.1,1.55)",
      "hash": "30FF2A71080CA0520:31000A78120CA2150",
      "properties": {
        "type": "Point",
        "intensity": 1.0,
        "range": 20.0,
        "colour": "#DDEEFF",
        "corona": {
          "sprite": "corona_flare02.png",
          "scale": 1.0,
          "range": 100.0
        },
        "dutyCycle": "DuskTillDawn()"
      }
    },
    {
      "parent": "/Far__x12_z2/Far__x12_z2_LFS/Far_General/Ship Bollard Arrays/Ship Bollard Array 12/Ship_Bollard (47)/collider/%GROUP%_Mesh00C3420001008621",
      "position": "(0,7.1,-1.55)",
      "hash": "30FF2A71080CA0520:30FE4A78120C9F2A0",
      "properties": {
        "type": "Point",
        "intensity": 1.0,
        "range": 20.0,
        "colour": "#DDEEFF",
        "corona": {
          "sprite": "corona_flare02.png",
          "scale": 1.0,
          "range": 100.0
        },
        "dutyCycle": "DuskTillDawn()"
      }
    },
    {
      "parent": "/Far__x12_z2/Far__x12_z2_LFS/Far_General/Ship Bollard Arrays/Ship Bollard Array 12/Ship_Bollard (47)/collider/%GROUP%_Mesh00D739000100862A",
      "position": "(0,7.1,1.55)",
      "hash": "30ED2471080CA9120:30EE0178120CAA3B0",
      "properties": {
        "type": "Point",
        "intensity": 1.0,
        "range": 20.0,
        "colour": "#DDEEFF",
        "corona": {
          "sprite": "corona_flare02.png",
          "scale": 1.0,
          "range": 100.0
        },
        "dutyCycle": "DuskTillDawn()"
      }
    },
    {
      "parent": "/Far__x12_z2/Far__x12_z2_LFS/Far_General/Ship Bollard Arrays/Ship Bollard Array 12/Ship_Bollard (47)/collider/%GROUP%_Mesh00D739000100862A",
      "position": "(0,7.1,-1.55)",
      "hash": "30ED2471080CA9120:30EC4678120CA74E0",
      "properties": {
        "type": "Point",
        "intensity": 1.0,
        "range": 20.0,
        "colour": "#DDEEFF",
        "corona": {
          "sprite": "corona_flare02.png",
          "scale": 1.0,
          "range": 100.0
        },
        "dutyCycle": "DuskTillDawn()"
      }
    }
  ],
  "meshes": [
    {
      "parent": "/Far__x12_z2/Far__x12_z2_LFS/Far_General/Ship Bollard Arrays/Ship Bollard Array 12/Ship_Bollard (47)/collider",
      "position": "(-275.142273,0.0129241943,-800.4466)",
      "rotation": "(0,0.21643962,0,0.976296067)",
      "hash": "31E93D71060CC7280:2F9C4A71080A67290",
      "properties": {
        "file": "meshes_lampposts.assetbundle",
        "mesh": "LampPostDouble_Floor"
      }
    },
    {
      "parent": "/Far__x12_z2/Far__x12_z2_LFS/Far_General/Ship Bollard Arrays/Ship Bollard Array 12/Ship_Bollard (47)/collider",
      "position": "(-275.399536,0.0129089355,-750.224854)",
      "rotation": "(0,0.21643962,0,0.976296067)",
      "hash": "31E93D71060CC7280:2FB15271080A95000",
      "properties": {
        "file": "meshes_lampposts.assetbundle",
        "mesh": "LampPostDouble_Floor"
      }
    },
    {
      "parent": "/Far__x12_z2/Far__x12_z2_LFS/Far_General/Ship Bollard Arrays/Ship Bollard Array 12/Ship_Bollard (47)/collider",
      "position": "(-275.4593,0.0128936768,-700.3324)",
      "rotation": "(0,0.21643962,0,0.976296067)",
      "hash": "31E93D71060CC7280:2FC65E71080AC2140",
      "properties": {
        "file": "meshes_lampposts.assetbundle",
        "mesh": "LampPostDouble_Floor"
      }
    },
    {
      "parent": "/Far__x12_z2/Far__x12_z2_LFS/Far_General/Ship Bollard Arrays/Ship Bollard Array 12/Ship_Bollard (47)/collider",
      "position": "(-275.8979,0.012878418,-650.204651)",
      "rotation": "(0,0.21643962,0,0.976296067)",
      "hash": "31E93D71060CC7280:2FDB5271080AEF4D0",
      "properties": {
        "file": "meshes_lampposts.assetbundle",
        "mesh": "LampPostDouble_Floor"
      }
    },
    {
      "parent": "/Far__x12_z2/Far__x12_z2_LFS/Far_General/Ship Bollard Arrays/Ship Bollard Array 12/Ship_Bollard (47)/collider",
      "position": "(-276.192749,0.0128631592,-600.2317)",
      "rotation": "(0,0.21643962,0,0.976296067)",
      "hash": "31E93D71060CC7280:2FF04C71080B1D0E0",
      "properties": {
        "file": "meshes_lampposts.assetbundle",
        "mesh": "LampPostDouble_Floor"
      }
    },
    {
      "parent": "/Far__x12_z2/Far__x12_z2_LFS/Far_General/Ship Bollard Arrays/Ship Bollard Array 12/Ship_Bollard (47)/collider",
      "position": "(-276.157532,0.0128479,-550.114)",
      "rotation": "(0,0.21643962,0,0.976296067)",
      "hash": "31E93D71060CC7280:30060771080B4A330",
      "properties": {
        "file": "meshes_lampposts.assetbundle",
        "mesh": "LampPostDouble_Floor"
      }
    },
    {
      "parent": "/Far__x12_z2/Far__x12_z2_LFS/Far_General/Ship Bollard Arrays/Ship Bollard Array 12/Ship_Bollard (47)/collider",
      "position": "(-276.38678,0.0128326416,-500.028046)",
      "rotation": "(0,0.21643962,0,0.976296067)",
      "hash": "31E93D71060CC7280:301B0C71080B77600",
      "properties": {
        "file": "meshes_lampposts.assetbundle",
        "mesh": "LampPostDouble_Floor"
      }
    },
    {
      "parent": "/Far__x12_z2/Far__x12_z2_LFS/Far_General/Ship Bollard Arrays/Ship Bollard Array 12/Ship_Bollard (47)/collider",
      "position": "(-244.214966,0.0129241943,-799.9577)",
      "rotation": "(0,0.224951044,0,0.974370062)",
      "hash": "31E93D71060CC7280:2FB85F71080A5A490",
      "properties": {
        "file": "meshes_lampposts.assetbundle",
        "mesh": "LampPostDouble_Floor"
      }
    },
    {
      "parent": "/Far__x12_z2/Far__x12_z2_LFS/Far_General/Ship Bollard Arrays/Ship Bollard Array 12/Ship_Bollard (47)/collider",
      "position": "(-244.36499,0.0129089355,-750.192444)",
      "rotation": "(0,0.224951044,0,0.974370062)",
      "hash": "31E93D71060CC7280:2FCD5D71080A87550",
      "properties": {
        "file": "meshes_lampposts.assetbundle",
        "mesh": "LampPostDouble_Floor"
      }
    },
    {
      "parent": "/Far__x12_z2/Far__x12_z2_LFS/Far_General/Ship Bollard Arrays/Ship Bollard Array 12/Ship_Bollard (47)/collider",
      "position": "(-244.406982,0.0128936768,-700.151367)",
      "rotation": "(0,0.21643962,0,0.976296067)",
      "hash": "31E93D71060CC7280:2FE30E71080AB5120",
      "properties": {
        "file": "meshes_lampposts.assetbundle",
        "mesh": "LampPostDouble_Floor"
      }
    },
    {
      "parent": "/Far__x12_z2/Far__x12_z2_LFS/Far_General/Ship Bollard Arrays/Ship Bollard Array 12/Ship_Bollard (47)/collider",
      "position": "(-205.2193,0.0129318237,-799.889343)",
      "rotation": "(0,0.20791173,0,0.9781476)",
      "hash": "31E93D71060CC7280:2FDC1D71080A4A180",
      "properties": {
        "file": "meshes_lampposts.assetbundle",
        "mesh": "LampPostDouble_Floor"
      }
    },
    {
      "parent": "/Far__x12_z2/Far__x12_z2_LFS/Far_General/Ship Bollard Arrays/Ship Bollard Array 12/Ship_Bollard (47)/collider",
      "position": "(-205.344727,0.0129165649,-749.974243)",
      "rotation": "(0,0.20791173,0,0.9781476)",
      "hash": "31E93D71060CC7280:2FF12471080A77310",
      "properties": {
        "file": "meshes_lampposts.assetbundle",
        "mesh": "LampPostDouble_Floor"
      }
    },
    {
      "parent": "/Far__x12_z2/Far__x12_z2_LFS/Far_General/Ship Bollard Arrays/Ship Bollard Array 12/Ship_Bollard (47)/collider",
      "position": "(-276.078369,0.012802124,-400.161865)",
      "rotation": "(0,0.21643962,0,0.976296067)",
      "hash": "31E93D71060CC7280:30454F71080BD2190",
      "properties": {
        "file": "meshes_lampposts.assetbundle",
        "mesh": "LampPostDouble_Floor"
      }
    },
    {
      "parent": "/Far__x12_z2/Far__x12_z2_LFS/Far_General/Ship Bollard Arrays/Ship Bollard Array 12/Ship_Bollard (47)/collider",
      "position": "(-244.9054,0.0128097534,-399.879547)",
      "rotation": "(0,0.976296,0,-0.2164396)",
      "hash": "31E93D71060CC7280:30620D71080BC51C0",
      "properties": {
        "file": "meshes_lampposts.assetbundle",
        "mesh": "LampPostDouble_Floor"
      }
    },
    {
      "parent": "/Far__x12_z2/Far__x12_z2_LFS/Far_General/Ship Bollard Arrays/Ship Bollard Array 12/Ship_Bollard (47)/collider",
      "position": "(-214.921875,0.0128097534,-399.721558)",
      "rotation": "(0,0.976296,0,-0.2164396)",
      "hash": "31E93D71060CC7280:307D2371080BB8450",
      "properties": {
        "file": "meshes_lampposts.assetbundle",
        "mesh": "LampPostDouble_Floor"
      }
    },
    {
      "parent": "/Far__x12_z2/Far__x12_z2_LFS/Far_General/Ship Bollard Arrays/Ship Bollard Array 12/Ship_Bollard (47)/collider",
      "position": "(-165.56,0.0127410889,-133.310974)",
      "rotation": "(0,0.9743701,0,-0.224950984)",
      "hash": "31E93D71060CC7280:311B0C71080C94600",
      "properties": {
        "file": "meshes_lampposts.assetbundle",
        "mesh": "LampPostDouble_Floor"
      }
    },
    {
      "parent": "/Far__x12_z2/Far__x12_z2_LFS/Far_General/Ship Bollard Arrays/Ship Bollard Array 12/Ship_Bollard (47)/collider",
      "position": "(-195.666382,0.0127334595,-134.334167)",
      "rotation": "(0,0.224951044,0,0.974370062)",
      "hash": "31E93D71060CC7280:30FF2A71080CA0520",
      "properties": {
        "file": "meshes_lampposts.assetbundle",
        "mesh": "LampPostDouble_Floor"
      }
    },
    {
      "parent": "/Far__x12_z2/Far__x12_z2_LFS/Far_General/Ship Bollard Arrays/Ship Bollard Array 12/Ship_Bollard (47)/collider",
      "position": "(-215.5711,0.0127334595,-134.427521)",
      "rotation": "(0,0.21643962,0,0.976296067)",
      "hash": "31E93D71060CC7280:30ED2471080CA9120",
      "properties": {
        "file": "meshes_lampposts.assetbundle",
        "mesh": "LampPostDouble_Floor"
      }
    }
  ],
  "decorations": []
}