{
  "version": 92,
  "enabled": true,
  "lights": [
    {
      "parent": "/Far__x12_z14/Far__x12_z14_LFS/Far_MilitaryBase-old/MilitaryDepot/MilitaryUndergroundDepot/MilitaryDepot_LOD0",
      "position": "(-11.6136608,6.777755,107.543579)",
      "rotation": "(0.4611867,-0.04373065,0.0227647088,0.885932446)",
      "hash": "301F24D726398C330:2FB530DE103976240",
      "properties": {
        "type": "Point",
        "intensity": 1.0,
        "range": 20.0,
        "colour": "#DDEEFF",
        "corona": {
          "sprite": "corona_flare02.png",
          "scale": 1.0,
          "range": 100.0
        },
        "dutyCycle": "DuskTillDawn()"
      }
    },
    {
      "parent": "/Far__x12_z14/Far__x12_z14_LFS/Far_MilitaryBase-old/MilitaryDepot/MilitaryUndergroundDepot/MilitaryDepot_LOD0",
      "position": "(-11.6362133,6.76213,87.5531)",
      "rotation": "(0.461186737,-0.0437306464,0.0227647088,0.8859324)",
      "hash": "301F24D726398C330:2FC926DE0E39781F0",
      "properties": {
        "type": "Point",
        "intensity": 1.0,
        "range": 20.0,
        "colour": "#DDEEFF",
        "corona": {
          "sprite": "corona_flare02.png",
          "scale": 1.0,
          "range": 100.0
        },
        "dutyCycle": "DuskTillDawn()"
      }
    },
    {
      "parent": "/Far__x12_z14/Far__x12_z14_LFS/Far_MilitaryBase-old/MilitaryDepot/MilitaryUndergroundDepot/MilitaryDepot_LOD0",
      "position": "(-11.61429,6.776992,67.52585)",
      "rotation": "(0.461186737,-0.0437306464,0.0227647088,0.8859324)",
      "hash": "301F24D726398C330:2FDD1EDE10397A1E0",
      "properties": {
        "type": "Point",
        "intensity": 1.0,
        "range": 20.0,
        "colour": "#DDEEFF",
        "corona": {
          "sprite": "corona_flare02.png",
          "scale": 1.0,
          "range": 100.0
        },
        "dutyCycle": "DuskTillDawn()"
      }
    }
  ],
  "meshes": [],
  "decorations": []
}