{
  "version": 92,
  "enabled": true,
  "lights": [
    {
      "parent": "/Far__x12_z14/Far__x12_z14_LFS/Far_Poles/ParkingLight#0/Colliders/Collider (2)#2",
      "position": "(0.0188417435,0.5012392,-0.19916822)",
      "rotation": "(0.117100269,0.7920201,-0.577212334,0.160678759)",
      "hash": "31615CDE51398D4C0:316200DE4D398D170",
      "properties": {
        "type": "Point",
        "intensity": 1.0,
        "range": 20.0,
        "colour": "#FFB24D",
        "corona": {
          "sprite": "corona_orange01.png",
          "scale": 0.75,
          "range": 100.0
        },
        "dutyCycle": "DuskTillDawn()"
      }
    },
    {
      "parent": "/Far__x12_z14/Far__x12_z14_LFS/Far_Poles/ParkingLight#0/Colliders/Collider (1)",
      "position": "(-0.0303421021,0.4342157,-0.197703332)",
      "rotation": "(0.327074319,0.672712743,-0.479501665,0.458866149)",
      "hash": "316245DE51398E460:316310DE4B398E470",
      "properties": {
        "type": "Point",
        "intensity": 1.0,
        "range": 20.0,
        "colour": "#FFB24D",
        "corona": {
          "sprite": "corona_orange01.png",
          "scale": 0.75,
          "range": 100.0
        },
        "dutyCycle": "DuskTillDawn()"
      }
    },
    {
      "parent": "/Far__x12_z14/Far__x12_z14_LFS/Far_Poles/ParkingLight#0/Colliders/Collider (2)#0",
      "position": "(-0.03475061,0.385112077,-0.196942717)",
      "rotation": "(0.562461257,0.176171869,-0.124135017,0.7982426)",
      "hash": "31614CDE51398F2E0:31614BDE4A398F590",
      "properties": {
        "type": "Point",
        "intensity": 1.0,
        "range": 20.0,
        "colour": "#FFB24D",
        "corona": {
          "sprite": "corona_orange01.png",
          "scale": 0.75,
          "range": 100.0
        },
        "dutyCycle": "DuskTillDawn()"
      }
    },
    {
      "parent": "/Far__x12_z14/Far__x12_z14_LFS/Far_Poles/ParkingLight#0/Colliders/Collider (2)#1",
      "position": "(0.047915265,0.410638422,-0.194350213)",
      "rotation": "(-0.212759614,0.7660949,-0.5187581,-0.314200521)",
      "hash": "316063DE51398E350:316037DE4B398E2C0",
      "properties": {
        "type": "Point",
        "intensity": 1.0,
        "range": 20.0,
        "colour": "#FFB24D",
        "corona": {
          "sprite": "corona_orange01.png",
          "scale": 0.75,
          "range": 100.0
        },
        "dutyCycle": "DuskTillDawn()"
      }
    },
    {
      "parent": "/Far__x12_z14/Far__x12_z14_LFS/Far_Poles/ParkingLight#1/Colliders/Collider (2)#2",
      "position": "(0.05193007,0.46611008,-0.192978889)",
      "rotation": "(0.227061063,0.759349942,-0.5054297,0.3411331)",
      "hash": "30483CDE513978600:304847DE4D39782E0",
      "properties": {
        "type": "Point",
        "intensity": 1.0,
        "range": 20.0,
        "colour": "#FFB24D",
        "corona": {
          "sprite": "corona_orange01.png",
          "scale": 0.75,
          "range": 100.0
        },
        "dutyCycle": "DuskTillDawn()"
      }
    },
    {
      "parent": "/Far__x12_z14/Far__x12_z14_LFS/Far_Poles/ParkingLight#1/Colliders/Collider (1)",
      "position": "(-0.0382957458,0.470916271,-0.196404457)",
      "rotation": "(0.292842418,0.704737663,-0.4903791,0.4208521)",
      "hash": "304925DE513979590:304958DE4C39795A0",
      "properties": {
        "type": "Point",
        "intensity": 1.0,
        "range": 20.0,
        "colour": "#FFB24D",
        "corona": {
          "sprite": "corona_orange01.png",
          "scale": 0.75,
          "range": 100.0
        },
        "dutyCycle": "DuskTillDawn()"
      }
    },
    {
      "parent": "/Far__x12_z14/Far__x12_z14_LFS/Far_Poles/ParkingLight#1/Colliders/Collider (2)#0",
      "position": "(0.01953268,0.441795647,-0.199152768)",
      "rotation": "(0.5758878,-0.166251525,0.121001653,0.7912473)",
      "hash": "30482CDE51397A410:304825DE4B397B0D0",
      "properties": {
        "type": "Point",
        "intensity": 1.0,
        "range": 20.0,
        "colour": "#FFB24D",
        "corona": {
          "sprite": "corona_orange01.png",
          "scale": 0.75,
          "range": 100.0
        },
        "dutyCycle": "DuskTillDawn()"
      }
    },
    {
      "parent": "/Far__x12_z14/Far__x12_z14_LFS/Far_Poles/ParkingLight#1/Colliders/Collider (2)#1",
      "position": "(0.0286782775,0.504949,-0.1978634)",
      "rotation": "(-0.282107145,0.7114599,-0.508191347,-0.394945562)",
      "hash": "304743DE513979480:30470EDE4D3979400",
      "properties": {
        "type": "Point",
        "intensity": 1.0,
        "range": 20.0,
        "colour": "#FFB24D",
        "corona": {
          "sprite": "corona_orange01.png",
          "scale": 0.75,
          "range": 100.0
        },
        "dutyCycle": "DuskTillDawn()"
      }
    },
    {
      "parent": "/Far__x12_z14/Far__x12_z14_LFS/Far_Roads/Flat_40x40 (1)/Collider/%GROUP%_Mesh000C350005002752",
      "position": "(0,7.1,1.55)",
      "hash": "302B25D7273967250:302B0FDE3139685B0",
      "properties": {
        "type": "Point",
        "intensity": 1.0,
        "range": 20.0,
        "colour": "#FFB24D",
        "corona": {
          "sprite": "corona_orange01.png",
          "scale": 0.75,
          "range": 100.0
        },
        "dutyCycle": "DuskTillDawn()"
      }
    },
    {
      "parent": "/Far__x12_z14/Far__x12_z14_LFS/Far_Roads/Flat_40x40 (1)/Collider/%GROUP%_Mesh000C350005002752",
      "position": "(0,7.1,-1.55)",
      "hash": "302B25D7273967250:302B3ADE313965540",
      "properties": {
        "type": "Point",
        "intensity": 1.0,
        "range": 20.0,
        "colour": "#FFB24D",
        "corona": {
          "sprite": "corona_orange01.png",
          "scale": 0.75,
          "range": 100.0
        },
        "dutyCycle": "DuskTillDawn()"
      }
    },
    {
      "parent": "/Far__x12_z14/Far__x12_z14_LFS/Far_Roads/Flat_40x40/Collider/%GROUP%_Mesh00114A000A00392B",
      "position": "(0,7.1,-1.55)",
      "rotation": "(-0.7071068,0,0,0.7071068)",
      "hash": "306353D7223972140:306340DE2C39734A0",
      "properties": {
        "type": "Point",
        "intensity": 1.0,
        "range": 20.0,
        "colour": "#FFB24D",
        "corona": {
          "sprite": "corona_orange01.png",
          "scale": 0.75,
          "range": 100.0
        },
        "dutyCycle": "DuskTillDawn()"
      }
    },
    {
      "parent": "/Far__x12_z14/Far__x12_z14_LFS/Far_Roads/Flat_40x40/Collider/%GROUP%_Mesh00114F000A005749",
      "position": "(0,7.1,-1.55)",
      "rotation": "(-0.7071068,0,0,0.7071068)",
      "hash": "308162D7223975170:30814DDE2C39764D0",
      "properties": {
        "type": "Point",
        "intensity": 1.0,
        "range": 20.0,
        "colour": "#FFB24D",
        "corona": {
          "sprite": "corona_orange01.png",
          "scale": 0.75,
          "range": 100.0
        },
        "dutyCycle": "DuskTillDawn()"
      }
    },
    {
      "parent": "/Far__x12_z14/Far__x12_z14_LFS/Far_Roads/Flat_40x40/Collider/%GROUP%_Mesh001147000A007555",
      "position": "(0,7.1,-1.55)",
      "rotation": "(-0.7071068,0,0,0.7071068)",
      "hash": "309F60D72239780C0:309F4BDE2C3979420",
      "properties": {
        "type": "Point",
        "intensity": 1.0,
        "range": 20.0,
        "colour": "#FFB24D",
        "corona": {
          "sprite": "corona_orange01.png",
          "scale": 0.75,
          "range": 100.0
        },
        "dutyCycle": "DuskTillDawn()"
      }
    },
    {
      "parent": "/Far__x12_z14/Far__x12_z14_LFS/Far_Roads/Flat_40x40/Collider/%GROUP%_Mesh001154000A00934E",
      "position": "(0,7.1,-1.55)",
      "rotation": "(-0.7071068,0,0,0.7071068)",
      "hash": "30BD4AD722397B140:30BD37DE2C397C4A0",
      "properties": {
        "type": "Point",
        "intensity": 1.0,
        "range": 20.0,
        "colour": "#FFB24D",
        "corona": {
          "sprite": "corona_orange01.png",
          "scale": 0.75,
          "range": 100.0
        },
        "dutyCycle": "DuskTillDawn()"
      }
    },
    {
      "parent": "/Far__x12_z14/Far__x12_z14_LFS/Far_Roads/Flat_40x40/Collider/%GROUP%_Mesh000736000600B013",
      "position": "(0,7.1,-1.55)",
      "rotation": "(-0.7071068,0,0,0.7071068)",
      "hash": "30DB02D72539734B0:30DA59DE2F39751D0",
      "properties": {
        "type": "Point",
        "intensity": 1.0,
        "range": 20.0,
        "colour": "#FFB24D",
        "corona": {
          "sprite": "corona_orange01.png",
          "scale": 0.75,
          "range": 100.0
        },
        "dutyCycle": "DuskTillDawn()"
      }
    },
    {
      "parent": "/Far__x12_z14/Far__x12_z14_LFS/Far_Roads/Flat_40x40/Collider/%GROUP%_Mesh00083C000C010B5C",
      "position": "(0,7.1,-1.55)",
      "rotation": "(-0.696238041,0,0,0.717811)",
      "hash": "313615D71F397D540:313622DE29397F260",
      "properties": {
        "type": "Point",
        "intensity": 1.0,
        "range": 20.0,
        "colour": "#FFB24D",
        "corona": {
          "sprite": "corona_orange01.png",
          "scale": 0.75,
          "range": 100.0
        },
        "dutyCycle": "DuskTillDawn()"
      }
    },
    {
      "parent": "/Far__x12_z14/Far__x12_z14_LFS/Far_Roads/Flat_40x40/Collider/%GROUP%_Mesh000741000900ED07",
      "position": "(0,7.1,-1.55)",
      "rotation": "(-0.685227931,0,0,0.7283287)",
      "hash": "31173CD7233979550:31172CDE2D397B270",
      "properties": {
        "type": "Point",
        "intensity": 1.0,
        "range": 20.0,
        "colour": "#FFB24D",
        "corona": {
          "sprite": "corona_orange01.png",
          "scale": 0.75,
          "range": 100.0
        },
        "dutyCycle": "DuskTillDawn()"
      }
    },
    {
      "parent": "/Far__x12_z14/Far__x12_z14_LFS/Far_Roads/Flat_40x40/Collider/%GROUP%_Mesh000744000300CE49",
      "position": "(0,7.1,-1.55)",
      "rotation": "(-0.7071068,0,0,0.7071068)",
      "hash": "30F928D72839765A0:30F91BDE3239782C0",
      "properties": {
        "type": "Point",
        "intensity": 1.0,
        "range": 20.0,
        "colour": "#FFB24D",
        "corona": {
          "sprite": "corona_orange01.png",
          "scale": 0.75,
          "range": 100.0
        },
        "dutyCycle": "DuskTillDawn()"
      }
    },
    {
      "parent": "/Far__x12_z14/Far__x12_z14_LFS/Far_Roads/Flat_40x40/Collider/%GROUP%_Mesh0007370016016711",
      "position": "(0,7.1,-1.55)",
      "rotation": "(-0.7071068,0,0,0.7071068)",
      "hash": "31910CD71639854E0:319060DE203987200",
      "properties": {
        "type": "Point",
        "intensity": 1.0,
        "range": 20.0,
        "colour": "#FFB24D",
        "corona": {
          "sprite": "corona_orange01.png",
          "scale": 0.75,
          "range": 100.0
        },
        "dutyCycle": "DuskTillDawn()"
      }
    },
    {
      "parent": "/Far__x12_z14/Far__x12_z14_LFS/Far_Roads/Flat_40x40/Collider/%GROUP%_Mesh00074C000D014843",
      "position": "(0,7.1,-1.55)",
      "rotation": "(-0.696238041,0,0,0.717811)",
      "hash": "31724BD71F3982620:317238DE293984340",
      "properties": {
        "type": "Point",
        "intensity": 1.0,
        "range": 20.0,
        "colour": "#FFB24D",
        "corona": {
          "sprite": "corona_orange01.png",
          "scale": 0.75,
          "range": 100.0
        },
        "dutyCycle": "DuskTillDawn()"
      }
    },
    {
      "parent": "/Far__x12_z14/Far__x12_z14_LFS/Far_Roads/Flat_40x40/Collider/%GROUP%_Mesh00073F000D012A13",
      "position": "(0,7.1,-1.55)",
      "rotation": "(-0.7071068,0,0,0.7071068)",
      "hash": "31542AD71F397F550:31541FDE293981280",
      "properties": {
        "type": "Point",
        "intensity": 1.0,
        "range": 20.0,
        "colour": "#FFB24D",
        "corona": {
          "sprite": "corona_orange01.png",
          "scale": 0.75,
          "range": 100.0
        },
        "dutyCycle": "DuskTillDawn()"
      }
    },
    {
      "parent": "/Far__x12_z14/Far__x12_z14_LFS/Far_Roads/Flat_40x40/Collider/%GROUP%_Mesh001A39001601671D",
      "position": "(0,7.1,-1.55)",
      "rotation": "(-0.7071068,0,0,0.7071068)",
      "hash": "318F25D7163998480:318F37DE203997120",
      "properties": {
        "type": "Point",
        "intensity": 1.0,
        "range": 20.0,
        "colour": "#FFB24D",
        "corona": {
          "sprite": "corona_orange01.png",
          "scale": 0.75,
          "range": 100.0
        },
        "dutyCycle": "DuskTillDawn()"
      }
    },
    {
      "parent": "/Far__x12_z14/Far__x12_z14_LFS/Far_Roads/Flat_40x10 (6)/Collider/%GROUP%_Mesh000952000500095A",
      "position": "(0,7.1,1.55)",
      "hash": "305931D72739A4330:305924DE3139A6060",
      "properties": {
        "type": "Point",
        "intensity": 1.0,
        "range": 20.0,
        "colour": "#FFB24D",
        "corona": {
          "sprite": "corona_orange01.png",
          "scale": 0.75,
          "range": 100.0
        },
        "dutyCycle": "DuskTillDawn()"
      }
    },
    {
      "parent": "/Far__x12_z14/Far__x12_z14_LFS/Far_Roads/Flat_40x10 (6)/Collider/%GROUP%_Mesh000952000500095A",
      "position": "(0,7.1,-1.55)",
      "hash": "305931D72739A4330:30593FDE3139A2610",
      "properties": {
        "type": "Point",
        "intensity": 1.0,
        "range": 20.0,
        "colour": "#FFB24D",
        "corona": {
          "sprite": "corona_orange01.png",
          "scale": 0.75,
          "range": 100.0
        },
        "dutyCycle": "DuskTillDawn()"
      }
    },
    {
      "parent": "/Far__x12_z14/Far__x12_z14_LFS/Far_Roads/Flat_40x10 (6)/Collider/%GROUP%_Mesh00095C0005001D61",
      "position": "(0,7.1,1.55)",
      "hash": "304533D72739A23F0:304528DE3139A4120",
      "properties": {
        "type": "Point",
        "intensity": 1.0,
        "range": 20.0,
        "colour": "#FFB24D",
        "corona": {
          "sprite": "corona_orange01.png",
          "scale": 0.75,
          "range": 100.0
        },
        "dutyCycle": "DuskTillDawn()"
      }
    },
    {
      "parent": "/Far__x12_z14/Far__x12_z14_LFS/Far_Roads/Flat_40x10 (6)/Collider/%GROUP%_Mesh00095C0005001D61",
      "position": "(0,7.1,-1.55)",
      "hash": "304533D72739A23F0:30453EDE3139A1090",
      "properties": {
        "type": "Point",
        "intensity": 1.0,
        "range": 20.0,
        "colour": "#FFB24D",
        "corona": {
          "sprite": "corona_orange01.png",
          "scale": 0.75,
          "range": 100.0
        },
        "dutyCycle": "DuskTillDawn()"
      }
    },
    {
      "parent": "/Far__x12_z14/Far__x12_z14_LFS/Far_Roads/Flat_40x10 (5)/Collider/%GROUP%_Mesh0009600005000957",
      "position": "(0,7.1,1.55)",
      "hash": "303146D72739A0470:303139DE3139A21A0",
      "properties": {
        "type": "Point",
        "intensity": 1.0,
        "range": 20.0,
        "colour": "#FFB24D",
        "corona": {
          "sprite": "corona_orange01.png",
          "scale": 0.75,
          "range": 100.0
        },
        "dutyCycle": "DuskTillDawn()"
      }
    },
    {
      "parent": "/Far__x12_z14/Far__x12_z14_LFS/Far_Roads/Flat_40x10 (5)/Collider/%GROUP%_Mesh0009600005000957",
      "position": "(0,7.1,-1.55)",
      "hash": "303146D72739A0470:303153DE31399F110",
      "properties": {
        "type": "Point",
        "intensity": 1.0,
        "range": 20.0,
        "colour": "#FFB24D",
        "corona": {
          "sprite": "corona_orange01.png",
          "scale": 0.75,
          "range": 100.0
        },
        "dutyCycle": "DuskTillDawn()"
      }
    },
    {
      "parent": "/Far__x12_z14/Far__x12_z14_LFS/Far_Roads/Flat_40x40/Collider/%GROUP%_Mesh00200F0022018A17",
      "position": "(0,1.12,0)",
      "rotation": "(-0.7071068,0,0,0.7071068)",
      "hash": "31B13BD70A39A1470:31B13BD81639A1470",
      "properties": {
        "type": "Point",
        "intensity": 0.5,
        "range": 10.0,
        "colour": "#FFFFFF",
        "corona": null,
        "dutyCycle": "Always()"
      }
    },
    {
      "parent": "/Far__x12_z14/Far__x12_z14_LFS/Far_Roads/Flat_40x40/Collider/%GROUP%_Mesh0020160016017154",
      "position": "(0,1.12,0)",
      "rotation": "(-0.7071068,0,0,0.7071068)",
      "hash": "31991ED716399F260:31991ED822399F260",
      "properties": {
        "type": "Point",
        "intensity": 0.5,
        "range": 10.0,
        "colour": "#FFFFFF",
        "corona": null,
        "dutyCycle": "Always()"
      }
    },
    {
      "parent": "/Far__x12_z14/Far__x12_z14_LFS/Far_Roads/Flat_40x40/Collider/%GROUP%_Mesh0007570016017156",
      "position": "(0,1.12,0)",
      "rotation": "(-0.7071068,0,0,0.7071068)",
      "hash": "319B48D71639870F0:319B48D82239870F0",
      "properties": {
        "type": "Point",
        "intensity": 0.5,
        "range": 10.0,
        "colour": "#FFFFFF",
        "corona": null,
        "dutyCycle": "Always()"
      }
    },
    {
      "parent": "/Far__x12_z14/Far__x12_z14_LFS/Far_Roads/Flat_40x40/Collider/%GROUP%_Mesh0007560016018A09",
      "position": "(0,1.12,0)",
      "rotation": "(-0.7071068,0,0,0.7071068)",
      "hash": "31B353D7163989350:31B353D8223989350",
      "properties": {
        "type": "Point",
        "intensity": 0.5,
        "range": 10.0,
        "colour": "#FFFFFF",
        "corona": null,
        "dutyCycle": "Always()"
      }
    },
    {
      "parent": "/Far__x12_z14/Far__x12_z14_LFS/Far_Roads/Flat_40x10 (1)/Collider",
      "position": "(3.85636139,4.140013,-11.9289246)",
      "rotation": "(-0.7071067,0,0,0.7071068)",
      "hash": "319B05D72C398F190:31A637DB3A39941A0",
      "properties": {
        "type": "Point",
        "intensity": 0.2,
        "range": 20.0,
        "colour": "#FFE5B2",
        "corona": null,
        "dutyCycle": "DuskTillDawn()"
      }
    }
  ],
  "meshes": [
    {
      "parent": "/Far__x12_z14/Far__x12_z14_LFS/Far_Roads/Flat_40x40 (1)/Collider",
      "position": "(12.5304642,-0.050001137,39.82901)",
      "rotation": "(0,-0.0697564855,0,0.9975641)",
      "hash": "305417D72C395E530:302B25D7273967250",
      "properties": {
        "file": "meshes_lampposts.assetbundle",
        "mesh": "LampPostDouble_Floor"
      }
    },
    {
      "parent": "/Far__x12_z14/Far__x12_z14_LFS/Far_Roads/Flat_40x40/Collider",
      "position": "(17.7429276,-0.100142017,-57.43045)",
      "rotation": "(0,0.998134851,0,0.06104851)",
      "hash": "302C2BD72C395A590:306353D7223972140",
      "properties": {
        "file": "meshes_lampposts.assetbundle",
        "mesh": "LampPostSmall_Floor"
      }
    },
    {
      "parent": "/Far__x12_z14/Far__x12_z14_LFS/Far_Roads/Flat_40x40/Collider",
      "position": "(17.7921944,-0.100142285,-87.73201)",
      "rotation": "(0,0.9975641,0,0.06975651)",
      "hash": "302C2BD72C395A590:308162D7223975170",
      "properties": {
        "file": "meshes_lampposts.assetbundle",
        "mesh": "LampPostSmall_Floor"
      }
    },
    {
      "parent": "/Far__x12_z14/Far__x12_z14_LFS/Far_Roads/Flat_40x40/Collider",
      "position": "(17.7123337,-0.100142553,-117.851028)",
      "rotation": "(0,0.9975641,0,0.06975651)",
      "hash": "302C2BD72C395A590:309F60D72239780C0",
      "properties": {
        "file": "meshes_lampposts.assetbundle",
        "mesh": "LampPostSmall_Floor"
      }
    },
    {
      "parent": "/Far__x12_z14/Far__x12_z14_LFS/Far_Roads/Flat_40x40/Collider",
      "position": "(17.8444061,-0.100142822,-147.782)",
      "rotation": "(0,0.998134851,0,0.06104851)",
      "hash": "302C2BD72C395A590:30BD4AD722397B140",
      "properties": {
        "file": "meshes_lampposts.assetbundle",
        "mesh": "LampPostSmall_Floor"
      }
    },
    {
      "parent": "/Far__x12_z14/Far__x12_z14_LFS/Far_Roads/Flat_40x40/Collider",
      "position": "(7.54237,-0.0696255043,-176.191666)",
      "rotation": "(0,0.999048233,0,0.0436194576)",
      "hash": "302C2BD72C395A590:30DB02D72539734B0",
      "properties": {
        "file": "meshes_lampposts.assetbundle",
        "mesh": "LampPostSmall_Floor"
      }
    },
    {
      "parent": "/Far__x12_z14/Far__x12_z14_LFS/Far_Roads/Flat_40x40/Collider",
      "position": "(8.605915,-0.125885487,-267.927917)",
      "rotation": "(0,0.999048233,0,-0.0436194278)",
      "hash": "302C2BD72C395A590:313615D71F397D540",
      "properties": {
        "file": "meshes_lampposts.assetbundle",
        "mesh": "LampPostSmall_Floor"
      }
    },
    {
      "parent": "/Far__x12_z14/Far__x12_z14_LFS/Far_Roads/Flat_40x40/Collider",
      "position": "(7.65296936,-0.09144612,-237.0796)",
      "rotation": "(0,0.9986295,0,0.0523359738)",
      "hash": "302C2BD72C395A590:31173CD7233979550",
      "properties": {
        "file": "meshes_lampposts.assetbundle",
        "mesh": "LampPostSmall_Floor"
      }
    },
    {
      "parent": "/Far__x12_z14/Far__x12_z14_LFS/Far_Roads/Flat_40x40/Collider",
      "position": "(7.68663025,-0.0390929431,-206.733246)",
      "rotation": "(0,0.999048233,0,0.0436194576)",
      "hash": "302C2BD72C395A590:30F928D72839765A0",
      "properties": {
        "file": "meshes_lampposts.assetbundle",
        "mesh": "LampPostSmall_Floor"
      }
    },
    {
      "parent": "/Far__x12_z14/Far__x12_z14_LFS/Far_Roads/Flat_40x40/Collider",
      "position": "(7.553627,-0.222215027,-359.179016)",
      "rotation": "(0,0.9986295,0,0.0523359738)",
      "hash": "302C2BD72C395A590:31910CD71639854E0",
      "properties": {
        "file": "meshes_lampposts.assetbundle",
        "mesh": "LampPostSmall_Floor"
      }
    },
    {
      "parent": "/Far__x12_z14/Far__x12_z14_LFS/Far_Roads/Flat_40x40/Collider",
      "position": "(7.76155853,-0.130234778,-328.678162)",
      "rotation": "(0,0.998134851,0,0.06104851)",
      "hash": "302C2BD72C395A590:31724BD71F3982620",
      "properties": {
        "file": "meshes_lampposts.assetbundle",
        "mesh": "LampPostSmall_Floor"
      }
    },
    {
      "parent": "/Far__x12_z14/Far__x12_z14_LFS/Far_Roads/Flat_40x40/Collider",
      "position": "(7.63338852,-0.130661756,-298.192139)",
      "rotation": "(0,0.999390841,0,0.0348994955)",
      "hash": "302C2BD72C395A590:31542AD71F397F550",
      "properties": {
        "file": "meshes_lampposts.assetbundle",
        "mesh": "LampPostSmall_Floor"
      }
    },
    {
      "parent": "/Far__x12_z14/Far__x12_z14_LFS/Far_Roads/Flat_40x40/Collider",
      "position": "(26.5755959,-0.222215,-359.3)",
      "rotation": "(0,-0.0610485859,0,0.9981348)",
      "hash": "302C2BD72C395A590:318F25D7163998480",
      "properties": {
        "file": "meshes_lampposts.assetbundle",
        "mesh": "LampPostSmall_Floor"
      }
    },
    {
      "parent": "/Far__x12_z14/Far__x12_z14_LFS/Far_Roads/Flat_40x10 (6)/Collider",
      "position": "(9.829329,-0.0500015281,9.906189)",
      "rotation": "(0,-0.0436195359,0,0.999048233)",
      "hash": "306420D72C399B470:305931D72739A4330",
      "properties": {
        "file": "meshes_lampposts.assetbundle",
        "mesh": "LampPostDouble_Floor"
      }
    },
    {
      "parent": "/Far__x12_z14/Far__x12_z14_LFS/Far_Roads/Flat_40x10 (6)/Collider",
      "position": "(9.925142,-0.05000135,29.9728241)",
      "rotation": "(0,-0.03489945,0,0.999390841)",
      "hash": "306420D72C399B470:304533D72739A23F0",
      "properties": {
        "file": "meshes_lampposts.assetbundle",
        "mesh": "LampPostDouble_Floor"
      }
    },
    {
      "parent": "/Far__x12_z14/Far__x12_z14_LFS/Far_Roads/Flat_40x10 (5)/Collider",
      "position": "(9.966711,-0.0500011742,9.877991)",
      "rotation": "(0,-0.0436195359,0,0.999048233)",
      "hash": "303C33D72C39974D0:303146D72739A0470",
      "properties": {
        "file": "meshes_lampposts.assetbundle",
        "mesh": "LampPostDouble_Floor"
      }
    },
    {
      "parent": "/Far__x12_z14/Far__x12_z14_LFS/Far_Roads/Flat_40x40/Collider",
      "position": "(32.1500359,-0.344300866,-394.2395)",
      "rotation": "(0,0.927183867,0,-0.3746066)",
      "hash": "302C2BD72C395A590:31B13BD70A39A1470",
      "properties": {
        "file": "meshes_lampposts.assetbundle",
        "mesh": "IndustrialLamp_Floor"
      }
    },
    {
      "parent": "/Far__x12_z14/Far__x12_z14_LFS/Far_Roads/Flat_40x40/Collider",
      "position": "(32.2248,-0.222215086,-369.844116)",
      "rotation": "(0,0.9063078,0,0.42261827)",
      "hash": "302C2BD72C395A590:31991ED716399F260",
      "properties": {
        "file": "meshes_lampposts.assetbundle",
        "mesh": "IndustrialLamp_Floor"
      }
    },
    {
      "parent": "/Far__x12_z14/Far__x12_z14_LFS/Far_Roads/Flat_40x40/Collider",
      "position": "(7.870392,-0.222215131,-369.860748)",
      "rotation": "(0,0.342020154,0,0.9396927)",
      "hash": "302C2BD72C395A590:319B48D71639870F0",
      "properties": {
        "file": "meshes_lampposts.assetbundle",
        "mesh": "IndustrialLamp_Floor"
      }
    },
    {
      "parent": "/Far__x12_z14/Far__x12_z14_LFS/Far_Roads/Flat_40x40/Collider",
      "position": "(7.868931,-0.22221534,-394.0907)",
      "rotation": "(0,-0.374606729,0,0.9271838)",
      "hash": "302C2BD72C395A590:31B353D7163989350",
      "properties": {
        "file": "meshes_lampposts.assetbundle",
        "mesh": "IndustrialLamp_Floor"
      }
    }
  ],
  "decorations": []
}