{
  "version": 92,
  "enabled": true,
  "priority": "Low",
  "lights": [
    {
      "parent": "/Far__x1_z13/Far__x1_z13_LFS/Far_IndustryBuildings/Warehouse_MediumSlant/collider",
      "position": "(18.596199,7.177063,-2.99238586)",
      "rotation": "(-0.2638822,0.7064843,-0.569178045,-0.32754007)",
      "hash": "084028833B3487590:08301C8A4C347E100",
      "properties": {
        "type": "Point",
        "intensity": 1.0,
        "range": 20.0,
        "colour": "#FFB24D",
        "corona": {
          "sprite": "corona_orange01.png",
          "scale": 0.75,
          "range": 100.0
        },
        "dutyCycle": "DuskTillDawn()"
      }
    },
    {
      "parent": "/Far__x1_z13/Far__x1_z13_LFS/Far_IndustryBuildings/Warehouse_MediumSlant/collider",
      "position": "(18.5653534,7.170395,3.00548553)",
      "rotation": "(-0.2638822,0.7064843,-0.569178045,-0.32754007)",
      "hash": "084028833B3487590:0834128A4C34793C0",
      "properties": {
        "type": "Point",
        "intensity": 1.0,
        "range": 20.0,
        "colour": "#FFB24D",
        "corona": {
          "sprite": "corona_orange01.png",
          "scale": 0.75,
          "range": 100.0
        },
        "dutyCycle": "DuskTillDawn()"
      }
    },
    {
      "parent": "/Far__x1_z13/Far__x1_z13_LFS/Far_IndustryBuildings/Warehouse_MediumSlant/collider/%GROUP%_Mesh0013130448000200",
      "position": "(0,0.285,-0.04)",
      "rotation": "(0,0.420614183,0,0.9072396)",
      "hash": "085024881F34924C0:085039881B34925F0",
      "properties": {
        "type": "Point",
        "intensity": 0.5,
        "range": 10.0,
        "colour": "#FFFFFF",
        "corona": {
          "sprite": "corona_flare02.png",
          "scale": 0.87,
          "range": 100.0
        },
        "dutyCycle": "DuskTillDawn()"
      }
    },
    {
      "parent": "/Far__x1_z13/Far__x1_z13_LFS/Far_IndustryBuildings/Industry_Iron/collider",
      "position": "(12.598259,7.177475,15.9909821)",
      "rotation": "(0.569178045,0.32754007,-0.26388216,0.7064843)",
      "hash": "085C5B833B343C2C0:085C138A4C34504E0",
      "properties": {
        "type": "Point",
        "intensity": 1.0,
        "range": 20.0,
        "colour": "#FFB24D",
        "corona": {
          "sprite": "corona_orange01.png",
          "scale": 0.75,
          "range": 100.0
        },
        "dutyCycle": "DuskTillDawn()"
      }
    },
    {
      "parent": "/Far__x1_z13/Far__x1_z13_LFS/Far_IndustryBuildings/Industry_Iron/collider",
      "position": "(13.01004,5.371277,-3.60878)",
      "rotation": "(0.5715874,-0.27298975,0.209472567,0.7449066)",
      "hash": "085C5B833B343C2C0:08691188603442090",
      "properties": {
        "type": "Point",
        "intensity": 1.0,
        "range": 20.0,
        "colour": "#DDEEFF",
        "corona": {
          "sprite": "corona_flare02.png",
          "scale": 1.0,
          "range": 100.0
        },
        "dutyCycle": "DuskTillDawn()"
      }
    },
    {
      "parent": "/Far__x1_z13/Far__x1_z13_LFS/Far_IndustryBuildings/Industry_Iron/collider/%GROUP%_Mesh00083F0727000C14",
      "position": "(0,1.5,0.7)",
      "hash": "086B268A623438460:086C238B443437380",
      "properties": {
        "type": "Point",
        "intensity": 1.0,
        "range": 20.0,
        "colour": "#FFB24D",
        "corona": {
          "sprite": "corona_orange01.png",
          "scale": 0.75,
          "range": 100.0
        },
        "dutyCycle": "DuskTillDawn()"
      }
    },
    {
      "parent": "/Far__x1_z13/Far__x1_z13_LFS/Far_IndustryBuildings/Industry_Iron/collider",
      "position": "(-4.5949173,12.3750763,-18.0157623)",
      "rotation": "(0.5522869,0.3336976,-0.256051123,0.719765842)",
      "hash": "085C5B833B343C2C0:0865048F60342B480",
      "properties": {
        "type": "Point",
        "intensity": 1.0,
        "range": 20.0,
        "colour": "#DDEEFF",
        "corona": {
          "sprite": "corona_flare02.png",
          "scale": 1.0,
          "range": 100.0
        },
        "dutyCycle": "DuskTillDawn()"
      }
    },
    {
      "parent": "/Far__x1_z13/Far__x1_z13_LFS/Far_IndustryBuildings/Industry_Iron/collider",
      "position": "(12.4935455,16.1547241,-0.9872589)",
      "rotation": "(0.569178462,0.32753998,-0.2638824,0.706484)",
      "hash": "085C5B833B343C2C0:086708934A34434C0",
      "properties": {
        "type": "Point",
        "intensity": 1.0,
        "range": 20.0,
        "colour": "#FFB24D",
        "corona": {
          "sprite": "corona_orange01.png",
          "scale": 0.75,
          "range": 100.0
        },
        "dutyCycle": "DuskTillDawn()"
      }
    },
    {
      "parent": "/Far__x1_z13/Far__x1_z13_LFS/Far_IndustryBuildings/Industry_Iron/collider",
      "position": "(-20.5188942,9.189072,-17.6670685)",
      "rotation": "(0.217527628,0.728624046,-0.5916235,0.267899871)",
      "hash": "085C5B833B343C2C0:0858428C4D3421460",
      "properties": {
        "type": "Point",
        "intensity": 1.0,
        "range": 20.0,
        "colour": "#FFB24D",
        "corona": {
          "sprite": "corona_orange01.png",
          "scale": 0.75,
          "range": 100.0
        },
        "dutyCycle": "DuskTillDawn()"
      }
    },
    {
      "parent": "/Far__x1_z13/Far__x1_z13_LFS/Far_IndustryBuildings/Industry_Iron/collider",
      "position": "(-25.497036,9.168793,-17.5699463)",
      "rotation": "(0.217545867,0.7286157,-0.591617,0.2679222)",
      "hash": "085C5B833B343C2C0:0854508C4B341E370",
      "properties": {
        "type": "Point",
        "intensity": 1.0,
        "range": 20.0,
        "colour": "#FFB24D",
        "corona": {
          "sprite": "corona_orange01.png",
          "scale": 0.75,
          "range": 100.0
        },
        "dutyCycle": "DuskTillDawn()"
      }
    },
    {
      "parent": "/Far__x1_z13/Far__x1_z13_LFS/Far_IndustryBuildings/Industry_Iron/collider",
      "position": "(-30.5069771,9.184799,-17.6467743)",
      "rotation": "(0.217527628,0.728624046,-0.5916235,0.267899871)",
      "hash": "085C5B833B343C2C0:0851038C4D341B1A0",
      "properties": {
        "type": "Point",
        "intensity": 1.0,
        "range": 20.0,
        "colour": "#FFB24D",
        "corona": {
          "sprite": "corona_orange01.png",
          "scale": 0.75,
          "range": 100.0
        },
        "dutyCycle": "DuskTillDawn()"
      }
    },
    {
      "parent": "/Far__x1_z13/Far__x1_z13_LFS/Far_IndustryBuildings/Industry_Iron/collider",
      "position": "(-18.6014214,7.178253,-11.9803467)",
      "rotation": "(-0.2638822,0.7064843,-0.569178045,-0.32754007)",
      "hash": "085C5B833B343C2C0:08562D8A4C34271C0",
      "properties": {
        "type": "Point",
        "intensity": 1.0,
        "range": 20.0,
        "colour": "#FFB24D",
        "corona": {
          "sprite": "corona_orange01.png",
          "scale": 0.75,
          "range": 100.0
        },
        "dutyCycle": "DuskTillDawn()"
      }
    },
    {
      "parent": "/Far__x1_z13/Far__x1_z13_LFS/Far_IndustryBuildings/Industry_Iron/collider",
      "position": "(-18.573761,7.17225647,-3.9834137)",
      "rotation": "(-0.26388216,0.7064843,-0.569178045,-0.32754007)",
      "hash": "085C5B833B343C2C0:08511F8A4C342D280",
      "properties": {
        "type": "Point",
        "intensity": 1.0,
        "range": 20.0,
        "colour": "#FFB24D",
        "corona": {
          "sprite": "corona_orange01.png",
          "scale": 0.75,
          "range": 100.0
        },
        "dutyCycle": "DuskTillDawn()"
      }
    },
    {
      "parent": "/Far__x1_z13/Far__x1_z13_LFS/Far_IndustryBuildings/Industry_Iron/collider",
      "position": "(-20.4887962,9.175735,1.603363)",
      "rotation": "(0.591673434,-0.267908,0.217569262,0.728568137)",
      "hash": "085C5B833B343C2C0:084C178C4C34302A0",
      "properties": {
        "type": "Point",
        "intensity": 1.0,
        "range": 20.0,
        "colour": "#FFB24D",
        "corona": {
          "sprite": "corona_orange01.png",
          "scale": 0.75,
          "range": 100.0
        },
        "dutyCycle": "DuskTillDawn()"
      }
    },
    {
      "parent": "/Far__x1_z13/Far__x1_z13_LFS/Far_IndustryBuildings/Industry_Iron/collider",
      "position": "(-25.53371,9.155701,1.50750732)",
      "rotation": "(0.591931343,-0.266839,0.216660783,0.7290215)",
      "hash": "085C5B833B343C2C0:08482D8C4A342D090",
      "properties": {
        "type": "Point",
        "intensity": 1.0,
        "range": 20.0,
        "colour": "#FFB24D",
        "corona": {
          "sprite": "corona_orange01.png",
          "scale": 0.75,
          "range": 100.0
        },
        "dutyCycle": "DuskTillDawn()"
      }
    },
    {
      "parent": "/Far__x1_z13/Far__x1_z13_LFS/Far_IndustryBuildings/Industry_Iron/collider",
      "position": "(-30.4986572,9.177689,1.61268616)",
      "rotation": "(0.591673434,-0.267908,0.217569262,0.728568137)",
      "hash": "085C5B833B343C2C0:08443B8C4C3429600",
      "properties": {
        "type": "Point",
        "intensity": 1.0,
        "range": 20.0,
        "colour": "#FFB24D",
        "corona": {
          "sprite": "corona_orange01.png",
          "scale": 0.75,
          "range": 100.0
        },
        "dutyCycle": "DuskTillDawn()"
      }
    },
    {
      "parent": "/Far__x1_z13/Far__x1_z13_LFS/Far_IndustryBuildings/Industry_Iron/collider",
      "position": "(-6.534321,7.163574,16.0172958)",
      "rotation": "(-0.2638822,0.7064843,-0.569178045,-0.32754007)",
      "hash": "085C5B833B343C2C0:084D398A4B34442C0",
      "properties": {
        "type": "Point",
        "intensity": 1.0,
        "range": 20.0,
        "colour": "#FFB24D",
        "corona": {
          "sprite": "corona_orange01.png",
          "scale": 0.75,
          "range": 100.0
        },
        "dutyCycle": "DuskTillDawn()"
      }
    },
    {
      "parent": "/Far__x1_z13/Far__x1_z13_LFS/Far_IndustryBuildings/FakeOffice_7/collider/%GROUP%_Mesh00050A0433000400",
      "position": "(0,0.285,-0.04)",
      "hash": "08823E8813341A480:088250880F341A320",
      "properties": {
        "type": "Point",
        "intensity": 0.5,
        "range": 10.0,
        "colour": "#FFFFFF",
        "corona": {
          "sprite": "corona_flare02.png",
          "scale": 0.87,
          "range": 100.0
        },
        "dutyCycle": "DuskTillDawn()"
      }
    },
    {
      "parent": "/Far__x1_z13/Far__x1_z13_LFS/Far_IndustryBuildings/Warehouse_SmallFlat/collider",
      "position": "(18.53287,7.163254,-0.982023239)",
      "rotation": "(0.215876728,0.731165648,-0.5890626,0.267953962)",
      "hash": "082B25833B33F93C0:08363B8A4B33EA520",
      "properties": {
        "type": "Point",
        "intensity": 1.0,
        "range": 20.0,
        "colour": "#FFB24D",
        "corona": {
          "sprite": "corona_orange01.png",
          "scale": 0.75,
          "range": 100.0
        },
        "dutyCycle": "DuskTillDawn()"
      }
    },
    {
      "parent": "/Far__x1_z13/Far__x1_z13_LFS/Far_IndustryBuildings/Warehouse_SmallFlat/collider/%GROUP%_Mesh000C60043B000214",
      "position": "(0,0.285,-0.04)",
      "rotation": "(0,0.4206143,0,0.907239556)",
      "hash": "082443881234045B0:082458880E34050A0",
      "properties": {
        "type": "Point",
        "intensity": 0.5,
        "range": 10.0,
        "colour": "#FFFFFF",
        "corona": {
          "sprite": "corona_flare02.png",
          "scale": 0.87,
          "range": 100.0
        },
        "dutyCycle": "DuskTillDawn()"
      }
    },
    {
      "parent": "/Far__x1_z13/Far__x1_z13_LFS/Far_IndustryBuildings/Utility_Medium/collider",
      "position": "(5.509098,8.158203,-7.99412537)",
      "rotation": "(0.569178045,0.32754007,-0.26388216,0.7064843)",
      "hash": "08061E833B34221C0:080F438B4A341F4A0",
      "properties": {
        "type": "Point",
        "intensity": 1.0,
        "range": 20.0,
        "colour": "#FFB24D",
        "corona": {
          "sprite": "corona_orange01.png",
          "scale": 0.75,
          "range": 100.0
        },
        "dutyCycle": "DuskTillDawn()"
      }
    },
    {
      "parent": "/Far__x1_z13/Far__x1_z13_LFS/Far_IndustryBuildings/Utility_Tiny2/collider/%GROUP%_Mesh000000042F00020A",
      "position": "(0,0.285,-0.04)",
      "hash": "07F944880634342B0:07F95A880234343E0",
      "properties": {
        "type": "Point",
        "intensity": 0.5,
        "range": 10.0,
        "colour": "#FFFFFF",
        "corona": {
          "sprite": "corona_flare02.png",
          "scale": 0.87,
          "range": 100.0
        },
        "dutyCycle": "DuskTillDawn()"
      }
    },
    {
      "parent": "/Far__x1_z13/Far__x1_z13_LFS/Far_Roads/Road_30x8 (2)/Collider/%GROUP%_Mesh0007190251000731",
      "position": "(0,0.285,-0.04)",
      "rotation": "(0,0.938421249,0,0.3454932)",
      "hash": "07E41A8832345C1C0:07E42D882E345C060",
      "properties": {
        "type": "Point",
        "intensity": 0.5,
        "range": 10.0,
        "colour": "#FFFFFF",
        "corona": {
          "sprite": "corona_flare02.png",
          "scale": 0.87,
          "range": 100.0
        },
        "dutyCycle": "DuskTillDawn()"
      }
    },
    {
      "parent": "/Far__x1_z13/Far__x1_z13_LFS/Far_Roads/Road_30x8 (2)/Collider/%GROUP%_Mesh00065A0262000055",
      "position": "(0,0.285,-0.04)",
      "rotation": "(0,0.9384231,0,0.34548822)",
      "hash": "07DE0B884334563D0:07DE1E883F3456270",
      "properties": {
        "type": "Point",
        "intensity": 0.5,
        "range": 10.0,
        "colour": "#FFFFFF",
        "corona": {
          "sprite": "corona_flare02.png",
          "scale": 0.87,
          "range": 100.0
        },
        "dutyCycle": "DuskTillDawn()"
      }
    },
    {
      "parent": "/Far__x1_z13/Far__x1_z13_LFS/Far_IndustryBuildings/Industry_Iron/collider/%GROUP%_Mesh003F140526000763",
      "position": "(0,0.285,-0.04)",
      "rotation": "(0,0.420614183,0,0.9072396)",
      "hash": "08921F8861345F110:089235885D345F240",
      "properties": {
        "type": "Point",
        "intensity": 0.5,
        "range": 10.0,
        "colour": "#FFFFFF",
        "corona": {
          "sprite": "corona_flare02.png",
          "scale": 0.87,
          "range": 100.0
        },
        "dutyCycle": "DuskTillDawn()"
      }
    },
    {
      "parent": "/Far__x1_z13/Far__x1_z13_LFS/Far_IndustryBuildings/Industry_Iron/collider",
      "position": "(-12.5756531,10.1726074,-41.0036774)",
      "rotation": "(-0.263882369,0.706484,-0.569178462,-0.327539921)",
      "hash": "085C5B833B343C2C0:086D508D4C3415020",
      "properties": {
        "type": "Point",
        "intensity": 1.0,
        "range": 20.0,
        "colour": "#FFB24D",
        "corona": {
          "sprite": "corona_orange01.png",
          "scale": 0.75,
          "range": 100.0
        },
        "dutyCycle": "DuskTillDawn()"
      }
    },
    {
      "parent": "/Far__x1_z13/Far__x1_z13_LFS/Far_IndustryBuildings/Industry_Iron/collider",
      "position": "(-12.5854874,10.1747742,-34.9813843)",
      "rotation": "(-0.263882369,0.706484,-0.569178462,-0.327539921)",
      "hash": "085C5B833B343C2C0:08695B8D4C34193D0",
      "properties": {
        "type": "Point",
        "intensity": 1.0,
        "range": 20.0,
        "colour": "#FFB24D",
        "corona": {
          "sprite": "corona_orange01.png",
          "scale": 0.75,
          "range": 100.0
        },
        "dutyCycle": "DuskTillDawn()"
      }
    },
    {
      "parent": "/Far__x1_z13/Far__x1_z13_LFS/Far_SilosCranes/Storage_Shed/collider/%GROUP%_Mesh00040E074D000B62",
      "position": "(0,1.5,0.7)",
      "hash": "08D43F8D1F33BB120:08D3318E0133BA150",
      "properties": {
        "type": "Point",
        "intensity": 1.0,
        "range": 20.0,
        "colour": "#FFB24D",
        "corona": {
          "sprite": "corona_orange01.png",
          "scale": 0.75,
          "range": 100.0
        },
        "dutyCycle": "DuskTillDawn()"
      }
    },
    {
      "parent": "/Far__x1_z13/Far__x1_z13_LFS/Far_SilosCranes/Storage_Shed/collider/%GROUP%_Mesh00040E0750000401",
      "position": "(0,1.5,0.7)",
      "rotation": "(0,0.9072396,0,-0.4206142)",
      "hash": "08D94E8D2233B50A0:08D8408E0433B40D0",
      "properties": {
        "type": "Point",
        "intensity": 1.0,
        "range": 20.0,
        "colour": "#FFB24D",
        "corona": {
          "sprite": "corona_orange01.png",
          "scale": 0.75,
          "range": 100.0
        },
        "dutyCycle": "DuskTillDawn()"
      }
    },
    {
      "parent": "/Far__x1_z13/Far__x1_z13_LFS/Far_SilosCranes/Storage_Shed/collider/%GROUP%_Mesh00040E0757000363",
      "position": "(0,1.5,0.7)",
      "hash": "08DE608D2933AE620:08DD518E0B33AE010",
      "properties": {
        "type": "Point",
        "intensity": 1.0,
        "range": 20.0,
        "colour": "#FFB24D",
        "corona": {
          "sprite": "corona_orange01.png",
          "scale": 0.75,
          "range": 100.0
        },
        "dutyCycle": "DuskTillDawn()"
      }
    },
    {
      "parent": "/Far__x1_z13/Far__x1_z13_LFS/Far_SilosCranes/Storage_Shed/collider/%GROUP%_Mesh00040E0759000B61",
      "position": "(0,1.5,0.7)",
      "hash": "08E40C8D2B33A8590:08E2618E0D33A75C0",
      "properties": {
        "type": "Point",
        "intensity": 1.0,
        "range": 20.0,
        "colour": "#FFB24D",
        "corona": {
          "sprite": "corona_orange01.png",
          "scale": 0.75,
          "range": 100.0
        },
        "dutyCycle": "DuskTillDawn()"
      }
    },
    {
      "parent": "/Far__x1_z13/Far__x1_z13_LFS/Far_Roads/Road_Turn_4 (1)/Collider",
      "position": "(-34.0847778,2.111084,-29.8554611)",
      "rotation": "(0.7071068,0,0,0.7071068)",
      "hash": "08E321854533593A0:08B634875033601E0",
      "properties": {
        "type": "Point",
        "intensity": 0.4,
        "range": 20.0,
        "colour": "#DDEEFF",
        "corona": {
          "sprite": "corona_flare03.png",
          "scale": 0.5,
          "range": 100.0
        },
        "dutyCycle": "DuskTillDawn()"
      }
    },
    {
      "parent": "/Far__x1_z13/Far__x1_z13_LFS/Far_IndustryBuildings/Utility_Medium/collider",
      "position": "(-6.012203,11.3581848,-4.24196625)",
      "rotation": "(0.209472179,0.744907439,-0.5715862,0.272990078)",
      "hash": "08061E833B34221C0:08042D8E5E341B100",
      "properties": {
        "type": "Point",
        "intensity": 1.0,
        "range": 20.0,
        "colour": "#DDEEFF",
        "corona": {
          "sprite": "corona_flare02.png",
          "scale": 1.0,
          "range": 100.0
        },
        "dutyCycle": "DuskTillDawn()"
      }
    }
  ],
  "meshes": [
    {
      "parent": "/Far__x1_z13/Far__x1_z13_LFS/Far_IndustryBuildings/Warehouse_MediumSlant/collider",
      "position": "(-19.1999588,4.72195435,2.00791931)",
      "rotation": "(0.297419161,0.641515255,0.6415153,-0.297419161)",
      "hash": "084028833B3487590:085024881F34924C0",
      "properties": {
        "file": "meshes_lampposts.assetbundle",
        "mesh": "FloodLight_Wall"
      }
    },
    {
      "parent": "/Far__x1_z13/Far__x1_z13_LFS/Far_IndustryBuildings/Industry_Iron/collider",
      "position": "(8.630905,7.390274,-12.2003784)",
      "rotation": "(-0.6639269,-0.2433127,-0.2433127,0.6639269)",
      "hash": "085C5B833B343C2C0:086B268A623438460",
      "properties": {
        "file": "meshes_lampposts.assetbundle",
        "mesh": "LampPostSmall_Wall"
      }
    },
    {
      "parent": "/Far__x1_z13/Far__x1_z13_LFS/Far_IndustryBuildings/FakeOffice_7/collider",
      "position": "(5.1003,4.51351547,-4.00848341)",
      "rotation": "(-0.663926244,-0.24331452,-0.24331452,0.6639263)",
      "hash": "08822683443421140:08823E8813341A480",
      "properties": {
        "file": "meshes_lampposts.assetbundle",
        "mesh": "FloodLight_Wall"
      }
    },
    {
      "parent": "/Far__x1_z13/Far__x1_z13_LFS/Far_IndustryBuildings/Warehouse_SmallFlat/collider",
      "position": "(-12.9657,4.59048462,2.20002937)",
      "rotation": "(0.29741922,0.641515255,0.641515255,-0.29741922)",
      "hash": "082B25833B33F93C0:082443881234045B0",
      "properties": {
        "file": "meshes_lampposts.assetbundle",
        "mesh": "FloodLight_Wall"
      }
    },
    {
      "parent": "/Far__x1_z13/Far__x1_z13_LFS/Far_IndustryBuildings/Utility_Tiny2/collider",
      "position": "(-0.004509211,4.479065,2.10062051)",
      "rotation": "(0.29741618,0.6415167,0.6415167,-0.29741618)",
      "hash": "07F808833B3433070:07F944880634342B0",
      "properties": {
        "file": "meshes_lampposts.assetbundle",
        "mesh": "FloodLight_Wall"
      }
    },
    {
      "parent": "/Far__x1_z13/Far__x1_z13_LFS/Far_Roads/Road_30x8 (2)/Collider",
      "position": "(7.259551,2.815445,-7.49969339)",
      "rotation": "(-0.663564,-0.2443006,-0.2443006,0.663564)",
      "hash": "07E31785453451590:07E41A8832345C1C0",
      "properties": {
        "file": "meshes_lampposts.assetbundle",
        "mesh": "FloodLight_Wall"
      }
    },
    {
      "parent": "/Far__x1_z13/Far__x1_z13_LFS/Far_Roads/Road_30x8 (2)/Collider",
      "position": "(6.903608,2.98091125,0.85609436)",
      "rotation": "(-0.6635653,-0.244297057,-0.244297057,0.663565338)",
      "hash": "07E31785453451590:07DE0B884334563D0",
      "properties": {
        "file": "meshes_lampposts.assetbundle",
        "mesh": "FloodLight_Wall"
      }
    },
    {
      "parent": "/Far__x1_z13/Far__x1_z13_LFS/Far_IndustryBuildings/Industry_Iron/collider",
      "position": "(63.2002869,5.382538,-7.999817)",
      "rotation": "(0.297419161,0.641515255,0.6415153,-0.297419161)",
      "hash": "085C5B833B343C2C0:08921F8861345F110",
      "properties": {
        "file": "meshes_lampposts.assetbundle",
        "mesh": "FloodLight_Wall"
      }
    },
    {
      "parent": "/Far__x1_z13/Far__x1_z13_LFS/Far_SilosCranes/Storage_Shed/collider",
      "position": "(-4.14962,7.77946472,11.9870605)",
      "rotation": "(-0.641514659,0.2974205,0.2974205,0.641514659)",
      "hash": "08DF36853633B4470:08D43F8D1F33BB120",
      "properties": {
        "file": "meshes_lampposts.assetbundle",
        "mesh": "LampPostSmall_Wall"
      }
    },
    {
      "parent": "/Far__x1_z13/Far__x1_z13_LFS/Far_SilosCranes/Storage_Shed/collider",
      "position": "(-4.14962,7.80693054,4.0178833)",
      "rotation": "(-0.6415153,0.2974192,0.2974192,0.641515255)",
      "hash": "08DF36853633B4470:08D94E8D2233B50A0",
      "properties": {
        "file": "meshes_lampposts.assetbundle",
        "mesh": "LampPostSmall_Wall"
      }
    },
    {
      "parent": "/Far__x1_z13/Far__x1_z13_LFS/Far_SilosCranes/Storage_Shed/collider",
      "position": "(-4.14984131,7.870117,-3.99456787)",
      "rotation": "(-0.641514659,0.297420472,0.297420472,0.641514659)",
      "hash": "08DF36853633B4470:08DE608D2933AE620",
      "properties": {
        "file": "meshes_lampposts.assetbundle",
        "mesh": "LampPostSmall_Wall"
      }
    },
    {
      "parent": "/Far__x1_z13/Far__x1_z13_LFS/Far_SilosCranes/Storage_Shed/collider",
      "position": "(-4.149948,7.89390564,-11.9790039)",
      "rotation": "(-0.6415153,0.297419161,0.297419161,0.641515255)",
      "hash": "08DF36853633B4470:08E40C8D2B33A8590",
      "properties": {
        "file": "meshes_lampposts.assetbundle",
        "mesh": "LampPostSmall_Wall"
      }
    }
  ],
  "decorations": []
}