{
  "version": 92,
  "enabled": true,
  "lights": [
    {
      "parent": "/Far__x1_z13/Far__x1_z13_LFS/Far_IndustryBuildings/FakeOffice_3/collider",
      "position": "(-3.98253632,3.16346383,-3.97644043)",
      "hash": "085B5E834433C14D0:085C29865433C7260",
      "properties": {
        "type": "Point",
        "intensity": 0.7,
        "range": 10.0,
        "colour": "#FFE5B2",
        "corona": null,
        "dutyCycle": "DuskTillDawn()"
      }
    },
    {
      "parent": "/Far__x1_z13/Far__x1_z13_LFS/Far_IndustryBuildings/FakeOffice_3/collider",
      "position": "(-3.9078598,3.13575387,-2.06785583)",
      "hash": "085B5E834433C14D0:085D3B865133C5570",
      "properties": {
        "type": "Point",
        "intensity": 0.7,
        "range": 10.0,
        "colour": "#FFE5B2",
        "corona": null,
        "dutyCycle": "DuskTillDawn()"
      }
    },
    {
      "parent": "/Far__x1_z13/Far__x1_z13_LFS/Far_Props/GarbageBag2/Collider",
      "position": "(-2.15924,1.18212521,4.19156837)",
      "hash": "086140853F33BE140:086014865133C2450",
      "properties": {
        "type": "Point",
        "intensity": 0.7,
        "range": 10.0,
        "colour": "#FFE5B2",
        "corona": null,
        "dutyCycle": "DuskTillDawn()"
      }
    },
    {
      "parent": "/Far__x1_z13/Far__x1_z13_LFS/Far_Props/GarbageBag2/Collider",
      "position": "(-0.603109837,1.2013818,2.94901514)",
      "hash": "086140853F33BE140:086135865333C1150",
      "properties": {
        "type": "Point",
        "intensity": 0.7,
        "range": 10.0,
        "colour": "#FFE5B2",
        "corona": null,
        "dutyCycle": "DuskTillDawn()"
      }
    },
    {
      "parent": "/Far__x1_z13/Far__x1_z13_LFS/Far_Props/BarrelWhite2_bump/Collider",
      "position": "(-2.606554,1.38561642,-3.614157)",
      "rotation": "(-0.7071068,0,0,0.7071068)",
      "hash": "086119853F33BD4B0:085E09870133BA3E0",
      "properties": {
        "type": "Point",
        "intensity": 0.7,
        "range": 10.0,
        "colour": "#FFE5B2",
        "corona": null,
        "dutyCycle": "DuskTillDawn()"
      }
    },
    {
      "parent": "/Far__x1_z13/Far__x1_z13_LFS/Far_IndustryBuildings/FakeOffice_7/collider",
      "position": "(-4.12406969,3.31469369,0.0388760567)",
      "rotation": "(-0.7071068,0,0,0.7071068)",
      "hash": "08822683443421140:087F4A86633424250",
      "properties": {
        "type": "Point",
        "intensity": 0.7,
        "range": 10.0,
        "colour": "#FFE5B2",
        "corona": null,
        "dutyCycle": "DuskTillDawn()"
      }
    },
    {
      "parent": "/Far__x1_z13/Far__x1_z13_LFS/Far_IndustryBuildings/FakeOffice_7/collider",
      "position": "(-3.80946732,3.33059335,4.04820633)",
      "rotation": "(-0.7071068,0,0,0.7071068)",
      "hash": "08822683443421140:08830187013426490",
      "properties": {
        "type": "Point",
        "intensity": 0.7,
        "range": 10.0,
        "colour": "#FFE5B2",
        "corona": null,
        "dutyCycle": "DuskTillDawn()"
      }
    },
    {
      "parent": "/Far__x1_z13/Far__x1_z13_LFS/Far_IndustryBuildings/FakeOffice_7/collider",
      "position": "(3.03558922,3.30703378,7.02771759)",
      "rotation": "(-0.7071068,0,0,0.7071068)",
      "hash": "08822683443421140:088946866234232B0",
      "properties": {
        "type": "Point",
        "intensity": 0.7,
        "range": 10.0,
        "colour": "#FFE5B2",
        "corona": null,
        "dutyCycle": "DuskTillDawn()"
      }
    }
  ],
  "meshes": [],
  "decorations": [
    {
      "parent": "/Far__x1_z13/Far__x1_z13_LFS/Far_IndustryBuildings/Industry_Iron",
      "hash": "085C5B833B343C2C0:085C5B833B343C2C0",
      "id": "WINDOWS_1:LIT",
      "properties": {
        "file": "meshes_decoration_lights.assetbundle",
        "mesh": "Industry_Iron_Windows1",
        "assignMaterials": {
          "hideSourcePrefab": true,
          "assignments": []
        }
      },
      "dutyCycle": "DuskTillDawn()"
    },
    {
      "parent": "/Far__x1_z13/Far__x1_z13_LFS/Far_IndustryBuildings/Industry_Iron",
      "hash": "085C5B833B343C2C0:085C5B833B343C2C0",
      "id": "WINDOWS_3:LIT",
      "properties": {
        "file": "meshes_decoration_lights.assetbundle",
        "mesh": "Industry_Iron_Windows3",
        "assignMaterials": {
          "hideSourcePrefab": true,
          "assignments": []
        }
      },
      "dutyCycle": "DuskTillDawn()"
    },
    {
      "parent": "/Far__x1_z13/Far__x1_z13_LFS/Far_IndustryBuildings/Industry_Iron",
      "hash": "085C5B833B343C2C0:085C5B833B343C2C0",
      "id": "WINDOWS_5:LIT",
      "properties": {
        "file": "meshes_decoration_lights.assetbundle",
        "mesh": "Industry_Iron_Windows5",
        "assignMaterials": {
          "hideSourcePrefab": true,
          "assignments": []
        }
      },
      "dutyCycle": "DuskTillDawn()"
    },
    {
      "parent": "/Far__x1_z13/Far__x1_z13_LFS/Far_IndustryBuildings/Industry_Iron",
      "hash": "085C5B833B343C2C0:085C5B833B343C2C0",
      "id": "WINDOWS_4:LIT",
      "properties": {
        "file": "meshes_decoration_lights.assetbundle",
        "mesh": "Industry_Iron_Windows4",
        "assignMaterials": {
          "hideSourcePrefab": true,
          "assignments": []
        }
      },
      "dutyCycle": "DuskTillDawn()"
    },
    {
      "parent": "/Far__x1_z13/Far__x1_z13_LFS/Far_IndustryBuildings/Utility_Medium",
      "hash": "08061E833B34221C0:08061E833B34221C0",
      "id": "WINDOWS_1:LIT",
      "properties": {
        "file": "meshes_decoration_lights.assetbundle",
        "mesh": "Utility_Medium_Windows1",
        "assignMaterials": {
          "hideSourcePrefab": true,
          "assignments": []
        }
      },
      "dutyCycle": "DuskTillDawn()"
    },
    {
      "parent": "/Far__x1_z13/Far__x1_z13_LFS/Far_IndustryBuildings/Utility_Medium",
      "hash": "08061E833B34221C0:08061E833B34221C0",
      "id": "WINDOWS_3:LIT",
      "properties": {
        "file": "meshes_decoration_lights.assetbundle",
        "mesh": "Utility_Medium_Windows3",
        "assignMaterials": {
          "hideSourcePrefab": true,
          "assignments": []
        }
      },
      "dutyCycle": "DuskTillDawn()"
    },
    {
      "parent": "/Far__x1_z13/Far__x1_z13_LFS/Far_IndustryBuildings/Utility_Medium",
      "hash": "08061E833B34221C0:08061E833B34221C0",
      "id": "WINDOWS_5:LIT",
      "properties": {
        "file": "meshes_decoration_lights.assetbundle",
        "mesh": "Utility_Medium_Windows5",
        "assignMaterials": {
          "hideSourcePrefab": true,
          "assignments": []
        }
      },
      "dutyCycle": "DuskTillDawn()"
    },
    {
      "parent": "/Far__x1_z13/Far__x1_z13_LFS/Far_IndustryBuildings/FakeOffice_3",
      "hash": "085B5E834433C14D0:085B5E834433C14D0",
      "id": "WINDOWS_1:LIT",
      "properties": {
        "file": "meshes_decoration_lights.assetbundle",
        "mesh": "FakeOffice_3_Windows1",
        "assignMaterials": {
          "hideSourcePrefab": true,
          "assignments": []
        }
      },
      "dutyCycle": "DuskTillDawn()"
    },
    {
      "parent": "/Far__x1_z13/Far__x1_z13_LFS/Far_IndustryBuildings/FakeOffice_3",
      "hash": "085B5E834433C14D0:085B5E834433C14D0",
      "id": "WINDOWS_3:LIT",
      "properties": {
        "file": "meshes_decoration_lights.assetbundle",
        "mesh": "FakeOffice_3_Windows3",
        "assignMaterials": {
          "hideSourcePrefab": true,
          "assignments": []
        }
      },
      "dutyCycle": "DuskTillDawn()"
    },
    {
      "parent": "/Far__x1_z13/Far__x1_z13_LFS/Far_IndustryBuildings/FakeOffice_3",
      "hash": "085B5E834433C14D0:085B5E834433C14D0",
      "id": "WINDOWS_5:LIT",
      "properties": {
        "file": "meshes_decoration_lights.assetbundle",
        "mesh": "FakeOffice_3_Windows5",
        "assignMaterials": {
          "hideSourcePrefab": true,
          "assignments": []
        }
      },
      "dutyCycle": "DuskTillDawn()"
    },
    {
      "parent": "/Far__x1_z13/Far__x1_z13_LFS/Far_IndustryBuildings/FakeOffice_3",
      "hash": "085B5E834433C14D0:085B5E834433C14D0",
      "id": "WINDOWS_2:LIT",
      "properties": {
        "file": "meshes_decoration_lights.assetbundle",
        "mesh": "FakeOffice_3_Windows2",
        "assignMaterials": {
          "hideSourcePrefab": true,
          "assignments": []
        }
      },
      "dutyCycle": "DuskTillDawn()"
    },
    {
      "parent": "/Far__x1_z13/Far__x1_z13_LFS/Far_IndustryBuildings/FakeOffice_7",
      "hash": "08822683443421140:08822683443421140",
      "id": "WINDOWS_1:LIT",
      "properties": {
        "file": "meshes_decoration_lights.assetbundle",
        "mesh": "FakeOffice_7_Windows1",
        "assignMaterials": {
          "hideSourcePrefab": true,
          "assignments": []
        }
      },
      "dutyCycle": "DuskTillDawn()"
    }
  ]
}