{
  "version": 97,
  "enabled": true,
  "lights": [
    {
      "parent": "/Far__x12_z10/Far__x12_z10_LFS/Far_IndustryBuildings/Offices_Tall/collider",
      "position": "(177.307,5.36198473,232.858856)",
      "rotation": "(0.140629947,0.771893561,-0.592296362,0.183272049)",
      "hash": "3201528A102A03270:32301C8F342B24240",
      "properties": {
        "type": "Point",
        "intensity": 0.6,
        "range": 15.0,
        "colour": "#DDFFDD",
        "corona": {
          "sprite": "corona_flare02.png",
          "scale": 1.1,
          "range": 100.0
        },
        "dutyCycle": "DuskTillDawn()"
      }
    }
  ],
  "meshes": [],
  "decorations": []
}