{
  "version": 92,
  "enabled": true,
  "lights": [],
  "meshes": [],
  "decorations": [
    {
      "parent": "/Far__x12_z10/Far__x12_z10_LFS/Far_RussianBuildings/rus_build_5et_02a",
      "hash": "33940F8B602B61420:33940F8B602B61420",
      "id": "WINDOWS_1:LIT",
      "properties": {
        "file": "meshes_decoration_lights.assetbundle",
        "mesh": "rus_build_01_02_03_04_05_Windows",
        "assignMaterials": {
          "hideSourcePrefab": true,
          "assignments": [
            {
              "renderer": "Regroup13",
              "fromIndex": 0
            }
          ],
          "randomAlpha": 0.7
        }
      },
      "dutyCycle": "DuskTillDawn()"
    },
    {
      "parent": "/Far__x12_z10/Far__x12_z10_LFS/Far_RussianBuildings/rus_build_5et_02a",
      "hash": "33940F8B602B61420:33940F8B602B61420",
      "id": "WINDOWS_4:LIT",
      "properties": {
        "file": "meshes_decoration_lights.assetbundle",
        "mesh": "rus_build_01_02_03_04_05_Windows",
        "assignMaterials": {
          "hideSourcePrefab": true,
          "assignments": [
            {
              "renderer": "Regroup13",
              "fromIndex": 3
            }
          ],
          "randomAlpha": 0.7
        }
      },
      "dutyCycle": "DuskTillDawn()"
    },
    {
      "parent": "/Far__x12_z10/Far__x12_z10_LFS/Far_RussianBuildings/rus_build_5et_03c",
      "hash": "336A3F8B602B5E480:336A3F8B602B5E480",
      "id": "WINDOWS_2:LIT",
      "properties": {
        "file": "meshes_decoration_lights.assetbundle",
        "mesh": "rus_build_06_07_12_13_Windows",
        "assignMaterials": {
          "hideSourcePrefab": true,
          "assignments": [
            {
              "renderer": "Regroup13",
              "fromIndex": 1
            }
          ],
          "randomAlpha": 0.7
        }
      },
      "dutyCycle": "DuskTillDawn()"
    },
    {
      "parent": "/Far__x12_z10/Far__x12_z10_LFS/Far_RussianBuildings/rus_build_5et_02a (1)",
      "hash": "336F158B602B8B0E0:336F158B602B8B0E0",
      "id": "WINDOWS_2:LIT",
      "properties": {
        "file": "meshes_decoration_lights.assetbundle",
        "mesh": "rus_build_01_02_03_04_05_Windows",
        "assignMaterials": {
          "hideSourcePrefab": true,
          "assignments": [
            {
              "renderer": "Regroup13",
              "fromIndex": 1
            }
          ],
          "randomAlpha": 0.7
        }
      },
      "dutyCycle": "DuskTillDawn()"
    },
    {
      "parent": "/Far__x12_z10/Far__x12_z10_LFS/Far_RussianBuildings/rus_build_5et_02a (1)",
      "hash": "336F158B602B8B0E0:336F158B602B8B0E0",
      "id": "WINDOWS_3:LIT",
      "properties": {
        "file": "meshes_decoration_lights.assetbundle",
        "mesh": "rus_build_01_02_03_04_05_Windows",
        "assignMaterials": {
          "hideSourcePrefab": true,
          "assignments": [
            {
              "renderer": "Regroup13",
              "fromIndex": 2
            }
          ],
          "randomAlpha": 0.7
        }
      },
      "dutyCycle": "DuskTillDawn()"
    },
    {
      "parent": "/Far__x12_z10/Far__x12_z10_LFS/Far_RussianBuildings/rus_build_5et_02a (1)",
      "hash": "336F158B602B8B0E0:336F158B602B8B0E0",
      "id": "WINDOWS_5:LIT",
      "properties": {
        "file": "meshes_decoration_lights.assetbundle",
        "mesh": "rus_build_01_02_03_04_05_Windows",
        "assignMaterials": {
          "hideSourcePrefab": true,
          "assignments": [
            {
              "renderer": "Regroup13",
              "fromIndex": 4
            }
          ],
          "randomAlpha": 0.7
        }
      },
      "dutyCycle": "DuskTillDawn()"
    },
    {
      "parent": "/Far__x12_z10/Far__x12_z10_LFS/Far_RussianBuildings/rus_build_5et_02a (2)",
      "hash": "333C608B602B70190:333C608B602B70190",
      "id": "WINDOWS_5:LIT",
      "properties": {
        "file": "meshes_decoration_lights.assetbundle",
        "mesh": "rus_build_01_02_03_04_05_Windows",
        "assignMaterials": {
          "hideSourcePrefab": true,
          "assignments": [
            {
              "renderer": "Regroup13",
              "fromIndex": 4
            }
          ],
          "randomAlpha": 0.7
        }
      },
      "dutyCycle": "DuskTillDawn()"
    },
    {
      "parent": "/Far__x12_z10/Far__x12_z10_LFS/Far_RussianBuildings/rus_build_5et_02a (2)",
      "hash": "333C608B602B70190:333C608B602B70190",
      "id": "WINDOWS_1:LIT",
      "properties": {
        "file": "meshes_decoration_lights.assetbundle",
        "mesh": "rus_build_01_02_03_04_05_Windows",
        "assignMaterials": {
          "hideSourcePrefab": true,
          "assignments": [
            {
              "renderer": "Regroup13",
              "fromIndex": 0
            }
          ],
          "randomAlpha": 0.7
        }
      },
      "dutyCycle": "DuskTillDawn()"
    },
    {
      "parent": "/Far__x12_z10/Far__x12_z10_LFS/Far_RussianBuildings/rus_build_5et_04",
      "hash": "330D2D8B602BB3530:330D2D8B602BB3530",
      "id": "WINDOWS_1:LIT",
      "properties": {
        "file": "meshes_decoration_lights.assetbundle",
        "mesh": "rus_build_06_07_12_13_Windows",
        "assignMaterials": {
          "hideSourcePrefab": true,
          "assignments": [
            {
              "renderer": "Regroup13",
              "fromIndex": 0
            }
          ],
          "randomAlpha": 0.7
        }
      },
      "dutyCycle": "DuskTillDawn()"
    },
    {
      "parent": "/Far__x12_z10/Far__x12_z10_LFS/Far_RussianBuildings/rus_build_5et_04",
      "hash": "330D2D8B602BB3530:330D2D8B602BB3530",
      "id": "WINDOWS_4:LIT",
      "properties": {
        "file": "meshes_decoration_lights.assetbundle",
        "mesh": "rus_build_06_07_12_13_Windows",
        "assignMaterials": {
          "hideSourcePrefab": true,
          "assignments": [
            {
              "renderer": "Regroup13",
              "fromIndex": 3
            }
          ],
          "randomAlpha": 0.7
        }
      },
      "dutyCycle": "DuskTillDawn()"
    },
    {
      "parent": "/Far__x12_z10/Far__x12_z10_LFS/Far_RussianBuildings/rus_build_5et_04 (1)",
      "hash": "333F478B602BCE480:333F478B602BCE480",
      "id": "WINDOWS_2:LIT",
      "properties": {
        "file": "meshes_decoration_lights.assetbundle",
        "mesh": "rus_build_06_07_12_13_Windows",
        "assignMaterials": {
          "hideSourcePrefab": true,
          "assignments": [
            {
              "renderer": "Regroup13",
              "fromIndex": 1
            }
          ],
          "randomAlpha": 0.7
        }
      },
      "dutyCycle": "DuskTillDawn()"
    },
    {
      "parent": "/Far__x12_z10/Far__x12_z10_LFS/Far_RussianBuildings/rus_build_5et_04 (1)",
      "hash": "333F478B602BCE480:333F478B602BCE480",
      "id": "WINDOWS_3:LIT",
      "properties": {
        "file": "meshes_decoration_lights.assetbundle",
        "mesh": "rus_build_06_07_12_13_Windows",
        "assignMaterials": {
          "hideSourcePrefab": true,
          "assignments": [
            {
              "renderer": "Regroup13",
              "fromIndex": 2
            }
          ],
          "randomAlpha": 0.7
        }
      },
      "dutyCycle": "DuskTillDawn()"
    },
    {
      "parent": "/Far__x12_z10/Far__x12_z10_LFS/Far_RussianBuildings/rus_build_5et_04 (1)",
      "hash": "333F478B602BCE480:333F478B602BCE480",
      "id": "WINDOWS_5:LIT",
      "properties": {
        "file": "meshes_decoration_lights.assetbundle",
        "mesh": "rus_build_06_07_12_13_Windows",
        "assignMaterials": {
          "hideSourcePrefab": true,
          "assignments": [
            {
              "renderer": "Regroup13",
              "fromIndex": 4
            }
          ],
          "randomAlpha": 0.7
        }
      },
      "dutyCycle": "DuskTillDawn()"
    },
    {
      "parent": "/Far__x12_z10/Far__x12_z10_LFS/Far_RussianBuildings/rus_build_5et_04 (2)",
      "hash": "3371608B602BE93D0:3371608B602BE93D0",
      "id": "WINDOWS_2:LIT",
      "properties": {
        "file": "meshes_decoration_lights.assetbundle",
        "mesh": "rus_build_06_07_12_13_Windows",
        "assignMaterials": {
          "hideSourcePrefab": true,
          "assignments": [
            {
              "renderer": "Regroup13",
              "fromIndex": 1
            }
          ],
          "randomAlpha": 0.7
        }
      },
      "dutyCycle": "DuskTillDawn()"
    },
    {
      "parent": "/Far__x12_z10/Far__x12_z10_LFS/Far_RussianBuildings/rus_build_5et_04 (2)",
      "hash": "3371608B602BE93D0:3371608B602BE93D0",
      "id": "WINDOWS_4:LIT",
      "properties": {
        "file": "meshes_decoration_lights.assetbundle",
        "mesh": "rus_build_06_07_12_13_Windows",
        "assignMaterials": {
          "hideSourcePrefab": true,
          "assignments": [
            {
              "renderer": "Regroup13",
              "fromIndex": 3
            }
          ],
          "randomAlpha": 0.7
        }
      },
      "dutyCycle": "DuskTillDawn()"
    },
    {
      "parent": "/Far__x12_z10/Far__x12_z10_LFS/Far_RussianBuildings/rus_build_5et_04 (2)",
      "hash": "3371608B602BE93D0:3371608B602BE93D0",
      "id": "WINDOWS_3:LIT",
      "properties": {
        "file": "meshes_decoration_lights.assetbundle",
        "mesh": "rus_build_06_07_12_13_Windows",
        "assignMaterials": {
          "hideSourcePrefab": true,
          "assignments": [
            {
              "renderer": "Regroup13",
              "fromIndex": 2
            }
          ],
          "randomAlpha": 0.7
        }
      },
      "dutyCycle": "DuskTillDawn()"
    },
    {
      "parent": "/Far__x12_z10/Far__x12_z10_LFS/Far_RussianBuildings/rus_build_9et_01b",
      "hash": "33923C8B602BCA1F0:33923C8B602BCA1F0",
      "id": "WINDOWS_3:LIT",
      "properties": {
        "file": "meshes_decoration_lights.assetbundle",
        "mesh": "rus_build_08_09_10_Windows",
        "assignMaterials": {
          "hideSourcePrefab": true,
          "assignments": [
            {
              "renderer": "Regroup13",
              "fromIndex": 2
            }
          ],
          "randomAlpha": 0.7
        }
      },
      "dutyCycle": "DuskTillDawn()"
    },
    {
      "parent": "/Far__x12_z10/Far__x12_z10_LFS/Far_RussianBuildings/rus_build_9et_01b",
      "hash": "33923C8B602BCA1F0:33923C8B602BCA1F0",
      "id": "WINDOWS_1:LIT",
      "properties": {
        "file": "meshes_decoration_lights.assetbundle",
        "mesh": "rus_build_08_09_10_Windows",
        "assignMaterials": {
          "hideSourcePrefab": true,
          "assignments": [
            {
              "renderer": "Regroup13",
              "fromIndex": 0
            }
          ],
          "randomAlpha": 0.7
        }
      },
      "dutyCycle": "DuskTillDawn()"
    },
    {
      "parent": "/Far__x12_z10/Far__x12_z10_LFS/Far_RussianBuildings/rus_build_9et_01b (1)",
      "hash": "33C35B8B602BE6600:33C35B8B602BE6600",
      "id": "WINDOWS_2:LIT",
      "properties": {
        "file": "meshes_decoration_lights.assetbundle",
        "mesh": "rus_build_08_09_10_Windows",
        "assignMaterials": {
          "hideSourcePrefab": true,
          "assignments": [
            {
              "renderer": "Regroup13",
              "fromIndex": 1
            }
          ],
          "randomAlpha": 0.7
        }
      },
      "dutyCycle": "DuskTillDawn()"
    },
    {
      "parent": "/Far__x12_z10/Far__x12_z10_LFS/Far_RussianBuildings/rus_build_9et_01b (1)",
      "hash": "33C35B8B602BE6600:33C35B8B602BE6600",
      "id": "WINDOWS_3:LIT",
      "properties": {
        "file": "meshes_decoration_lights.assetbundle",
        "mesh": "rus_build_08_09_10_Windows",
        "assignMaterials": {
          "hideSourcePrefab": true,
          "assignments": [
            {
              "renderer": "Regroup13",
              "fromIndex": 2
            }
          ],
          "randomAlpha": 0.7
        }
      },
      "dutyCycle": "DuskTillDawn()"
    },
    {
      "parent": "/Far__x12_z10/Far__x12_z10_LFS/Far_RussianBuildings/rus_build_2et_01a",
      "hash": "33EC5E8B602B7A310:33EC5E8B602B7A310",
      "id": "WINDOWS_1:LIT",
      "properties": {
        "file": "meshes_decoration_lights.assetbundle",
        "mesh": "rus_build_15_Windows",
        "assignMaterials": {
          "hideSourcePrefab": true,
          "assignments": [
            {
              "renderer": "Regroup13",
              "fromIndex": 0
            }
          ],
          "randomAlpha": 0.5
        }
      },
      "dutyCycle": "DuskTillDawn()"
    },
    {
      "parent": "/Far__x12_z10/Far__x12_z10_LFS/Far_RussianBuildings/rus_build_2et_01a",
      "hash": "33EC5E8B602B7A310:33EC5E8B602B7A310",
      "id": "WINDOWS_2:LIT",
      "properties": {
        "file": "meshes_decoration_lights.assetbundle",
        "mesh": "rus_build_15_Windows",
        "assignMaterials": {
          "hideSourcePrefab": true,
          "assignments": [
            {
              "renderer": "Regroup13",
              "fromIndex": 1
            }
          ],
          "randomAlpha": 0.5
        }
      },
      "dutyCycle": "DuskTillDawn()"
    },
    {
      "parent": "/Far__x12_z10/Far__x12_z10_LFS/Far_RussianBuildings/rus_build_2et_01",
      "hash": "33D45A8B602B455D0:33D45A8B602B455D0",
      "id": "WINDOWS_1:LIT",
      "properties": {
        "file": "meshes_decoration_lights.assetbundle",
        "mesh": "rus_build_15_Windows",
        "assignMaterials": {
          "hideSourcePrefab": true,
          "assignments": [
            {
              "renderer": "Regroup13",
              "fromIndex": 0
            }
          ],
          "randomAlpha": 0.5
        }
      },
      "dutyCycle": "DuskTillDawn()"
    },
    {
      "parent": "/Far__x12_z10/Far__x12_z10_LFS/Far_RussianBuildings/rus_build_2et_01",
      "hash": "33D45A8B602B455D0:33D45A8B602B455D0",
      "id": "WINDOWS_2:LIT",
      "properties": {
        "file": "meshes_decoration_lights.assetbundle",
        "mesh": "rus_build_15_Windows",
        "assignMaterials": {
          "hideSourcePrefab": true,
          "assignments": [
            {
              "renderer": "Regroup13",
              "fromIndex": 1
            }
          ],
          "randomAlpha": 0.5
        }
      },
      "dutyCycle": "DuskTillDawn()"
    },
    {
      "parent": "/Far__x12_z10/Far__x12_z10_LFS/Far_RussianBuildings/rus_build_2et_01",
      "hash": "33D45A8B602B455D0:33D45A8B602B455D0",
      "id": "WINDOWS_3:LIT",
      "properties": {
        "file": "meshes_decoration_lights.assetbundle",
        "mesh": "rus_build_15_Windows",
        "assignMaterials": {
          "hideSourcePrefab": true,
          "assignments": [
            {
              "renderer": "Regroup13",
              "fromIndex": 2
            }
          ],
          "randomAlpha": 0.5
        }
      },
      "dutyCycle": "DuskTillDawn()"
    },
    {
      "parent": "/Far__x12_z10/Far__x12_z10_LFS/Far_RussianBuildings/rus_build_5et_03",
      "hash": "34012E8B602B2B570:34012E8B602B2B570",
      "id": "WINDOWS_1:LIT",
      "properties": {
        "file": "meshes_decoration_lights.assetbundle",
        "mesh": "rus_build_01_02_03_04_05_Windows",
        "assignMaterials": {
          "hideSourcePrefab": true,
          "assignments": [
            {
              "renderer": "Regroup13",
              "fromIndex": 0
            }
          ],
          "randomAlpha": 0.7
        }
      },
      "dutyCycle": "DuskTillDawn()"
    },
    {
      "parent": "/Far__x12_z10/Far__x12_z10_LFS/Far_RussianBuildings/rus_build_5et_03",
      "hash": "34012E8B602B2B570:34012E8B602B2B570",
      "id": "WINDOWS_2:LIT",
      "properties": {
        "file": "meshes_decoration_lights.assetbundle",
        "mesh": "rus_build_01_02_03_04_05_Windows",
        "assignMaterials": {
          "hideSourcePrefab": true,
          "assignments": [
            {
              "renderer": "Regroup13",
              "fromIndex": 1
            }
          ],
          "randomAlpha": 0.7
        }
      },
      "dutyCycle": "DuskTillDawn()"
    },
    {
      "parent": "/Far__x12_z10/Far__x12_z10_LFS/Far_RussianBuildings/rus_build_9et_01b (2)",
      "hash": "340A0A8B602B06350:340A0A8B602B06350",
      "id": "WINDOWS_1:LIT",
      "properties": {
        "file": "meshes_decoration_lights.assetbundle",
        "mesh": "rus_build_08_09_10_Windows",
        "assignMaterials": {
          "hideSourcePrefab": true,
          "assignments": [
            {
              "renderer": "Regroup13",
              "fromIndex": 0
            }
          ],
          "randomAlpha": 0.7
        }
      },
      "dutyCycle": "DuskTillDawn()"
    },
    {
      "parent": "/Far__x12_z10/Far__x12_z10_LFS/Far_RussianBuildings/rus_build_9et_01b (2)",
      "hash": "340A0A8B602B06350:340A0A8B602B06350",
      "id": "WINDOWS_4:LIT",
      "properties": {
        "file": "meshes_decoration_lights.assetbundle",
        "mesh": "rus_build_08_09_10_Windows",
        "assignMaterials": {
          "hideSourcePrefab": true,
          "assignments": [
            {
              "renderer": "Regroup13",
              "fromIndex": 3
            }
          ],
          "randomAlpha": 0.7
        }
      },
      "dutyCycle": "DuskTillDawn()"
    },
    {
      "parent": "/Far__x12_z10/Far__x12_z10_LFS/Far_RussianBuildings/rus_build_9et_03 (2)",
      "hash": "33D65A8B602AED280:33D65A8B602AED280",
      "id": "WINDOWS_1:LIT",
      "properties": {
        "file": "meshes_decoration_lights.assetbundle",
        "mesh": "rus_build_08_09_10_Windows",
        "assignMaterials": {
          "hideSourcePrefab": true,
          "assignments": [
            {
              "renderer": "Regroup13",
              "fromIndex": 0
            }
          ],
          "randomAlpha": 0.7
        }
      },
      "dutyCycle": "DuskTillDawn()"
    },
    {
      "parent": "/Far__x12_z10/Far__x12_z10_LFS/Far_RussianBuildings/rus_build_9et_03 (2)",
      "hash": "33D65A8B602AED280:33D65A8B602AED280",
      "id": "WINDOWS_5:LIT",
      "properties": {
        "file": "meshes_decoration_lights.assetbundle",
        "mesh": "rus_build_08_09_10_Windows",
        "assignMaterials": {
          "hideSourcePrefab": true,
          "assignments": [
            {
              "renderer": "Regroup13",
              "fromIndex": 4
            }
          ],
          "randomAlpha": 0.7
        }
      },
      "dutyCycle": "DuskTillDawn()"
    },
    {
      "parent": "/Far__x12_z10/Far__x12_z10_LFS/Far_RussianBuildings/rus_build_9et_03 (1)",
      "hash": "3393598B602AC9360:3393598B602AC9360",
      "id": "WINDOWS_2:LIT",
      "properties": {
        "file": "meshes_decoration_lights.assetbundle",
        "mesh": "rus_build_08_09_10_Windows",
        "assignMaterials": {
          "hideSourcePrefab": true,
          "assignments": [
            {
              "renderer": "Regroup13",
              "fromIndex": 1
            }
          ],
          "randomAlpha": 0.7
        }
      },
      "dutyCycle": "DuskTillDawn()"
    },
    {
      "parent": "/Far__x12_z10/Far__x12_z10_LFS/Far_RussianBuildings/rus_build_9et_03 (1)",
      "hash": "3393598B602AC9360:3393598B602AC9360",
      "id": "WINDOWS_4:LIT",
      "properties": {
        "file": "meshes_decoration_lights.assetbundle",
        "mesh": "rus_build_08_09_10_Windows",
        "assignMaterials": {
          "hideSourcePrefab": true,
          "assignments": [
            {
              "renderer": "Regroup13",
              "fromIndex": 3
            }
          ],
          "randomAlpha": 0.7
        }
      },
      "dutyCycle": "DuskTillDawn()"
    },
    {
      "parent": "/Far__x12_z10/Far__x12_z10_LFS/Far_RussianBuildings/rus_build_5et_01",
      "hash": "3352188B602AA51B0:3352188B602AA51B0",
      "id": "WINDOWS_2:LIT",
      "properties": {
        "file": "meshes_decoration_lights.assetbundle",
        "mesh": "rus_build_01_02_03_04_05_Windows",
        "assignMaterials": {
          "hideSourcePrefab": true,
          "assignments": [
            {
              "renderer": "Regroup13",
              "fromIndex": 1
            }
          ],
          "randomAlpha": 0.7
        }
      },
      "dutyCycle": "DuskTillDawn()"
    },
    {
      "parent": "/Far__x12_z10/Far__x12_z10_LFS/Far_RussianBuildings/rus_build_5et_01",
      "hash": "3352188B602AA51B0:3352188B602AA51B0",
      "id": "WINDOWS_3:LIT",
      "properties": {
        "file": "meshes_decoration_lights.assetbundle",
        "mesh": "rus_build_01_02_03_04_05_Windows",
        "assignMaterials": {
          "hideSourcePrefab": true,
          "assignments": [
            {
              "renderer": "Regroup13",
              "fromIndex": 2
            }
          ],
          "randomAlpha": 0.7
        }
      },
      "dutyCycle": "DuskTillDawn()"
    },
    {
      "parent": "/Far__x12_z10/Far__x12_z10_LFS/Far_RussianBuildings/rus_build_2et_01b",
      "hash": "3290198B602B70530:3290198B602B70530",
      "id": "WINDOWS_4:LIT",
      "properties": {
        "file": "meshes_decoration_lights.assetbundle",
        "mesh": "rus_build_15_Windows",
        "assignMaterials": {
          "hideSourcePrefab": true,
          "assignments": [
            {
              "renderer": "Regroup13",
              "fromIndex": 3
            }
          ],
          "randomAlpha": 0.5
        }
      },
      "dutyCycle": "DuskTillDawn()"
    },
    {
      "parent": "/Far__x12_z10/Far__x12_z10_LFS/Far_RussianBuildings/rus_build_2et_01b",
      "hash": "3290198B602B70530:3290198B602B70530",
      "id": "WINDOWS_5:LIT",
      "properties": {
        "file": "meshes_decoration_lights.assetbundle",
        "mesh": "rus_build_15_Windows",
        "assignMaterials": {
          "hideSourcePrefab": true,
          "assignments": [
            {
              "renderer": "Regroup13",
              "fromIndex": 4
            }
          ],
          "randomAlpha": 0.5
        }
      },
      "dutyCycle": "DuskTillDawn()"
    }
  ]
}