{
  "version": 97,
  "enabled": true,
  "lights": [
    {
      "parent": "/Far__x12_z10/Far__x12_z10_LFS/Far_Containers/Container_Stack_export_misc_variant 2 (1)/TL Container Anchor/Container_Base_c1_variant/collider/%GROUP%_Mesh0005110A4A000925",
      "position": "(0,1.245,-0.188)",
      "rotation": "(0,-0.241921917,0,0.9702957)",
      "hash": "32055E9B522ADB020:3205239B3F2ADC0C0",
      "properties": {
        "type": "Point",
        "intensity": 1.0,
        "range": 30.0,
        "colour": "#FFFFFF",
        "corona": {
          "sprite": "corona_white01.png",
          "scale": 1.0,
          "range": 100.0
        },
        "dutyCycle": "DuskTillDawn()"
      }
    },
    {
      "parent": "/Far__x12_z10/Far__x12_z10_LFS/Far_Containers/Container_Stack_export_misc_variant 2 (1)/TL Container Anchor/Container_Base_c1_variant/collider/%GROUP%_Mesh0005110A4A000925",
      "position": "(-0.705,0.867,-0.153)",
      "rotation": "(0,-0.241921917,0,0.9702957)",
      "hash": "32055E9B522ADB020:32060F9B422ADC0C0",
      "properties": {
        "type": "Point",
        "intensity": 1.0,
        "range": 30.0,
        "colour": "#FFFFFF",
        "corona": {
          "sprite": "corona_white01.png",
          "scale": 1.0,
          "range": 100.0
        },
        "dutyCycle": "DuskTillDawn()"
      }
    },
    {
      "parent": "/Far__x12_z10/Far__x12_z10_LFS/Far_Containers/Container_Stack_export_misc_variant 2 (1)/TL Container Anchor/Container_Base_c1_variant/collider/%GROUP%_Mesh0005110A4A000925",
      "position": "(0.705,0.867,-0.153)",
      "rotation": "(0,-0.241921917,0,0.9702957)",
      "hash": "32055E9B522ADB020:32045B9B422ADB2E0",
      "properties": {
        "type": "Point",
        "intensity": 1.0,
        "range": 30.0,
        "colour": "#FFFFFF",
        "corona": {
          "sprite": "corona_white01.png",
          "scale": 1.0,
          "range": 100.0
        },
        "dutyCycle": "DuskTillDawn()"
      }
    },
    {
      "parent": "/Far__x12_z10/Far__x12_z10_LFS/Far_IndustryBuildings/Offices_Tall/collider/%GROUP%_Mesh0160540155002F2E",
      "position": "(0.75,12.25,0)",
      "rotation": "(-0.7071068,0,0,0.7071068)",
      "hash": "3322358C022AD3480:332211981B2AD4260",
      "properties": {
        "type": "Point",
        "intensity": 1.0,
        "range": 30.0,
        "colour": "#FFFFFF",
        "corona": {
          "sprite": "corona_white01.png",
          "scale": 1.0,
          "range": 100.0
        },
        "dutyCycle": "DuskTillDawn()"
      }
    },
    {
      "parent": "/Far__x12_z10/Far__x12_z10_LFS/Far_IndustryBuildings/Offices_Tall/collider/%GROUP%_Mesh0160540155002F2E",
      "position": "(0,12.25,0.75)",
      "rotation": "(-0.7071068,0,0,0.7071068)",
      "hash": "3322358C022AD3480:332156981B2AD3250",
      "properties": {
        "type": "Point",
        "intensity": 1.0,
        "range": 30.0,
        "colour": "#FFFFFF",
        "corona": {
          "sprite": "corona_white01.png",
          "scale": 1.0,
          "range": 100.0
        },
        "dutyCycle": "DuskTillDawn()"
      }
    },
    {
      "parent": "/Far__x12_z10/Far__x12_z10_LFS/Far_IndustryBuildings/Offices_Tall/collider/%GROUP%_Mesh0160540155002F2E",
      "position": "(-0.75,12.25,0)",
      "rotation": "(-0.7071068,0,0,0.7071068)",
      "hash": "3322358C022AD3480:332258981B2AD3060",
      "properties": {
        "type": "Point",
        "intensity": 1.0,
        "range": 30.0,
        "colour": "#FFFFFF",
        "corona": {
          "sprite": "corona_white01.png",
          "scale": 1.0,
          "range": 100.0
        },
        "dutyCycle": "DuskTillDawn()"
      }
    },
    {
      "parent": "/Far__x12_z10/Far__x12_z10_LFS/Far_IndustryBuildings/Offices_Tall/collider/%GROUP%_Mesh0160540155002F2E",
      "position": "(0,12.25,-0.75)",
      "rotation": "(-0.7071068,0,0,0.7071068)",
      "hash": "3322358C022AD3480:332313981B2AD4070",
      "properties": {
        "type": "Point",
        "intensity": 1.0,
        "range": 30.0,
        "colour": "#FFFFFF",
        "corona": {
          "sprite": "corona_white01.png",
          "scale": 1.0,
          "range": 100.0
        },
        "dutyCycle": "DuskTillDawn()"
      }
    },
    {
      "parent": "/Far__x12_z10/Far__x12_z10_LFS/Far_IndustryBuildings/Offices_Tall/collider/%GROUP%_Mesh0125090155002F10",
      "position": "(0.75,12.25,0)",
      "rotation": "(-0.7071068,0,0,0.7071068)",
      "hash": "32ED628C022AB71A0:32ED3F981B2AB75C0",
      "properties": {
        "type": "Point",
        "intensity": 1.0,
        "range": 30.0,
        "colour": "#FFFFFF",
        "corona": {
          "sprite": "corona_white01.png",
          "scale": 1.0,
          "range": 100.0
        },
        "dutyCycle": "DuskTillDawn()"
      }
    },
    {
      "parent": "/Far__x12_z10/Far__x12_z10_LFS/Far_IndustryBuildings/Offices_Tall/collider/%GROUP%_Mesh0125090155002F10",
      "position": "(0,12.25,0.75)",
      "rotation": "(-0.7071068,0,0,0.7071068)",
      "hash": "32ED628C022AB71A0:32ED20981B2AB65B0",
      "properties": {
        "type": "Point",
        "intensity": 1.0,
        "range": 30.0,
        "colour": "#FFFFFF",
        "corona": {
          "sprite": "corona_white01.png",
          "scale": 1.0,
          "range": 100.0
        },
        "dutyCycle": "DuskTillDawn()"
      }
    },
    {
      "parent": "/Far__x12_z10/Far__x12_z10_LFS/Far_IndustryBuildings/Offices_Tall/collider/%GROUP%_Mesh0125090155002F10",
      "position": "(-0.75,12.25,0)",
      "rotation": "(-0.7071068,0,0,0.7071068)",
      "hash": "32ED628C022AB71A0:32EE22981B2AB63C0",
      "properties": {
        "type": "Point",
        "intensity": 1.0,
        "range": 30.0,
        "colour": "#FFFFFF",
        "corona": {
          "sprite": "corona_white01.png",
          "scale": 1.0,
          "range": 100.0
        },
        "dutyCycle": "DuskTillDawn()"
      }
    },
    {
      "parent": "/Far__x12_z10/Far__x12_z10_LFS/Far_IndustryBuildings/Offices_Tall/collider/%GROUP%_Mesh0125090155002F10",
      "position": "(0,12.25,-0.75)",
      "rotation": "(-0.7071068,0,0,0.7071068)",
      "hash": "32ED628C022AB71A0:32EE41981B2AB73D0",
      "properties": {
        "type": "Point",
        "intensity": 1.0,
        "range": 30.0,
        "colour": "#FFFFFF",
        "corona": {
          "sprite": "corona_white01.png",
          "scale": 1.0,
          "range": 100.0
        },
        "dutyCycle": "DuskTillDawn()"
      }
    },
    {
      "parent": "/Far__x12_z10/Far__x12_z10_LFS/Far_IndustryBuildings/Offices_Tall/collider/%GROUP%_Mesh00E8630155002E5A",
      "position": "(0.75,12.25,0)",
      "rotation": "(-0.7071068,0,0,0.7071068)",
      "hash": "32B90C8C022A9A440:32B84D981B2A9B220",
      "properties": {
        "type": "Point",
        "intensity": 1.0,
        "range": 30.0,
        "colour": "#FFFFFF",
        "corona": {
          "sprite": "corona_white01.png",
          "scale": 1.0,
          "range": 100.0
        },
        "dutyCycle": "DuskTillDawn()"
      }
    },
    {
      "parent": "/Far__x12_z10/Far__x12_z10_LFS/Far_IndustryBuildings/Offices_Tall/collider/%GROUP%_Mesh00E8630155002E5A",
      "position": "(0,12.25,0.75)",
      "rotation": "(-0.7071068,0,0,0.7071068)",
      "hash": "32B90C8C022A9A440:32B82E981B2A9A210",
      "properties": {
        "type": "Point",
        "intensity": 1.0,
        "range": 30.0,
        "colour": "#FFFFFF",
        "corona": {
          "sprite": "corona_white01.png",
          "scale": 1.0,
          "range": 100.0
        },
        "dutyCycle": "DuskTillDawn()"
      }
    },
    {
      "parent": "/Far__x12_z10/Far__x12_z10_LFS/Far_IndustryBuildings/Offices_Tall/collider/%GROUP%_Mesh00E8630155002E5A",
      "position": "(-0.75,12.25,0)",
      "rotation": "(-0.7071068,0,0,0.7071068)",
      "hash": "32B90C8C022A9A440:32B92F981B2A9A020",
      "properties": {
        "type": "Point",
        "intensity": 1.0,
        "range": 30.0,
        "colour": "#FFFFFF",
        "corona": {
          "sprite": "corona_white01.png",
          "scale": 1.0,
          "range": 100.0
        },
        "dutyCycle": "DuskTillDawn()"
      }
    },
    {
      "parent": "/Far__x12_z10/Far__x12_z10_LFS/Far_IndustryBuildings/Offices_Tall/collider/%GROUP%_Mesh00E8630155002E5A",
      "position": "(0,12.25,-0.75)",
      "rotation": "(-0.7071068,0,0,0.7071068)",
      "hash": "32B90C8C022A9A440:32B94E981B2A9B040",
      "properties": {
        "type": "Point",
        "intensity": 1.0,
        "range": 30.0,
        "colour": "#FFFFFF",
        "corona": {
          "sprite": "corona_white01.png",
          "scale": 1.0,
          "range": 100.0
        },
        "dutyCycle": "DuskTillDawn()"
      }
    },
    {
      "parent": "/Far__x12_z10/Far__x12_z10_LFS/Far_IndustryBuildings/Offices_Tall/collider/%GROUP%_Mesh00AC5E0155002E39",
      "position": "(0.75,12.25,0)",
      "rotation": "(-0.7071068,0,0,0.7071068)",
      "hash": "3284208C022A7E050:328362981B2A7E480",
      "properties": {
        "type": "Point",
        "intensity": 1.0,
        "range": 30.0,
        "colour": "#FFFFFF",
        "corona": {
          "sprite": "corona_white01.png",
          "scale": 1.0,
          "range": 100.0
        },
        "dutyCycle": "DuskTillDawn()"
      }
    },
    {
      "parent": "/Far__x12_z10/Far__x12_z10_LFS/Far_IndustryBuildings/Offices_Tall/collider/%GROUP%_Mesh00AC5E0155002E39",
      "position": "(0,12.25,0.75)",
      "rotation": "(-0.7071068,0,0,0.7071068)",
      "hash": "3284208C022A7E050:328342981B2A7D470",
      "properties": {
        "type": "Point",
        "intensity": 1.0,
        "range": 30.0,
        "colour": "#FFFFFF",
        "corona": {
          "sprite": "corona_white01.png",
          "scale": 1.0,
          "range": 100.0
        },
        "dutyCycle": "DuskTillDawn()"
      }
    },
    {
      "parent": "/Far__x12_z10/Far__x12_z10_LFS/Far_IndustryBuildings/Offices_Tall/collider/%GROUP%_Mesh00AC5E0155002E39",
      "position": "(-0.75,12.25,0)",
      "rotation": "(-0.7071068,0,0,0.7071068)",
      "hash": "3284208C022A7E050:328442981B2A7D260",
      "properties": {
        "type": "Point",
        "intensity": 1.0,
        "range": 30.0,
        "colour": "#FFFFFF",
        "corona": {
          "sprite": "corona_white01.png",
          "scale": 1.0,
          "range": 100.0
        },
        "dutyCycle": "DuskTillDawn()"
      }
    },
    {
      "parent": "/Far__x12_z10/Far__x12_z10_LFS/Far_IndustryBuildings/Offices_Tall/collider/%GROUP%_Mesh00AC5E0155002E39",
      "position": "(0,12.25,-0.75)",
      "rotation": "(-0.7071068,0,0,0.7071068)",
      "hash": "3284208C022A7E050:328463981B2A7E270",
      "properties": {
        "type": "Point",
        "intensity": 1.0,
        "range": 30.0,
        "colour": "#FFFFFF",
        "corona": {
          "sprite": "corona_white01.png",
          "scale": 1.0,
          "range": 100.0
        },
        "dutyCycle": "DuskTillDawn()"
      }
    },
    {
      "parent": "/Far__x12_z10/Far__x12_z10_LFS/Far_IndustryBuildings/Offices_Tall/collider/%GROUP%_Mesh0070440155002E17",
      "position": "(0.75,12.25,0)",
      "rotation": "(-0.7071068,0,0,0.7071068)",
      "hash": "324F248C022A61200:324F00981B2A61620",
      "properties": {
        "type": "Point",
        "intensity": 1.0,
        "range": 30.0,
        "colour": "#FFFFFF",
        "corona": {
          "sprite": "corona_white01.png",
          "scale": 1.0,
          "range": 100.0
        },
        "dutyCycle": "DuskTillDawn()"
      }
    },
    {
      "parent": "/Far__x12_z10/Far__x12_z10_LFS/Far_IndustryBuildings/Offices_Tall/collider/%GROUP%_Mesh0070440155002E17",
      "position": "(0,12.25,0.75)",
      "rotation": "(-0.7071068,0,0,0.7071068)",
      "hash": "324F248C022A61200:324E45981B2A60610",
      "properties": {
        "type": "Point",
        "intensity": 1.0,
        "range": 30.0,
        "colour": "#FFFFFF",
        "corona": {
          "sprite": "corona_white01.png",
          "scale": 1.0,
          "range": 100.0
        },
        "dutyCycle": "DuskTillDawn()"
      }
    },
    {
      "parent": "/Far__x12_z10/Far__x12_z10_LFS/Far_IndustryBuildings/Offices_Tall/collider/%GROUP%_Mesh0070440155002E17",
      "position": "(-0.75,12.25,0)",
      "rotation": "(-0.7071068,0,0,0.7071068)",
      "hash": "324F248C022A61200:324F47981B2A60420",
      "properties": {
        "type": "Point",
        "intensity": 1.0,
        "range": 30.0,
        "colour": "#FFFFFF",
        "corona": {
          "sprite": "corona_white01.png",
          "scale": 1.0,
          "range": 100.0
        },
        "dutyCycle": "DuskTillDawn()"
      }
    },
    {
      "parent": "/Far__x12_z10/Far__x12_z10_LFS/Far_IndustryBuildings/Offices_Tall/collider/%GROUP%_Mesh0070440155002E17",
      "position": "(0,12.25,-0.75)",
      "rotation": "(-0.7071068,0,0,0.7071068)",
      "hash": "324F248C022A61200:325002981B2A61430",
      "properties": {
        "type": "Point",
        "intensity": 1.0,
        "range": 30.0,
        "colour": "#FFFFFF",
        "corona": {
          "sprite": "corona_white01.png",
          "scale": 1.0,
          "range": 100.0
        },
        "dutyCycle": "DuskTillDawn()"
      }
    },
    {
      "parent": "/Far__x12_z10/Far__x12_z10_LFS/Far_IndustryBuildings/Offices_Tall/collider/%GROUP%_Mesh00350A0155002D5C",
      "position": "(0.75,12.25,0)",
      "rotation": "(-0.7071068,0,0,0.7071068)",
      "hash": "321A618C022A445E0:321A3E981B2A453C0",
      "properties": {
        "type": "Point",
        "intensity": 1.0,
        "range": 30.0,
        "colour": "#FFFFFF",
        "corona": {
          "sprite": "corona_white01.png",
          "scale": 1.0,
          "range": 100.0
        },
        "dutyCycle": "DuskTillDawn()"
      }
    },
    {
      "parent": "/Far__x12_z10/Far__x12_z10_LFS/Far_IndustryBuildings/Offices_Tall/collider/%GROUP%_Mesh00350A0155002D5C",
      "position": "(0,12.25,0.75)",
      "rotation": "(-0.7071068,0,0,0.7071068)",
      "hash": "321A618C022A445E0:321A1F981B2A443B0",
      "properties": {
        "type": "Point",
        "intensity": 1.0,
        "range": 30.0,
        "colour": "#FFFFFF",
        "corona": {
          "sprite": "corona_white01.png",
          "scale": 1.0,
          "range": 100.0
        },
        "dutyCycle": "DuskTillDawn()"
      }
    },
    {
      "parent": "/Far__x12_z10/Far__x12_z10_LFS/Far_IndustryBuildings/Offices_Tall/collider/%GROUP%_Mesh00350A0155002D5C",
      "position": "(-0.75,12.25,0)",
      "rotation": "(-0.7071068,0,0,0.7071068)",
      "hash": "321A618C022A445E0:321B20981B2A441C0",
      "properties": {
        "type": "Point",
        "intensity": 1.0,
        "range": 30.0,
        "colour": "#FFFFFF",
        "corona": {
          "sprite": "corona_white01.png",
          "scale": 1.0,
          "range": 100.0
        },
        "dutyCycle": "DuskTillDawn()"
      }
    },
    {
      "parent": "/Far__x12_z10/Far__x12_z10_LFS/Far_IndustryBuildings/Offices_Tall/collider/%GROUP%_Mesh00350A0155002D5C",
      "position": "(0,12.25,-0.75)",
      "rotation": "(-0.7071068,0,0,0.7071068)",
      "hash": "321A618C022A445E0:321B3F981B2A451D0",
      "properties": {
        "type": "Point",
        "intensity": 1.0,
        "range": 30.0,
        "colour": "#FFFFFF",
        "corona": {
          "sprite": "corona_white01.png",
          "scale": 1.0,
          "range": 100.0
        },
        "dutyCycle": "DuskTillDawn()"
      }
    },
    {
      "parent": "/Far__x12_z10/Far__x12_z10_LFS/Far_tunnel/%GROUP%_Mesh00B712021E004433",
      "position": "(0.75,12.25,0)",
      "rotation": "(-0.7071068,0,0,0.7071068)",
      "hash": "31E54E8C022A281D0:31E52A981B2A285F0",
      "properties": {
        "type": "Point",
        "intensity": 1.0,
        "range": 30.0,
        "colour": "#FFFFFF",
        "corona": {
          "sprite": "corona_white01.png",
          "scale": 1.0,
          "range": 100.0
        },
        "dutyCycle": "DuskTillDawn()"
      }
    },
    {
      "parent": "/Far__x12_z10/Far__x12_z10_LFS/Far_tunnel/%GROUP%_Mesh00B712021E004433",
      "position": "(0,12.25,0.75)",
      "rotation": "(-0.7071068,0,0,0.7071068)",
      "hash": "31E54E8C022A281D0:31E50C981B2A275E0",
      "properties": {
        "type": "Point",
        "intensity": 1.0,
        "range": 30.0,
        "colour": "#FFFFFF",
        "corona": {
          "sprite": "corona_white01.png",
          "scale": 1.0,
          "range": 100.0
        },
        "dutyCycle": "DuskTillDawn()"
      }
    },
    {
      "parent": "/Far__x12_z10/Far__x12_z10_LFS/Far_tunnel/%GROUP%_Mesh00B712021E004433",
      "position": "(-0.75,12.25,0)",
      "rotation": "(-0.7071068,0,0,0.7071068)",
      "hash": "31E54E8C022A281D0:31E60D981B2A273F0",
      "properties": {
        "type": "Point",
        "intensity": 1.0,
        "range": 30.0,
        "colour": "#FFFFFF",
        "corona": {
          "sprite": "corona_white01.png",
          "scale": 1.0,
          "range": 100.0
        },
        "dutyCycle": "DuskTillDawn()"
      }
    },
    {
      "parent": "/Far__x12_z10/Far__x12_z10_LFS/Far_tunnel/%GROUP%_Mesh00B712021E004433",
      "position": "(0,12.25,-0.75)",
      "rotation": "(-0.7071068,0,0,0.7071068)",
      "hash": "31E54E8C022A281D0:31E62C981B2A28400",
      "properties": {
        "type": "Point",
        "intensity": 1.0,
        "range": 30.0,
        "colour": "#FFFFFF",
        "corona": {
          "sprite": "corona_white01.png",
          "scale": 1.0,
          "range": 100.0
        },
        "dutyCycle": "DuskTillDawn()"
      }
    },
    {
      "parent": "/Far__x12_z10/Far__x12_z10_LFS/Far_tunnel/%GROUP%_Mesh0082150243006140",
      "position": "(0.75,12.25,0)",
      "rotation": "(-0.7071068,0,0,0.7071068)",
      "hash": "31B0518B412A0B0F0:31B02D975A2A0B510",
      "properties": {
        "type": "Point",
        "intensity": 1.0,
        "range": 30.0,
        "colour": "#FFFFFF",
        "corona": {
          "sprite": "corona_white01.png",
          "scale": 1.0,
          "range": 100.0
        },
        "dutyCycle": "DuskTillDawn()"
      }
    },
    {
      "parent": "/Far__x12_z10/Far__x12_z10_LFS/Far_tunnel/%GROUP%_Mesh0082150243006140",
      "position": "(0,12.25,0.75)",
      "rotation": "(-0.7071068,0,0,0.7071068)",
      "hash": "31B0518B412A0B0F0:31B00F975A2A0A4F0",
      "properties": {
        "type": "Point",
        "intensity": 1.0,
        "range": 30.0,
        "colour": "#FFFFFF",
        "corona": {
          "sprite": "corona_white01.png",
          "scale": 1.0,
          "range": 100.0
        },
        "dutyCycle": "DuskTillDawn()"
      }
    },
    {
      "parent": "/Far__x12_z10/Far__x12_z10_LFS/Far_tunnel/%GROUP%_Mesh0082150243006140",
      "position": "(-0.75,12.25,0)",
      "rotation": "(-0.7071068,0,0,0.7071068)",
      "hash": "31B0518B412A0B0F0:31B111975A2A0A320",
      "properties": {
        "type": "Point",
        "intensity": 1.0,
        "range": 30.0,
        "colour": "#FFFFFF",
        "corona": {
          "sprite": "corona_white01.png",
          "scale": 1.0,
          "range": 100.0
        },
        "dutyCycle": "DuskTillDawn()"
      }
    },
    {
      "parent": "/Far__x12_z10/Far__x12_z10_LFS/Far_tunnel/%GROUP%_Mesh0082150243006140",
      "position": "(0,12.25,-0.75)",
      "rotation": "(-0.7071068,0,0,0.7071068)",
      "hash": "31B0518B412A0B0F0:31B12F975A2A0B340",
      "properties": {
        "type": "Point",
        "intensity": 1.0,
        "range": 30.0,
        "colour": "#FFFFFF",
        "corona": {
          "sprite": "corona_white01.png",
          "scale": 1.0,
          "range": 100.0
        },
        "dutyCycle": "DuskTillDawn()"
      }
    },
    {
      "parent": "/Far__x12_z10/Far__x12_z10_LFS/Far_IndustryBuildings/Offices_Tall/collider/%GROUP%_Mesh01604B0155004B2A",
      "position": "(0.75,12.25,0)",
      "rotation": "(-0.7071068,0,0,0.7071068)",
      "hash": "3315198C022AEC210:33145A981B2AED000",
      "properties": {
        "type": "Point",
        "intensity": 1.0,
        "range": 30.0,
        "colour": "#FFFFFF",
        "corona": {
          "sprite": "corona_white01.png",
          "scale": 1.0,
          "range": 100.0
        },
        "dutyCycle": "DuskTillDawn()"
      }
    },
    {
      "parent": "/Far__x12_z10/Far__x12_z10_LFS/Far_IndustryBuildings/Offices_Tall/collider/%GROUP%_Mesh01604B0155004B2A",
      "position": "(0,12.25,0.75)",
      "rotation": "(-0.7071068,0,0,0.7071068)",
      "hash": "3315198C022AEC210:33143B981B2AEB620",
      "properties": {
        "type": "Point",
        "intensity": 1.0,
        "range": 30.0,
        "colour": "#FFFFFF",
        "corona": {
          "sprite": "corona_white01.png",
          "scale": 1.0,
          "range": 100.0
        },
        "dutyCycle": "DuskTillDawn()"
      }
    },
    {
      "parent": "/Far__x12_z10/Far__x12_z10_LFS/Far_IndustryBuildings/Offices_Tall/collider/%GROUP%_Mesh01604B0155004B2A",
      "position": "(-0.75,12.25,0)",
      "rotation": "(-0.7071068,0,0,0.7071068)",
      "hash": "3315198C022AEC210:33153C981B2AEB430",
      "properties": {
        "type": "Point",
        "intensity": 1.0,
        "range": 30.0,
        "colour": "#FFFFFF",
        "corona": {
          "sprite": "corona_white01.png",
          "scale": 1.0,
          "range": 100.0
        },
        "dutyCycle": "DuskTillDawn()"
      }
    },
    {
      "parent": "/Far__x12_z10/Far__x12_z10_LFS/Far_IndustryBuildings/Offices_Tall/collider/%GROUP%_Mesh01604B0155004B2A",
      "position": "(0,12.25,-0.75)",
      "rotation": "(-0.7071068,0,0,0.7071068)",
      "hash": "3315198C022AEC210:33155B981B2AEC450",
      "properties": {
        "type": "Point",
        "intensity": 1.0,
        "range": 30.0,
        "colour": "#FFFFFF",
        "corona": {
          "sprite": "corona_white01.png",
          "scale": 1.0,
          "range": 100.0
        },
        "dutyCycle": "DuskTillDawn()"
      }
    },
    {
      "parent": "/Far__x12_z10/Far__x12_z10_LFS/Far_Roads/Flat_40x10 (24)/Collider/%GROUP%_Mesh0005270005000F24",
      "position": "(0.75,12.25,0)",
      "hash": "32FA258C102ADE0F0:32FA4898292ADD310",
      "properties": {
        "type": "Point",
        "intensity": 1.0,
        "range": 30.0,
        "colour": "#FFFFFF",
        "corona": {
          "sprite": "corona_white01.png",
          "scale": 1.0,
          "range": 100.0
        },
        "dutyCycle": "DuskTillDawn()"
      }
    },
    {
      "parent": "/Far__x12_z10/Far__x12_z10_LFS/Far_Roads/Flat_40x10 (24)/Collider/%GROUP%_Mesh0005270005000F24",
      "position": "(0,12.25,0.75)",
      "hash": "32FA258C102ADE0F0:32FB0398292ADE320",
      "properties": {
        "type": "Point",
        "intensity": 1.0,
        "range": 30.0,
        "colour": "#FFFFFF",
        "corona": {
          "sprite": "corona_white01.png",
          "scale": 1.0,
          "range": 100.0
        },
        "dutyCycle": "DuskTillDawn()"
      }
    },
    {
      "parent": "/Far__x12_z10/Far__x12_z10_LFS/Far_Roads/Flat_40x10 (24)/Collider/%GROUP%_Mesh0005270005000F24",
      "position": "(-0.75,12.25,0)",
      "hash": "32FA258C102ADE0F0:32FA0298292ADE510",
      "properties": {
        "type": "Point",
        "intensity": 1.0,
        "range": 30.0,
        "colour": "#FFFFFF",
        "corona": {
          "sprite": "corona_white01.png",
          "scale": 1.0,
          "range": 100.0
        },
        "dutyCycle": "DuskTillDawn()"
      }
    },
    {
      "parent": "/Far__x12_z10/Far__x12_z10_LFS/Far_Roads/Flat_40x10 (24)/Collider/%GROUP%_Mesh0005270005000F24",
      "position": "(0,12.25,-0.75)",
      "hash": "32FA258C102ADE0F0:32F94798292ADD500",
      "properties": {
        "type": "Point",
        "intensity": 1.0,
        "range": 30.0,
        "colour": "#FFFFFF",
        "corona": {
          "sprite": "corona_white01.png",
          "scale": 1.0,
          "range": 100.0
        },
        "dutyCycle": "DuskTillDawn()"
      }
    },
    {
      "parent": "/Far__x12_z10/Far__x12_z10_LFS/Far_IndustryBuildings/Offices_Tall/collider/%GROUP%_Mesh019D020155002F25",
      "position": "(0.75,12.25,0)",
      "rotation": "(-0.7071068,0,0,0.7071068)",
      "hash": "33573F8C022AF0030:335761981B2AEF250",
      "properties": {
        "type": "Point",
        "intensity": 1.0,
        "range": 30.0,
        "colour": "#FFFFFF",
        "corona": {
          "sprite": "corona_white01.png",
          "scale": 1.0,
          "range": 100.0
        },
        "dutyCycle": "DuskTillDawn()"
      }
    },
    {
      "parent": "/Far__x12_z10/Far__x12_z10_LFS/Far_IndustryBuildings/Offices_Tall/collider/%GROUP%_Mesh019D020155002F25",
      "position": "(0,12.25,0.75)",
      "rotation": "(-0.7071068,0,0,0.7071068)",
      "hash": "33573F8C022AF0030:33581D981B2AF0250",
      "properties": {
        "type": "Point",
        "intensity": 1.0,
        "range": 30.0,
        "colour": "#FFFFFF",
        "corona": {
          "sprite": "corona_white01.png",
          "scale": 1.0,
          "range": 100.0
        },
        "dutyCycle": "DuskTillDawn()"
      }
    },
    {
      "parent": "/Far__x12_z10/Far__x12_z10_LFS/Far_IndustryBuildings/Offices_Tall/collider/%GROUP%_Mesh019D020155002F25",
      "position": "(-0.75,12.25,0)",
      "rotation": "(-0.7071068,0,0,0.7071068)",
      "hash": "33573F8C022AF0030:33571D981B2AF0460",
      "properties": {
        "type": "Point",
        "intensity": 1.0,
        "range": 30.0,
        "colour": "#FFFFFF",
        "corona": {
          "sprite": "corona_white01.png",
          "scale": 1.0,
          "range": 100.0
        },
        "dutyCycle": "DuskTillDawn()"
      }
    },
    {
      "parent": "/Far__x12_z10/Far__x12_z10_LFS/Far_IndustryBuildings/Offices_Tall/collider/%GROUP%_Mesh019D020155002F25",
      "position": "(0,12.25,-0.75)",
      "rotation": "(-0.7071068,0,0,0.7071068)",
      "hash": "33573F8C022AF0030:335660981B2AEF450",
      "properties": {
        "type": "Point",
        "intensity": 1.0,
        "range": 30.0,
        "colour": "#FFFFFF",
        "corona": {
          "sprite": "corona_white01.png",
          "scale": 1.0,
          "range": 100.0
        },
        "dutyCycle": "DuskTillDawn()"
      }
    },
    {
      "parent": "/Far__x12_z10/Far__x12_z10_LFS/Far_IndustryBuildings/Offices_Tall/collider/%GROUP%_Mesh01D8450155002F2A",
      "position": "(0.75,12.25,0)",
      "rotation": "(-0.7071068,0,0,0.7071068)",
      "hash": "338C158C022B0C170:338C38981B2B0B390",
      "properties": {
        "type": "Point",
        "intensity": 1.0,
        "range": 30.0,
        "colour": "#FFFFFF",
        "corona": {
          "sprite": "corona_white01.png",
          "scale": 1.0,
          "range": 100.0
        },
        "dutyCycle": "DuskTillDawn()"
      }
    },
    {
      "parent": "/Far__x12_z10/Far__x12_z10_LFS/Far_IndustryBuildings/Offices_Tall/collider/%GROUP%_Mesh01D8450155002F2A",
      "position": "(0,12.25,0.75)",
      "rotation": "(-0.7071068,0,0,0.7071068)",
      "hash": "338C158C022B0C170:338C57981B2B0C3A0",
      "properties": {
        "type": "Point",
        "intensity": 1.0,
        "range": 30.0,
        "colour": "#FFFFFF",
        "corona": {
          "sprite": "corona_white01.png",
          "scale": 1.0,
          "range": 100.0
        },
        "dutyCycle": "DuskTillDawn()"
      }
    },
    {
      "parent": "/Far__x12_z10/Far__x12_z10_LFS/Far_IndustryBuildings/Offices_Tall/collider/%GROUP%_Mesh01D8450155002F2A",
      "position": "(-0.75,12.25,0)",
      "rotation": "(-0.7071068,0,0,0.7071068)",
      "hash": "338C158C022B0C170:338B56981B2B0C5A0",
      "properties": {
        "type": "Point",
        "intensity": 1.0,
        "range": 30.0,
        "colour": "#FFFFFF",
        "corona": {
          "sprite": "corona_white01.png",
          "scale": 1.0,
          "range": 100.0
        },
        "dutyCycle": "DuskTillDawn()"
      }
    },
    {
      "parent": "/Far__x12_z10/Far__x12_z10_LFS/Far_IndustryBuildings/Offices_Tall/collider/%GROUP%_Mesh01D8450155002F2A",
      "position": "(0,12.25,-0.75)",
      "rotation": "(-0.7071068,0,0,0.7071068)",
      "hash": "338C158C022B0C170:338B37981B2B0B580",
      "properties": {
        "type": "Point",
        "intensity": 1.0,
        "range": 30.0,
        "colour": "#FFFFFF",
        "corona": {
          "sprite": "corona_white01.png",
          "scale": 1.0,
          "range": 100.0
        },
        "dutyCycle": "DuskTillDawn()"
      }
    },
    {
      "parent": "/Far__x12_z10/Far__x12_z10_LFS/Far_IndustryBuildings/Offices_Tall/collider/%GROUP%_Mesh01D85E0155004D1F",
      "position": "(0.75,12.25,0)",
      "rotation": "(-0.7071068,0,0,0.7071068)",
      "hash": "337E218C022B26470:337D62981B2B27250",
      "properties": {
        "type": "Point",
        "intensity": 1.0,
        "range": 30.0,
        "colour": "#FFFFFF",
        "corona": {
          "sprite": "corona_white01.png",
          "scale": 1.0,
          "range": 100.0
        },
        "dutyCycle": "DuskTillDawn()"
      }
    },
    {
      "parent": "/Far__x12_z10/Far__x12_z10_LFS/Far_IndustryBuildings/Offices_Tall/collider/%GROUP%_Mesh01D85E0155004D1F",
      "position": "(0,12.25,0.75)",
      "rotation": "(-0.7071068,0,0,0.7071068)",
      "hash": "337E218C022B26470:337D43981B2B26240",
      "properties": {
        "type": "Point",
        "intensity": 1.0,
        "range": 30.0,
        "colour": "#FFFFFF",
        "corona": {
          "sprite": "corona_white01.png",
          "scale": 1.0,
          "range": 100.0
        },
        "dutyCycle": "DuskTillDawn()"
      }
    },
    {
      "parent": "/Far__x12_z10/Far__x12_z10_LFS/Far_IndustryBuildings/Offices_Tall/collider/%GROUP%_Mesh01D85E0155004D1F",
      "position": "(-0.75,12.25,0)",
      "rotation": "(-0.7071068,0,0,0.7071068)",
      "hash": "337E218C022B26470:337E45981B2B26050",
      "properties": {
        "type": "Point",
        "intensity": 1.0,
        "range": 30.0,
        "colour": "#FFFFFF",
        "corona": {
          "sprite": "corona_white01.png",
          "scale": 1.0,
          "range": 100.0
        },
        "dutyCycle": "DuskTillDawn()"
      }
    },
    {
      "parent": "/Far__x12_z10/Far__x12_z10_LFS/Far_IndustryBuildings/Offices_Tall/collider/%GROUP%_Mesh01D85E0155004D1F",
      "position": "(0,12.25,-0.75)",
      "rotation": "(-0.7071068,0,0,0.7071068)",
      "hash": "337E218C022B26470:337F00981B2B27060",
      "properties": {
        "type": "Point",
        "intensity": 1.0,
        "range": 30.0,
        "colour": "#FFFFFF",
        "corona": {
          "sprite": "corona_white01.png",
          "scale": 1.0,
          "range": 100.0
        },
        "dutyCycle": "DuskTillDawn()"
      }
    },
    {
      "parent": "/Far__x12_z10/Far__x12_z10_LFS/Far_IndustryBuildings/Offices_Tall/collider/%GROUP%_Mesh019C4F0155004B49",
      "position": "(0.75,12.25,0)",
      "rotation": "(-0.7071068,0,0,0.7071068)",
      "hash": "334A048C022B085D0:334943981B2B093A0",
      "properties": {
        "type": "Point",
        "intensity": 1.0,
        "range": 30.0,
        "colour": "#FFFFFF",
        "corona": {
          "sprite": "corona_white01.png",
          "scale": 1.0,
          "range": 100.0
        },
        "dutyCycle": "DuskTillDawn()"
      }
    },
    {
      "parent": "/Far__x12_z10/Far__x12_z10_LFS/Far_IndustryBuildings/Offices_Tall/collider/%GROUP%_Mesh019C4F0155004B49",
      "position": "(0,12.25,0.75)",
      "rotation": "(-0.7071068,0,0,0.7071068)",
      "hash": "334A048C022B085D0:334927981B2B08370",
      "properties": {
        "type": "Point",
        "intensity": 1.0,
        "range": 30.0,
        "colour": "#FFFFFF",
        "corona": {
          "sprite": "corona_white01.png",
          "scale": 1.0,
          "range": 100.0
        },
        "dutyCycle": "DuskTillDawn()"
      }
    },
    {
      "parent": "/Far__x12_z10/Far__x12_z10_LFS/Far_IndustryBuildings/Offices_Tall/collider/%GROUP%_Mesh019C4F0155004B49",
      "position": "(-0.75,12.25,0)",
      "rotation": "(-0.7071068,0,0,0.7071068)",
      "hash": "334A048C022B085D0:334A2A981B2B081C0",
      "properties": {
        "type": "Point",
        "intensity": 1.0,
        "range": 30.0,
        "colour": "#FFFFFF",
        "corona": {
          "sprite": "corona_white01.png",
          "scale": 1.0,
          "range": 100.0
        },
        "dutyCycle": "DuskTillDawn()"
      }
    },
    {
      "parent": "/Far__x12_z10/Far__x12_z10_LFS/Far_IndustryBuildings/Offices_Tall/collider/%GROUP%_Mesh019C4F0155004B49",
      "position": "(0,12.25,-0.75)",
      "rotation": "(-0.7071068,0,0,0.7071068)",
      "hash": "334A048C022B085D0:334A45981B2B091E0",
      "properties": {
        "type": "Point",
        "intensity": 1.0,
        "range": 30.0,
        "colour": "#FFFFFF",
        "corona": {
          "sprite": "corona_white01.png",
          "scale": 1.0,
          "range": 100.0
        },
        "dutyCycle": "DuskTillDawn()"
      }
    },
    {
      "parent": "/Far__x12_z10/Far__x12_z10_LFS/Far_IndustryBuildings/Offices_Tall/collider/%GROUP%_Mesh019C520155006B20",
      "position": "(0.75,12.25,0)",
      "rotation": "(-0.7071068,0,0,0.7071068)",
      "hash": "333B118C022B24500:333A53981B2B252F0",
      "properties": {
        "type": "Point",
        "intensity": 1.0,
        "range": 30.0,
        "colour": "#FFFFFF",
        "corona": {
          "sprite": "corona_white01.png",
          "scale": 1.0,
          "range": 100.0
        },
        "dutyCycle": "DuskTillDawn()"
      }
    },
    {
      "parent": "/Far__x12_z10/Far__x12_z10_LFS/Far_IndustryBuildings/Offices_Tall/collider/%GROUP%_Mesh019C520155006B20",
      "position": "(0,12.25,0.75)",
      "rotation": "(-0.7071068,0,0,0.7071068)",
      "hash": "333B118C022B24500:333A32981B2B242E0",
      "properties": {
        "type": "Point",
        "intensity": 1.0,
        "range": 30.0,
        "colour": "#FFFFFF",
        "corona": {
          "sprite": "corona_white01.png",
          "scale": 1.0,
          "range": 100.0
        },
        "dutyCycle": "DuskTillDawn()"
      }
    },
    {
      "parent": "/Far__x12_z10/Far__x12_z10_LFS/Far_IndustryBuildings/Offices_Tall/collider/%GROUP%_Mesh019C520155006B20",
      "position": "(-0.75,12.25,0)",
      "rotation": "(-0.7071068,0,0,0.7071068)",
      "hash": "333B118C022B24500:333B33981B2B240D0",
      "properties": {
        "type": "Point",
        "intensity": 1.0,
        "range": 30.0,
        "colour": "#FFFFFF",
        "corona": {
          "sprite": "corona_white01.png",
          "scale": 1.0,
          "range": 100.0
        },
        "dutyCycle": "DuskTillDawn()"
      }
    },
    {
      "parent": "/Far__x12_z10/Far__x12_z10_LFS/Far_IndustryBuildings/Offices_Tall/collider/%GROUP%_Mesh019C520155006B20",
      "position": "(0,12.25,-0.75)",
      "rotation": "(-0.7071068,0,0,0.7071068)",
      "hash": "333B118C022B24500:333B53981B2B250E0",
      "properties": {
        "type": "Point",
        "intensity": 1.0,
        "range": 30.0,
        "colour": "#FFFFFF",
        "corona": {
          "sprite": "corona_white01.png",
          "scale": 1.0,
          "range": 100.0
        },
        "dutyCycle": "DuskTillDawn()"
      }
    },
    {
      "parent": "/Far__x12_z10/Far__x12_z10_LFS/Far_IndustryBuildings/Offices_Tall/collider/%GROUP%_Mesh01BA4E0155006B35",
      "position": "(0.75,12.25,0)",
      "rotation": "(-0.7071068,0,0,0.7071068)",
      "hash": "3355318C022B330C0:335452981B2B324E0",
      "properties": {
        "type": "Point",
        "intensity": 1.0,
        "range": 30.0,
        "colour": "#FFFFFF",
        "corona": {
          "sprite": "corona_white01.png",
          "scale": 1.0,
          "range": 100.0
        },
        "dutyCycle": "DuskTillDawn()"
      }
    },
    {
      "parent": "/Far__x12_z10/Far__x12_z10_LFS/Far_IndustryBuildings/Offices_Tall/collider/%GROUP%_Mesh01BA4E0155006B35",
      "position": "(0,12.25,0.75)",
      "rotation": "(-0.7071068,0,0,0.7071068)",
      "hash": "3355318C022B330C0:335553981B2B322D0",
      "properties": {
        "type": "Point",
        "intensity": 1.0,
        "range": 30.0,
        "colour": "#FFFFFF",
        "corona": {
          "sprite": "corona_white01.png",
          "scale": 1.0,
          "range": 100.0
        },
        "dutyCycle": "DuskTillDawn()"
      }
    },
    {
      "parent": "/Far__x12_z10/Far__x12_z10_LFS/Far_IndustryBuildings/Offices_Tall/collider/%GROUP%_Mesh01BA4E0155006B35",
      "position": "(-0.75,12.25,0)",
      "rotation": "(-0.7071068,0,0,0.7071068)",
      "hash": "3355318C022B330C0:33560F981B2B332E0",
      "properties": {
        "type": "Point",
        "intensity": 1.0,
        "range": 30.0,
        "colour": "#FFFFFF",
        "corona": {
          "sprite": "corona_white01.png",
          "scale": 1.0,
          "range": 100.0
        },
        "dutyCycle": "DuskTillDawn()"
      }
    },
    {
      "parent": "/Far__x12_z10/Far__x12_z10_LFS/Far_IndustryBuildings/Offices_Tall/collider/%GROUP%_Mesh01BA4E0155006B35",
      "position": "(0,12.25,-0.75)",
      "rotation": "(-0.7071068,0,0,0.7071068)",
      "hash": "3355318C022B330C0:33550E981B2B334F0",
      "properties": {
        "type": "Point",
        "intensity": 1.0,
        "range": 30.0,
        "colour": "#FFFFFF",
        "corona": {
          "sprite": "corona_white01.png",
          "scale": 1.0,
          "range": 100.0
        },
        "dutyCycle": "DuskTillDawn()"
      }
    },
    {
      "parent": "/Far__x12_z10/Far__x12_z10_LFS/Far_Roads/Flat_40x10/Collider/%GROUP%_Mesh00003C000500095A",
      "position": "(0,7.1,1.55)",
      "hash": "319D568C102AA22C0:319D0F931A2AA3520",
      "properties": {
        "type": "Point",
        "intensity": 1.0,
        "range": 20.0,
        "colour": "#DDEEFF",
        "corona": {
          "sprite": "corona_flare02.png",
          "scale": 1.0,
          "range": 100.0
        },
        "dutyCycle": "DuskTillDawn()"
      }
    },
    {
      "parent": "/Far__x12_z10/Far__x12_z10_LFS/Far_Roads/Flat_40x10/Collider/%GROUP%_Mesh00003C000500095A",
      "position": "(0,7.1,-1.55)",
      "hash": "319D568C102AA22C0:319E38931A2AA1060",
      "properties": {
        "type": "Point",
        "intensity": 1.0,
        "range": 20.0,
        "colour": "#DDEEFF",
        "corona": {
          "sprite": "corona_flare02.png",
          "scale": 1.0,
          "range": 100.0
        },
        "dutyCycle": "DuskTillDawn()"
      }
    },
    {
      "parent": "/Far__x12_z10/Far__x12_z10_LFS/Far_Roads/Flat_40x10 (1)/Collider/%GROUP%_Mesh000103000400095C",
      "position": "(0,7.1,1.55)",
      "hash": "31C1228C102AB45E0:31C040931A2AB6200",
      "properties": {
        "type": "Point",
        "intensity": 1.0,
        "range": 20.0,
        "colour": "#DDEEFF",
        "corona": {
          "sprite": "corona_flare02.png",
          "scale": 1.0,
          "range": 100.0
        },
        "dutyCycle": "DuskTillDawn()"
      }
    },
    {
      "parent": "/Far__x12_z10/Far__x12_z10_LFS/Far_Roads/Flat_40x10 (1)/Collider/%GROUP%_Mesh000103000400095C",
      "position": "(0,7.1,-1.55)",
      "hash": "31C1228C102AB45E0:31C205931A2AB3380",
      "properties": {
        "type": "Point",
        "intensity": 1.0,
        "range": 20.0,
        "colour": "#DDEEFF",
        "corona": {
          "sprite": "corona_flare02.png",
          "scale": 1.0,
          "range": 100.0
        },
        "dutyCycle": "DuskTillDawn()"
      }
    },
    {
      "parent": "/Far__x12_z10/Far__x12_z10_LFS/Far_Roads/Flat_40x10 (2)/Collider/%GROUP%_Mesh000132000500095C",
      "position": "(0,7.1,1.55)",
      "hash": "31E4538C102AC7280:31E40A931A2AC84D0",
      "properties": {
        "type": "Point",
        "intensity": 1.0,
        "range": 20.0,
        "colour": "#DDEEFF",
        "corona": {
          "sprite": "corona_flare02.png",
          "scale": 1.0,
          "range": 100.0
        },
        "dutyCycle": "DuskTillDawn()"
      }
    },
    {
      "parent": "/Far__x12_z10/Far__x12_z10_LFS/Far_Roads/Flat_40x10 (2)/Collider/%GROUP%_Mesh000132000500095C",
      "position": "(0,7.1,-1.55)",
      "hash": "31E4538C102AC7280:31E538931A2AC6030",
      "properties": {
        "type": "Point",
        "intensity": 1.0,
        "range": 20.0,
        "colour": "#DDEEFF",
        "corona": {
          "sprite": "corona_flare02.png",
          "scale": 1.0,
          "range": 100.0
        },
        "dutyCycle": "DuskTillDawn()"
      }
    },
    {
      "parent": "/Far__x12_z10/Far__x12_z10_LFS/Far_Roads/Flat_40x10 (4)/Collider/%GROUP%_Mesh00023F0004001D5A",
      "position": "(0,7.1,1.55)",
      "hash": "323D348C102AF53A0:323C4F931A2AF65F0",
      "properties": {
        "type": "Point",
        "intensity": 1.0,
        "range": 20.0,
        "colour": "#DDEEFF",
        "corona": {
          "sprite": "corona_flare02.png",
          "scale": 1.0,
          "range": 100.0
        },
        "dutyCycle": "DuskTillDawn()"
      }
    },
    {
      "parent": "/Far__x12_z10/Far__x12_z10_LFS/Far_Roads/Flat_40x10 (4)/Collider/%GROUP%_Mesh00023F0004001D5A",
      "position": "(0,7.1,-1.55)",
      "hash": "323D348C102AF53A0:323E19931A2AF4150",
      "properties": {
        "type": "Point",
        "intensity": 1.0,
        "range": 20.0,
        "colour": "#DDEEFF",
        "corona": {
          "sprite": "corona_flare02.png",
          "scale": 1.0,
          "range": 100.0
        },
        "dutyCycle": "DuskTillDawn()"
      }
    },
    {
      "parent": "/Far__x12_z10/Far__x12_z10_LFS/Far_Roads/Flat_40x10 (3)/Collider/%GROUP%_Mesh00020D0005001D5A",
      "position": "(0,7.1,1.55)",
      "hash": "321A028C102AE30E0:32191F931A2AE4350",
      "properties": {
        "type": "Point",
        "intensity": 1.0,
        "range": 20.0,
        "colour": "#DDEEFF",
        "corona": {
          "sprite": "corona_flare02.png",
          "scale": 1.0,
          "range": 100.0
        },
        "dutyCycle": "DuskTillDawn()"
      }
    },
    {
      "parent": "/Far__x12_z10/Far__x12_z10_LFS/Far_Roads/Flat_40x10 (3)/Collider/%GROUP%_Mesh00020D0005001D5A",
      "position": "(0,7.1,-1.55)",
      "hash": "321A028C102AE30E0:321A48931A2AE14C0",
      "properties": {
        "type": "Point",
        "intensity": 1.0,
        "range": 20.0,
        "colour": "#DDEEFF",
        "corona": {
          "sprite": "corona_flare02.png",
          "scale": 1.0,
          "range": 100.0
        },
        "dutyCycle": "DuskTillDawn()"
      }
    },
    {
      "parent": "/Far__x12_z10/Far__x12_z10_LFS/Far_Roads/Flat_40x10 (5)/Collider/%GROUP%_Mesh00023A000400081D",
      "position": "(0,7.1,1.55)",
      "hash": "3190038C102ABD0A0:31904A931A2ABB480",
      "properties": {
        "type": "Point",
        "intensity": 1.0,
        "range": 20.0,
        "colour": "#DDEEFF",
        "corona": {
          "sprite": "corona_flare02.png",
          "scale": 1.0,
          "range": 100.0
        },
        "dutyCycle": "DuskTillDawn()"
      }
    },
    {
      "parent": "/Far__x12_z10/Far__x12_z10_LFS/Far_Roads/Flat_40x10 (5)/Collider/%GROUP%_Mesh00023A000400081D",
      "position": "(0,7.1,-1.55)",
      "hash": "3190038C102ABD0A0:318F21931A2ABE300",
      "properties": {
        "type": "Point",
        "intensity": 1.0,
        "range": 20.0,
        "colour": "#DDEEFF",
        "corona": {
          "sprite": "corona_flare02.png",
          "scale": 1.0,
          "range": 100.0
        },
        "dutyCycle": "DuskTillDawn()"
      }
    },
    {
      "parent": "/Far__x12_z10/Far__x12_z10_LFS/Far_Roads/Flat_40x10 (6)/Collider/%GROUP%_Mesh000307000500081C",
      "position": "(0,7.1,1.55)",
      "hash": "31B3348C102ACF350:31B417931A2ACE0F0",
      "properties": {
        "type": "Point",
        "intensity": 1.0,
        "range": 20.0,
        "colour": "#DDEEFF",
        "corona": {
          "sprite": "corona_flare02.png",
          "scale": 1.0,
          "range": 100.0
        },
        "dutyCycle": "DuskTillDawn()"
      }
    },
    {
      "parent": "/Far__x12_z10/Far__x12_z10_LFS/Far_Roads/Flat_40x10 (6)/Collider/%GROUP%_Mesh000307000500081C",
      "position": "(0,7.1,-1.55)",
      "hash": "31B3348C102ACF350:31B252931A2AD05B0",
      "properties": {
        "type": "Point",
        "intensity": 1.0,
        "range": 20.0,
        "colour": "#DDEEFF",
        "corona": {
          "sprite": "corona_flare02.png",
          "scale": 1.0,
          "range": 100.0
        },
        "dutyCycle": "DuskTillDawn()"
      }
    },
    {
      "parent": "/Far__x12_z10/Far__x12_z10_LFS/Far_Roads/Flat_40x10 (7)/Collider/%GROUP%_Mesh000332000500081A",
      "position": "(0,7.1,1.55)",
      "hash": "31D6628C102AE2020:31D744931A2AE0400",
      "properties": {
        "type": "Point",
        "intensity": 1.0,
        "range": 20.0,
        "colour": "#DDEEFF",
        "corona": {
          "sprite": "corona_flare02.png",
          "scale": 1.0,
          "range": 100.0
        },
        "dutyCycle": "DuskTillDawn()"
      }
    },
    {
      "parent": "/Far__x12_z10/Far__x12_z10_LFS/Far_Roads/Flat_40x10 (7)/Collider/%GROUP%_Mesh000332000500081A",
      "position": "(0,7.1,-1.55)",
      "hash": "31D6628C102AE2020:31D61B931A2AE3280",
      "properties": {
        "type": "Point",
        "intensity": 1.0,
        "range": 20.0,
        "colour": "#DDEEFF",
        "corona": {
          "sprite": "corona_flare02.png",
          "scale": 1.0,
          "range": 100.0
        },
        "dutyCycle": "DuskTillDawn()"
      }
    },
    {
      "parent": "/Far__x12_z10/Far__x12_z10_LFS/Far_Roads/Flat_40x10 (8)/Collider/%GROUP%_Mesh0004110004001C19",
      "position": "(0,7.1,1.55)",
      "hash": "320C138C102AFD490:320C57931A2AFC210",
      "properties": {
        "type": "Point",
        "intensity": 1.0,
        "range": 20.0,
        "colour": "#DDEEFF",
        "corona": {
          "sprite": "corona_flare02.png",
          "scale": 1.0,
          "range": 100.0
        },
        "dutyCycle": "DuskTillDawn()"
      }
    },
    {
      "parent": "/Far__x12_z10/Far__x12_z10_LFS/Far_Roads/Flat_40x10 (8)/Collider/%GROUP%_Mesh0004110004001C19",
      "position": "(0,7.1,-1.55)",
      "hash": "320C138C102AFD490:320B33931A2AFF0C0",
      "properties": {
        "type": "Point",
        "intensity": 1.0,
        "range": 20.0,
        "colour": "#DDEEFF",
        "corona": {
          "sprite": "corona_flare02.png",
          "scale": 1.0,
          "range": 100.0
        },
        "dutyCycle": "DuskTillDawn()"
      }
    },
    {
      "parent": "/Far__x12_z10/Far__x12_z10_LFS/Far_Roads/Flat_40x10 (9)/Collider/%GROUP%_Mesh0004460005001C1B",
      "position": "(0,7.1,1.55)",
      "hash": "322F498C102B100F0:32302B931A2B0E4C0",
      "properties": {
        "type": "Point",
        "intensity": 1.0,
        "range": 20.0,
        "colour": "#DDEEFF",
        "corona": {
          "sprite": "corona_flare02.png",
          "scale": 1.0,
          "range": 100.0
        },
        "dutyCycle": "DuskTillDawn()"
      }
    },
    {
      "parent": "/Far__x12_z10/Far__x12_z10_LFS/Far_Roads/Flat_40x10 (9)/Collider/%GROUP%_Mesh0004460005001C1B",
      "position": "(0,7.1,-1.55)",
      "hash": "322F498C102B100F0:322F02931A2B11350",
      "properties": {
        "type": "Point",
        "intensity": 1.0,
        "range": 20.0,
        "colour": "#DDEEFF",
        "corona": {
          "sprite": "corona_flare02.png",
          "scale": 1.0,
          "range": 100.0
        },
        "dutyCycle": "DuskTillDawn()"
      }
    }
  ],
  "meshes": [
    {
      "parent": "/Far__x12_z10/Far__x12_z10_LFS/Far_Containers/Container_Stack_export_misc_variant 2 (1)/TL Container Anchor/Container_Base_c1_variant/collider",
      "position": "(-5.17380571,10.7433815,9.37153)",
      "rotation": "(-0.171064645,0.686102748,0.686102748,0.171064645)",
      "hash": "32000C91072AD2040:32055E9B522ADB020",
      "properties": {
        "file": "meshes_lampposts.assetbundle",
        "mesh": "YardLamp_Wall"
      }
    },
    {
      "parent": "/Far__x12_z10/Far__x12_z10_LFS/Far_IndustryBuildings/Offices_Tall/collider",
      "position": "(352.846222,1.85712481,47.46283)",
      "rotation": "(0,-0.8571673,0,0.5150381)",
      "hash": "3201528A102A03270:3322358C022AD3480",
      "properties": {
        "file": "meshes_lampposts.assetbundle",
        "mesh": "YardLamp_Floor"
      }
    },
    {
      "parent": "/Far__x12_z10/Far__x12_z10_LFS/Far_IndustryBuildings/Offices_Tall/collider",
      "position": "(293.0932,1.85715711,47.16147)",
      "rotation": "(0,-0.8571673,0,0.5150381)",
      "hash": "3201528A102A03270:32ED628C022AB71A0",
      "properties": {
        "file": "meshes_lampposts.assetbundle",
        "mesh": "YardLamp_Floor"
      }
    },
    {
      "parent": "/Far__x12_z10/Far__x12_z10_LFS/Far_IndustryBuildings/Offices_Tall/collider",
      "position": "(232.997177,1.85718942,46.90631)",
      "rotation": "(0,-0.8571673,0,0.5150381)",
      "hash": "3201528A102A03270:32B90C8C022A9A440",
      "properties": {
        "file": "meshes_lampposts.assetbundle",
        "mesh": "YardLamp_Floor"
      }
    },
    {
      "parent": "/Far__x12_z10/Far__x12_z10_LFS/Far_IndustryBuildings/Offices_Tall/collider",
      "position": "(172.94043,1.85722172,46.5714264)",
      "rotation": "(0,-0.8526403,0,0.5224985)",
      "hash": "3201528A102A03270:3284208C022A7E050",
      "properties": {
        "file": "meshes_lampposts.assetbundle",
        "mesh": "YardLamp_Floor"
      }
    },
    {
      "parent": "/Far__x12_z10/Far__x12_z10_LFS/Far_IndustryBuildings/Offices_Tall/collider",
      "position": "(112.6821,1.85725427,46.23033)",
      "rotation": "(0,-0.8571673,0,0.5150381)",
      "hash": "3201528A102A03270:324F248C022A61200",
      "properties": {
        "file": "meshes_lampposts.assetbundle",
        "mesh": "YardLamp_Floor"
      }
    },
    {
      "parent": "/Far__x12_z10/Far__x12_z10_LFS/Far_IndustryBuildings/Offices_Tall/collider",
      "position": "(53.10197,1.85728645,45.9250565)",
      "rotation": "(0,-0.8571673,0,0.5150381)",
      "hash": "3201528A102A03270:321A618C022A445E0",
      "properties": {
        "file": "meshes_lampposts.assetbundle",
        "mesh": "YardLamp_Floor"
      }
    },
    {
      "parent": "/Far__x12_z10/Far__x12_z10_LFS/Far_tunnel",
      "position": "(183.1836,-2.30422974,-68.51367)",
      "rotation": "(0,-0.8571673,0,0.5150381)",
      "hash": "312E3B8E202A6C500:31E54E8C022A281D0",
      "properties": {
        "file": "meshes_lampposts.assetbundle",
        "mesh": "YardLamp_Floor"
      }
    },
    {
      "parent": "/Far__x12_z10/Far__x12_z10_LFS/Far_tunnel",
      "position": "(130.21582,-2.670456,-97.6494141)",
      "rotation": "(0,-0.8616291,0,0.507538438)",
      "hash": "312E3B8E202A6C500:31B0518B412A0B0F0",
      "properties": {
        "file": "meshes_lampposts.assetbundle",
        "mesh": "YardLamp_Floor"
      }
    },
    {
      "parent": "/Far__x12_z10/Far__x12_z10_LFS/Far_IndustryBuildings/Offices_Tall/collider",
      "position": "(352.755127,1.85710716,75.42734)",
      "rotation": "(0,-0.8571673,0,0.5150381)",
      "hash": "3201528A102A03270:3315198C022AEC210",
      "properties": {
        "file": "meshes_lampposts.assetbundle",
        "mesh": "YardLamp_Floor"
      }
    },
    {
      "parent": "/Far__x12_z10/Far__x12_z10_LFS/Far_Roads/Flat_40x10 (24)/Collider",
      "position": "(5.393009,-0.0500116646,15.3607635)",
      "rotation": "(0,0.5150381,0,0.857167363)",
      "hash": "32EA1C8C152ADB420:32FA258C102ADE0F0",
      "properties": {
        "file": "meshes_lampposts.assetbundle",
        "mesh": "YardLamp_Floor"
      }
    },
    {
      "parent": "/Far__x12_z10/Far__x12_z10_LFS/Far_IndustryBuildings/Offices_Tall/collider",
      "position": "(413.024048,1.85709262,47.3740234)",
      "rotation": "(0,0.522498548,0,0.8526402)",
      "hash": "3201528A102A03270:33573F8C022AF0030",
      "properties": {
        "file": "meshes_lampposts.assetbundle",
        "mesh": "YardLamp_Floor"
      }
    },
    {
      "parent": "/Far__x12_z10/Far__x12_z10_LFS/Far_IndustryBuildings/Offices_Tall/collider",
      "position": "(472.692871,1.85706055,47.42694)",
      "rotation": "(0,0.5150381,0,0.857167363)",
      "hash": "3201528A102A03270:338C158C022B0C170",
      "properties": {
        "file": "meshes_lampposts.assetbundle",
        "mesh": "YardLamp_Floor"
      }
    },
    {
      "parent": "/Far__x12_z10/Far__x12_z10_LFS/Far_IndustryBuildings/Offices_Tall/collider",
      "position": "(472.9474,1.85704148,77.3186646)",
      "rotation": "(0,-0.8571673,0,0.5150381)",
      "hash": "3201528A102A03270:337E218C022B26470",
      "properties": {
        "file": "meshes_lampposts.assetbundle",
        "mesh": "YardLamp_Floor"
      }
    },
    {
      "parent": "/Far__x12_z10/Far__x12_z10_LFS/Far_IndustryBuildings/Offices_Tall/collider",
      "position": "(412.7909,1.85707486,75.73135)",
      "rotation": "(0,-0.866025448,0,0.5)",
      "hash": "3201528A102A03270:334A048C022B085D0",
      "properties": {
        "file": "meshes_lampposts.assetbundle",
        "mesh": "YardLamp_Floor"
      }
    },
    {
      "parent": "/Far__x12_z10/Far__x12_z10_LFS/Far_IndustryBuildings/Offices_Tall/collider",
      "position": "(412.8247,1.85705483,107.323883)",
      "rotation": "(0,-0.8526403,0,0.5224985)",
      "hash": "3201528A102A03270:333B118C022B24500",
      "properties": {
        "file": "meshes_lampposts.assetbundle",
        "mesh": "YardLamp_Floor"
      }
    },
    {
      "parent": "/Far__x12_z10/Far__x12_z10_LFS/Far_IndustryBuildings/Offices_Tall/collider",
      "position": "(442.7865,1.85703862,107.531464)",
      "rotation": "(0,0.9723699,0,0.233445421)",
      "hash": "3201528A102A03270:3355318C022B330C0",
      "properties": {
        "file": "meshes_lampposts.assetbundle",
        "mesh": "YardLamp_Floor"
      }
    },
    {
      "parent": "/Far__x12_z10/Far__x12_z10_LFS/Far_Roads/Flat_40x10/Collider",
      "position": "(0.6052933,-0.0500092953,9.909531)",
      "rotation": "(0,-0.233445376,0,0.9723699)",
      "hash": "3194548C152A9E1E0:319D568C102AA22C0",
      "properties": {
        "file": "meshes_lampposts.assetbundle",
        "mesh": "LampPostDouble_Floor"
      }
    },
    {
      "parent": "/Far__x12_z10/Far__x12_z10_LFS/Far_Roads/Flat_40x10 (1)/Collider",
      "position": "(1.0394516,-0.0499999523,9.924927)",
      "rotation": "(0,-0.233445376,0,0.9723699)",
      "hash": "31B80A8C152AB1110:31C1228C102AB45E0",
      "properties": {
        "file": "meshes_lampposts.assetbundle",
        "mesh": "LampPostDouble_Floor"
      }
    },
    {
      "parent": "/Far__x12_z10/Far__x12_z10_LFS/Far_Roads/Flat_40x10 (2)/Collider",
      "position": "(1.50679779,-0.05000584,9.923676)",
      "rotation": "(0,-0.241921872,0,0.9702958)",
      "hash": "31DB258C152AC4050:31E4538C102AC7280",
      "properties": {
        "file": "meshes_lampposts.assetbundle",
        "mesh": "LampPostDouble_Floor"
      }
    },
    {
      "parent": "/Far__x12_z10/Far__x12_z10_LFS/Far_Roads/Flat_40x10 (4)/Collider",
      "position": "(2.63392639,-0.0499976836,29.90659)",
      "rotation": "(0,-0.241921872,0,0.9702958)",
      "hash": "32215B8C152AE94F0:323D348C102AF53A0",
      "properties": {
        "file": "meshes_lampposts.assetbundle",
        "mesh": "LampPostDouble_Floor"
      }
    },
    {
      "parent": "/Far__x12_z10/Far__x12_z10_LFS/Far_Roads/Flat_40x10 (3)/Collider",
      "position": "(2.13861084,-0.0500070751,29.9073181)",
      "rotation": "(0,-0.233445376,0,0.9723699)",
      "hash": "31FE408C152AD65C0:321A028C102AE30E0",
      "properties": {
        "file": "meshes_lampposts.assetbundle",
        "mesh": "LampPostDouble_Floor"
      }
    },
    {
      "parent": "/Far__x12_z10/Far__x12_z10_LFS/Far_Roads/Flat_40x10 (5)/Collider",
      "position": "(2.58041382,-0.04999795,8.294067)",
      "rotation": "(0,0.9723699,0,0.233445421)",
      "hash": "3187328C152ABB2E0:3190038C102ABD0A0",
      "properties": {
        "file": "meshes_lampposts.assetbundle",
        "mesh": "LampPostDouble_Floor"
      }
    },
    {
      "parent": "/Far__x12_z10/Far__x12_z10_LFS/Far_Roads/Flat_40x10 (6)/Collider",
      "position": "(3.07504272,-0.05000382,8.283752)",
      "rotation": "(0,0.9723699,0,0.233445421)",
      "hash": "31AA4D8C152ACE210:31B3348C102ACF350",
      "properties": {
        "file": "meshes_lampposts.assetbundle",
        "mesh": "LampPostDouble_Floor"
      }
    },
    {
      "parent": "/Far__x12_z10/Far__x12_z10_LFS/Far_Roads/Flat_40x10 (7)/Collider",
      "position": "(3.5017395,-0.0500097238,8.266571)",
      "rotation": "(0,0.9723699,0,0.233445421)",
      "hash": "31CE048C152AE1140:31D6628C102AE2020",
      "properties": {
        "file": "meshes_lampposts.assetbundle",
        "mesh": "LampPostDouble_Floor"
      }
    },
    {
      "parent": "/Far__x12_z10/Far__x12_z10_LFS/Far_Roads/Flat_40x10 (8)/Collider",
      "position": "(4.17922974,-0.0499956757,28.25901)",
      "rotation": "(0,0.974370062,0,0.224951044)",
      "hash": "31F11E8C152AF4080:320C138C102AFD490",
      "properties": {
        "file": "meshes_lampposts.assetbundle",
        "mesh": "LampPostDouble_Floor"
      }
    },
    {
      "parent": "/Far__x12_z10/Far__x12_z10_LFS/Far_Roads/Flat_40x10 (9)/Collider",
      "position": "(4.70352173,-0.0500015356,28.2793388)",
      "rotation": "(0,0.9723699,0,0.233445421)",
      "hash": "3214398C152B065F0:322F498C102B100F0",
      "properties": {
        "file": "meshes_lampposts.assetbundle",
        "mesh": "LampPostDouble_Floor"
      }
    }
  ],
  "decorations": []
}