{
  "version": 97,
  "enabled": true,
  "lights": [
    {
      "parent": "/Far__x12_z2/Far__x12_z2_LFS/Far_Military Bay/SilosCranes/Gantry_Crane_2#1/collider",
      "position": "(-15.8950806,61.9573364,-2.86584473)",
      "rotation": "(-0.344823778,0.646490037,0.542465568,0.410947978)",
      "hash": "30361571060A6C480:304552AF020A68390",
      "properties": {
        "type": "Point",
        "intensity": 1.0,
        "range": 20.0,
        "colour": "#FF0000",
        "corona": {
          "sprite": "corona_flare02.png",
          "scale": 0.5,
          "range": 500.0
        },
        "dutyCycle": "Always()"
      }
    },
    {
      "parent": "/Far__x12_z2/Far__x12_z2_LFS/Far_Military Bay/SilosCranes/Gantry_Crane_2#1/collider",
      "position": "(-15.9002075,61.95636,2.8604126)",
      "rotation": "(-0.344823718,0.646490157,0.542465448,0.410948068)",
      "hash": "30361571060A6C480:304327AF020A63260",
      "properties": {
        "type": "Point",
        "intensity": 1.0,
        "range": 20.0,
        "colour": "#FF0000",
        "corona": {
          "sprite": "corona_flare02.png",
          "scale": 0.5,
          "range": 500.0
        },
        "dutyCycle": "Always()"
      }
    },
    {
      "parent": "/Far__x12_z2/Far__x12_z2_LFS/Far_Military Bay/SilosCranes/Gantry_Crane_2#0/collider",
      "position": "(-15.907959,61.9550323,2.85742188)",
      "rotation": "(-0.3448237,0.646490157,0.542465448,0.410948068)",
      "hash": "308E0371060B28060:309B16AF020B1E480",
      "properties": {
        "type": "Point",
        "intensity": 1.0,
        "range": 20.0,
        "colour": "#FF0000",
        "corona": {
          "sprite": "corona_flare02.png",
          "scale": 0.5,
          "range": 500.0
        },
        "dutyCycle": "Always()"
      }
    },
    {
      "parent": "/Far__x12_z2/Far__x12_z2_LFS/Far_Military Bay/SilosCranes/Gantry_Crane_2#0/collider",
      "position": "(-15.8840942,61.95923,-2.89501953)",
      "rotation": "(-0.344823778,0.646490037,0.542465568,0.410947978)",
      "hash": "308E0371060B28060:309D40AF020B235E0",
      "properties": {
        "type": "Point",
        "intensity": 1.0,
        "range": 20.0,
        "colour": "#FF0000",
        "corona": {
          "sprite": "corona_flare02.png",
          "scale": 0.5,
          "range": 500.0
        },
        "dutyCycle": "Always()"
      }
    }
  ],
  "meshes": [],
  "decorations": []
}