{
  "version": 97,
  "enabled": true,
  "lights": [
    {
      "parent": "/Far__x12_z2/Far__x12_z2_LFS/Far_Military Bay/IndustryBuildings/Warehouse_MediumSlant/collider",
      "position": "(18.5904541,7.175891,-3.00727844)",
      "rotation": "(0.3365563,0.6571842,-0.5294594,0.417745769)",
      "hash": "3063476F0B0BDA300:30731A761D0BCF570",
      "properties": {
        "type": "Point",
        "intensity": 1.0,
        "range": 20.0,
        "colour": "#FFB24D",
        "corona": {
          "sprite": "corona_orange01.png",
          "scale": 0.75,
          "range": 100.0
        },
        "dutyCycle": "DuskTillDawn()"
      }
    },
    {
      "parent": "/Far__x12_z2/Far__x12_z2_LFS/Far_Military Bay/IndustryBuildings/Warehouse_MediumSlant/collider",
      "position": "(18.6541138,7.189769,3.00245667)",
      "rotation": "(0.336556256,0.6571842,-0.5294594,0.417745769)",
      "hash": "3063476F0B0BDA300:307557761E0BD51C0",
      "properties": {
        "type": "Point",
        "intensity": 1.0,
        "range": 20.0,
        "colour": "#FFB24D",
        "corona": {
          "sprite": "corona_orange01.png",
          "scale": 0.75,
          "range": 100.0
        },
        "dutyCycle": "DuskTillDawn()"
      }
    },
    {
      "parent": "/Far__x12_z2/Far__x12_z2_LFS/Far_Military Bay/IndustryBuildings/Warehouse_MediumSlant (1)/collider",
      "position": "(18.6109619,7.18034649,-3.01326)",
      "rotation": "(0.3365563,0.6571842,-0.5294594,0.417745769)",
      "hash": "306E206F0B0BF10C0:307D59761D0BE6310",
      "properties": {
        "type": "Point",
        "intensity": 1.0,
        "range": 20.0,
        "colour": "#FFB24D",
        "corona": {
          "sprite": "corona_orange01.png",
          "scale": 0.75,
          "range": 100.0
        },
        "dutyCycle": "DuskTillDawn()"
      }
    },
    {
      "parent": "/Far__x12_z2/Far__x12_z2_LFS/Far_Military Bay/IndustryBuildings/Warehouse_MediumSlant (1)/collider",
      "position": "(18.6118164,7.1804,3.013153)",
      "rotation": "(0.336556256,0.6571842,-0.5294594,0.417745769)",
      "hash": "306E206F0B0BF10C0:30802D761D0BEB5F0",
      "properties": {
        "type": "Point",
        "intensity": 1.0,
        "range": 20.0,
        "colour": "#FFB24D",
        "corona": {
          "sprite": "corona_orange01.png",
          "scale": 0.75,
          "range": 100.0
        },
        "dutyCycle": "DuskTillDawn()"
      }
    },
    {
      "parent": "/Far__x12_z2/Far__x12_z2_LFS/Far_Military Bay/IndustryBuildings/Warehouse_MediumSlant (2)/collider",
      "position": "(18.585083,7.174632,-3.00080872)",
      "rotation": "(0.3365563,0.6571842,-0.5294594,0.417745769)",
      "hash": "30785D6F0B0C074B0:308830761D0BFD0F0",
      "properties": {
        "type": "Point",
        "intensity": 1.0,
        "range": 20.0,
        "colour": "#FFB24D",
        "corona": {
          "sprite": "corona_orange01.png",
          "scale": 0.75,
          "range": 100.0
        },
        "dutyCycle": "DuskTillDawn()"
      }
    },
    {
      "parent": "/Far__x12_z2/Far__x12_z2_LFS/Far_Military Bay/IndustryBuildings/Warehouse_MediumSlant (2)/collider",
      "position": "(18.586853,7.175105,3.00526428)",
      "rotation": "(0.336556256,0.6571842,-0.5294594,0.417745769)",
      "hash": "30785D6F0B0C074B0:308B03761D0C023B0",
      "properties": {
        "type": "Point",
        "intensity": 1.0,
        "range": 20.0,
        "colour": "#FFB24D",
        "corona": {
          "sprite": "corona_orange01.png",
          "scale": 0.75,
          "range": 100.0
        },
        "dutyCycle": "DuskTillDawn()"
      }
    },
    {
      "parent": "/Far__x12_z2/Far__x12_z2_LFS/Far_Military Bay/IndustryBuildings/Warehouse_MediumSlant (3)/collider",
      "position": "(18.5478516,7.16655254,-3.00775146)",
      "rotation": "(0.3365563,0.6571842,-0.5294594,0.417745769)",
      "hash": "3083366F0B0C1E270:309306761C0C134F0",
      "properties": {
        "type": "Point",
        "intensity": 1.0,
        "range": 20.0,
        "colour": "#FFB24D",
        "corona": {
          "sprite": "corona_orange01.png",
          "scale": 0.75,
          "range": 100.0
        },
        "dutyCycle": "DuskTillDawn()"
      }
    },
    {
      "parent": "/Far__x12_z2/Far__x12_z2_LFS/Far_Military Bay/IndustryBuildings/Warehouse_MediumSlant (3)/collider",
      "position": "(18.6210327,7.182559,2.99542236)",
      "rotation": "(0.336556256,0.6571842,-0.5294594,0.417745769)",
      "hash": "3083366F0B0C1E270:309543761E0C19140",
      "properties": {
        "type": "Point",
        "intensity": 1.0,
        "range": 20.0,
        "colour": "#FFB24D",
        "corona": {
          "sprite": "corona_orange01.png",
          "scale": 0.75,
          "range": 100.0
        },
        "dutyCycle": "DuskTillDawn()"
      }
    },
    {
      "parent": "/Far__x12_z2/Far__x12_z2_LFS/Far_Military Bay/IndustryBuildings/Warehouse_MediumSlant (3)/collider/%GROUP%_Mesh001313044A000204",
      "position": "(0,0.285,-0.04)",
      "rotation": "(0,-0.536452949,0,0.843930244)",
      "hash": "30730273560C28270:30724D73520C28330",
      "properties": {
        "type": "Point",
        "intensity": 0.5,
        "range": 10.0,
        "colour": "#FFFFFF",
        "corona": {
          "sprite": "corona_flare02.png",
          "scale": 0.87,
          "range": 100.0
        },
        "dutyCycle": "DuskTillDawn()"
      }
    },
    {
      "parent": "/Far__x12_z2/Far__x12_z2_LFS/Far_Military Bay/IndustryBuildings/Warehouse_MediumSlant (2)/collider/%GROUP%_Mesh001314043D00020A",
      "position": "(0,0.285,-0.04)",
      "rotation": "(0,-0.536452949,0,0.843930244)",
      "hash": "30682C73490C11500:30681273450C115D0",
      "properties": {
        "type": "Point",
        "intensity": 0.5,
        "range": 10.0,
        "colour": "#FFFFFF",
        "corona": {
          "sprite": "corona_flare02.png",
          "scale": 0.87,
          "range": 100.0
        },
        "dutyCycle": "DuskTillDawn()"
      }
    },
    {
      "parent": "/Far__x12_z2/Far__x12_z2_LFS/Far_Military Bay/IndustryBuildings/Warehouse_MediumSlant (1)/collider/%GROUP%_Mesh0013130441000206",
      "position": "(0,0.285,-0.04)",
      "rotation": "(0,-0.536452949,0,0.843930244)",
      "hash": "305D51734D0BFB0D0:305D3773490BFB190",
      "properties": {
        "type": "Point",
        "intensity": 0.5,
        "range": 10.0,
        "colour": "#FFFFFF",
        "corona": {
          "sprite": "corona_flare02.png",
          "scale": 0.87,
          "range": 100.0
        },
        "dutyCycle": "DuskTillDawn()"
      }
    },
    {
      "parent": "/Far__x12_z2/Far__x12_z2_LFS/Far_Military Bay/IndustryBuildings/Warehouse_MediumSlant/collider/%GROUP%_Mesh0013130446000163",
      "position": "(0,0.285,-0.04)",
      "rotation": "(0,-0.536452949,0,0.843930244)",
      "hash": "30531173520BE42C0:30525B734E0BE4380",
      "properties": {
        "type": "Point",
        "intensity": 0.5,
        "range": 10.0,
        "colour": "#FFFFFF",
        "corona": {
          "sprite": "corona_flare02.png",
          "scale": 0.87,
          "range": 100.0
        },
        "dutyCycle": "DuskTillDawn()"
      }
    },
    {
      "parent": "/Far__x12_z2/Far__x12_z2_LFS/Far_Military Bay/IndustryBuildings/Warehouse_MediumFlat2 (1)/collider",
      "position": "(-13.6136475,7.180934,0.0174865723)",
      "rotation": "(0.5294594,-0.417745769,0.3365563,0.6571842)",
      "hash": "30490B6F0B0BAD340:303C4F761E0BB31F0",
      "properties": {
        "type": "Point",
        "intensity": 1.0,
        "range": 20.0,
        "colour": "#FFB24D",
        "corona": {
          "sprite": "corona_orange01.png",
          "scale": 0.75,
          "range": 100.0
        },
        "dutyCycle": "DuskTillDawn()"
      }
    },
    {
      "parent": "/Far__x12_z2/Far__x12_z2_LFS/Far_Military Bay/IndustryBuildings/Warehouse_MediumFlat2/collider",
      "position": "(-13.5845337,7.17457867,0.0141601563)",
      "rotation": "(0.5294594,-0.417745769,0.3365563,0.6571842)",
      "hash": "303E326F0B0B96580:303214761D0B9C420",
      "properties": {
        "type": "Point",
        "intensity": 1.0,
        "range": 20.0,
        "colour": "#FFB24D",
        "corona": {
          "sprite": "corona_orange01.png",
          "scale": 0.75,
          "range": 100.0
        },
        "dutyCycle": "DuskTillDawn()"
      }
    },
    {
      "parent": "/Far__x12_z2/Far__x12_z2_LFS/Far_Military Bay/IndustryBuildings/Utility_Medium2/collider/%GROUP%_Mesh000814064C000B5D",
      "position": "(0,0.285,-0.04)",
      "rotation": "(0,-0.536453,0,0.8439302)",
      "hash": "2FD64B75580AD3460:2FD63175540AD3520",
      "properties": {
        "type": "Point",
        "intensity": 0.5,
        "range": 10.0,
        "colour": "#FFFFFF",
        "corona": {
          "sprite": "corona_flare02.png",
          "scale": 0.87,
          "range": 100.0
        },
        "dutyCycle": "DuskTillDawn()"
      }
    },
    {
      "parent": "/Far__x12_z2/Far__x12_z2_LFS/Far_Military Bay/IndustryBuildings/Utility_Medium2/collider/%GROUP%_Mesh0008130653000C05",
      "position": "(0,0.285,-0.04)",
      "rotation": "(0,-0.536453068,0,0.8439302)",
      "hash": "2FCC39755F0ABD620:2FCC1F755B0ABE0A0",
      "properties": {
        "type": "Point",
        "intensity": 0.5,
        "range": 10.0,
        "colour": "#FFFFFF",
        "corona": {
          "sprite": "corona_flare02.png",
          "scale": 0.87,
          "range": 100.0
        },
        "dutyCycle": "DuskTillDawn()"
      }
    },
    {
      "parent": "/Far__x12_z2/Far__x12_z2_LFS/Far_Military Bay/IndustryBuildings/Utility_Medium2/collider",
      "position": "(4.396423,7.17892,-2.01989865)",
      "rotation": "(-0.513751745,-0.425597,-0.326571643,0.66953516)",
      "hash": "2FD90B6F0B0AC5290:2FDC17761D0AC1480",
      "properties": {
        "type": "Point",
        "intensity": 1.0,
        "range": 20.0,
        "colour": "#DDEEFF",
        "corona": {
          "sprite": "corona_flare02.png",
          "scale": 1.0,
          "range": 100.0
        },
        "dutyCycle": "DuskTillDawn()"
      }
    },
    {
      "parent": "/Far__x12_z2/Far__x12_z2_LFS/Far_Military Bay/IndustryBuildings/Utility_Medium2/collider",
      "position": "(4.34253,7.164462,2.002013)",
      "rotation": "(-0.5137517,-0.425597,-0.3265716,0.6695352)",
      "hash": "2FD90B6F0B0AC5290:2FDD59761C0AC5260",
      "properties": {
        "type": "Point",
        "intensity": 1.0,
        "range": 20.0,
        "colour": "#DDEEFF",
        "corona": {
          "sprite": "corona_flare02.png",
          "scale": 1.0,
          "range": 100.0
        },
        "dutyCycle": "DuskTillDawn()"
      }
    },
    {
      "parent": "/Far__x12_z2/Far__x12_z2_LFS/Far_Military Bay/SilosCranes/MilitaryStorage#3/Collider/%GROUP%_Mesh00081E045B000003",
      "position": "(0,0.285,-0.04)",
      "hash": "2FD03F75620AA2240:2FD059755E0AA2180",
      "properties": {
        "type": "Point",
        "intensity": 1.0,
        "range": 20.0,
        "colour": "#FFEEAA",
        "corona": {
          "sprite": "corona_white01.png",
          "scale": 0.87,
          "range": 100.0
        },
        "dutyCycle": "DuskTillDawn()"
      }
    },
    {
      "parent": "/Far__x12_z2/Far__x12_z2_LFS/Far_Military Bay/SilosCranes/MilitaryStorage#2/Collider/%GROUP%_Mesh00081E0451000002",
      "position": "(0,0.285,-0.04)",
      "hash": "2FC60375580A8B490:2FC61C75540A8B3D0",
      "properties": {
        "type": "Point",
        "intensity": 1.0,
        "range": 20.0,
        "colour": "#FFEEAA",
        "corona": {
          "sprite": "corona_white01.png",
          "scale": 0.87,
          "range": 100.0
        },
        "dutyCycle": "DuskTillDawn()"
      }
    },
    {
      "parent": "/Far__x12_z2/Far__x12_z2_LFS/Far_Military Bay/SilosCranes/MilitaryStorage#4/Collider/%GROUP%_Mesh00081E0452000000",
      "position": "(0,0.285,-0.04)",
      "hash": "2FBB2A75580A750B0:2FBB4475540A74630",
      "properties": {
        "type": "Point",
        "intensity": 1.0,
        "range": 20.0,
        "colour": "#FFEEAA",
        "corona": {
          "sprite": "corona_white01.png",
          "scale": 0.87,
          "range": 100.0
        },
        "dutyCycle": "DuskTillDawn()"
      }
    },
    {
      "parent": "/Far__x12_z2/Far__x12_z2_LFS/Far_Military Bay/SilosCranes/MilitaryStorage#0/Collider/%GROUP%_Mesh00081E045B000001",
      "position": "(0,0.285,-0.04)",
      "hash": "2FB05275620A5E320:2FB108755E0A5E260",
      "properties": {
        "type": "Point",
        "intensity": 1.0,
        "range": 20.0,
        "colour": "#FFEEAA",
        "corona": {
          "sprite": "corona_white01.png",
          "scale": 0.87,
          "range": 100.0
        },
        "dutyCycle": "DuskTillDawn()"
      }
    },
    {
      "parent": "/Far__x12_z2/Far__x12_z2_LFS/Far_Military Bay/SilosCranes/MilitaryStorage#6/Collider/%GROUP%_Mesh00081E0458000001",
      "position": "(0,0.285,-0.04)",
      "hash": "2FD40C755F0A4D5C0:2FD426755B0A4D500",
      "properties": {
        "type": "Point",
        "intensity": 1.0,
        "range": 20.0,
        "colour": "#FFEEAA",
        "corona": {
          "sprite": "corona_white01.png",
          "scale": 0.87,
          "range": 100.0
        },
        "dutyCycle": "DuskTillDawn()"
      }
    },
    {
      "parent": "/Far__x12_z2/Far__x12_z2_LFS/Far_Military Bay/SilosCranes/MilitaryStorage#1/Collider/%GROUP%_Mesh00081E0454000001",
      "position": "(0,0.285,-0.04)",
      "hash": "2FDE49755B0A64380:2FDE6375570A642C0",
      "properties": {
        "type": "Point",
        "intensity": 1.0,
        "range": 20.0,
        "colour": "#FFEEAA",
        "corona": {
          "sprite": "corona_white01.png",
          "scale": 0.87,
          "range": 100.0
        },
        "dutyCycle": "DuskTillDawn()"
      }
    },
    {
      "parent": "/Far__x12_z2/Far__x12_z2_LFS/Far_Military Bay/SilosCranes/MilitaryStorage (1)/Collider/%GROUP%_Mesh00081E0453000002",
      "position": "(0,0.285,-0.04)",
      "hash": "2FE922755A0A7B120:2FE93C75560A7B060",
      "properties": {
        "type": "Point",
        "intensity": 1.0,
        "range": 20.0,
        "colour": "#FFEEAA",
        "corona": {
          "sprite": "corona_white01.png",
          "scale": 0.87,
          "range": 100.0
        },
        "dutyCycle": "DuskTillDawn()"
      }
    },
    {
      "parent": "/Far__x12_z2/Far__x12_z2_LFS/Far_Military Bay/SilosCranes/MilitaryStorage#5/Collider/%GROUP%_Mesh00081E0453000000",
      "position": "(0,0.285,-0.04)",
      "hash": "2FF360755A0A91530:2FF41575560A91470",
      "properties": {
        "type": "Point",
        "intensity": 1.0,
        "range": 20.0,
        "colour": "#FFEEAA",
        "corona": {
          "sprite": "corona_white01.png",
          "scale": 0.87,
          "range": 100.0
        },
        "dutyCycle": "DuskTillDawn()"
      }
    },
    {
      "parent": "/Far__x12_z2/Far__x12_z2_LFS/Far_Military Bay/SilosCranes/MilitaryBarracks1 (12)/Collider/%GROUP%_Mesh00065A0313000005",
      "position": "(0,0.285,-0.04)",
      "hash": "30091D741A0AF40E0:30093774160AF4020",
      "properties": {
        "type": "Point",
        "intensity": 1.0,
        "range": 20.0,
        "colour": "#FFEEAA",
        "corona": {
          "sprite": "corona_white01.png",
          "scale": 0.87,
          "range": 100.0
        },
        "dutyCycle": "DuskTillDawn()"
      }
    },
    {
      "parent": "/Far__x12_z2/Far__x12_z2_LFS/Far_Military Bay/SilosCranes/MilitaryBarracks1 (10)/Collider/%GROUP%_Mesh0006590307000002",
      "position": "(0,0.285,-0.04)",
      "hash": "301A1A740E0B18210:301A33740A0B18150",
      "properties": {
        "type": "Point",
        "intensity": 1.0,
        "range": 20.0,
        "colour": "#FFEEAA",
        "corona": {
          "sprite": "corona_white01.png",
          "scale": 0.87,
          "range": 100.0
        },
        "dutyCycle": "DuskTillDawn()"
      }
    },
    {
      "parent": "/Far__x12_z2/Far__x12_z2_LFS/Far_Military Bay/SilosCranes/MilitaryBarracks1 (4)/Collider/%GROUP%_Mesh0006590302000002",
      "position": "(0,0.285,-0.04)",
      "hash": "302A5174090B3B3F0:302B0774050B3B330",
      "properties": {
        "type": "Point",
        "intensity": 1.0,
        "range": 20.0,
        "colour": "#FFEEAA",
        "corona": {
          "sprite": "corona_white01.png",
          "scale": 0.87,
          "range": 100.0
        },
        "dutyCycle": "DuskTillDawn()"
      }
    },
    {
      "parent": "/Far__x12_z2/Far__x12_z2_LFS/Far_Military Bay/SilosCranes/MilitaryBarracks1 (2)/Collider/%GROUP%_Mesh000659030B000000",
      "position": "(0,0.285,-0.04)",
      "hash": "303B4E74120B5F530:303C03740E0B5F470",
      "properties": {
        "type": "Point",
        "intensity": 1.0,
        "range": 20.0,
        "colour": "#FFEEAA",
        "corona": {
          "sprite": "corona_white01.png",
          "scale": 0.87,
          "range": 100.0
        },
        "dutyCycle": "DuskTillDawn()"
      }
    },
    {
      "parent": "/Far__x12_z2/Far__x12_z2_LFS/Far_Military Bay/SilosCranes/MilitaryBarracks1 (6)/Collider/%GROUP%_Mesh00065A0304000009",
      "position": "(0,0.285,-0.04)",
      "hash": "30275A740A0B69190:30280F74060B690D0",
      "properties": {
        "type": "Point",
        "intensity": 1.0,
        "range": 20.0,
        "colour": "#FFEEAA",
        "corona": {
          "sprite": "corona_white01.png",
          "scale": 0.87,
          "range": 100.0
        },
        "dutyCycle": "DuskTillDawn()"
      }
    },
    {
      "parent": "/Far__x12_z2/Far__x12_z2_LFS/Far_Military Bay/SilosCranes/MilitaryBarracks1 (8)/Collider/%GROUP%_Mesh0006590304000001",
      "position": "(0,0.285,-0.04)",
      "hash": "301659740B0B44610:30170E74070B44550",
      "properties": {
        "type": "Point",
        "intensity": 1.0,
        "range": 20.0,
        "colour": "#FFEEAA",
        "corona": {
          "sprite": "corona_white01.png",
          "scale": 0.87,
          "range": 100.0
        },
        "dutyCycle": "DuskTillDawn()"
      }
    },
    {
      "parent": "/Far__x12_z2/Far__x12_z2_LFS/Far_Military Bay/SilosCranes/MilitaryBarracks1 (15)/Collider/%GROUP%_Mesh0006590307000000",
      "position": "(0,0.285,-0.04)",
      "hash": "300620740E0B21400:30063A740A0B21340",
      "properties": {
        "type": "Point",
        "intensity": 1.0,
        "range": 20.0,
        "colour": "#FFEEAA",
        "corona": {
          "sprite": "corona_white01.png",
          "scale": 0.87,
          "range": 100.0
        },
        "dutyCycle": "DuskTillDawn()"
      }
    },
    {
      "parent": "/Far__x12_z2/Far__x12_z2_LFS/Far_Military Bay/SilosCranes/MilitaryBarracks1 (17)/Collider/%GROUP%_Mesh00065A0305000003",
      "position": "(0,0.285,-0.04)",
      "hash": "2FF524740C0AFD2D0:2FF53E74080AFD210",
      "properties": {
        "type": "Point",
        "intensity": 1.0,
        "range": 20.0,
        "colour": "#FFEEAA",
        "corona": {
          "sprite": "corona_white01.png",
          "scale": 0.87,
          "range": 100.0
        },
        "dutyCycle": "DuskTillDawn()"
      }
    },
    {
      "parent": "/Far__x12_z2/Far__x12_z2_LFS/Far_Military Bay/IndustryBuildings/Offices_Medium2/collider",
      "position": "(-2.01708984,6.18164349,9.631256)",
      "rotation": "(-0.136390284,0.7578794,-0.6154758,-0.167947114)",
      "hash": "30AB236F0B0B6D500:30A909751E0B64160",
      "properties": {
        "type": "Point",
        "intensity": 1.0,
        "range": 20.0,
        "colour": "#FFB24D",
        "corona": {
          "sprite": "corona_orange01.png",
          "scale": 0.75,
          "range": 100.0
        },
        "dutyCycle": "DuskTillDawn()"
      }
    },
    {
      "parent": "/Far__x12_z2/Far__x12_z2_LFS/Far_Military Bay/IndustryBuildings/Utility_ForestHouse/collider",
      "position": "(5.62371826,7.182925,-7.97940063)",
      "rotation": "(0.336556137,0.657184362,-0.5294592,0.417746037)",
      "hash": "30B95A6F0B0B880B0:30BB3C761E0B7E320",
      "properties": {
        "type": "Point",
        "intensity": 1.0,
        "range": 20.0,
        "colour": "#FFB24D",
        "corona": {
          "sprite": "corona_orange01.png",
          "scale": 0.75,
          "range": 100.0
        },
        "dutyCycle": "DuskTillDawn()"
      }
    },
    {
      "parent": "/Far__x12_z2/Far__x12_z2_LFS/Far_Military Bay/IndustryBuildings/Utility_ForestHouse/collider",
      "position": "(-1.99407959,5.37295055,4.39712524)",
      "rotation": "(0.5941929,0.172491387,-0.1323552,0.7743795)",
      "hash": "30B95A6F0B0B880B0:30B96074310B8C5E0",
      "properties": {
        "type": "Point",
        "intensity": 1.0,
        "range": 20.0,
        "colour": "#DDEEFF",
        "corona": {
          "sprite": "corona_flare02.png",
          "scale": 1.0,
          "range": 100.0
        },
        "dutyCycle": "DuskTillDawn()"
      }
    },
    {
      "parent": "/Far__x12_z2/Far__x12_z2_LFS/Far_Military Bay/IndustryBuildings/Utility_ForestHouse/collider",
      "position": "(-5.63433838,7.1854353,-7.96264648)",
      "rotation": "(0.5294592,-0.417746037,0.336556137,0.657184362)",
      "hash": "30B95A6F0B0B880B0:30B129761E0B831D0",
      "properties": {
        "type": "Point",
        "intensity": 1.0,
        "range": 20.0,
        "colour": "#FFB24D",
        "corona": {
          "sprite": "corona_orange01.png",
          "scale": 0.75,
          "range": 100.0
        },
        "dutyCycle": "DuskTillDawn()"
      }
    },
    {
      "parent": "/Far__x12_z2/Far__x12_z2_LFS/Far_Military Bay/IndustryBuildings/Offices_Medium2/collider",
      "position": "(-2.01251221,6.18554974,-9.650421)",
      "rotation": "(0.615414858,0.16796656,-0.136384234,0.75792557)",
      "hash": "30AB236F0B0B6D500:30B11B751E0B75440",
      "properties": {
        "type": "Point",
        "intensity": 1.0,
        "range": 20.0,
        "colour": "#FFB24D",
        "corona": {
          "sprite": "corona_orange01.png",
          "scale": 0.75,
          "range": 100.0
        },
        "dutyCycle": "DuskTillDawn()"
      }
    },
    {
      "parent": "/Far__x12_z2/Far__x12_z2_LFS/Far_Military Bay/IndustryBuildings/Offices_Medium2/collider/%GROUP%_Mesh0008090436000002",
      "position": "(0,0.285,-0.04)",
      "rotation": "(0,-0.536452949,0,0.843930244)",
      "hash": "30A40373420B711A0:30A34D733E0B71260",
      "properties": {
        "type": "Point",
        "intensity": 0.5,
        "range": 10.0,
        "colour": "#FFFFFF",
        "corona": {
          "sprite": "corona_flare02.png",
          "scale": 0.87,
          "range": 100.0
        },
        "dutyCycle": "DuskTillDawn()"
      }
    },
    {
      "parent": "/Far__x12_z2/Far__x12_z2_LFS/Far_Military Bay/IndustryBuildings/Warehouse_MediumFlat2 (1)/collider",
      "position": "(13.5598755,7.169154,0.0129089355)",
      "rotation": "(0.3365563,0.6571842,-0.5294594,0.417745769)",
      "hash": "30490B6F0B0BAD340:305527761C0BA74D0",
      "properties": {
        "type": "Point",
        "intensity": 1.0,
        "range": 20.0,
        "colour": "#FFB24D",
        "corona": {
          "sprite": "corona_orange01.png",
          "scale": 0.75,
          "range": 100.0
        },
        "dutyCycle": "DuskTillDawn()"
      }
    },
    {
      "parent": "/Far__x12_z2/Far__x12_z2_LFS/Far_Military Bay/IndustryBuildings/Warehouse_MediumFlat2/collider",
      "position": "(13.5828857,7.174136,0.0134277344)",
      "rotation": "(0.336556256,0.6571842,-0.5294594,0.417745769)",
      "hash": "303E326F0B0B96580:304A50761D0B910D0",
      "properties": {
        "type": "Point",
        "intensity": 1.0,
        "range": 20.0,
        "colour": "#FFB24D",
        "corona": {
          "sprite": "corona_orange01.png",
          "scale": 0.75,
          "range": 100.0
        },
        "dutyCycle": "DuskTillDawn()"
      }
    },
    {
      "parent": "/Far__x12_z2/Far__x12_z2_LFS/Far_General/Ship Bollard Arrays/Ship Bollard Array 12/Ship_Bollard (47)/collider/%GROUP%_Mesh00D7190001015D5F",
      "position": "(0,7.1,1.55)",
      "hash": "30921171080BE55A0:30925578120BE71D0",
      "properties": {
        "type": "Point",
        "intensity": 1.0,
        "range": 20.0,
        "colour": "#FFB24D",
        "corona": {
          "sprite": "corona_orange01.png",
          "scale": 0.75,
          "range": 100.0
        },
        "dutyCycle": "DuskTillDawn()"
      }
    },
    {
      "parent": "/Far__x12_z2/Far__x12_z2_LFS/Far_General/Ship Bollard Arrays/Ship Bollard Array 12/Ship_Bollard (47)/collider/%GROUP%_Mesh00D7190001015D5F",
      "position": "(0,7.1,-1.55)",
      "hash": "30921171080BE55A0:30913178120BE4330",
      "properties": {
        "type": "Point",
        "intensity": 1.0,
        "range": 20.0,
        "colour": "#FFB24D",
        "corona": {
          "sprite": "corona_orange01.png",
          "scale": 0.75,
          "range": 100.0
        },
        "dutyCycle": "DuskTillDawn()"
      }
    },
    {
      "parent": "/Far__x12_z2/Far__x12_z2_LFS/Far_General/Ship Bollard Arrays/Ship Bollard Array 12/Ship_Bollard (47)/collider/%GROUP%_Mesh00D71B0001012C0A",
      "position": "(0,7.1,1.55)",
      "hash": "30A71E71080C13040:30A76078120C142C0",
      "properties": {
        "type": "Point",
        "intensity": 1.0,
        "range": 20.0,
        "colour": "#FFB24D",
        "corona": {
          "sprite": "corona_orange01.png",
          "scale": 0.75,
          "range": 100.0
        },
        "dutyCycle": "DuskTillDawn()"
      }
    },
    {
      "parent": "/Far__x12_z2/Far__x12_z2_LFS/Far_General/Ship Bollard Arrays/Ship Bollard Array 12/Ship_Bollard (47)/collider/%GROUP%_Mesh00D71B0001012C0A",
      "position": "(0,7.1,-1.55)",
      "hash": "30A71E71080C13040:30A64178120C113F0",
      "properties": {
        "type": "Point",
        "intensity": 1.0,
        "range": 20.0,
        "colour": "#FFB24D",
        "corona": {
          "sprite": "corona_orange01.png",
          "scale": 0.75,
          "range": 100.0
        },
        "dutyCycle": "DuskTillDawn()"
      }
    },
    {
      "parent": "/Far__x12_z2/Far__x12_z2_LFS/Far_General/Ship Bollard Arrays/Ship Bollard Array 12/Ship_Bollard (47)/collider/%GROUP%_Mesh00D726000100FA0D",
      "position": "(0,7.1,1.55)",
      "hash": "30BC2A71080C40210:30BD0878120C41490",
      "properties": {
        "type": "Point",
        "intensity": 1.0,
        "range": 20.0,
        "colour": "#FFB24D",
        "corona": {
          "sprite": "corona_orange01.png",
          "scale": 0.75,
          "range": 100.0
        },
        "dutyCycle": "DuskTillDawn()"
      }
    },
    {
      "parent": "/Far__x12_z2/Far__x12_z2_LFS/Far_General/Ship Bollard Arrays/Ship Bollard Array 12/Ship_Bollard (47)/collider/%GROUP%_Mesh00D726000100FA0D",
      "position": "(0,7.1,-1.55)",
      "hash": "30BC2A71080C40210:30BB4C78120C3E5C0",
      "properties": {
        "type": "Point",
        "intensity": 1.0,
        "range": 20.0,
        "colour": "#FFB24D",
        "corona": {
          "sprite": "corona_orange01.png",
          "scale": 0.75,
          "range": 100.0
        },
        "dutyCycle": "DuskTillDawn()"
      }
    },
    {
      "parent": "/Far__x12_z2/Far__x12_z2_LFS/Far_General/Ship Bollard Arrays/Ship Bollard Array 12/Ship_Bollard (47)/collider/%GROUP%_Mesh00D72C000100C811",
      "position": "(0,7.1,1.55)",
      "hash": "30D13971080C6D3C0:30D21678120C6F000",
      "properties": {
        "type": "Point",
        "intensity": 1.0,
        "range": 20.0,
        "colour": "#FFB24D",
        "corona": {
          "sprite": "corona_orange01.png",
          "scale": 0.75,
          "range": 100.0
        },
        "dutyCycle": "DuskTillDawn()"
      }
    },
    {
      "parent": "/Far__x12_z2/Far__x12_z2_LFS/Far_General/Ship Bollard Arrays/Ship Bollard Array 12/Ship_Bollard (47)/collider/%GROUP%_Mesh00D72C000100C811",
      "position": "(0,7.1,-1.55)",
      "hash": "30D13971080C6D3C0:30D05B78120C6C130",
      "properties": {
        "type": "Point",
        "intensity": 1.0,
        "range": 20.0,
        "colour": "#FFB24D",
        "corona": {
          "sprite": "corona_orange01.png",
          "scale": 0.75,
          "range": 100.0
        },
        "dutyCycle": "DuskTillDawn()"
      }
    },
    {
      "parent": "/Far__x12_z2/Far__x12_z2_LFS/Far_General/Ship Bollard Arrays/Ship Bollard Array 12/Ship_Bollard (47)/collider/%GROUP%_Mesh00D739000100961A",
      "position": "(0,7.1,1.55)",
      "hash": "30E64071080C9A540:30E71D78120C9C190",
      "properties": {
        "type": "Point",
        "intensity": 1.0,
        "range": 20.0,
        "colour": "#FFB24D",
        "corona": {
          "sprite": "corona_orange01.png",
          "scale": 0.75,
          "range": 100.0
        },
        "dutyCycle": "DuskTillDawn()"
      }
    },
    {
      "parent": "/Far__x12_z2/Far__x12_z2_LFS/Far_General/Ship Bollard Arrays/Ship Bollard Array 12/Ship_Bollard (47)/collider/%GROUP%_Mesh00D739000100961A",
      "position": "(0,7.1,-1.55)",
      "hash": "30E64071080C9A540:30E56278120C992C0",
      "properties": {
        "type": "Point",
        "intensity": 1.0,
        "range": 20.0,
        "colour": "#FFB24D",
        "corona": {
          "sprite": "corona_orange01.png",
          "scale": 0.75,
          "range": 100.0
        },
        "dutyCycle": "DuskTillDawn()"
      }
    },
    {
      "parent": "/Far__x12_z2/Far__x12_z2_LFS/Far_General/Ship Bollard Arrays/Ship Bollard Array 12/Ship_Bollard (47)/collider/%GROUP%_Mesh011329000100FA1D",
      "position": "(0,7.1,1.55)",
      "hash": "30856371080C59430:30864178120C5B070",
      "properties": {
        "type": "Point",
        "intensity": 1.0,
        "range": 20.0,
        "colour": "#FFB24D",
        "corona": {
          "sprite": "corona_orange01.png",
          "scale": 0.75,
          "range": 100.0
        },
        "dutyCycle": "DuskTillDawn()"
      }
    },
    {
      "parent": "/Far__x12_z2/Far__x12_z2_LFS/Far_General/Ship Bollard Arrays/Ship Bollard Array 12/Ship_Bollard (47)/collider/%GROUP%_Mesh011329000100FA1D",
      "position": "(0,7.1,-1.55)",
      "hash": "30856371080C59430:30852278120C581A0",
      "properties": {
        "type": "Point",
        "intensity": 1.0,
        "range": 20.0,
        "colour": "#FFB24D",
        "corona": {
          "sprite": "corona_orange01.png",
          "scale": 0.75,
          "range": 100.0
        },
        "dutyCycle": "DuskTillDawn()"
      }
    },
    {
      "parent": "/Far__x12_z2/Far__x12_z2_LFS/Far_General/Ship Bollard Arrays/Ship Bollard Array 12/Ship_Bollard (47)/collider/%GROUP%_Mesh01131F000100C816",
      "position": "(0,7.1,1.55)",
      "hash": "309B2271080C86600:309C0278120C88230",
      "properties": {
        "type": "Point",
        "intensity": 1.0,
        "range": 20.0,
        "colour": "#FFB24D",
        "corona": {
          "sprite": "corona_orange01.png",
          "scale": 0.75,
          "range": 100.0
        },
        "dutyCycle": "DuskTillDawn()"
      }
    },
    {
      "parent": "/Far__x12_z2/Far__x12_z2_LFS/Far_General/Ship Bollard Arrays/Ship Bollard Array 12/Ship_Bollard (47)/collider/%GROUP%_Mesh01131F000100C816",
      "position": "(0,7.1,-1.55)",
      "hash": "309B2271080C86600:309A4278120C85390",
      "properties": {
        "type": "Point",
        "intensity": 1.0,
        "range": 20.0,
        "colour": "#FFB24D",
        "corona": {
          "sprite": "corona_orange01.png",
          "scale": 0.75,
          "range": 100.0
        },
        "dutyCycle": "DuskTillDawn()"
      }
    },
    {
      "parent": "/Far__x12_z2/Far__x12_z2_LFS/Far_General/Ship Bollard Arrays/Ship Bollard Array 12/Ship_Bollard (47)/collider/%GROUP%_Mesh01133E0001009616",
      "position": "(0,7.1,1.55)",
      "hash": "30B01C71080CB4240:30B05F78120CB54C0",
      "properties": {
        "type": "Point",
        "intensity": 1.0,
        "range": 20.0,
        "colour": "#FFB24D",
        "corona": {
          "sprite": "corona_orange01.png",
          "scale": 0.75,
          "range": 100.0
        },
        "dutyCycle": "DuskTillDawn()"
      }
    },
    {
      "parent": "/Far__x12_z2/Far__x12_z2_LFS/Far_General/Ship Bollard Arrays/Ship Bollard Array 12/Ship_Bollard (47)/collider/%GROUP%_Mesh01133E0001009616",
      "position": "(0,7.1,-1.55)",
      "hash": "30B01C71080CB4240:30AF3C78120CB2610",
      "properties": {
        "type": "Point",
        "intensity": 1.0,
        "range": 20.0,
        "colour": "#FFB24D",
        "corona": {
          "sprite": "corona_orange01.png",
          "scale": 0.75,
          "range": 100.0
        },
        "dutyCycle": "DuskTillDawn()"
      }
    },
    {
      "parent": "/Far__x12_z2/Far__x12_z2_LFS/Far_Military Bay/IndustryBuildings/Storage_UpSlant/collider/%GROUP%_Mesh000001061F001028",
      "position": "(0,0.285,-0.04)",
      "rotation": "(0,-0.536452949,0,0.843930244)",
      "hash": "310450752B0C7B200:31043775270C7B2C0",
      "properties": {
        "type": "Point",
        "intensity": 0.5,
        "range": 10.0,
        "colour": "#FFFFFF",
        "corona": {
          "sprite": "corona_flare02.png",
          "scale": 0.87,
          "range": 100.0
        },
        "dutyCycle": "Always()"
      }
    },
    {
      "parent": "/Far__x12_z2/Far__x12_z2_LFS/Far_Military Bay/IndustryBuildings/Storage_UpSlant/collider/%GROUP%_Mesh000003061900033B",
      "position": "(0,0.285,-0.04)",
      "rotation": "(0,-0.536452949,0,0.843930244)",
      "hash": "31165975250C724F0:31164075210C725B0",
      "properties": {
        "type": "Point",
        "intensity": 0.5,
        "range": 10.0,
        "colour": "#FFFFFF",
        "corona": {
          "sprite": "corona_flare02.png",
          "scale": 0.87,
          "range": 100.0
        },
        "dutyCycle": "Always()"
      }
    },
    {
      "parent": "/Far__x12_z2/Far__x12_z2_LFS/Far_Military Bay/IndustryBuildings/Storage_UpSlant/collider/%GROUP%_Mesh000000062A001027",
      "position": "(0,0.285,-0.04)",
      "rotation": "(0,0.843930244,0,0.536452949)",
      "hash": "31223275360C6D260:31224B75320C6D1A0",
      "properties": {
        "type": "Point",
        "intensity": 0.5,
        "range": 10.0,
        "colour": "#FFFFFF",
        "corona": {
          "sprite": "corona_flare02.png",
          "scale": 0.87,
          "range": 100.0
        },
        "dutyCycle": "Always()"
      }
    },
    {
      "parent": "/Far__x12_z2/Far__x12_z2_LFS/Far_Military Bay/IndustryBuildings/Warehouse_SmallSlant/collider",
      "position": "(-16.9794178,7.17853832,5.61584663)",
      "rotation": "(0.338771582,0.6546525,-0.531646,0.417152822)",
      "hash": "31131C6F0B0C4D570:311F39761D0C5A560",
      "properties": {
        "type": "Point",
        "intensity": 1.0,
        "range": 20.0,
        "colour": "#FFB24D",
        "corona": {
          "sprite": "corona_orange01.png",
          "scale": 0.75,
          "range": 100.0
        },
        "dutyCycle": "DuskTillDawn()"
      }
    },
    {
      "parent": "/Far__x12_z2/Far__x12_z2_LFS/Far_Military Bay/IndustryBuildings/Warehouse_SmallSlant/collider",
      "position": "(-9.037754,7.171191,5.58093357)",
      "rotation": "(0.338771582,0.6546525,-0.531646,0.417152822)",
      "hash": "31131C6F0B0C4D570:311C11761D0C53440",
      "properties": {
        "type": "Point",
        "intensity": 1.0,
        "range": 20.0,
        "colour": "#FFB24D",
        "corona": {
          "sprite": "corona_orange01.png",
          "scale": 0.75,
          "range": 100.0
        },
        "dutyCycle": "DuskTillDawn()"
      }
    },
    {
      "parent": "/Far__x12_z2/Far__x12_z2_LFS/Far_Military Bay/IndustryBuildings/Warehouse_SmallSlant/collider",
      "position": "(-1.03147089,7.17970562,5.62158251)",
      "rotation": "(0.338771582,0.6546525,-0.531646,0.417152822)",
      "hash": "31131C6F0B0C4D570:311851761D0C4C2A0",
      "properties": {
        "type": "Point",
        "intensity": 1.0,
        "range": 20.0,
        "colour": "#FFB24D",
        "corona": {
          "sprite": "corona_orange01.png",
          "scale": 0.75,
          "range": 100.0
        },
        "dutyCycle": "DuskTillDawn()"
      }
    },
    {
      "parent": "/Far__x12_z2/Far__x12_z2_LFS/Far_Military Bay/IndustryBuildings/Warehouse_SmallSlant/collider",
      "position": "(7.00187445,7.170047,5.57568359)",
      "rotation": "(0.338771582,0.6546525,-0.531646,0.417152822)",
      "hash": "31131C6F0B0C4D570:311524761C0C45100",
      "properties": {
        "type": "Point",
        "intensity": 1.0,
        "range": 20.0,
        "colour": "#FFB24D",
        "corona": {
          "sprite": "corona_orange01.png",
          "scale": 0.75,
          "range": 100.0
        },
        "dutyCycle": "DuskTillDawn()"
      }
    },
    {
      "parent": "/Far__x12_z2/Far__x12_z2_LFS/Far_Military Bay/IndustryBuildings/Warehouse_SmallSlant/collider",
      "position": "(14.9929142,7.1755476,5.60168362)",
      "rotation": "(0.338771582,0.6546525,-0.531646,0.417152822)",
      "hash": "31131C6F0B0C4D570:311163761D0C3D5C0",
      "properties": {
        "type": "Point",
        "intensity": 1.0,
        "range": 20.0,
        "colour": "#FFB24D",
        "corona": {
          "sprite": "corona_orange01.png",
          "scale": 0.75,
          "range": 100.0
        },
        "dutyCycle": "DuskTillDawn()"
      }
    },
    {
      "parent": "/Far__x12_z2/Far__x12_z2_LFS/Far_Military Bay/IndustryBuildings/Warehouse_SmallSlant/collider",
      "position": "(18.599596,7.177821,1.03149223)",
      "rotation": "(-0.136403084,0.760090351,-0.6123656,-0.169308439)",
      "hash": "31131C6F0B0C4D570:310C20761D0C3C3B0",
      "properties": {
        "type": "Point",
        "intensity": 1.0,
        "range": 20.0,
        "colour": "#FFB24D",
        "corona": {
          "sprite": "corona_orange01.png",
          "scale": 0.75,
          "range": 100.0
        },
        "dutyCycle": "DuskTillDawn()"
      }
    },
    {
      "parent": "/Far__x12_z2/Far__x12_z2_LFS/Far_Military Bay/IndustryBuildings/Warehouse_SmallSlant (1)/collider",
      "position": "(15.0417042,7.17110729,5.58032131)",
      "rotation": "(0.338771582,0.6546525,-0.531646,0.417152822)",
      "hash": "31044F6F0B0C54420:31032E761D0C44430",
      "properties": {
        "type": "Point",
        "intensity": 1.0,
        "range": 20.0,
        "colour": "#FFB24D",
        "corona": {
          "sprite": "corona_orange01.png",
          "scale": 0.75,
          "range": 100.0
        },
        "dutyCycle": "DuskTillDawn()"
      }
    },
    {
      "parent": "/Far__x12_z2/Far__x12_z2_LFS/Far_Military Bay/IndustryBuildings/Warehouse_SmallSlant (1)/collider",
      "position": "(6.99672842,7.176509,5.60675049)",
      "rotation": "(0.338771582,0.6546525,-0.531646,0.417152822)",
      "hash": "31044F6F0B0C54420:31065A761D0C4B5E0",
      "properties": {
        "type": "Point",
        "intensity": 1.0,
        "range": 20.0,
        "colour": "#FFB24D",
        "corona": {
          "sprite": "corona_orange01.png",
          "scale": 0.75,
          "range": 100.0
        },
        "dutyCycle": "DuskTillDawn()"
      }
    },
    {
      "parent": "/Far__x12_z2/Far__x12_z2_LFS/Far_Military Bay/IndustryBuildings/Warehouse_SmallSlant (1)/collider",
      "position": "(-1.03289,7.1699934,5.575623)",
      "rotation": "(0.338771582,0.6546525,-0.531646,0.417152822)",
      "hash": "31044F6F0B0C54420:310A1C761C0C53170",
      "properties": {
        "type": "Point",
        "intensity": 1.0,
        "range": 20.0,
        "colour": "#FFB24D",
        "corona": {
          "sprite": "corona_orange01.png",
          "scale": 0.75,
          "range": 100.0
        },
        "dutyCycle": "DuskTillDawn()"
      }
    },
    {
      "parent": "/Far__x12_z2/Far__x12_z2_LFS/Far_Military Bay/IndustryBuildings/Warehouse_SmallSlant (1)/collider",
      "position": "(-9.03405,7.1696043,5.572938)",
      "rotation": "(0.338771582,0.6546525,-0.531646,0.417152822)",
      "hash": "31044F6F0B0C54420:310D43761C0C5A2F0",
      "properties": {
        "type": "Point",
        "intensity": 1.0,
        "range": 20.0,
        "colour": "#FFB24D",
        "corona": {
          "sprite": "corona_orange01.png",
          "scale": 0.75,
          "range": 100.0
        },
        "dutyCycle": "DuskTillDawn()"
      }
    },
    {
      "parent": "/Far__x12_z2/Far__x12_z2_LFS/Far_Military Bay/IndustryBuildings/Warehouse_SmallSlant (1)/collider",
      "position": "(-16.9897633,7.17449474,5.59692574)",
      "rotation": "(0.338771582,0.6546525,-0.531646,0.417152822)",
      "hash": "31044F6F0B0C54420:311107761D0C61430",
      "properties": {
        "type": "Point",
        "intensity": 1.0,
        "range": 20.0,
        "colour": "#FFB24D",
        "corona": {
          "sprite": "corona_orange01.png",
          "scale": 0.75,
          "range": 100.0
        },
        "dutyCycle": "DuskTillDawn()"
      }
    },
    {
      "parent": "/Far__x12_z2/Far__x12_z2_LFS/Far_Military Bay/IndustryBuildings/Warehouse_SmallSlant (2)/collider",
      "position": "(-16.9951,7.16503429,5.55133247)",
      "rotation": "(0.338771582,0.6546525,-0.531646,0.417152822)",
      "hash": "30F61F6F0B0C5B2D0:310237761C0C68300",
      "properties": {
        "type": "Point",
        "intensity": 1.0,
        "range": 20.0,
        "colour": "#FFB24D",
        "corona": {
          "sprite": "corona_orange01.png",
          "scale": 0.75,
          "range": 100.0
        },
        "dutyCycle": "DuskTillDawn()"
      }
    },
    {
      "parent": "/Far__x12_z2/Far__x12_z2_LFS/Far_Military Bay/IndustryBuildings/Warehouse_SmallSlant (2)/collider",
      "position": "(-8.995705,7.170787,5.57910252)",
      "rotation": "(0.338771582,0.6546525,-0.531646,0.417152822)",
      "hash": "30F61F6F0B0C5B2D0:30FF12761D0C61170",
      "properties": {
        "type": "Point",
        "intensity": 1.0,
        "range": 20.0,
        "colour": "#FFB24D",
        "corona": {
          "sprite": "corona_orange01.png",
          "scale": 0.75,
          "range": 100.0
        },
        "dutyCycle": "DuskTillDawn()"
      }
    },
    {
      "parent": "/Far__x12_z2/Far__x12_z2_LFS/Far_Military Bay/IndustryBuildings/Warehouse_SmallSlant (2)/collider",
      "position": "(-1.03721583,7.16887951,5.570374)",
      "rotation": "(0.338771582,0.6546525,-0.531646,0.417152822)",
      "hash": "30F61F6F0B0C5B2D0:30FB4F761C0C5A030",
      "properties": {
        "type": "Point",
        "intensity": 1.0,
        "range": 20.0,
        "colour": "#FFB24D",
        "corona": {
          "sprite": "corona_orange01.png",
          "scale": 0.75,
          "range": 100.0
        },
        "dutyCycle": "DuskTillDawn()"
      }
    },
    {
      "parent": "/Far__x12_z2/Far__x12_z2_LFS/Far_Military Bay/IndustryBuildings/Warehouse_SmallSlant (2)/collider",
      "position": "(7.01515341,7.177455,5.611084)",
      "rotation": "(0.338771582,0.6546525,-0.531646,0.417152822)",
      "hash": "30F61F6F0B0C5B2D0:30F829761D0C52480",
      "properties": {
        "type": "Point",
        "intensity": 1.0,
        "range": 20.0,
        "colour": "#FFB24D",
        "corona": {
          "sprite": "corona_orange01.png",
          "scale": 0.75,
          "range": 100.0
        },
        "dutyCycle": "DuskTillDawn()"
      }
    },
    {
      "parent": "/Far__x12_z2/Far__x12_z2_LFS/Far_Military Bay/IndustryBuildings/Warehouse_SmallSlant (2)/collider",
      "position": "(14.9893131,7.17153454,5.58276272)",
      "rotation": "(0.338771582,0.6546525,-0.531646,0.417152822)",
      "hash": "30F61F6F0B0C5B2D0:30F500761D0C4B330",
      "properties": {
        "type": "Point",
        "intensity": 1.0,
        "range": 20.0,
        "colour": "#FFB24D",
        "corona": {
          "sprite": "corona_orange01.png",
          "scale": 0.75,
          "range": 100.0
        },
        "dutyCycle": "DuskTillDawn()"
      }
    },
    {
      "parent": "/Far__x12_z2/Far__x12_z2_LFS/Far_Military Bay/IndustryBuildings/Warehouse_SmallSlant (2)/collider",
      "position": "(18.5358143,7.163844,0.9908428)",
      "rotation": "(-0.136403084,0.760090351,-0.6123656,-0.169308439)",
      "hash": "30F61F6F0B0C5B2D0:30EF22761C0C4A190",
      "properties": {
        "type": "Point",
        "intensity": 1.0,
        "range": 20.0,
        "colour": "#FFB24D",
        "corona": {
          "sprite": "corona_orange01.png",
          "scale": 0.75,
          "range": 100.0
        },
        "dutyCycle": "DuskTillDawn()"
      }
    },
    {
      "parent": "/Far__x12_z2/Far__x12_z2_LFS/Far_Military Bay/IndustryBuildings/Warehouse_SmallSlant (2)/collider/%GROUP%_Mesh000850074E000414",
      "position": "(0,1.5,0.7)",
      "rotation": "(0,-0.536452949,0,0.843930244)",
      "hash": "30EE4D765A0C551A0:30ED29773C0C555A0",
      "properties": {
        "type": "Point",
        "intensity": 1.0,
        "range": 20.0,
        "colour": "#FFB24D",
        "corona": {
          "sprite": "corona_orange01.png",
          "scale": 0.75,
          "range": 100.0
        },
        "dutyCycle": "DuskTillDawn()"
      }
    },
    {
      "parent": "/Far__x12_z2/Far__x12_z2_LFS/Far_Military Bay/IndustryBuildings/Warehouse_SmallSlant (2)/collider/%GROUP%_Mesh000E310743000414",
      "position": "(0,1.5,0.7)",
      "rotation": "(0,-0.5364521,0,0.8439308)",
      "hash": "30F842764F0C6A240:30F71E77310C6B000",
      "properties": {
        "type": "Point",
        "intensity": 1.0,
        "range": 20.0,
        "colour": "#FFB24D",
        "corona": {
          "sprite": "corona_orange01.png",
          "scale": 0.75,
          "range": 100.0
        },
        "dutyCycle": "DuskTillDawn()"
      }
    },
    {
      "parent": "/Far__x12_z2/Far__x12_z2_LFS/Far_Military Bay/IndustryBuildings/Warehouse_MediumSlant (3)/collider/%GROUP%_Mesh000A32072C000814",
      "position": "(0,1.5,0.7)",
      "hash": "30903576380C21240:309111771A0C22470",
      "properties": {
        "type": "Point",
        "intensity": 1.0,
        "range": 20.0,
        "colour": "#FFB24D",
        "corona": {
          "sprite": "corona_orange01.png",
          "scale": 0.75,
          "range": 100.0
        },
        "dutyCycle": "DuskTillDawn()"
      }
    },
    {
      "parent": "/Far__x12_z2/Far__x12_z2_LFS/Far_Military Bay/IndustryBuildings/Warehouse_MediumSlant (3)/collider/%GROUP%_Mesh000F0E0761000814",
      "position": "(0,1.5,0.7)",
      "hash": "30791F77090C2C180:30795F774F0C2D3C0",
      "properties": {
        "type": "Point",
        "intensity": 1.0,
        "range": 20.0,
        "colour": "#FFB24D",
        "corona": {
          "sprite": "corona_orange01.png",
          "scale": 0.75,
          "range": 100.0
        },
        "dutyCycle": "DuskTillDawn()"
      }
    },
    {
      "parent": "/Far__x12_z2/Far__x12_z2_LFS/Far_Military Bay/IndustryBuildings/Warehouse_SmallSlant (1)/collider",
      "position": "(18.6106739,7.18022442,1.00433159)",
      "rotation": "(-0.136403084,0.760090351,-0.6123656,-0.169308439)",
      "hash": "31044F6F0B0C54420:30FD50761D0C43260",
      "properties": {
        "type": "Point",
        "intensity": 1.0,
        "range": 20.0,
        "colour": "#FFB24D",
        "corona": {
          "sprite": "corona_orange01.png",
          "scale": 0.75,
          "range": 100.0
        },
        "dutyCycle": "DuskTillDawn()"
      }
    }
  ],
  "meshes": [
    {
      "parent": "/Far__x12_z2/Far__x12_z2_LFS/Far_Military Bay/IndustryBuildings/Warehouse_MediumSlant (3)/collider",
      "position": "(-19.199585,4.7479887,2.04476929)",
      "rotation": "(-0.3793295,0.5967489,0.5967488,0.3793295)",
      "hash": "3083366F0B0C1E270:30730273560C28270",
      "properties": {
        "file": "meshes_lampposts.assetbundle",
        "mesh": "FloodLight_Wall"
      }
    },
    {
      "parent": "/Far__x12_z2/Far__x12_z2_LFS/Far_Military Bay/IndustryBuildings/Warehouse_MediumSlant (2)/collider",
      "position": "(-19.2005,4.615443,2.10113525)",
      "rotation": "(-0.3793295,0.5967489,0.5967488,0.3793295)",
      "hash": "30785D6F0B0C074B0:30682C73490C11500",
      "properties": {
        "file": "meshes_lampposts.assetbundle",
        "mesh": "FloodLight_Wall"
      }
    },
    {
      "parent": "/Far__x12_z2/Far__x12_z2_LFS/Far_Military Bay/IndustryBuildings/Warehouse_MediumSlant (1)/collider",
      "position": "(-19.1994629,4.65594,2.061142)",
      "rotation": "(-0.3793295,0.5967489,0.5967488,0.3793295)",
      "hash": "306E206F0B0BF10C0:305D51734D0BFB0D0",
      "properties": {
        "file": "meshes_lampposts.assetbundle",
        "mesh": "FloodLight_Wall"
      }
    },
    {
      "parent": "/Far__x12_z2/Far__x12_z2_LFS/Far_Military Bay/IndustryBuildings/Warehouse_MediumSlant/collider",
      "position": "(-19.19983,4.70383739,1.99650574)",
      "rotation": "(-0.3793295,0.5967489,0.5967488,0.3793295)",
      "hash": "3063476F0B0BDA300:30531173520BE42C0",
      "properties": {
        "file": "meshes_lampposts.assetbundle",
        "mesh": "FloodLight_Wall"
      }
    },
    {
      "parent": "/Far__x12_z2/Far__x12_z2_LFS/Far_Military Bay/IndustryBuildings/Utility_Medium2/collider",
      "position": "(-8.200009,6.761554,11.9331074)",
      "rotation": "(-0.379329562,0.596748769,0.596748769,0.379329562)",
      "hash": "2FD90B6F0B0AC5290:2FD64B75580AD3460",
      "properties": {
        "file": "meshes_lampposts.assetbundle",
        "mesh": "FloodLight_Wall"
      }
    },
    {
      "parent": "/Far__x12_z2/Far__x12_z2_LFS/Far_Military Bay/IndustryBuildings/Utility_Medium2/collider",
      "position": "(-8.199222,6.832858,-12.0548687)",
      "rotation": "(-0.3793296,0.596748769,0.596748769,0.3793296)",
      "hash": "2FD90B6F0B0AC5290:2FCC39755F0ABD620",
      "properties": {
        "file": "meshes_lampposts.assetbundle",
        "mesh": "FloodLight_Wall"
      }
    },
    {
      "parent": "/Far__x12_z2/Far__x12_z2_LFS/Far_Military Bay/SilosCranes/MilitaryStorage#3/Collider",
      "position": "(-8.305786,4.913307,0.0334472656)",
      "rotation": "(-0.596748769,-0.3793295,-0.3793295,0.5967488)",
      "hash": "2FC90D71060AA55C0:2FD03F75620AA2240",
      "properties": {
        "file": "meshes_lampposts.assetbundle",
        "mesh": "FloodLight_Wall"
      }
    },
    {
      "parent": "/Far__x12_z2/Far__x12_z2_LFS/Far_Military Bay/SilosCranes/MilitaryStorage#2/Collider",
      "position": "(-8.304749,4.81154633,0.0229492188)",
      "rotation": "(-0.596748769,-0.3793295,-0.3793295,0.5967488)",
      "hash": "2FBE3471060A8F1C0:2FC60375580A8B490",
      "properties": {
        "file": "meshes_lampposts.assetbundle",
        "mesh": "FloodLight_Wall"
      }
    },
    {
      "parent": "/Far__x12_z2/Far__x12_z2_LFS/Far_Military Bay/SilosCranes/MilitaryStorage#4/Collider",
      "position": "(-8.304565,4.820442,0.00531005859)",
      "rotation": "(-0.596748769,-0.3793295,-0.3793295,0.5967488)",
      "hash": "2FB35B71060A78400:2FBB2A75580A750B0",
      "properties": {
        "file": "meshes_lampposts.assetbundle",
        "mesh": "FloodLight_Wall"
      }
    },
    {
      "parent": "/Far__x12_z2/Far__x12_z2_LFS/Far_Military Bay/SilosCranes/MilitaryStorage#0/Collider",
      "position": "(-8.305542,4.91558075,-0.0194702148)",
      "rotation": "(-0.596748769,-0.3793295,-0.3793295,0.5967488)",
      "hash": "2FA91D71060A62010:2FB05275620A5E320",
      "properties": {
        "file": "meshes_lampposts.assetbundle",
        "mesh": "FloodLight_Wall"
      }
    },
    {
      "parent": "/Far__x12_z2/Far__x12_z2_LFS/Far_Military Bay/SilosCranes/MilitaryStorage#6/Collider",
      "position": "(-8.304749,4.883148,0.0119628906)",
      "rotation": "(-0.596748769,-0.3793295,-0.3793295,0.5967488)",
      "hash": "2FCC3D71060A512D0:2FD40C755F0A4D5C0",
      "properties": {
        "file": "meshes_lampposts.assetbundle",
        "mesh": "FloodLight_Wall"
      }
    },
    {
      "parent": "/Far__x12_z2/Far__x12_z2_LFS/Far_Military Bay/SilosCranes/MilitaryStorage#1/Collider",
      "position": "(-8.305542,4.84872437,0.0104370117)",
      "rotation": "(-0.596748769,-0.3793295,-0.3793295,0.5967488)",
      "hash": "2FD71671060A68090:2FDE49755B0A64380",
      "properties": {
        "file": "meshes_lampposts.assetbundle",
        "mesh": "FloodLight_Wall"
      }
    },
    {
      "parent": "/Far__x12_z2/Far__x12_z2_LFS/Far_Military Bay/SilosCranes/MilitaryStorage (1)/Collider",
      "position": "(-8.304504,4.83964539,0.02331543)",
      "rotation": "(-0.596748769,-0.3793295,-0.3793295,0.5967488)",
      "hash": "2FE15371060A7E490:2FE922755A0A7B120",
      "properties": {
        "file": "meshes_lampposts.assetbundle",
        "mesh": "FloodLight_Wall"
      }
    },
    {
      "parent": "/Far__x12_z2/Far__x12_z2_LFS/Far_Military Bay/SilosCranes/MilitaryStorage#5/Collider",
      "position": "(-8.305481,4.83888245,0.008239746)",
      "rotation": "(-0.596748769,-0.3793295,-0.3793295,0.5967488)",
      "hash": "2FEC2C71060A95240:2FF360755A0A91530",
      "properties": {
        "file": "meshes_lampposts.assetbundle",
        "mesh": "FloodLight_Wall"
      }
    },
    {
      "parent": "/Far__x12_z2/Far__x12_z2_LFS/Far_Military Bay/SilosCranes/MilitaryBarracks1 (12)/Collider",
      "position": "(-6.90026855,3.19981384,-0.058013916)",
      "rotation": "(-0.596748769,-0.3793295,-0.3793295,0.5967488)",
      "hash": "30030271060AF7010:30091D741A0AF40E0",
      "properties": {
        "file": "meshes_lampposts.assetbundle",
        "mesh": "FloodLight_Wall"
      }
    },
    {
      "parent": "/Far__x12_z2/Far__x12_z2_LFS/Far_Military Bay/SilosCranes/MilitaryBarracks1 (10)/Collider",
      "position": "(-6.89978027,3.07164764,-0.0269775391)",
      "rotation": "(-0.596748769,-0.3793295,-0.3793295,0.5967488)",
      "hash": "30140071060B1B170:301A1A740E0B18210",
      "properties": {
        "file": "meshes_lampposts.assetbundle",
        "mesh": "FloodLight_Wall"
      }
    },
    {
      "parent": "/Far__x12_z2/Far__x12_z2_LFS/Far_Military Bay/SilosCranes/MilitaryBarracks1 (4)/Collider",
      "position": "(-6.899597,3.02487946,-0.0219726563)",
      "rotation": "(-0.596748769,-0.3793295,-0.3793295,0.5967488)",
      "hash": "30243771060B3E360:302A5174090B3B3F0",
      "properties": {
        "file": "meshes_lampposts.assetbundle",
        "mesh": "FloodLight_Wall"
      }
    },
    {
      "parent": "/Far__x12_z2/Far__x12_z2_LFS/Far_Military Bay/SilosCranes/MilitaryBarracks1 (2)/Collider",
      "position": "(-6.899658,3.11743164,-0.00143432617)",
      "rotation": "(-0.596748769,-0.3793295,-0.3793295,0.5967488)",
      "hash": "30353571060B624C0:303B4E74120B5F530",
      "properties": {
        "file": "meshes_lampposts.assetbundle",
        "mesh": "FloodLight_Wall"
      }
    },
    {
      "parent": "/Far__x12_z2/Far__x12_z2_LFS/Far_Military Bay/SilosCranes/MilitaryBarracks1 (6)/Collider",
      "position": "(-6.9005127,3.04055786,-0.09194946)",
      "rotation": "(-0.596748769,-0.3793295,-0.3793295,0.5967488)",
      "hash": "30213D71060B6C0A0:30275A740A0B69190",
      "properties": {
        "file": "meshes_lampposts.assetbundle",
        "mesh": "FloodLight_Wall"
      }
    },
    {
      "parent": "/Far__x12_z2/Far__x12_z2_LFS/Far_Military Bay/SilosCranes/MilitaryBarracks1 (8)/Collider",
      "position": "(-6.89978027,3.04396057,-0.0174865723)",
      "rotation": "(-0.596748769,-0.3793295,-0.3793295,0.5967488)",
      "hash": "30103F71060B47580:301659740B0B44610",
      "properties": {
        "file": "meshes_lampposts.assetbundle",
        "mesh": "FloodLight_Wall"
      }
    },
    {
      "parent": "/Far__x12_z2/Far__x12_z2_LFS/Far_Military Bay/SilosCranes/MilitaryBarracks1 (15)/Collider",
      "position": "(-6.89996338,3.07375336,0.00305175781)",
      "rotation": "(-0.596748769,-0.3793295,-0.3793295,0.5967488)",
      "hash": "30000871060B24390:300620740E0B21400",
      "properties": {
        "file": "meshes_lampposts.assetbundle",
        "mesh": "FloodLight_Wall"
      }
    },
    {
      "parent": "/Far__x12_z2/Far__x12_z2_LFS/Far_Military Bay/SilosCranes/MilitaryBarracks1 (17)/Collider",
      "position": "(-6.90039063,3.059082,-0.03277588)",
      "rotation": "(-0.596748769,-0.3793295,-0.3793295,0.5967488)",
      "hash": "2FEF0A71060B00230:2FF524740C0AFD2D0",
      "properties": {
        "file": "meshes_lampposts.assetbundle",
        "mesh": "FloodLight_Wall"
      }
    },
    {
      "parent": "/Far__x12_z2/Far__x12_z2_LFS/Far_Military Bay/IndustryBuildings/Offices_Medium2/collider",
      "position": "(8.099426,4.549304,-0.0252380371)",
      "rotation": "(-0.3793295,0.5967488,0.596748769,0.3793295)",
      "hash": "30AB236F0B0B6D500:30A40373420B711A0",
      "properties": {
        "file": "meshes_lampposts.assetbundle",
        "mesh": "FloodLight_Wall"
      }
    },
    {
      "parent": "/Far__x12_z2/Far__x12_z2_LFS/Far_General/Ship Bollard Arrays/Ship Bollard Array 12/Ship_Bollard (47)/collider",
      "position": "(-215.2561,0.0127944946,-349.952271)",
      "rotation": "(0,0.224951044,0,0.974370062)",
      "hash": "31E93D71060CC7280:30921171080BE55A0",
      "properties": {
        "file": "meshes_lampposts.assetbundle",
        "mesh": "LampPostDouble_Floor"
      }
    },
    {
      "parent": "/Far__x12_z2/Far__x12_z2_LFS/Far_General/Ship Bollard Arrays/Ship Bollard Array 12/Ship_Bollard (47)/collider",
      "position": "(-215.278015,0.0127792358,-300.108337)",
      "rotation": "(0,0.21643962,0,0.976296067)",
      "hash": "31E93D71060CC7280:30A71E71080C13040",
      "properties": {
        "file": "meshes_lampposts.assetbundle",
        "mesh": "LampPostDouble_Floor"
      }
    },
    {
      "parent": "/Far__x12_z2/Far__x12_z2_LFS/Far_General/Ship Bollard Arrays/Ship Bollard Array 12/Ship_Bollard (47)/collider",
      "position": "(-215.380371,0.0127639771,-250.138977)",
      "rotation": "(0,0.21643962,0,0.976296067)",
      "hash": "31E93D71060CC7280:30BC2A71080C40210",
      "properties": {
        "file": "meshes_lampposts.assetbundle",
        "mesh": "LampPostDouble_Floor"
      }
    },
    {
      "parent": "/Far__x12_z2/Far__x12_z2_LFS/Far_General/Ship Bollard Arrays/Ship Bollard Array 12/Ship_Bollard (47)/collider",
      "position": "(-215.443848,0.0127487183,-200.174072)",
      "rotation": "(0,0.21643962,0,0.976296067)",
      "hash": "31E93D71060CC7280:30D13971080C6D3C0",
      "properties": {
        "file": "meshes_lampposts.assetbundle",
        "mesh": "LampPostDouble_Floor"
      }
    },
    {
      "parent": "/Far__x12_z2/Far__x12_z2_LFS/Far_General/Ship Bollard Arrays/Ship Bollard Array 12/Ship_Bollard (47)/collider",
      "position": "(-215.570679,0.0127334595,-150.262817)",
      "rotation": "(0,0.21643962,0,0.976296067)",
      "hash": "31E93D71060CC7280:30E64071080C9A540",
      "properties": {
        "file": "meshes_lampposts.assetbundle",
        "mesh": "LampPostDouble_Floor"
      }
    },
    {
      "parent": "/Far__x12_z2/Far__x12_z2_LFS/Far_General/Ship Bollard Arrays/Ship Bollard Array 12/Ship_Bollard (47)/collider",
      "position": "(-275.417053,0.0127563477,-250.294617)",
      "rotation": "(0,0.21643962,0,0.976296067)",
      "hash": "31E93D71060CC7280:30856371080C59430",
      "properties": {
        "file": "meshes_lampposts.assetbundle",
        "mesh": "LampPostDouble_Floor"
      }
    },
    {
      "parent": "/Far__x12_z2/Far__x12_z2_LFS/Far_General/Ship Bollard Arrays/Ship Bollard Array 12/Ship_Bollard (47)/collider",
      "position": "(-275.3152,0.0127410889,-200.2247)",
      "rotation": "(0,0.224951044,0,0.974370062)",
      "hash": "31E93D71060CC7280:309B2271080C86600",
      "properties": {
        "file": "meshes_lampposts.assetbundle",
        "mesh": "LampPostDouble_Floor"
      }
    },
    {
      "parent": "/Far__x12_z2/Far__x12_z2_LFS/Far_General/Ship Bollard Arrays/Ship Bollard Array 12/Ship_Bollard (47)/collider",
      "position": "(-275.6266,0.01272583,-150.227966)",
      "rotation": "(0,0.224951044,0,0.974370062)",
      "hash": "31E93D71060CC7280:30B01C71080CB4240",
      "properties": {
        "file": "meshes_lampposts.assetbundle",
        "mesh": "LampPostDouble_Floor"
      }
    },
    {
      "parent": "/Far__x12_z2/Far__x12_z2_LFS/Far_Military Bay/IndustryBuildings/Storage_UpSlant/collider",
      "position": "(-0.011856081,6.3185606,-16.4005146)",
      "rotation": "(-0.3793295,0.5967488,0.596748769,0.3793295)",
      "hash": "3113416F0B0C74230:310450752B0C7B200",
      "properties": {
        "file": "meshes_lampposts.assetbundle",
        "mesh": "FloodLight_Wall"
      }
    },
    {
      "parent": "/Far__x12_z2/Far__x12_z2_LFS/Far_Military Bay/IndustryBuildings/Storage_UpSlant/collider",
      "position": "(0.03439546,6.258151,3.599854)",
      "rotation": "(-0.3793295,0.5967488,0.596748769,0.3793295)",
      "hash": "3113416F0B0C74230:31165975250C724F0",
      "properties": {
        "file": "meshes_lampposts.assetbundle",
        "mesh": "FloodLight_Wall"
      }
    },
    {
      "parent": "/Far__x12_z2/Far__x12_z2_LFS/Far_Military Bay/IndustryBuildings/Storage_UpSlant/collider",
      "position": "(0.008253098,6.424304,16.399416)",
      "rotation": "(-0.596748769,-0.3793295,-0.3793295,0.5967488)",
      "hash": "3113416F0B0C74230:31223275360C6D260",
      "properties": {
        "file": "meshes_lampposts.assetbundle",
        "mesh": "FloodLight_Wall"
      }
    },
    {
      "parent": "/Far__x12_z2/Far__x12_z2_LFS/Far_Military Bay/IndustryBuildings/Warehouse_SmallSlant (2)/collider",
      "position": "(8.803043,7.784213,-4.20019627)",
      "rotation": "(-0.3793295,0.5967488,0.596748769,0.3793295)",
      "hash": "30F61F6F0B0C5B2D0:30EE4D765A0C551A0",
      "properties": {
        "file": "meshes_lampposts.assetbundle",
        "mesh": "LampPostSmall_Wall"
      }
    },
    {
      "parent": "/Far__x12_z2/Far__x12_z2_LFS/Far_Military Bay/IndustryBuildings/Warehouse_SmallSlant (2)/collider",
      "position": "(-14.4972973,7.674182,-4.20007229)",
      "rotation": "(-0.379328936,0.596749246,0.5967492,0.379328936)",
      "hash": "30F61F6F0B0C5B2D0:30F842764F0C6A240",
      "properties": {
        "file": "meshes_lampposts.assetbundle",
        "mesh": "LampPostSmall_Wall"
      }
    },
    {
      "parent": "/Far__x12_z2/Far__x12_z2_LFS/Far_Military Bay/IndustryBuildings/Warehouse_MediumSlant (3)/collider",
      "position": "(10.5048828,7.44588,8.200439)",
      "rotation": "(0.153738692,0.690191567,0.6901916,-0.153738692)",
      "hash": "3083366F0B0C1E270:30903576380C21240",
      "properties": {
        "file": "meshes_lampposts.assetbundle",
        "mesh": "LampPostSmall_Wall"
      }
    },
    {
      "parent": "/Far__x12_z2/Far__x12_z2_LFS/Far_Military Bay/IndustryBuildings/Warehouse_MediumSlant (3)/collider",
      "position": "(-15.1414185,7.973544,8.200455)",
      "rotation": "(0.153738692,0.690191567,0.6901916,-0.153738692)",
      "hash": "3083366F0B0C1E270:30791F77090C2C180",
      "properties": {
        "file": "meshes_lampposts.assetbundle",
        "mesh": "LampPostSmall_Wall"
      }
    }
  ],
  "decorations": []
}