{
  "version": 92,
  "enabled": true,
  "lights": [
    {
      "parent": "/Far__x12_z2/Far__x12_z2_LFS/Far_City Grid/CivilBuildings (1)/House_01/collider",
      "position": "(8.099953,1.85500336,-0.074493885)",
      "rotation": "(0,0.8439302,0,0.536453068)",
      "hash": "30982D71060D74610:309F4C725C0D712F0",
      "properties": {
        "type": "Point",
        "intensity": 0.5,
        "range": 10.0,
        "colour": "#FFE5B2",
        "corona": null,
        "dutyCycle": "DuskTillDawn()"
      }
    },
    {
      "parent": "/Far__x12_z2/Far__x12_z2_LFS/Far_City Grid/CivilBuildings (1)/House_01/collider",
      "position": "(8.099976,1.78720856,3.73810863)",
      "rotation": "(0,0.8439302,0,0.536453068)",
      "hash": "30982D71060D74610:30A12572550D745C0",
      "properties": {
        "type": "Point",
        "intensity": 0.5,
        "range": 10.0,
        "colour": "#FFE5B2",
        "corona": null,
        "dutyCycle": "DuskTillDawn()"
      }
    },
    {
      "parent": "/Far__x12_z2/Far__x12_z2_LFS/Far_City Grid/CivilBuildings (1)/House_01/collider",
      "position": "(0.11644578,2.188057,-6.095201)",
      "rotation": "(0,0.976078331,0,-0.2174192)",
      "hash": "30982D71060D74610:30956173190D6F290",
      "properties": {
        "type": "Point",
        "intensity": 0.5,
        "range": 10.0,
        "colour": "#FFE5B2",
        "corona": null,
        "dutyCycle": "DuskTillDawn()"
      }
    },
    {
      "parent": "/Far__x12_z2/Far__x12_z2_LFS/Far_City Grid/CivilBuildings (1)/House_01/collider",
      "position": "(6.0096674,2.023384,-6.095627)",
      "rotation": "(0,0.976078331,0,-0.2174192)",
      "hash": "30982D71060D74610:309B1F73090D6C5A0",
      "properties": {
        "type": "Point",
        "intensity": 0.5,
        "range": 10.0,
        "colour": "#FFE5B2",
        "corona": null,
        "dutyCycle": "DuskTillDawn()"
      }
    },
    {
      "parent": "/Far__x12_z2/Far__x12_z2_LFS/Far_City Grid/CivilBuildings (1)/House_05 (1)/collider",
      "position": "(0.374180436,1.83460236,4.10013962)",
      "hash": "307A5F71060D870A0:307E32725A0D85020",
      "properties": {
        "type": "Point",
        "intensity": 0.5,
        "range": 10.0,
        "colour": "#FFE5B2",
        "corona": null,
        "dutyCycle": "DuskTillDawn()"
      }
    },
    {
      "parent": "/Far__x12_z2/Far__x12_z2_LFS/Far_City Grid/CivilBuildings (1)/House_07 (2)/collider",
      "position": "(2.0814836,1.78160858,-4.100563)",
      "rotation": "(0,-0.736599147,0,0.6763297)",
      "hash": "30C01F71060D6D300:30BC2872550D6B050",
      "properties": {
        "type": "Point",
        "intensity": 0.5,
        "range": 10.0,
        "colour": "#FFE5B2",
        "corona": null,
        "dutyCycle": "DuskTillDawn()"
      }
    }
  ],
  "meshes": [],
  "decorations": []
}