{
  "version": 92,
  "enabled": true,
  "lights": [
    {
      "parent": "/Far__x1_z5/Far__x1_z5_LFS/Far_IndustryBuildings/Supermarket/Collider",
      "position": "(8.466818,3.81449127,-10.0045242)",
      "rotation": "(0.7071068,0,0,0.7071068)",
      "hash": "076E09781A16821E0:076E4F7C08168F270",
      "properties": {
        "type": "Point",
        "intensity": 1.0,
        "range": 20.0,
        "colour": "#FFE5B2",
        "corona": null,
        "dutyCycle": "DuskTillDawn()"
      }
    },
    {
      "parent": "/Far__x1_z5/Far__x1_z5_LFS/Far_IndustryBuildings/Supermarket/Collider",
      "position": "(-3.55787,3.80210114,-9.41463852)",
      "rotation": "(0.7071068,0,0,0.7071068)",
      "hash": "076E09781A16821E0:07770D7C071686470",
      "properties": {
        "type": "Point",
        "intensity": 1.0,
        "range": 20.0,
        "colour": "#FFE5B2",
        "corona": null,
        "dutyCycle": "DuskTillDawn()"
      }
    },
    {
      "parent": "/Far__x1_z5/Far__x1_z5_LFS/Far_IndustryBuildings/Supermarket/Collider",
      "position": "(12.2317638,3.967842,-1.918911)",
      "rotation": "(0.7071068,0,0,0.7071068)",
      "hash": "076E09781A16821E0:0766327C17168C090",
      "properties": {
        "type": "Point",
        "intensity": 1.0,
        "range": 20.0,
        "colour": "#FFE5B2",
        "corona": null,
        "dutyCycle": "DuskTillDawn()"
      }
    },
    {
      "parent": "/Far__x1_z5/Far__x1_z5_LFS/Far_Poles/TrafficLight01/Collider",
      "position": "(2.20217276,2.10892487,-7.196352)",
      "rotation": "(0.7071068,0,0,0.7071068)",
      "hash": "075E3A7A1516802B0:07615B7C201687110",
      "properties": {
        "type": "Point",
        "intensity": 1.0,
        "range": 20.0,
        "colour": "#FFE5B2",
        "corona": null,
        "dutyCycle": "DuskTillDawn()"
      }
    },
    {
      "parent": "/Far__x1_z5/Far__x1_z5_LFS/Far_IndustryBuildings/Supermarket (1)/Collider",
      "position": "(-1.9338665,5.260193,9.897997)",
      "rotation": "(0.7071068,0,0,0.7071068)",
      "hash": "071942781A14C3370:07141C7D3414BB020",
      "properties": {
        "type": "Point",
        "intensity": 1.0,
        "range": 20.0,
        "colour": "#FFE5B2",
        "corona": null,
        "dutyCycle": "DuskTillDawn()"
      }
    },
    {
      "parent": "/Far__x1_z5/Far__x1_z5_LFS/Far_IndustryBuildings/Supermarket (1)/Collider",
      "position": "(12.33286,4.322464,4.85022354)",
      "rotation": "(0.7071068,0,0,0.7071068)",
      "hash": "071942781A14C3370:070D247C3B14C8300",
      "properties": {
        "type": "Point",
        "intensity": 1.0,
        "range": 20.0,
        "colour": "#FFE5B2",
        "corona": null,
        "dutyCycle": "DuskTillDawn()"
      }
    },
    {
      "parent": "/Far__x1_z5/Far__x1_z5_LFS/Far_Roads/Road_Tjunction (9)/Collider",
      "position": "(7.121025,3.02471924,0.51366806)",
      "hash": "0723507A2414EB2E0:0729217D2714E65F0",
      "properties": {
        "type": "Point",
        "intensity": 0.6,
        "range": 5.0,
        "colour": "#FFE5B2",
        "corona": null,
        "dutyCycle": "DuskTillDawn()"
      }
    },
    {
      "parent": "/Far__x1_z5/Far__x1_z5_LFS/Far_Roads/Road_Tjunction (9)/Collider",
      "position": "(7.12193871,2.98755646,-2.665409)",
      "hash": "0723507A2414EB2E0:07270F7D2314E4400",
      "properties": {
        "type": "Point",
        "intensity": 0.6,
        "range": 5.0,
        "colour": "#FFE5B2",
        "corona": null,
        "dutyCycle": "DuskTillDawn()"
      }
    },
    {
      "parent": "/Far__x1_z5/Far__x1_z5_LFS/Far_IndustryBuildings/Supermarket (2)/Collider",
      "position": "(-0.4393729,5.07300568,10.1660461)",
      "hash": "072B25781A14DA470:0723437D2214E1240",
      "properties": {
        "type": "Point",
        "intensity": 0.6,
        "range": 5.0,
        "colour": "#FFE5B2",
        "corona": null,
        "dutyCycle": "DuskTillDawn()"
      }
    },
    {
      "parent": "/Far__x1_z5/Far__x1_z5_LFS/Far_IndustryBuildings/Supermarket (2)/Collider",
      "position": "(-3.75654221,5.072342,9.893053)",
      "hash": "072B25781A14DA470:07213B7D2214DE4C0",
      "properties": {
        "type": "Point",
        "intensity": 0.6,
        "range": 5.0,
        "colour": "#FFE5B2",
        "corona": null,
        "dutyCycle": "DuskTillDawn()"
      }
    },
    {
      "parent": "/Far__x1_z5/Far__x1_z5_LFS/Far_IndustryBuildings/FakeOffice_7/collider",
      "position": "(3.046692,3.36335,6.84449)",
      "rotation": "(-0.7071068,0,0,0.7071068)",
      "hash": "066B2D781A14F9530:0668387B3F15004A0",
      "properties": {
        "type": "Point",
        "intensity": 0.6,
        "range": 5.0,
        "colour": "#FFE5B2",
        "corona": null,
        "dutyCycle": "DuskTillDawn()"
      }
    },
    {
      "parent": "/Far__x1_z5/Far__x1_z5_LFS/Far_PassengerPlatform/Railway_PlatformWide_3/Collider/collider",
      "position": "(-0.0074005127,2.25177979,0.04134369)",
      "rotation": "(-0.7071068,0,0,0.7071068)",
      "hash": "068A337A6114CC050:068A307D1714CC080",
      "properties": {
        "type": "Point",
        "intensity": 0.6,
        "range": 5.0,
        "colour": "#FFE5B2",
        "corona": null,
        "dutyCycle": "DuskTillDawn()"
      }
    },
    {
      "parent": "/Far__x1_z5/Far__x1_z5_LFS/Far_PassengerPlatform/Railway_PlatformWide_3/Collider/collider",
      "position": "(-0.4096222,2.21514344,-3.93409729)",
      "rotation": "(-0.7071068,0,0,0.7071068)",
      "hash": "068A337A6114CC050:068D097D1314C9060",
      "properties": {
        "type": "Point",
        "intensity": 0.6,
        "range": 5.0,
        "colour": "#FFE5B2",
        "corona": null,
        "dutyCycle": "DuskTillDawn()"
      }
    },
    {
      "parent": "/Far__x1_z5/Far__x1_z5_LFS/Far_CivilBuildings/FakeOffice_1/collider",
      "position": "(-3.8596487,3.28183651,2.0004518)",
      "rotation": "(-0.7071068,0,0,0.7071068)",
      "hash": "068C0D795C14C5030:0690187D1514C62E0",
      "properties": {
        "type": "Point",
        "intensity": 0.6,
        "range": 5.0,
        "colour": "#FFE5B2",
        "corona": null,
        "dutyCycle": "DuskTillDawn()"
      }
    },
    {
      "parent": "/Far__x1_z5/Far__x1_z5_LFS/Far_Props/PortableToilet (1)/Collider",
      "position": "(-7.72671175,1.228193,-2.72962332)",
      "rotation": "(-0.7071068,0,0,0.7071068)",
      "hash": "06900A7B6114BC300:0693297D1414C3610",
      "properties": {
        "type": "Point",
        "intensity": 0.6,
        "range": 5.0,
        "colour": "#FFE5B2",
        "corona": null,
        "dutyCycle": "DuskTillDawn()"
      }
    },
    {
      "parent": "/Far__x1_z5/Far__x1_z5_LFS/Far_IndustryBuildings/Supermarket (2)/Collider",
      "position": "(11.7883015,3.86529541,4.645793)",
      "rotation": "(-0.7071068,0,0,0.7071068)",
      "hash": "072B25781A14DA470:0730077C0D14E62F0",
      "properties": {
        "type": "Point",
        "intensity": 1.0,
        "range": 20.0,
        "colour": "#FFE5B2",
        "corona": null,
        "dutyCycle": "DuskTillDawn()"
      }
    },
    {
      "parent": "/Far__x1_z5/Far__x1_z5_LFS/Far_IndustryBuildings/Supermarket (2)/Collider",
      "position": "(12.3491125,3.58831787,-1.81419086)",
      "rotation": "(-0.7071068,0,0,0.7071068)",
      "hash": "072B25781A14DA470:0735107B5514E22D0",
      "properties": {
        "type": "Point",
        "intensity": 1.0,
        "range": 20.0,
        "colour": "#FFE5B2",
        "corona": null,
        "dutyCycle": "DuskTillDawn()"
      }
    }
  ],
  "meshes": [],
  "decorations": [
    {
      "parent": "/Far__x1_z5/Far__x1_z5_LFS/Far_IndustryBuildings/Supermarket",
      "hash": "076E09781A16821E0:076E09781A16821E0",
      "id": "WINDOWS_1:LIT",
      "properties": {
        "file": "meshes_decoration_lights.assetbundle",
        "mesh": "Supermarket_Windows1",
        "assignMaterials": {
          "hideSourcePrefab": true,
          "assignments": []
        }
      },
      "dutyCycle": "DuskTillDawn()"
    },
    {
      "parent": "/Far__x1_z5/Far__x1_z5_LFS/Far_IndustryBuildings/Supermarket",
      "hash": "076E09781A16821E0:076E09781A16821E0",
      "id": "WINDOWS_2:LIT",
      "properties": {
        "file": "meshes_decoration_lights.assetbundle",
        "mesh": "Supermarket_Windows2",
        "assignMaterials": {
          "hideSourcePrefab": true,
          "assignments": []
        }
      },
      "dutyCycle": "DuskTillDawn()"
    },
    {
      "parent": "/Far__x1_z5/Far__x1_z5_LFS/Far_IndustryBuildings/Supermarket",
      "hash": "076E09781A16821E0:076E09781A16821E0",
      "id": "WINDOWS_3:LIT",
      "properties": {
        "file": "meshes_decoration_lights.assetbundle",
        "mesh": "Supermarket_Windows3",
        "assignMaterials": {
          "hideSourcePrefab": true,
          "assignments": []
        }
      },
      "dutyCycle": "DuskTillDawn()"
    },
    {
      "parent": "/Far__x1_z5/Far__x1_z5_LFS/Far_IndustryBuildings/Supermarket",
      "hash": "076E09781A16821E0:076E09781A16821E0",
      "id": "WINDOWS_4:LIT",
      "properties": {
        "file": "meshes_decoration_lights.assetbundle",
        "mesh": "Supermarket_Windows4",
        "assignMaterials": {
          "hideSourcePrefab": true,
          "assignments": []
        }
      },
      "dutyCycle": "DuskTillDawn()"
    },
    {
      "parent": "/Far__x1_z5/Far__x1_z5_LFS/Far_IndustryBuildings/Burner_Large",
      "hash": "06B360781A160D030:06B360781A160D030",
      "id": "WINDOWS_1:LIT",
      "properties": {
        "file": "meshes_decoration_lights.assetbundle",
        "mesh": "Burner_Large_Windows1",
        "assignMaterials": {
          "hideSourcePrefab": true,
          "assignments": []
        }
      },
      "dutyCycle": "DuskTillDawn()"
    },
    {
      "parent": "/Far__x1_z5/Far__x1_z5_LFS/Far_IndustryBuildings/Burner_Large",
      "hash": "06B360781A160D030:06B360781A160D030",
      "id": "WINDOWS_2:LIT",
      "properties": {
        "file": "meshes_decoration_lights.assetbundle",
        "mesh": "Burner_Large_Windows2",
        "assignMaterials": {
          "hideSourcePrefab": true,
          "assignments": []
        }
      },
      "dutyCycle": "DuskTillDawn()"
    },
    {
      "parent": "/Far__x1_z5/Far__x1_z5_LFS/Far_IndustryBuildings/Burner_Large",
      "hash": "06B360781A160D030:06B360781A160D030",
      "id": "WINDOWS_4:LIT",
      "properties": {
        "file": "meshes_decoration_lights.assetbundle",
        "mesh": "Burner_Large_Windows4",
        "assignMaterials": {
          "hideSourcePrefab": true,
          "assignments": []
        }
      },
      "dutyCycle": "DuskTillDawn()"
    },
    {
      "parent": "/Far__x1_z5/Far__x1_z5_LFS/Far_IndustryBuildings/Offices_Medium2",
      "hash": "06B863781A1652330:06B863781A1652330",
      "id": "WINDOWS_4:LIT",
      "properties": {
        "file": "meshes_decoration_lights.assetbundle",
        "mesh": "Offices_Medium2_Windows4",
        "assignMaterials": {
          "hideSourcePrefab": true,
          "assignments": []
        }
      },
      "dutyCycle": "DuskTillDawn()"
    },
    {
      "parent": "/Far__x1_z5/Far__x1_z5_LFS/Far_IndustryBuildings/Offices_Medium2",
      "hash": "06B863781A1652330:06B863781A1652330",
      "id": "WINDOWS_5:LIT",
      "properties": {
        "file": "meshes_decoration_lights.assetbundle",
        "mesh": "Offices_Medium2_Windows5",
        "assignMaterials": {
          "hideSourcePrefab": true,
          "assignments": []
        }
      },
      "dutyCycle": "DuskTillDawn()"
    },
    {
      "parent": "/Far__x1_z5/Far__x1_z5_LFS/Far_IndustryBuildings/Offices_Medium2 (1)",
      "hash": "06A70F781A163F3B0:06A70F781A163F3B0",
      "id": "WINDOWS_2:LIT",
      "properties": {
        "file": "meshes_decoration_lights.assetbundle",
        "mesh": "Offices_Medium2_Windows2",
        "assignMaterials": {
          "hideSourcePrefab": true,
          "assignments": []
        }
      },
      "dutyCycle": "DuskTillDawn()"
    },
    {
      "parent": "/Far__x1_z5/Far__x1_z5_LFS/Far_IndustryBuildings/Offices_Medium2 (1)",
      "hash": "06A70F781A163F3B0:06A70F781A163F3B0",
      "id": "WINDOWS_3:LIT",
      "properties": {
        "file": "meshes_decoration_lights.assetbundle",
        "mesh": "Offices_Medium2_Windows3",
        "assignMaterials": {
          "hideSourcePrefab": true,
          "assignments": []
        }
      },
      "dutyCycle": "DuskTillDawn()"
    },
    {
      "parent": "/Far__x1_z5/Far__x1_z5_LFS/Far_IndustryBuildings/Offices_Medium2 (1)",
      "hash": "06A70F781A163F3B0:06A70F781A163F3B0",
      "id": "WINDOWS_1:LIT",
      "properties": {
        "file": "meshes_decoration_lights.assetbundle",
        "mesh": "Offices_Medium2_Windows1",
        "assignMaterials": {
          "hideSourcePrefab": true,
          "assignments": []
        }
      },
      "dutyCycle": "DuskTillDawn()"
    },
    {
      "parent": "/Far__x1_z5/Far__x1_z5_LFS/Far_IndustryBuildings/Utility_Medium2",
      "hash": "068203781A15EB010:068203781A15EB010",
      "id": "WINDOWS_1:LIT",
      "properties": {
        "file": "meshes_decoration_lights.assetbundle",
        "mesh": "Utility_Medium2_Windows1",
        "assignMaterials": {
          "hideSourcePrefab": true,
          "assignments": []
        }
      },
      "dutyCycle": "DuskTillDawn()"
    },
    {
      "parent": "/Far__x1_z5/Far__x1_z5_LFS/Far_IndustryBuildings/Utility_Medium2",
      "hash": "068203781A15EB010:068203781A15EB010",
      "id": "WINDOWS_2:LIT",
      "properties": {
        "file": "meshes_decoration_lights.assetbundle",
        "mesh": "Utility_Medium2_Windows2",
        "assignMaterials": {
          "hideSourcePrefab": true,
          "assignments": []
        }
      },
      "dutyCycle": "DuskTillDawn()"
    },
    {
      "parent": "/Far__x1_z5/Far__x1_z5_LFS/Far_IndustryBuildings/Utility_Medium2",
      "hash": "068203781A15EB010:068203781A15EB010",
      "id": "WINDOWS_4:LIT",
      "properties": {
        "file": "meshes_decoration_lights.assetbundle",
        "mesh": "Utility_Medium2_Windows4",
        "assignMaterials": {
          "hideSourcePrefab": true,
          "assignments": []
        }
      },
      "dutyCycle": "DuskTillDawn()"
    },
    {
      "parent": "/Far__x1_z5/Far__x1_z5_LFS/Far_IndustryBuildings/Warehouse_TruckTall (1)",
      "hash": "065343781A15981D0:065343781A15981D0",
      "id": "WINDOWS_1:LIT",
      "properties": {
        "file": "meshes_decoration_lights.assetbundle",
        "mesh": "Warehouse_TruckTall_Windows1",
        "assignMaterials": {
          "hideSourcePrefab": true,
          "assignments": []
        }
      },
      "dutyCycle": "DuskTillDawn()"
    },
    {
      "parent": "/Far__x1_z5/Far__x1_z5_LFS/Far_IndustryBuildings/Warehouse_TruckTall (1)",
      "hash": "065343781A15981D0:065343781A15981D0",
      "id": "WINDOWS_2:LIT",
      "properties": {
        "file": "meshes_decoration_lights.assetbundle",
        "mesh": "Warehouse_TruckTall_Windows2",
        "assignMaterials": {
          "hideSourcePrefab": true,
          "assignments": []
        }
      },
      "dutyCycle": "DuskTillDawn()"
    },
    {
      "parent": "/Far__x1_z5/Far__x1_z5_LFS/Far_IndustryBuildings/Warehouse_TruckTall (1)",
      "hash": "065343781A15981D0:065343781A15981D0",
      "id": "WINDOWS_5:LIT",
      "properties": {
        "file": "meshes_decoration_lights.assetbundle",
        "mesh": "Warehouse_TruckTall_Windows5",
        "assignMaterials": {
          "hideSourcePrefab": true,
          "assignments": []
        }
      },
      "dutyCycle": "DuskTillDawn()"
    },
    {
      "parent": "/Far__x1_z5/Far__x1_z5_LFS/Far_IndustryBuildings/Warehouse_TruckTall",
      "hash": "06270C781A15673A0:06270C781A15673A0",
      "id": "WINDOWS_2:LIT",
      "properties": {
        "file": "meshes_decoration_lights.assetbundle",
        "mesh": "Warehouse_TruckTall_Windows2",
        "assignMaterials": {
          "hideSourcePrefab": true,
          "assignments": []
        }
      },
      "dutyCycle": "DuskTillDawn()"
    },
    {
      "parent": "/Far__x1_z5/Far__x1_z5_LFS/Far_IndustryBuildings/Warehouse_TruckTall",
      "hash": "06270C781A15673A0:06270C781A15673A0",
      "id": "WINDOWS_3:LIT",
      "properties": {
        "file": "meshes_decoration_lights.assetbundle",
        "mesh": "Warehouse_TruckTall_Windows3",
        "assignMaterials": {
          "hideSourcePrefab": true,
          "assignments": []
        }
      },
      "dutyCycle": "DuskTillDawn()"
    },
    {
      "parent": "/Far__x1_z5/Far__x1_z5_LFS/Far_IndustryBuildings/Warehouse_TruckTall",
      "hash": "06270C781A15673A0:06270C781A15673A0",
      "id": "WINDOWS_5:LIT",
      "properties": {
        "file": "meshes_decoration_lights.assetbundle",
        "mesh": "Warehouse_TruckTall_Windows5",
        "assignMaterials": {
          "hideSourcePrefab": true,
          "assignments": []
        }
      },
      "dutyCycle": "DuskTillDawn()"
    },
    {
      "parent": "/Far__x1_z5/Far__x1_z5_LFS/Far_CivilBuildings/FakeOffice_1",
      "hash": "068C0D795C14C5030:068C0D795C14C5030",
      "id": "WINDOWS_1:LIT",
      "properties": {
        "file": "meshes_decoration_lights.assetbundle",
        "mesh": "FakeOffice_1_Windows1",
        "assignMaterials": {
          "hideSourcePrefab": true,
          "assignments": []
        }
      },
      "dutyCycle": "DuskTillDawn()"
    },
    {
      "parent": "/Far__x1_z5/Far__x1_z5_LFS/Far_CivilBuildings/FakeOffice_1",
      "hash": "068C0D795C14C5030:068C0D795C14C5030",
      "id": "WINDOWS_5:LIT",
      "properties": {
        "file": "meshes_decoration_lights.assetbundle",
        "mesh": "FakeOffice_1_Windows5",
        "assignMaterials": {
          "hideSourcePrefab": true,
          "assignments": []
        }
      },
      "dutyCycle": "DuskTillDawn()"
    },
    {
      "parent": "/Far__x1_z5/Far__x1_z5_LFS/Far_CivilBuildings/FakeOffice_1",
      "hash": "068C0D795C14C5030:068C0D795C14C5030",
      "id": "WINDOWS_2:LIT",
      "properties": {
        "file": "meshes_decoration_lights.assetbundle",
        "mesh": "FakeOffice_1_Windows2",
        "assignMaterials": {
          "hideSourcePrefab": true,
          "assignments": []
        }
      },
      "dutyCycle": "DuskTillDawn()"
    },
    {
      "parent": "/Far__x1_z5/Far__x1_z5_LFS/Far_CivilBuildings/FakeOffice_1",
      "hash": "068C0D795C14C5030:068C0D795C14C5030",
      "id": "WINDOWS_3:LIT",
      "properties": {
        "file": "meshes_decoration_lights.assetbundle",
        "mesh": "FakeOffice_1_Windows3",
        "assignMaterials": {
          "hideSourcePrefab": true,
          "assignments": []
        }
      },
      "dutyCycle": "DuskTillDawn()"
    },
    {
      "parent": "/Far__x1_z5/Far__x1_z5_LFS/Far_IndustryBuildings/FakeOffice_7 (1)",
      "hash": "06A931781A14A10B0:06A931781A14A10B0",
      "id": "WINDOWS_1:LIT",
      "properties": {
        "file": "meshes_decoration_lights.assetbundle",
        "mesh": "FakeOffice_7_Windows1",
        "assignMaterials": {
          "hideSourcePrefab": true,
          "assignments": []
        }
      },
      "dutyCycle": "DuskTillDawn()"
    },
    {
      "parent": "/Far__x1_z5/Far__x1_z5_LFS/Far_IndustryBuildings/Supermarket (1)",
      "hash": "071942781A14C3370:071942781A14C3370",
      "id": "WINDOWS_1:LIT",
      "properties": {
        "file": "meshes_decoration_lights.assetbundle",
        "mesh": "Supermarket_Windows1",
        "assignMaterials": {
          "hideSourcePrefab": true,
          "assignments": []
        }
      },
      "dutyCycle": "DuskTillDawn()"
    },
    {
      "parent": "/Far__x1_z5/Far__x1_z5_LFS/Far_IndustryBuildings/Supermarket (1)",
      "hash": "071942781A14C3370:071942781A14C3370",
      "id": "WINDOWS_4:LIT",
      "properties": {
        "file": "meshes_decoration_lights.assetbundle",
        "mesh": "Supermarket_Windows4",
        "assignMaterials": {
          "hideSourcePrefab": true,
          "assignments": []
        }
      },
      "dutyCycle": "DuskTillDawn()"
    },
    {
      "parent": "/Far__x1_z5/Far__x1_z5_LFS/Far_IndustryBuildings/Supermarket (2)",
      "hash": "072B25781A14DA470:072B25781A14DA470",
      "id": "WINDOWS_4:LIT",
      "properties": {
        "file": "meshes_decoration_lights.assetbundle",
        "mesh": "Supermarket_Windows4",
        "assignMaterials": {
          "hideSourcePrefab": true,
          "assignments": []
        }
      },
      "dutyCycle": "DuskTillDawn()"
    },
    {
      "parent": "/Far__x1_z5/Far__x1_z5_LFS/Far_IndustryBuildings/Supermarket (2)",
      "hash": "072B25781A14DA470:072B25781A14DA470",
      "id": "WINDOWS_3:LIT",
      "properties": {
        "file": "meshes_decoration_lights.assetbundle",
        "mesh": "Supermarket_Windows3",
        "assignMaterials": {
          "hideSourcePrefab": true,
          "assignments": []
        }
      },
      "dutyCycle": "DuskTillDawn()"
    },
    {
      "parent": "/Far__x1_z5/Far__x1_z5_LFS/Far_IndustryBuildings/FakeOffice_6",
      "hash": "073E02781A15D9160:073E02781A15D9160",
      "id": "WINDOWS_1:LIT",
      "properties": {
        "file": "meshes_decoration_lights.assetbundle",
        "mesh": "FakeOffice_6_Windows1",
        "assignMaterials": {
          "hideSourcePrefab": true,
          "assignments": []
        }
      },
      "dutyCycle": "DuskTillDawn()"
    },
    {
      "parent": "/Far__x1_z5/Far__x1_z5_LFS/Far_IndustryBuildings/FakeOffice_6",
      "hash": "073E02781A15D9160:073E02781A15D9160",
      "id": "WINDOWS_2:LIT",
      "properties": {
        "file": "meshes_decoration_lights.assetbundle",
        "mesh": "FakeOffice_6_Windows2",
        "assignMaterials": {
          "hideSourcePrefab": true,
          "assignments": []
        }
      },
      "dutyCycle": "DuskTillDawn()"
    },
    {
      "parent": "/Far__x1_z5/Far__x1_z5_LFS/Far_IndustryBuildings/FakeOffice_4",
      "hash": "075610781A15EE2D0:075610781A15EE2D0",
      "id": "WINDOWS_1:LIT",
      "properties": {
        "file": "meshes_decoration_lights.assetbundle",
        "mesh": "FakeOffice_4_Windows1",
        "assignMaterials": {
          "hideSourcePrefab": true,
          "assignments": []
        }
      },
      "dutyCycle": "DuskTillDawn()"
    },
    {
      "parent": "/Far__x1_z5/Far__x1_z5_LFS/Far_IndustryBuildings/Supermarket (2)",
      "hash": "072B25781A14DA470:072B25781A14DA470",
      "id": "WINDOWS_1:LIT",
      "properties": {
        "file": "meshes_decoration_lights.assetbundle",
        "mesh": "Supermarket_Windows1",
        "assignMaterials": {
          "hideSourcePrefab": true,
          "assignments": []
        }
      },
      "dutyCycle": "DuskTillDawn()"
    }
  ]
}