{
  "version": 97,
  "enabled": true,
  "lights": [
    {
      "parent": "/Near__x1_z5/Near__x1_z5_LFS",
      "position": "(999.911743,125.713852,554.5259)",
      "rotation": "(0.557108164,-0.319813579,0.245402232,0.726035535)",
      "hash": "04000000001400000:07E75B7D47162A340",
      "properties": {
        "type": "Point",
        "intensity": 1.0,
        "range": 20.0,
        "colour": "#DDEEFF",
        "corona": {
          "sprite": "corona_flare02.png",
          "scale": 1.0,
          "range": 100.0
        },
        "dutyCycle": "DuskTillDawn()"
      }
    },
    {
      "parent": "/Near__x1_z5/Near__x1_z5_LFS/%GROUP%_Mesh03E1137C08022028",
      "position": "(0,0.27,-0.12)",
      "hash": "07E1137C081620280:07E1017B601620140",
      "properties": {
        "type": "Point",
        "intensity": 0.5,
        "range": 10.0,
        "colour": "#FFFFFF",
        "corona": null,
        "dutyCycle": "Always()"
      }
    },
    {
      "parent": "/Near__x1_z5/Near__x1_z5_LFS/%GROUP%_Mesh03E1137C08022028",
      "position": "(0.377712965,-3.71205664,3.633438)",
      "rotation": "(-0.220408678,0.739528358,-0.567458749,-0.2872429)",
      "hash": "07E1137C081620280:07E3627F471622590",
      "properties": {
        "type": "Point",
        "intensity": 1.0,
        "range": 20.0,
        "colour": "#DDEEFF",
        "corona": {
          "sprite": "corona_flare02.png",
          "scale": 1.0,
          "range": 100.0
        },
        "dutyCycle": "DuskTillDawn()"
      }
    },
    {
      "parent": "/Far__x1_z5/Far__x1_z5_LFS/Far_IndustryBuildings/Utility_Medium2/collider/%GROUP%_Mesh01322E016300D33F",
      "position": "(0,7.1,1.55)",
      "rotation": "(-0.7071068,0,0,0.7071068)",
      "hash": "07EE187A1A1638560:07EF2E812416375A0",
      "properties": {
        "type": "Point",
        "intensity": 1.0,
        "range": 20.0,
        "colour": "#DDEEFF",
        "corona": {
          "sprite": "corona_flare02.png",
          "scale": 1.0,
          "range": 100.0
        },
        "dutyCycle": "DuskTillDawn()"
      }
    },
    {
      "parent": "/Far__x1_z5/Far__x1_z5_LFS/Far_IndustryBuildings/Utility_Medium2/collider/%GROUP%_Mesh01322E016300D33F",
      "position": "(0,7.1,-1.55)",
      "rotation": "(-0.7071068,0,0,0.7071068)",
      "hash": "07EE187A1A1638560:07ED0281241639510",
      "properties": {
        "type": "Point",
        "intensity": 1.0,
        "range": 20.0,
        "colour": "#DDEEFF",
        "corona": {
          "sprite": "corona_flare02.png",
          "scale": 1.0,
          "range": 100.0
        },
        "dutyCycle": "DuskTillDawn()"
      }
    },
    {
      "parent": "/Far__x1_z5/Far__x1_z5_LFS/Far_IndustryBuildings/Utility_Medium2/collider/%GROUP%_Mesh010D07016300D35B",
      "position": "(0,7.1,1.55)",
      "rotation": "(-0.7071068,0,0,0.7071068)",
      "hash": "07D4507A1A161D2E0:07D5618124161C2C0",
      "properties": {
        "type": "Point",
        "intensity": 1.0,
        "range": 20.0,
        "colour": "#DDEEFF",
        "corona": {
          "sprite": "corona_flare02.png",
          "scale": 1.0,
          "range": 100.0
        },
        "dutyCycle": "DuskTillDawn()"
      }
    },
    {
      "parent": "/Far__x1_z5/Far__x1_z5_LFS/Far_IndustryBuildings/Utility_Medium2/collider/%GROUP%_Mesh010D07016300D35B",
      "position": "(0,7.1,-1.55)",
      "rotation": "(-0.7071068,0,0,0.7071068)",
      "hash": "07D4507A1A161D2E0:07D33F8124161E2F0",
      "properties": {
        "type": "Point",
        "intensity": 1.0,
        "range": 20.0,
        "colour": "#DDEEFF",
        "corona": {
          "sprite": "corona_flare02.png",
          "scale": 1.0,
          "range": 100.0
        },
        "dutyCycle": "DuskTillDawn()"
      }
    }
  ],
  "meshes": [
    {
      "parent": "/Near__x1_z5/Near__x1_z5_LFS",
      "position": "(993.1991,124.08448,544.40625)",
      "rotation": "(-0.6591326,0.256016076,0.256016076,0.6591326)",
      "hash": "04000000001400000:07E1137C081620280",
      "properties": {
        "file": "meshes_lampposts.assetbundle",
        "mesh": "IndustrialLamp_Wall"
      }
    },
    {
      "parent": "/Far__x1_z5/Far__x1_z5_LFS/Far_IndustryBuildings/Utility_Medium2/collider",
      "position": "(306.461273,1.99159241,-211.631165)",
      "rotation": "(0,0.8987941,0,0.438371122)",
      "hash": "068203781A15EB010:07EE187A1A1638560",
      "properties": {
        "file": "meshes_lampposts.assetbundle",
        "mesh": "LampPostDouble_Floor"
      }
    },
    {
      "parent": "/Far__x1_z5/Far__x1_z5_LFS/Far_IndustryBuildings/Utility_Medium2/collider",
      "position": "(269.0715,1.99159241,-211.913559)",
      "rotation": "(0,0.9099613,0,0.4146933)",
      "hash": "068203781A15EB010:07D4507A1A161D2E0",
      "properties": {
        "file": "meshes_lampposts.assetbundle",
        "mesh": "LampPostDouble_Floor"
      }
    }
  ],
  "decorations": []
}