{
  "version": 92,
  "enabled": true,
  "lights": [],
  "meshes": [],
  "decorations": [
    {
      "parent": "/Far__x1_z5/Far__x1_z5_LFS/Far_RussianBuildings/rus_build_5et_01a",
      "hash": "07FD597A01161B490:07FD597A01161B490",
      "id": "WINDOWS_1:LIT",
      "properties": {
        "file": "meshes_decoration_lights.assetbundle",
        "mesh": "rus_build_01_02_03_04_05_Windows",
        "assignMaterials": {
          "hideSourcePrefab": true,
          "assignments": [
            {
              "renderer": "Regroup13",
              "fromIndex": 0
            }
          ],
          "randomAlpha": 0.7
        }
      },
      "dutyCycle": "DuskTillDawn()"
    },
    {
      "parent": "/Far__x1_z5/Far__x1_z5_LFS/Far_RussianBuildings/rus_build_5et_01a",
      "hash": "07FD597A01161B490:07FD597A01161B490",
      "id": "WINDOWS_2:LIT",
      "properties": {
        "file": "meshes_decoration_lights.assetbundle",
        "mesh": "rus_build_01_02_03_04_05_Windows",
        "assignMaterials": {
          "hideSourcePrefab": true,
          "assignments": [
            {
              "renderer": "Regroup13",
              "fromIndex": 1
            }
          ],
          "randomAlpha": 0.7
        }
      },
      "dutyCycle": "DuskTillDawn()"
    },
    {
      "parent": "/Far__x1_z5/Far__x1_z5_LFS/Far_RussianBuildings/rus_build_5et_03a (2)",
      "hash": "0798397A011609110:0798397A011609110",
      "id": "WINDOWS_3:LIT",
      "properties": {
        "file": "meshes_decoration_lights.assetbundle",
        "mesh": "rus_build_01_02_03_04_05_Windows",
        "assignMaterials": {
          "hideSourcePrefab": true,
          "assignments": [
            {
              "renderer": "Regroup13",
              "fromIndex": 2
            }
          ],
          "randomAlpha": 0.7
        }
      },
      "dutyCycle": "DuskTillDawn()"
    },
    {
      "parent": "/Far__x1_z5/Far__x1_z5_LFS/Far_RussianBuildings/rus_build_5et_03a (2)",
      "hash": "0798397A011609110:0798397A011609110",
      "id": "WINDOWS_5:LIT",
      "properties": {
        "file": "meshes_decoration_lights.assetbundle",
        "mesh": "rus_build_01_02_03_04_05_Windows",
        "assignMaterials": {
          "hideSourcePrefab": true,
          "assignments": [
            {
              "renderer": "Regroup13",
              "fromIndex": 4
            }
          ],
          "randomAlpha": 0.7
        }
      },
      "dutyCycle": "DuskTillDawn()"
    },
    {
      "parent": "/Far__x1_z5/Far__x1_z5_LFS/Far_RussianBuildings/rus_build_4et_01",
      "hash": "07E1487A0115B7560:07E1487A0115B7560",
      "id": "WINDOWS_1:LIT",
      "properties": {
        "file": "meshes_decoration_lights.assetbundle",
        "mesh": "rus_build_06_07_12_13_Windows",
        "assignMaterials": {
          "hideSourcePrefab": true,
          "assignments": [
            {
              "renderer": "Regroup13",
              "fromIndex": 0
            }
          ],
          "randomAlpha": 0.7
        }
      },
      "dutyCycle": "DuskTillDawn()"
    },
    {
      "parent": "/Far__x1_z5/Far__x1_z5_LFS/Far_RussianBuildings/rus_build_4et_01",
      "hash": "07E1487A0115B7560:07E1487A0115B7560",
      "id": "WINDOWS_4:LIT",
      "properties": {
        "file": "meshes_decoration_lights.assetbundle",
        "mesh": "rus_build_06_07_12_13_Windows",
        "assignMaterials": {
          "hideSourcePrefab": true,
          "assignments": [
            {
              "renderer": "Regroup13",
              "fromIndex": 3
            }
          ],
          "randomAlpha": 0.7
        }
      },
      "dutyCycle": "DuskTillDawn()"
    },
    {
      "parent": "/Far__x1_z5/Far__x1_z5_LFS/Far_RussianBuildings/rus_build_9et_03b (2)",
      "hash": "07851F7A011537150:07851F7A011537150",
      "id": "WINDOWS_2:LIT",
      "properties": {
        "file": "meshes_decoration_lights.assetbundle",
        "mesh": "rus_build_08_09_10_Windows",
        "assignMaterials": {
          "hideSourcePrefab": true,
          "assignments": [
            {
              "renderer": "Regroup13",
              "fromIndex": 1
            }
          ],
          "randomAlpha": 0.7
        }
      },
      "dutyCycle": "DuskTillDawn()"
    },
    {
      "parent": "/Far__x1_z5/Far__x1_z5_LFS/Far_RussianBuildings/rus_build_9et_03b (2)",
      "hash": "07851F7A011537150:07851F7A011537150",
      "id": "WINDOWS_4:LIT",
      "properties": {
        "file": "meshes_decoration_lights.assetbundle",
        "mesh": "rus_build_08_09_10_Windows",
        "assignMaterials": {
          "hideSourcePrefab": true,
          "assignments": [
            {
              "renderer": "Regroup13",
              "fromIndex": 3
            }
          ],
          "randomAlpha": 0.7
        }
      },
      "dutyCycle": "DuskTillDawn()"
    },
    {
      "parent": "/Far__x1_z5/Far__x1_z5_LFS/Far_RussianBuildings/rus_build_5et_03b",
      "hash": "07A25B7A0115B22F0:07A25B7A0115B22F0",
      "id": "WINDOWS_3:LIT",
      "properties": {
        "file": "meshes_decoration_lights.assetbundle",
        "mesh": "rus_build_01_02_03_04_05_Windows",
        "assignMaterials": {
          "hideSourcePrefab": true,
          "assignments": [
            {
              "renderer": "Regroup13",
              "fromIndex": 2
            }
          ],
          "randomAlpha": 0.7
        }
      },
      "dutyCycle": "DuskTillDawn()"
    },
    {
      "parent": "/Far__x1_z5/Far__x1_z5_LFS/Far_RussianBuildings/rus_build_5et_03b",
      "hash": "07A25B7A0115B22F0:07A25B7A0115B22F0",
      "id": "WINDOWS_5:LIT",
      "properties": {
        "file": "meshes_decoration_lights.assetbundle",
        "mesh": "rus_build_01_02_03_04_05_Windows",
        "assignMaterials": {
          "hideSourcePrefab": true,
          "assignments": [
            {
              "renderer": "Regroup13",
              "fromIndex": 4
            }
          ],
          "randomAlpha": 0.7
        }
      },
      "dutyCycle": "DuskTillDawn()"
    },
    {
      "parent": "/Far__x1_z5/Far__x1_z5_LFS/Far_RussianBuildings/rus_build_5et_03b",
      "hash": "07A25B7A0115B22F0:07A25B7A0115B22F0",
      "id": "WINDOWS_4:LIT",
      "properties": {
        "file": "meshes_decoration_lights.assetbundle",
        "mesh": "rus_build_01_02_03_04_05_Windows",
        "assignMaterials": {
          "hideSourcePrefab": true,
          "assignments": [
            {
              "renderer": "Regroup13",
              "fromIndex": 3
            }
          ],
          "randomAlpha": 0.7
        }
      },
      "dutyCycle": "DuskTillDawn()"
    },
    {
      "parent": "/Far__x1_z5/Far__x1_z5_LFS/Far_RussianBuildings/rus_build_9et_01 (1)",
      "hash": "076E157A01155E550:076E157A01155E550",
      "id": "WINDOWS_1:LIT",
      "properties": {
        "file": "meshes_decoration_lights.assetbundle",
        "mesh": "rus_build_08_09_10_Windows",
        "assignMaterials": {
          "hideSourcePrefab": true,
          "assignments": [
            {
              "renderer": "Regroup13",
              "fromIndex": 0
            }
          ],
          "randomAlpha": 0.7
        }
      },
      "dutyCycle": "DuskTillDawn()"
    },
    {
      "parent": "/Far__x1_z5/Far__x1_z5_LFS/Far_RussianBuildings/rus_build_9et_01 (1)",
      "hash": "076E157A01155E550:076E157A01155E550",
      "id": "WINDOWS_3:LIT",
      "properties": {
        "file": "meshes_decoration_lights.assetbundle",
        "mesh": "rus_build_08_09_10_Windows",
        "assignMaterials": {
          "hideSourcePrefab": true,
          "assignments": [
            {
              "renderer": "Regroup13",
              "fromIndex": 2
            }
          ],
          "randomAlpha": 0.7
        }
      },
      "dutyCycle": "DuskTillDawn()"
    },
    {
      "parent": "/Far__x1_z5/Far__x1_z5_LFS/Far_RussianBuildings/rus_build_2et_01",
      "hash": "07C5347A01153C400:07C5347A01153C400",
      "id": "WINDOWS_1:LIT",
      "properties": {
        "file": "meshes_decoration_lights.assetbundle",
        "mesh": "rus_build_15_Windows",
        "assignMaterials": {
          "hideSourcePrefab": true,
          "assignments": [
            {
              "renderer": "Regroup13",
              "fromIndex": 0
            }
          ],
          "randomAlpha": 0.5
        }
      },
      "dutyCycle": "DuskTillDawn()"
    },
    {
      "parent": "/Far__x1_z5/Far__x1_z5_LFS/Far_RussianBuildings/rus_build_2et_01",
      "hash": "07C5347A01153C400:07C5347A01153C400",
      "id": "WINDOWS_2:LIT",
      "properties": {
        "file": "meshes_decoration_lights.assetbundle",
        "mesh": "rus_build_15_Windows",
        "assignMaterials": {
          "hideSourcePrefab": true,
          "assignments": [
            {
              "renderer": "Regroup13",
              "fromIndex": 1
            }
          ],
          "randomAlpha": 0.5
        }
      },
      "dutyCycle": "DuskTillDawn()"
    },
    {
      "parent": "/Far__x1_z5/Far__x1_z5_LFS/Far_RussianBuildings/rus_build_2et_01",
      "hash": "07C5347A01153C400:07C5347A01153C400",
      "id": "WINDOWS_3:LIT",
      "properties": {
        "file": "meshes_decoration_lights.assetbundle",
        "mesh": "rus_build_15_Windows",
        "assignMaterials": {
          "hideSourcePrefab": true,
          "assignments": [
            {
              "renderer": "Regroup13",
              "fromIndex": 2
            }
          ],
          "randomAlpha": 0.5
        }
      },
      "dutyCycle": "DuskTillDawn()"
    },
    {
      "parent": "/Far__x1_z5/Far__x1_z5_LFS/Far_RussianBuildings/rus_build_2et_01",
      "hash": "07C5347A01153C400:07C5347A01153C400",
      "id": "WINDOWS_4:LIT",
      "properties": {
        "file": "meshes_decoration_lights.assetbundle",
        "mesh": "rus_build_15_Windows",
        "assignMaterials": {
          "hideSourcePrefab": true,
          "assignments": [
            {
              "renderer": "Regroup13",
              "fromIndex": 3
            }
          ],
          "randomAlpha": 0.5
        }
      },
      "dutyCycle": "DuskTillDawn()"
    },
    {
      "parent": "/Far__x1_z5/Far__x1_z5_LFS/Far_RussianBuildings/rus_build_9et_03a (1)",
      "hash": "072E137A01150A5A0:072E137A01150A5A0",
      "id": "WINDOWS_1:LIT",
      "properties": {
        "file": "meshes_decoration_lights.assetbundle",
        "mesh": "rus_build_08_09_10_Windows",
        "assignMaterials": {
          "hideSourcePrefab": true,
          "assignments": [
            {
              "renderer": "Regroup13",
              "fromIndex": 0
            }
          ],
          "randomAlpha": 0.7
        }
      },
      "dutyCycle": "DuskTillDawn()"
    },
    {
      "parent": "/Far__x1_z5/Far__x1_z5_LFS/Far_RussianBuildings/rus_build_9et_03a (1)",
      "hash": "072E137A01150A5A0:072E137A01150A5A0",
      "id": "WINDOWS_3:LIT",
      "properties": {
        "file": "meshes_decoration_lights.assetbundle",
        "mesh": "rus_build_08_09_10_Windows",
        "assignMaterials": {
          "hideSourcePrefab": true,
          "assignments": [
            {
              "renderer": "Regroup13",
              "fromIndex": 2
            }
          ],
          "randomAlpha": 0.7
        }
      },
      "dutyCycle": "DuskTillDawn()"
    },
    {
      "parent": "/Far__x1_z5/Far__x1_z5_LFS/Far_RussianBuildings/rus_build_9et_03b (1)",
      "hash": "0751567A0115003F0:0751567A0115003F0",
      "id": "WINDOWS_2:LIT",
      "properties": {
        "file": "meshes_decoration_lights.assetbundle",
        "mesh": "rus_build_08_09_10_Windows",
        "assignMaterials": {
          "hideSourcePrefab": true,
          "assignments": [
            {
              "renderer": "Regroup13",
              "fromIndex": 1
            }
          ],
          "randomAlpha": 0.7
        }
      },
      "dutyCycle": "DuskTillDawn()"
    },
    {
      "parent": "/Far__x1_z5/Far__x1_z5_LFS/Far_RussianBuildings/rus_build_9et_03b (1)",
      "hash": "0751567A0115003F0:0751567A0115003F0",
      "id": "WINDOWS_5:LIT",
      "properties": {
        "file": "meshes_decoration_lights.assetbundle",
        "mesh": "rus_build_08_09_10_Windows",
        "assignMaterials": {
          "hideSourcePrefab": true,
          "assignments": [
            {
              "renderer": "Regroup13",
              "fromIndex": 4
            }
          ],
          "randomAlpha": 0.7
        }
      },
      "dutyCycle": "DuskTillDawn()"
    },
    {
      "parent": "/Far__x1_z5/Far__x1_z5_LFS/Far_RussianBuildings/rus_build_5et_03",
      "hash": "071C107A011516270:071C107A011516270",
      "id": "WINDOWS_1:LIT",
      "properties": {
        "file": "meshes_decoration_lights.assetbundle",
        "mesh": "rus_build_01_02_03_04_05_Windows",
        "assignMaterials": {
          "hideSourcePrefab": true,
          "assignments": [
            {
              "renderer": "Regroup13",
              "fromIndex": 0
            }
          ],
          "randomAlpha": 0.7
        }
      },
      "dutyCycle": "DuskTillDawn()"
    },
    {
      "parent": "/Far__x1_z5/Far__x1_z5_LFS/Far_RussianBuildings/rus_build_5et_03",
      "hash": "071C107A011516270:071C107A011516270",
      "id": "WINDOWS_4:LIT",
      "properties": {
        "file": "meshes_decoration_lights.assetbundle",
        "mesh": "rus_build_01_02_03_04_05_Windows",
        "assignMaterials": {
          "hideSourcePrefab": true,
          "assignments": [
            {
              "renderer": "Regroup13",
              "fromIndex": 3
            }
          ],
          "randomAlpha": 0.7
        }
      },
      "dutyCycle": "DuskTillDawn()"
    },
    {
      "parent": "/Far__x1_z5/Far__x1_z5_LFS/Far_RussianBuildings/rus_build_5et_03c (1)",
      "hash": "06E7237A0114DE240:06E7237A0114DE240",
      "id": "WINDOWS_1:LIT",
      "properties": {
        "file": "meshes_decoration_lights.assetbundle",
        "mesh": "rus_build_06_07_12_13_Windows",
        "assignMaterials": {
          "hideSourcePrefab": true,
          "assignments": [
            {
              "renderer": "Regroup13",
              "fromIndex": 0
            }
          ],
          "randomAlpha": 0.7
        }
      },
      "dutyCycle": "DuskTillDawn()"
    },
    {
      "parent": "/Far__x1_z5/Far__x1_z5_LFS/Far_RussianBuildings/rus_build_5et_03c (1)",
      "hash": "06E7237A0114DE240:06E7237A0114DE240",
      "id": "WINDOWS_3:LIT",
      "properties": {
        "file": "meshes_decoration_lights.assetbundle",
        "mesh": "rus_build_06_07_12_13_Windows",
        "assignMaterials": {
          "hideSourcePrefab": true,
          "assignments": [
            {
              "renderer": "Regroup13",
              "fromIndex": 2
            }
          ],
          "randomAlpha": 0.7
        }
      },
      "dutyCycle": "DuskTillDawn()"
    },
    {
      "parent": "/Far__x1_z5/Far__x1_z5_LFS/Far_RussianBuildings/rus_build_5et_03c (1)",
      "hash": "06E7237A0114DE240:06E7237A0114DE240",
      "id": "WINDOWS_5:LIT",
      "properties": {
        "file": "meshes_decoration_lights.assetbundle",
        "mesh": "rus_build_06_07_12_13_Windows",
        "assignMaterials": {
          "hideSourcePrefab": true,
          "assignments": [
            {
              "renderer": "Regroup13",
              "fromIndex": 4
            }
          ],
          "randomAlpha": 0.7
        }
      },
      "dutyCycle": "DuskTillDawn()"
    },
    {
      "parent": "/Far__x1_z5/Far__x1_z5_LFS/Far_RussianBuildings/rus_build_5et_03 (1)",
      "hash": "06F63F7A0114CF5F0:06F63F7A0114CF5F0",
      "id": "WINDOWS_3:LIT",
      "properties": {
        "file": "meshes_decoration_lights.assetbundle",
        "mesh": "rus_build_01_02_03_04_05_Windows",
        "assignMaterials": {
          "hideSourcePrefab": true,
          "assignments": [
            {
              "renderer": "Regroup13",
              "fromIndex": 2
            }
          ],
          "randomAlpha": 0.7
        }
      },
      "dutyCycle": "DuskTillDawn()"
    },
    {
      "parent": "/Far__x1_z5/Far__x1_z5_LFS/Far_RussianBuildings/rus_build_5et_03 (1)",
      "hash": "06F63F7A0114CF5F0:06F63F7A0114CF5F0",
      "id": "WINDOWS_2:LIT",
      "properties": {
        "file": "meshes_decoration_lights.assetbundle",
        "mesh": "rus_build_01_02_03_04_05_Windows",
        "assignMaterials": {
          "hideSourcePrefab": true,
          "assignments": [
            {
              "renderer": "Regroup13",
              "fromIndex": 1
            }
          ],
          "randomAlpha": 0.7
        }
      },
      "dutyCycle": "DuskTillDawn()"
    },
    {
      "parent": "/Far__x1_z5/Far__x1_z5_LFS/Far_RussianBuildings/rus_build_5et_03 (1)",
      "hash": "06F63F7A0114CF5F0:06F63F7A0114CF5F0",
      "id": "WINDOWS_4:LIT",
      "properties": {
        "file": "meshes_decoration_lights.assetbundle",
        "mesh": "rus_build_01_02_03_04_05_Windows",
        "assignMaterials": {
          "hideSourcePrefab": true,
          "assignments": [
            {
              "renderer": "Regroup13",
              "fromIndex": 3
            }
          ],
          "randomAlpha": 0.7
        }
      },
      "dutyCycle": "DuskTillDawn()"
    },
    {
      "parent": "/Far__x1_z5/Far__x1_z5_LFS/Far_RussianBuildings/rus_build_9et_03a",
      "hash": "06E5317A01148D420:06E5317A01148D420",
      "id": "WINDOWS_1:LIT",
      "properties": {
        "file": "meshes_decoration_lights.assetbundle",
        "mesh": "rus_build_08_09_10_Windows",
        "assignMaterials": {
          "hideSourcePrefab": true,
          "assignments": [
            {
              "renderer": "Regroup13",
              "fromIndex": 0
            }
          ],
          "randomAlpha": 0.7
        }
      },
      "dutyCycle": "DuskTillDawn()"
    },
    {
      "parent": "/Far__x1_z5/Far__x1_z5_LFS/Far_RussianBuildings/rus_build_9et_03b",
      "hash": "06AA3A7A01147C240:06AA3A7A01147C240",
      "id": "WINDOWS_2:LIT",
      "properties": {
        "file": "meshes_decoration_lights.assetbundle",
        "mesh": "rus_build_08_09_10_Windows",
        "assignMaterials": {
          "hideSourcePrefab": true,
          "assignments": [
            {
              "renderer": "Regroup13",
              "fromIndex": 1
            }
          ],
          "randomAlpha": 0.7
        }
      },
      "dutyCycle": "DuskTillDawn()"
    },
    {
      "parent": "/Far__x1_z5/Far__x1_z5_LFS/Far_RussianBuildings/rus_build_9et_03b",
      "hash": "06AA3A7A01147C240:06AA3A7A01147C240",
      "id": "WINDOWS_3:LIT",
      "properties": {
        "file": "meshes_decoration_lights.assetbundle",
        "mesh": "rus_build_08_09_10_Windows",
        "assignMaterials": {
          "hideSourcePrefab": true,
          "assignments": [
            {
              "renderer": "Regroup13",
              "fromIndex": 2
            }
          ],
          "randomAlpha": 0.7
        }
      },
      "dutyCycle": "DuskTillDawn()"
    },
    {
      "parent": "/Far__x1_z5/Far__x1_z5_LFS/Far_RussianBuildings/rus_build_9et_03b",
      "hash": "06AA3A7A01147C240:06AA3A7A01147C240",
      "id": "WINDOWS_4:LIT",
      "properties": {
        "file": "meshes_decoration_lights.assetbundle",
        "mesh": "rus_build_08_09_10_Windows",
        "assignMaterials": {
          "hideSourcePrefab": true,
          "assignments": [
            {
              "renderer": "Regroup13",
              "fromIndex": 3
            }
          ],
          "randomAlpha": 0.7
        }
      },
      "dutyCycle": "DuskTillDawn()"
    },
    {
      "parent": "/Far__x1_z5/Far__x1_z5_LFS/Far_RussianBuildings/rus_build_5et_03 (2)",
      "hash": "06CF357A0114A6300:06CF357A0114A6300",
      "id": "WINDOWS_1:LIT",
      "properties": {
        "file": "meshes_decoration_lights.assetbundle",
        "mesh": "rus_build_01_02_03_04_05_Windows",
        "assignMaterials": {
          "hideSourcePrefab": true,
          "assignments": [
            {
              "renderer": "Regroup13",
              "fromIndex": 0
            }
          ],
          "randomAlpha": 0.7
        }
      },
      "dutyCycle": "DuskTillDawn()"
    },
    {
      "parent": "/Far__x1_z5/Far__x1_z5_LFS/Far_RussianBuildings/rus_build_5et_03 (2)",
      "hash": "06CF357A0114A6300:06CF357A0114A6300",
      "id": "WINDOWS_5:LIT",
      "properties": {
        "file": "meshes_decoration_lights.assetbundle",
        "mesh": "rus_build_01_02_03_04_05_Windows",
        "assignMaterials": {
          "hideSourcePrefab": true,
          "assignments": [
            {
              "renderer": "Regroup13",
              "fromIndex": 4
            }
          ],
          "randomAlpha": 0.7
        }
      },
      "dutyCycle": "DuskTillDawn()"
    },
    {
      "parent": "/Far__x1_z5/Far__x1_z5_LFS/Far_RussianBuildings/rus_build_5et_05",
      "hash": "06740D7A0114AB380:06740D7A0114AB380",
      "id": "WINDOWS_2:LIT",
      "properties": {
        "file": "meshes_decoration_lights.assetbundle",
        "mesh": "rus_build_11_14_16_17_Windows",
        "assignMaterials": {
          "hideSourcePrefab": true,
          "assignments": [
            {
              "renderer": "Regroup13",
              "fromIndex": 1
            }
          ],
          "randomAlpha": 0.7
        }
      },
      "dutyCycle": "DuskTillDawn()"
    },
    {
      "parent": "/Far__x1_z5/Far__x1_z5_LFS/Far_RussianBuildings/rus_build_5et_05",
      "hash": "06740D7A0114AB380:06740D7A0114AB380",
      "id": "WINDOWS_3:LIT",
      "properties": {
        "file": "meshes_decoration_lights.assetbundle",
        "mesh": "rus_build_11_14_16_17_Windows",
        "assignMaterials": {
          "hideSourcePrefab": true,
          "assignments": [
            {
              "renderer": "Regroup13",
              "fromIndex": 2
            }
          ],
          "randomAlpha": 0.7
        }
      },
      "dutyCycle": "DuskTillDawn()"
    },
    {
      "parent": "/Far__x1_z5/Far__x1_z5_LFS/Far_RussianBuildings/rus_build_5et_03c",
      "hash": "06C0197A0114B4580:06C0197A0114B4580",
      "id": "WINDOWS_1:LIT",
      "properties": {
        "file": "meshes_decoration_lights.assetbundle",
        "mesh": "rus_build_06_07_12_13_Windows",
        "assignMaterials": {
          "hideSourcePrefab": true,
          "assignments": [
            {
              "renderer": "Regroup13",
              "fromIndex": 0
            }
          ],
          "randomAlpha": 0.7
        }
      },
      "dutyCycle": "DuskTillDawn()"
    },
    {
      "parent": "/Far__x1_z5/Far__x1_z5_LFS/Far_RussianBuildings/rus_build_5et_03c",
      "hash": "06C0197A0114B4580:06C0197A0114B4580",
      "id": "WINDOWS_4:LIT",
      "properties": {
        "file": "meshes_decoration_lights.assetbundle",
        "mesh": "rus_build_06_07_12_13_Windows",
        "assignMaterials": {
          "hideSourcePrefab": true,
          "assignments": [
            {
              "renderer": "Regroup13",
              "fromIndex": 3
            }
          ],
          "randomAlpha": 0.7
        }
      },
      "dutyCycle": "DuskTillDawn()"
    },
    {
      "parent": "/Far__x1_z5/Far__x1_z5_LFS/Far_RussianBuildings/rus_build_5et_03c",
      "hash": "06C0197A0114B4580:06C0197A0114B4580",
      "id": "WINDOWS_2:LIT",
      "properties": {
        "file": "meshes_decoration_lights.assetbundle",
        "mesh": "rus_build_06_07_12_13_Windows",
        "assignMaterials": {
          "hideSourcePrefab": true,
          "assignments": [
            {
              "renderer": "Regroup13",
              "fromIndex": 1
            }
          ],
          "randomAlpha": 0.7
        }
      },
      "dutyCycle": "DuskTillDawn()"
    },
    {
      "parent": "/Far__x1_z5/Far__x1_z5_LFS/Far_RussianBuildings/rus_build_9et_01",
      "hash": "06474A7A0114D5280:06474A7A0114D5280",
      "id": "WINDOWS_2:LIT",
      "properties": {
        "file": "meshes_decoration_lights.assetbundle",
        "mesh": "rus_build_08_09_10_Windows",
        "assignMaterials": {
          "hideSourcePrefab": true,
          "assignments": [
            {
              "renderer": "Regroup13",
              "fromIndex": 1
            }
          ],
          "randomAlpha": 0.7
        }
      },
      "dutyCycle": "DuskTillDawn()"
    },
    {
      "parent": "/Far__x1_z5/Far__x1_z5_LFS/Far_RussianBuildings/rus_build_9et_01",
      "hash": "06474A7A0114D5280:06474A7A0114D5280",
      "id": "WINDOWS_3:LIT",
      "properties": {
        "file": "meshes_decoration_lights.assetbundle",
        "mesh": "rus_build_08_09_10_Windows",
        "assignMaterials": {
          "hideSourcePrefab": true,
          "assignments": [
            {
              "renderer": "Regroup13",
              "fromIndex": 2
            }
          ],
          "randomAlpha": 0.7
        }
      },
      "dutyCycle": "DuskTillDawn()"
    },
    {
      "parent": "/Far__x1_z5/Far__x1_z5_LFS/Far_RussianBuildings/rus_build_9et_01",
      "hash": "06474A7A0114D5280:06474A7A0114D5280",
      "id": "WINDOWS_5:LIT",
      "properties": {
        "file": "meshes_decoration_lights.assetbundle",
        "mesh": "rus_build_08_09_10_Windows",
        "assignMaterials": {
          "hideSourcePrefab": true,
          "assignments": [
            {
              "renderer": "Regroup13",
              "fromIndex": 4
            }
          ],
          "randomAlpha": 0.7
        }
      },
      "dutyCycle": "DuskTillDawn()"
    },
    {
      "parent": "/Far__x1_z5/Far__x1_z5_LFS/Far_RussianBuildings/rus_build_9et_01b (3)",
      "hash": "0683367A0115102F0:0683367A0115102F0",
      "id": "WINDOWS_1:LIT",
      "properties": {
        "file": "meshes_decoration_lights.assetbundle",
        "mesh": "rus_build_08_09_10_Windows",
        "assignMaterials": {
          "hideSourcePrefab": true,
          "assignments": [
            {
              "renderer": "Regroup13",
              "fromIndex": 0
            }
          ],
          "randomAlpha": 0.7
        }
      },
      "dutyCycle": "DuskTillDawn()"
    },
    {
      "parent": "/Far__x1_z5/Far__x1_z5_LFS/Far_RussianBuildings/rus_build_9et_01b (3)",
      "hash": "0683367A0115102F0:0683367A0115102F0",
      "id": "WINDOWS_4:LIT",
      "properties": {
        "file": "meshes_decoration_lights.assetbundle",
        "mesh": "rus_build_08_09_10_Windows",
        "assignMaterials": {
          "hideSourcePrefab": true,
          "assignments": [
            {
              "renderer": "Regroup13",
              "fromIndex": 3
            }
          ],
          "randomAlpha": 0.7
        }
      },
      "dutyCycle": "DuskTillDawn()"
    },
    {
      "parent": "/Far__x1_z5/Far__x1_z5_LFS/Far_RussianBuildings/rus_build_9et_01b (1)",
      "hash": "06BB0A7A01154B290:06BB0A7A01154B290",
      "id": "WINDOWS_2:LIT",
      "properties": {
        "file": "meshes_decoration_lights.assetbundle",
        "mesh": "rus_build_08_09_10_Windows",
        "assignMaterials": {
          "hideSourcePrefab": true,
          "assignments": [
            {
              "renderer": "Regroup13",
              "fromIndex": 1
            }
          ],
          "randomAlpha": 0.7
        }
      },
      "dutyCycle": "DuskTillDawn()"
    },
    {
      "parent": "/Far__x1_z5/Far__x1_z5_LFS/Far_RussianBuildings/rus_build_9et_01b (1)",
      "hash": "06BB0A7A01154B290:06BB0A7A01154B290",
      "id": "WINDOWS_3:LIT",
      "properties": {
        "file": "meshes_decoration_lights.assetbundle",
        "mesh": "rus_build_08_09_10_Windows",
        "assignMaterials": {
          "hideSourcePrefab": true,
          "assignments": [
            {
              "renderer": "Regroup13",
              "fromIndex": 2
            }
          ],
          "randomAlpha": 0.7
        }
      },
      "dutyCycle": "DuskTillDawn()"
    },
    {
      "parent": "/Far__x1_z5/Far__x1_z5_LFS/Far_RussianBuildings/rus_build_9et_01b",
      "hash": "06CB387A01155C570:06CB387A01155C570",
      "id": "WINDOWS_4:LIT",
      "properties": {
        "file": "meshes_decoration_lights.assetbundle",
        "mesh": "rus_build_08_09_10_Windows",
        "assignMaterials": {
          "hideSourcePrefab": true,
          "assignments": [
            {
              "renderer": "Regroup13",
              "fromIndex": 3
            }
          ],
          "randomAlpha": 0.7
        }
      },
      "dutyCycle": "DuskTillDawn()"
    },
    {
      "parent": "/Far__x1_z5/Far__x1_z5_LFS/Far_RussianBuildings/rus_build_9et_01b",
      "hash": "06CB387A01155C570:06CB387A01155C570",
      "id": "WINDOWS_5:LIT",
      "properties": {
        "file": "meshes_decoration_lights.assetbundle",
        "mesh": "rus_build_08_09_10_Windows",
        "assignMaterials": {
          "hideSourcePrefab": true,
          "assignments": [
            {
              "renderer": "Regroup13",
              "fromIndex": 4
            }
          ],
          "randomAlpha": 0.7
        }
      },
      "dutyCycle": "DuskTillDawn()"
    },
    {
      "parent": "/Far__x1_z5/Far__x1_z5_LFS/Far_RussianBuildings/rus_build_9et_01b",
      "hash": "06CB387A01155C570:06CB387A01155C570",
      "id": "WINDOWS_1:LIT",
      "properties": {
        "file": "meshes_decoration_lights.assetbundle",
        "mesh": "rus_build_08_09_10_Windows",
        "assignMaterials": {
          "hideSourcePrefab": true,
          "assignments": [
            {
              "renderer": "Regroup13",
              "fromIndex": 0
            }
          ],
          "randomAlpha": 0.7
        }
      },
      "dutyCycle": "DuskTillDawn()"
    },
    {
      "parent": "/Far__x1_z5/Far__x1_z5_LFS/Far_RussianBuildings/rus_build_5et_03e",
      "hash": "06F30D7A01158E0F0:06F30D7A01158E0F0",
      "id": "WINDOWS_1:LIT",
      "properties": {
        "file": "meshes_decoration_lights.assetbundle",
        "mesh": "rus_build_06_07_12_13_Windows",
        "assignMaterials": {
          "hideSourcePrefab": true,
          "assignments": [
            {
              "renderer": "Regroup13",
              "fromIndex": 0
            }
          ],
          "randomAlpha": 0.7
        }
      },
      "dutyCycle": "DuskTillDawn()"
    },
    {
      "parent": "/Far__x1_z5/Far__x1_z5_LFS/Far_RussianBuildings/rus_build_5et_03e",
      "hash": "06F30D7A01158E0F0:06F30D7A01158E0F0",
      "id": "WINDOWS_3:LIT",
      "properties": {
        "file": "meshes_decoration_lights.assetbundle",
        "mesh": "rus_build_06_07_12_13_Windows",
        "assignMaterials": {
          "hideSourcePrefab": true,
          "assignments": [
            {
              "renderer": "Regroup13",
              "fromIndex": 2
            }
          ],
          "randomAlpha": 0.7
        }
      },
      "dutyCycle": "DuskTillDawn()"
    },
    {
      "parent": "/Far__x1_z5/Far__x1_z5_LFS/Far_RussianBuildings/rus_build_5et_03a",
      "hash": "074A267A0115B6160:074A267A0115B6160",
      "id": "WINDOWS_1:LIT",
      "properties": {
        "file": "meshes_decoration_lights.assetbundle",
        "mesh": "rus_build_01_02_03_04_05_Windows",
        "assignMaterials": {
          "hideSourcePrefab": true,
          "assignments": [
            {
              "renderer": "Regroup13",
              "fromIndex": 0
            }
          ],
          "randomAlpha": 0.7
        }
      },
      "dutyCycle": "DuskTillDawn()"
    },
    {
      "parent": "/Far__x1_z5/Far__x1_z5_LFS/Far_RussianBuildings/rus_build_5et_03a",
      "hash": "074A267A0115B6160:074A267A0115B6160",
      "id": "WINDOWS_2:LIT",
      "properties": {
        "file": "meshes_decoration_lights.assetbundle",
        "mesh": "rus_build_01_02_03_04_05_Windows",
        "assignMaterials": {
          "hideSourcePrefab": true,
          "assignments": [
            {
              "renderer": "Regroup13",
              "fromIndex": 1
            }
          ],
          "randomAlpha": 0.7
        }
      },
      "dutyCycle": "DuskTillDawn()"
    },
    {
      "parent": "/Far__x1_z5/Far__x1_z5_LFS/Far_RussianBuildings/rus_build_5et_03a",
      "hash": "074A267A0115B6160:074A267A0115B6160",
      "id": "WINDOWS_5:LIT",
      "properties": {
        "file": "meshes_decoration_lights.assetbundle",
        "mesh": "rus_build_01_02_03_04_05_Windows",
        "assignMaterials": {
          "hideSourcePrefab": true,
          "assignments": [
            {
              "renderer": "Regroup13",
              "fromIndex": 4
            }
          ],
          "randomAlpha": 0.7
        }
      },
      "dutyCycle": "DuskTillDawn()"
    },
    {
      "parent": "/Far__x1_z5/Far__x1_z5_LFS/Far_RussianBuildings/rus_build_5et_03e (1)",
      "hash": "071A177A0115B73E0:071A177A0115B73E0",
      "id": "WINDOWS_2:LIT",
      "properties": {
        "file": "meshes_decoration_lights.assetbundle",
        "mesh": "rus_build_06_07_12_13_Windows",
        "assignMaterials": {
          "hideSourcePrefab": true,
          "assignments": [
            {
              "renderer": "Regroup13",
              "fromIndex": 1
            }
          ],
          "randomAlpha": 0.7
        }
      },
      "dutyCycle": "DuskTillDawn()"
    },
    {
      "parent": "/Far__x1_z5/Far__x1_z5_LFS/Far_RussianBuildings/rus_build_5et_03e (1)",
      "hash": "071A177A0115B73E0:071A177A0115B73E0",
      "id": "WINDOWS_4:LIT",
      "properties": {
        "file": "meshes_decoration_lights.assetbundle",
        "mesh": "rus_build_06_07_12_13_Windows",
        "assignMaterials": {
          "hideSourcePrefab": true,
          "assignments": [
            {
              "renderer": "Regroup13",
              "fromIndex": 3
            }
          ],
          "randomAlpha": 0.7
        }
      },
      "dutyCycle": "DuskTillDawn()"
    },
    {
      "parent": "/Far__x1_z5/Far__x1_z5_LFS/Far_RussianBuildings/rus_build_5et_03a (1)",
      "hash": "07712F7A0115DF450:07712F7A0115DF450",
      "id": "WINDOWS_2:LIT",
      "properties": {
        "file": "meshes_decoration_lights.assetbundle",
        "mesh": "rus_build_01_02_03_04_05_Windows",
        "assignMaterials": {
          "hideSourcePrefab": true,
          "assignments": [
            {
              "renderer": "Regroup13",
              "fromIndex": 1
            }
          ],
          "randomAlpha": 0.7
        }
      },
      "dutyCycle": "DuskTillDawn()"
    },
    {
      "parent": "/Far__x1_z5/Far__x1_z5_LFS/Far_RussianBuildings/rus_build_5et_03a (1)",
      "hash": "07712F7A0115DF450:07712F7A0115DF450",
      "id": "WINDOWS_4:LIT",
      "properties": {
        "file": "meshes_decoration_lights.assetbundle",
        "mesh": "rus_build_01_02_03_04_05_Windows",
        "assignMaterials": {
          "hideSourcePrefab": true,
          "assignments": [
            {
              "renderer": "Regroup13",
              "fromIndex": 3
            }
          ],
          "randomAlpha": 0.7
        }
      },
      "dutyCycle": "DuskTillDawn()"
    },
    {
      "parent": "/Far__x1_z5/Far__x1_z5_LFS/Far_RussianBuildings/rus_build_5et_02",
      "hash": "0744107A0116584A0:0744107A0116584A0",
      "id": "WINDOWS_1:LIT",
      "properties": {
        "file": "meshes_decoration_lights.assetbundle",
        "mesh": "rus_build_01_02_03_04_05_Windows",
        "assignMaterials": {
          "hideSourcePrefab": true,
          "assignments": [
            {
              "renderer": "Regroup13",
              "fromIndex": 0
            }
          ],
          "randomAlpha": 0.7
        }
      },
      "dutyCycle": "DuskTillDawn()"
    },
    {
      "parent": "/Far__x1_z5/Far__x1_z5_LFS/Far_RussianBuildings/rus_build_5et_02",
      "hash": "0744107A0116584A0:0744107A0116584A0",
      "id": "WINDOWS_3:LIT",
      "properties": {
        "file": "meshes_decoration_lights.assetbundle",
        "mesh": "rus_build_01_02_03_04_05_Windows",
        "assignMaterials": {
          "hideSourcePrefab": true,
          "assignments": [
            {
              "renderer": "Regroup13",
              "fromIndex": 2
            }
          ],
          "randomAlpha": 0.7
        }
      },
      "dutyCycle": "DuskTillDawn()"
    },
    {
      "parent": "/Far__x1_z5/Far__x1_z5_LFS/Far_RussianBuildings/rus_build_5et_02 (1)",
      "hash": "0710037A0116212B0:0710037A0116212B0",
      "id": "WINDOWS_2:LIT",
      "properties": {
        "file": "meshes_decoration_lights.assetbundle",
        "mesh": "rus_build_01_02_03_04_05_Windows",
        "assignMaterials": {
          "hideSourcePrefab": true,
          "assignments": [
            {
              "renderer": "Regroup13",
              "fromIndex": 1
            }
          ],
          "randomAlpha": 0.7
        }
      },
      "dutyCycle": "DuskTillDawn()"
    },
    {
      "parent": "/Far__x1_z5/Far__x1_z5_LFS/Far_RussianBuildings/rus_build_5et_02 (1)",
      "hash": "0710037A0116212B0:0710037A0116212B0",
      "id": "WINDOWS_5:LIT",
      "properties": {
        "file": "meshes_decoration_lights.assetbundle",
        "mesh": "rus_build_01_02_03_04_05_Windows",
        "assignMaterials": {
          "hideSourcePrefab": true,
          "assignments": [
            {
              "renderer": "Regroup13",
              "fromIndex": 4
            }
          ],
          "randomAlpha": 0.7
        }
      },
      "dutyCycle": "DuskTillDawn()"
    },
    {
      "parent": "/Far__x1_z5/Far__x1_z5_LFS/Far_RussianBuildings/rus_build_5et_03e (2)",
      "hash": "06F3057A0116383F0:06F3057A0116383F0",
      "id": "WINDOWS_3:LIT",
      "properties": {
        "file": "meshes_decoration_lights.assetbundle",
        "mesh": "rus_build_06_07_12_13_Windows",
        "assignMaterials": {
          "hideSourcePrefab": true,
          "assignments": [
            {
              "renderer": "Regroup13",
              "fromIndex": 2
            }
          ],
          "randomAlpha": 0.7
        }
      },
      "dutyCycle": "DuskTillDawn()"
    },
    {
      "parent": "/Far__x1_z5/Far__x1_z5_LFS/Far_RussianBuildings/rus_build_5et_03e (2)",
      "hash": "06F3057A0116383F0:06F3057A0116383F0",
      "id": "WINDOWS_4:LIT",
      "properties": {
        "file": "meshes_decoration_lights.assetbundle",
        "mesh": "rus_build_06_07_12_13_Windows",
        "assignMaterials": {
          "hideSourcePrefab": true,
          "assignments": [
            {
              "renderer": "Regroup13",
              "fromIndex": 3
            }
          ],
          "randomAlpha": 0.7
        }
      },
      "dutyCycle": "DuskTillDawn()"
    },
    {
      "parent": "/Far__x1_z5/Far__x1_z5_LFS/Far_RussianBuildings/rus_build_5et_02 (2)",
      "hash": "06E6137A0115F5050:06E6137A0115F5050",
      "id": "WINDOWS_1:LIT",
      "properties": {
        "file": "meshes_decoration_lights.assetbundle",
        "mesh": "rus_build_01_02_03_04_05_Windows",
        "assignMaterials": {
          "hideSourcePrefab": true,
          "assignments": [
            {
              "renderer": "Regroup13",
              "fromIndex": 0
            }
          ],
          "randomAlpha": 0.7
        }
      },
      "dutyCycle": "DuskTillDawn()"
    },
    {
      "parent": "/Far__x1_z5/Far__x1_z5_LFS/Far_RussianBuildings/rus_build_5et_02 (2)",
      "hash": "06E6137A0115F5050:06E6137A0115F5050",
      "id": "WINDOWS_3:LIT",
      "properties": {
        "file": "meshes_decoration_lights.assetbundle",
        "mesh": "rus_build_01_02_03_04_05_Windows",
        "assignMaterials": {
          "hideSourcePrefab": true,
          "assignments": [
            {
              "renderer": "Regroup13",
              "fromIndex": 2
            }
          ],
          "randomAlpha": 0.7
        }
      },
      "dutyCycle": "DuskTillDawn()"
    },
    {
      "parent": "/Far__x1_z5/Far__x1_z5_LFS/Far_RussianBuildings/rus_build_5et_02 (2)",
      "hash": "06E6137A0115F5050:06E6137A0115F5050",
      "id": "WINDOWS_5:LIT",
      "properties": {
        "file": "meshes_decoration_lights.assetbundle",
        "mesh": "rus_build_01_02_03_04_05_Windows",
        "assignMaterials": {
          "hideSourcePrefab": true,
          "assignments": [
            {
              "renderer": "Regroup13",
              "fromIndex": 4
            }
          ],
          "randomAlpha": 0.7
        }
      },
      "dutyCycle": "DuskTillDawn()"
    },
    {
      "parent": "/Far__x1_z5/Far__x1_z5_LFS/Far_RussianBuildings/rus_build_5et_03 (3)",
      "hash": "06ED307A0116AD130:06ED307A0116AD130",
      "id": "WINDOWS_1:LIT",
      "properties": {
        "file": "meshes_decoration_lights.assetbundle",
        "mesh": "rus_build_01_02_03_04_05_Windows",
        "assignMaterials": {
          "hideSourcePrefab": true,
          "assignments": [
            {
              "renderer": "Regroup13",
              "fromIndex": 0
            }
          ],
          "randomAlpha": 0.7
        }
      },
      "dutyCycle": "DuskTillDawn()"
    },
    {
      "parent": "/Far__x1_z5/Far__x1_z5_LFS/Far_RussianBuildings/rus_build_5et_03 (3)",
      "hash": "06ED307A0116AD130:06ED307A0116AD130",
      "id": "WINDOWS_3:LIT",
      "properties": {
        "file": "meshes_decoration_lights.assetbundle",
        "mesh": "rus_build_01_02_03_04_05_Windows",
        "assignMaterials": {
          "hideSourcePrefab": true,
          "assignments": [
            {
              "renderer": "Regroup13",
              "fromIndex": 2
            }
          ],
          "randomAlpha": 0.7
        }
      },
      "dutyCycle": "DuskTillDawn()"
    },
    {
      "parent": "/Far__x1_z5/Far__x1_z5_LFS/Far_RussianBuildings/rus_build_9et_03b (3)",
      "hash": "072B0F7A0116911E0:072B0F7A0116911E0",
      "id": "WINDOWS_5:LIT",
      "properties": {
        "file": "meshes_decoration_lights.assetbundle",
        "mesh": "rus_build_08_09_10_Windows",
        "assignMaterials": {
          "hideSourcePrefab": true,
          "assignments": [
            {
              "renderer": "Regroup13",
              "fromIndex": 4
            }
          ],
          "randomAlpha": 0.7
        }
      },
      "dutyCycle": "DuskTillDawn()"
    },
    {
      "parent": "/Far__x1_z5/Far__x1_z5_LFS/Far_RussianBuildings/rus_build_9et_03b (3)",
      "hash": "072B0F7A0116911E0:072B0F7A0116911E0",
      "id": "WINDOWS_2:LIT",
      "properties": {
        "file": "meshes_decoration_lights.assetbundle",
        "mesh": "rus_build_08_09_10_Windows",
        "assignMaterials": {
          "hideSourcePrefab": true,
          "assignments": [
            {
              "renderer": "Regroup13",
              "fromIndex": 1
            }
          ],
          "randomAlpha": 0.7
        }
      },
      "dutyCycle": "DuskTillDawn()"
    },
    {
      "parent": "/Far__x1_z5/Far__x1_z5_LFS/Far_RussianBuildings/rus_build_2et_01a",
      "hash": "0715177A0116D8510:0715177A0116D8510",
      "id": "WINDOWS_2:LIT",
      "properties": {
        "file": "meshes_decoration_lights.assetbundle",
        "mesh": "rus_build_15_Windows",
        "assignMaterials": {
          "hideSourcePrefab": true,
          "assignments": [
            {
              "renderer": "Regroup13",
              "fromIndex": 1
            }
          ],
          "randomAlpha": 0.5
        }
      },
      "dutyCycle": "DuskTillDawn()"
    },
    {
      "parent": "/Far__x1_z5/Far__x1_z5_LFS/Far_RussianBuildings/rus_build_2et_01a",
      "hash": "0715177A0116D8510:0715177A0116D8510",
      "id": "WINDOWS_3:LIT",
      "properties": {
        "file": "meshes_decoration_lights.assetbundle",
        "mesh": "rus_build_15_Windows",
        "assignMaterials": {
          "hideSourcePrefab": true,
          "assignments": [
            {
              "renderer": "Regroup13",
              "fromIndex": 2
            }
          ],
          "randomAlpha": 0.5
        }
      },
      "dutyCycle": "DuskTillDawn()"
    },
    {
      "parent": "/Far__x1_z5/Far__x1_z5_LFS/Far_RussianBuildings/rus_build_5et_06",
      "hash": "0735557A0116BE120:0735557A0116BE120",
      "id": "WINDOWS_1:LIT",
      "properties": {
        "file": "meshes_decoration_lights.assetbundle",
        "mesh": "rus_build_11_14_16_17_Windows",
        "assignMaterials": {
          "hideSourcePrefab": true,
          "assignments": [
            {
              "renderer": "Regroup13",
              "fromIndex": 0
            }
          ],
          "randomAlpha": 0.7
        }
      },
      "dutyCycle": "DuskTillDawn()"
    },
    {
      "parent": "/Far__x1_z5/Far__x1_z5_LFS/Far_RussianBuildings/rus_build_5et_06",
      "hash": "0735557A0116BE120:0735557A0116BE120",
      "id": "WINDOWS_5:LIT",
      "properties": {
        "file": "meshes_decoration_lights.assetbundle",
        "mesh": "rus_build_11_14_16_17_Windows",
        "assignMaterials": {
          "hideSourcePrefab": true,
          "assignments": [
            {
              "renderer": "Regroup13",
              "fromIndex": 4
            }
          ],
          "randomAlpha": 0.7
        }
      },
      "dutyCycle": "DuskTillDawn()"
    },
    {
      "parent": "/Far__x1_z5/Far__x1_z5_LFS/Far_RussianBuildings/rus_build_9et_01 (3)",
      "hash": "0752607A01171A1E0:0752607A01171A1E0",
      "id": "WINDOWS_2:LIT",
      "properties": {
        "file": "meshes_decoration_lights.assetbundle",
        "mesh": "rus_build_08_09_10_Windows",
        "assignMaterials": {
          "hideSourcePrefab": true,
          "assignments": [
            {
              "renderer": "Regroup13",
              "fromIndex": 1
            }
          ],
          "randomAlpha": 0.7
        }
      },
      "dutyCycle": "DuskTillDawn()"
    },
    {
      "parent": "/Far__x1_z5/Far__x1_z5_LFS/Far_RussianBuildings/rus_build_9et_01 (3)",
      "hash": "0752607A01171A1E0:0752607A01171A1E0",
      "id": "WINDOWS_4:LIT",
      "properties": {
        "file": "meshes_decoration_lights.assetbundle",
        "mesh": "rus_build_08_09_10_Windows",
        "assignMaterials": {
          "hideSourcePrefab": true,
          "assignments": [
            {
              "renderer": "Regroup13",
              "fromIndex": 3
            }
          ],
          "randomAlpha": 0.7
        }
      },
      "dutyCycle": "DuskTillDawn()"
    },
    {
      "parent": "/Far__x1_z5/Far__x1_z5_LFS/Far_RussianBuildings/rus_build_9et_01 (2)",
      "hash": "077A627A0116F4390:077A627A0116F4390",
      "id": "WINDOWS_5:LIT",
      "properties": {
        "file": "meshes_decoration_lights.assetbundle",
        "mesh": "rus_build_08_09_10_Windows",
        "assignMaterials": {
          "hideSourcePrefab": true,
          "assignments": [
            {
              "renderer": "Regroup13",
              "fromIndex": 4
            }
          ],
          "randomAlpha": 0.7
        }
      },
      "dutyCycle": "DuskTillDawn()"
    },
    {
      "parent": "/Far__x1_z5/Far__x1_z5_LFS/Far_RussianBuildings/rus_build_9et_01 (2)",
      "hash": "077A627A0116F4390:077A627A0116F4390",
      "id": "WINDOWS_4:LIT",
      "properties": {
        "file": "meshes_decoration_lights.assetbundle",
        "mesh": "rus_build_08_09_10_Windows",
        "assignMaterials": {
          "hideSourcePrefab": true,
          "assignments": [
            {
              "renderer": "Regroup13",
              "fromIndex": 3
            }
          ],
          "randomAlpha": 0.7
        }
      },
      "dutyCycle": "DuskTillDawn()"
    },
    {
      "parent": "/Far__x1_z5/Far__x1_z5_LFS/Far_RussianBuildings/rus_build_9et_01 (2)",
      "hash": "077A627A0116F4390:077A627A0116F4390",
      "id": "WINDOWS_2:LIT",
      "properties": {
        "file": "meshes_decoration_lights.assetbundle",
        "mesh": "rus_build_08_09_10_Windows",
        "assignMaterials": {
          "hideSourcePrefab": true,
          "assignments": [
            {
              "renderer": "Regroup13",
              "fromIndex": 1
            }
          ],
          "randomAlpha": 0.7
        }
      },
      "dutyCycle": "DuskTillDawn()"
    },
    {
      "parent": "/Far__x1_z5/Far__x1_z5_LFS/Far_RussianBuildings/rus_build_9et_01 (5)",
      "hash": "07A0027A01171B570:07A0027A01171B570",
      "id": "WINDOWS_1:LIT",
      "properties": {
        "file": "meshes_decoration_lights.assetbundle",
        "mesh": "rus_build_08_09_10_Windows",
        "assignMaterials": {
          "hideSourcePrefab": true,
          "assignments": [
            {
              "renderer": "Regroup13",
              "fromIndex": 0
            }
          ],
          "randomAlpha": 0.7
        }
      },
      "dutyCycle": "DuskTillDawn()"
    },
    {
      "parent": "/Far__x1_z5/Far__x1_z5_LFS/Far_RussianBuildings/rus_build_9et_01 (5)",
      "hash": "07A0027A01171B570:07A0027A01171B570",
      "id": "WINDOWS_3:LIT",
      "properties": {
        "file": "meshes_decoration_lights.assetbundle",
        "mesh": "rus_build_08_09_10_Windows",
        "assignMaterials": {
          "hideSourcePrefab": true,
          "assignments": [
            {
              "renderer": "Regroup13",
              "fromIndex": 2
            }
          ],
          "randomAlpha": 0.7
        }
      },
      "dutyCycle": "DuskTillDawn()"
    },
    {
      "parent": "/Far__x1_z5/Far__x1_z5_LFS/Far_RussianBuildings/rus_build_9et_01 (4)",
      "hash": "0778007A0117413B0:0778007A0117413B0",
      "id": "WINDOWS_4:LIT",
      "properties": {
        "file": "meshes_decoration_lights.assetbundle",
        "mesh": "rus_build_08_09_10_Windows",
        "assignMaterials": {
          "hideSourcePrefab": true,
          "assignments": [
            {
              "renderer": "Regroup13",
              "fromIndex": 3
            }
          ],
          "randomAlpha": 0.7
        }
      },
      "dutyCycle": "DuskTillDawn()"
    },
    {
      "parent": "/Far__x1_z5/Far__x1_z5_LFS/Far_IndustryBuildings/Utility_Medium2",
      "hash": "068203781A15EB010:068203781A15EB010",
      "id": "WINDOWS_5:LIT",
      "properties": {
        "file": "meshes_decoration_lights.assetbundle",
        "mesh": "Utility_Medium2_Windows5",
        "assignMaterials": {
          "hideSourcePrefab": true,
          "assignments": []
        }
      },
      "dutyCycle": "DuskTillDawn()"
    },
    {
      "parent": "/Far__x1_z5/Far__x1_z5_LFS/Far_RussianBuildings/rus_build_9et_01 (4)",
      "hash": "0778007A0117413B0:0778007A0117413B0",
      "id": "WINDOWS_5:LIT",
      "properties": {
        "file": "meshes_decoration_lights.assetbundle",
        "mesh": "rus_build_08_09_10_Windows",
        "assignMaterials": {
          "hideSourcePrefab": true,
          "assignments": [
            {
              "renderer": "Regroup13",
              "fromIndex": 4
            }
          ],
          "randomAlpha": 0.7
        }
      },
      "dutyCycle": "DuskTillDawn()"
    },
    {
      "parent": "/Far__x1_z5/Far__x1_z5_LFS/Far_RussianBuildings/rus_build_9et_01 (4)",
      "hash": "0778007A0117413B0:0778007A0117413B0",
      "id": "WINDOWS_3:LIT",
      "properties": {
        "file": "meshes_decoration_lights.assetbundle",
        "mesh": "rus_build_08_09_10_Windows",
        "assignMaterials": {
          "hideSourcePrefab": true,
          "assignments": [
            {
              "renderer": "Regroup13",
              "fromIndex": 2
            }
          ],
          "randomAlpha": 0.7
        }
      },
      "dutyCycle": "DuskTillDawn()"
    },
    {
      "parent": "/Far__x1_z5/Far__x1_z5_LFS/Far_RussianBuildings/rus_build_5et_03f (1)",
      "hash": "07BA377A011703520:07BA377A011703520",
      "id": "WINDOWS_1:LIT",
      "properties": {
        "file": "meshes_decoration_lights.assetbundle",
        "mesh": "rus_build_11_14_16_17_Windows",
        "assignMaterials": {
          "hideSourcePrefab": true,
          "assignments": [
            {
              "renderer": "Regroup13",
              "fromIndex": 0
            }
          ],
          "randomAlpha": 0.7
        }
      },
      "dutyCycle": "DuskTillDawn()"
    },
    {
      "parent": "/Far__x1_z5/Far__x1_z5_LFS/Far_RussianBuildings/rus_build_5et_03f (1)",
      "hash": "07BA377A011703520:07BA377A011703520",
      "id": "WINDOWS_2:LIT",
      "properties": {
        "file": "meshes_decoration_lights.assetbundle",
        "mesh": "rus_build_11_14_16_17_Windows",
        "assignMaterials": {
          "hideSourcePrefab": true,
          "assignments": [
            {
              "renderer": "Regroup13",
              "fromIndex": 1
            }
          ],
          "randomAlpha": 0.7
        }
      },
      "dutyCycle": "DuskTillDawn()"
    },
    {
      "parent": "/Far__x1_z5/Far__x1_z5_LFS/Far_RussianBuildings/rus_build_5et_02 (4)",
      "hash": "07D2447A01173D140:07D2447A01173D140",
      "id": "WINDOWS_3:LIT",
      "properties": {
        "file": "meshes_decoration_lights.assetbundle",
        "mesh": "rus_build_01_02_03_04_05_Windows",
        "assignMaterials": {
          "hideSourcePrefab": true,
          "assignments": [
            {
              "renderer": "Regroup13",
              "fromIndex": 2
            }
          ],
          "randomAlpha": 0.7
        }
      },
      "dutyCycle": "DuskTillDawn()"
    },
    {
      "parent": "/Far__x1_z5/Far__x1_z5_LFS/Far_RussianBuildings/rus_build_5et_02 (4)",
      "hash": "07D2447A01173D140:07D2447A01173D140",
      "id": "WINDOWS_4:LIT",
      "properties": {
        "file": "meshes_decoration_lights.assetbundle",
        "mesh": "rus_build_01_02_03_04_05_Windows",
        "assignMaterials": {
          "hideSourcePrefab": true,
          "assignments": [
            {
              "renderer": "Regroup13",
              "fromIndex": 3
            }
          ],
          "randomAlpha": 0.7
        }
      },
      "dutyCycle": "DuskTillDawn()"
    },
    {
      "parent": "/Far__x1_z5/Far__x1_z5_LFS/Far_RussianBuildings/rus_build_5et_02 (3)",
      "hash": "07A7027A011766230:07A7027A011766230",
      "id": "WINDOWS_1:LIT",
      "properties": {
        "file": "meshes_decoration_lights.assetbundle",
        "mesh": "rus_build_01_02_03_04_05_Windows",
        "assignMaterials": {
          "hideSourcePrefab": true,
          "assignments": [
            {
              "renderer": "Regroup13",
              "fromIndex": 0
            }
          ],
          "randomAlpha": 0.7
        }
      },
      "dutyCycle": "DuskTillDawn()"
    },
    {
      "parent": "/Far__x1_z5/Far__x1_z5_LFS/Far_RussianBuildings/rus_build_5et_02 (3)",
      "hash": "07A7027A011766230:07A7027A011766230",
      "id": "WINDOWS_5:LIT",
      "properties": {
        "file": "meshes_decoration_lights.assetbundle",
        "mesh": "rus_build_01_02_03_04_05_Windows",
        "assignMaterials": {
          "hideSourcePrefab": true,
          "assignments": [
            {
              "renderer": "Regroup13",
              "fromIndex": 4
            }
          ],
          "randomAlpha": 0.7
        }
      },
      "dutyCycle": "DuskTillDawn()"
    },
    {
      "parent": "/Far__x1_z5/Far__x1_z5_LFS/Far_RussianBuildings/rus_build_4et_01 (3)",
      "hash": "0734137A01173E120:0734137A01173E120",
      "id": "WINDOWS_2:LIT",
      "properties": {
        "file": "meshes_decoration_lights.assetbundle",
        "mesh": "rus_build_06_07_12_13_Windows",
        "assignMaterials": {
          "hideSourcePrefab": true,
          "assignments": [
            {
              "renderer": "Regroup13",
              "fromIndex": 1
            }
          ],
          "randomAlpha": 0.7
        }
      },
      "dutyCycle": "DuskTillDawn()"
    },
    {
      "parent": "/Far__x1_z5/Far__x1_z5_LFS/Far_RussianBuildings/rus_build_4et_01 (3)",
      "hash": "0734137A01173E120:0734137A01173E120",
      "id": "WINDOWS_5:LIT",
      "properties": {
        "file": "meshes_decoration_lights.assetbundle",
        "mesh": "rus_build_06_07_12_13_Windows",
        "assignMaterials": {
          "hideSourcePrefab": true,
          "assignments": [
            {
              "renderer": "Regroup13",
              "fromIndex": 4
            }
          ],
          "randomAlpha": 0.7
        }
      },
      "dutyCycle": "DuskTillDawn()"
    },
    {
      "parent": "/Far__x1_z5/Far__x1_z5_LFS/Far_RussianBuildings/rus_build_4et_01 (3)",
      "hash": "0734137A01173E120:0734137A01173E120",
      "id": "WINDOWS_4:LIT",
      "properties": {
        "file": "meshes_decoration_lights.assetbundle",
        "mesh": "rus_build_06_07_12_13_Windows",
        "assignMaterials": {
          "hideSourcePrefab": true,
          "assignments": [
            {
              "renderer": "Regroup13",
              "fromIndex": 3
            }
          ],
          "randomAlpha": 0.7
        }
      },
      "dutyCycle": "DuskTillDawn()"
    },
    {
      "parent": "/Far__x1_z5/Far__x1_z5_LFS/Far_RussianBuildings/rus_build_4et_01 (2)",
      "hash": "06FF257A0117060F0:06FF257A0117060F0",
      "id": "WINDOWS_1:LIT",
      "properties": {
        "file": "meshes_decoration_lights.assetbundle",
        "mesh": "rus_build_06_07_12_13_Windows",
        "assignMaterials": {
          "hideSourcePrefab": true,
          "assignments": [
            {
              "renderer": "Regroup13",
              "fromIndex": 0
            }
          ],
          "randomAlpha": 0.7
        }
      },
      "dutyCycle": "DuskTillDawn()"
    },
    {
      "parent": "/Far__x1_z5/Far__x1_z5_LFS/Far_RussianBuildings/rus_build_4et_01 (2)",
      "hash": "06FF257A0117060F0:06FF257A0117060F0",
      "id": "WINDOWS_2:LIT",
      "properties": {
        "file": "meshes_decoration_lights.assetbundle",
        "mesh": "rus_build_06_07_12_13_Windows",
        "assignMaterials": {
          "hideSourcePrefab": true,
          "assignments": [
            {
              "renderer": "Regroup13",
              "fromIndex": 1
            }
          ],
          "randomAlpha": 0.7
        }
      },
      "dutyCycle": "DuskTillDawn()"
    },
    {
      "parent": "/Far__x1_z5/Far__x1_z5_LFS/Far_RussianBuildings/rus_build_4et_01 (1)",
      "hash": "06CB187A0116CE540:06CB187A0116CE540",
      "id": "WINDOWS_3:LIT",
      "properties": {
        "file": "meshes_decoration_lights.assetbundle",
        "mesh": "rus_build_06_07_12_13_Windows",
        "assignMaterials": {
          "hideSourcePrefab": true,
          "assignments": [
            {
              "renderer": "Regroup13",
              "fromIndex": 2
            }
          ],
          "randomAlpha": 0.7
        }
      },
      "dutyCycle": "DuskTillDawn()"
    },
    {
      "parent": "/Far__x1_z5/Far__x1_z5_LFS/Far_RussianBuildings/rus_build_4et_01 (1)",
      "hash": "06CB187A0116CE540:06CB187A0116CE540",
      "id": "WINDOWS_4:LIT",
      "properties": {
        "file": "meshes_decoration_lights.assetbundle",
        "mesh": "rus_build_06_07_12_13_Windows",
        "assignMaterials": {
          "hideSourcePrefab": true,
          "assignments": [
            {
              "renderer": "Regroup13",
              "fromIndex": 3
            }
          ],
          "randomAlpha": 0.7
        }
      },
      "dutyCycle": "DuskTillDawn()"
    },
    {
      "parent": "/Far__x1_z5/Far__x1_z5_LFS/Far_RussianBuildings/rus_build_5et_03f",
      "hash": "07A55A7A0116C5180:07A55A7A0116C5180",
      "id": "WINDOWS_4:LIT",
      "properties": {
        "file": "meshes_decoration_lights.assetbundle",
        "mesh": "rus_build_11_14_16_17_Windows",
        "assignMaterials": {
          "hideSourcePrefab": true,
          "assignments": [
            {
              "renderer": "Regroup13",
              "fromIndex": 3
            }
          ],
          "randomAlpha": 0.7
        }
      },
      "dutyCycle": "DuskTillDawn()"
    },
    {
      "parent": "/Far__x1_z5/Far__x1_z5_LFS/Far_RussianBuildings/rus_build_5et_03f",
      "hash": "07A55A7A0116C5180:07A55A7A0116C5180",
      "id": "WINDOWS_5:LIT",
      "properties": {
        "file": "meshes_decoration_lights.assetbundle",
        "mesh": "rus_build_11_14_16_17_Windows",
        "assignMaterials": {
          "hideSourcePrefab": true,
          "assignments": [
            {
              "renderer": "Regroup13",
              "fromIndex": 4
            }
          ],
          "randomAlpha": 0.7
        }
      },
      "dutyCycle": "DuskTillDawn()"
    },
    {
      "parent": "/Far__x1_z5/Far__x1_z5_LFS/Far_RussianBuildings/rus_build_9et_03b (4)",
      "hash": "070A5B7A01166F0A0:070A5B7A01166F0A0",
      "id": "WINDOWS_1:LIT",
      "properties": {
        "file": "meshes_decoration_lights.assetbundle",
        "mesh": "rus_build_08_09_10_Windows",
        "assignMaterials": {
          "hideSourcePrefab": true,
          "assignments": [
            {
              "renderer": "Regroup13",
              "fromIndex": 0
            }
          ],
          "randomAlpha": 0.7
        }
      },
      "dutyCycle": "DuskTillDawn()"
    },
    {
      "parent": "/Far__x1_z5/Far__x1_z5_LFS/Far_RussianBuildings/rus_build_9et_03b (4)",
      "hash": "070A5B7A01166F0A0:070A5B7A01166F0A0",
      "id": "WINDOWS_2:LIT",
      "properties": {
        "file": "meshes_decoration_lights.assetbundle",
        "mesh": "rus_build_08_09_10_Windows",
        "assignMaterials": {
          "hideSourcePrefab": true,
          "assignments": [
            {
              "renderer": "Regroup13",
              "fromIndex": 1
            }
          ],
          "randomAlpha": 0.7
        }
      },
      "dutyCycle": "DuskTillDawn()"
    }
  ]
}