{
  "version": 97,
  "enabled": true,
  "lights": [
    {
      "parent": "/Far__x1_z5/Far__x1_z5_LFS/Far_IndustryBuildings/ServiceEMUDepot/Collider",
      "position": "(58.5466461,8.749893,-2.99131775)",
      "rotation": "(0.4291676,0.327307165,-0.170387909,0.8244108)",
      "hash": "06F615781A15B5550:072036810115DE280",
      "properties": {
        "type": "Point",
        "intensity": 1.0,
        "range": 20.0,
        "colour": "#DDEEFF",
        "corona": {
          "sprite": "corona_flare02.png",
          "scale": 1.0,
          "range": 100.0
        },
        "dutyCycle": "DuskTillDawn()"
      }
    },
    {
      "parent": "/Far__x1_z5/Far__x1_z5_LFS/Far_IndustryBuildings/ServiceEMUDepot/Collider",
      "position": "(58.557785,8.7578125,2.98719788)",
      "rotation": "(0.429167569,0.327307165,-0.170387909,0.8244108)",
      "hash": "06F615781A15B5550:071C14810215E2330",
      "properties": {
        "type": "Point",
        "intensity": 1.0,
        "range": 20.0,
        "colour": "#DDEEFF",
        "corona": {
          "sprite": "corona_flare02.png",
          "scale": 1.0,
          "range": 100.0
        },
        "dutyCycle": "DuskTillDawn()"
      }
    },
    {
      "parent": "/Far__x1_z5/Far__x1_z5_LFS/Far_IndustryBuildings/ServiceEMUDepot/Collider",
      "position": "(36.0141068,5.363106,8.360611)",
      "rotation": "(0.5589206,-0.314392,0.241240919,0.7284012)",
      "hash": "06F615781A15B5550:0708527D3F15D54F0",
      "properties": {
        "type": "Point",
        "intensity": 1.0,
        "range": 20.0,
        "colour": "#FFB24D",
        "corona": {
          "sprite": "corona_orange01.png",
          "scale": 0.75,
          "range": 100.0
        },
        "dutyCycle": "DuskTillDawn()"
      }
    },
    {
      "parent": "/Far__x1_z5/Far__x1_z5_LFS/Far_IndustryBuildings/ServiceEMUDepot/Collider",
      "position": "(-35.9613342,5.367058,8.375252)",
      "rotation": "(0.5589184,-0.314392745,0.24123992,0.7284029)",
      "hash": "06F615781A15B5550:06D72C7D3F15A12B0",
      "properties": {
        "type": "Point",
        "intensity": 1.0,
        "range": 20.0,
        "colour": "#FFB24D",
        "corona": {
          "sprite": "corona_orange01.png",
          "scale": 0.75,
          "range": 100.0
        },
        "dutyCycle": "DuskTillDawn()"
      }
    },
    {
      "parent": "/Far__x1_z5/Far__x1_z5_LFS/Far_IndustryBuildings/ServiceEMUDepot/Collider",
      "position": "(-58.5115128,8.725342,3.024269)",
      "rotation": "(-0.170383558,0.8244152,-0.429163724,-0.327303439)",
      "hash": "06F615781A15B5550:06CB578063158D230",
      "properties": {
        "type": "Point",
        "intensity": 1.0,
        "range": 20.0,
        "colour": "#DDEEFF",
        "corona": {
          "sprite": "corona_flare02.png",
          "scale": 1.0,
          "range": 100.0
        },
        "dutyCycle": "DuskTillDawn()"
      }
    },
    {
      "parent": "/Far__x1_z5/Far__x1_z5_LFS/Far_IndustryBuildings/ServiceEMUDepot/Collider",
      "position": "(-58.5226936,8.733093,-2.981964)",
      "rotation": "(-0.170386016,0.8244133,-0.4291628,-0.327308178)",
      "hash": "06F615781A15B5550:06D01781001589160",
      "properties": {
        "type": "Point",
        "intensity": 1.0,
        "range": 20.0,
        "colour": "#DDEEFF",
        "corona": {
          "sprite": "corona_flare02.png",
          "scale": 1.0,
          "range": 100.0
        },
        "dutyCycle": "DuskTillDawn()"
      }
    },
    {
      "parent": "/Far__x1_z5/Far__x1_z5_LFS/Far_IndustryBuildings/ServiceEMUDepot/Collider",
      "position": "(0.0315284729,5.3624115,8.357864)",
      "rotation": "(0.5589209,-0.314402938,0.241252348,0.7283924)",
      "hash": "06F615781A15B5550:06F00F7D3F15BB3D0",
      "properties": {
        "type": "Point",
        "intensity": 1.0,
        "range": 20.0,
        "colour": "#FFB24D",
        "corona": {
          "sprite": "corona_orange01.png",
          "scale": 0.75,
          "range": 100.0
        },
        "dutyCycle": "DuskTillDawn()"
      }
    },
    {
      "parent": "/Far__x1_z5/Far__x1_z5_LFS/Far_IndustryBuildings/ServiceEMUDepot/Collider/%GROUP%_Mesh002618072B000001",
      "position": "(0,0.285,-0.04)",
      "hash": "06DB617F46159A030:06DB4D7F421599530",
      "properties": {
        "type": "Point",
        "intensity": 0.5,
        "range": 10.0,
        "colour": "#FFFFFF",
        "corona": {
          "sprite": "corona_flare02.png",
          "scale": 0.87,
          "range": 100.0
        },
        "dutyCycle": "Always()"
      }
    },
    {
      "parent": "/Far__x1_z5/Far__x1_z5_LFS/Far_IndustryBuildings/ServiceEMUDepot/Collider/%GROUP%_Mesh00254B072A000000",
      "position": "(0,0.285,-0.04)",
      "hash": "06DC1F7F45159A250:06DC327F41159A3A0",
      "properties": {
        "type": "Point",
        "intensity": 0.5,
        "range": 10.0,
        "colour": "#FFFFFF",
        "corona": {
          "sprite": "corona_flare02.png",
          "scale": 0.87,
          "range": 100.0
        },
        "dutyCycle": "Always()"
      }
    },
    {
      "parent": "/Far__x1_z5/Far__x1_z5_LFS/Far_IndustryBuildings/ServiceEMUDepot/Collider/%GROUP%_Mesh000E17072C000002",
      "position": "(0,0.285,-0.04)",
      "rotation": "(0,0.9294289,0,-0.3690014)",
      "hash": "06EC2A7F4715AB320:06EC177F4315AB1E0",
      "properties": {
        "type": "Point",
        "intensity": 0.5,
        "range": 10.0,
        "colour": "#FFFFFF",
        "corona": {
          "sprite": "corona_flare02.png",
          "scale": 0.87,
          "range": 100.0
        },
        "dutyCycle": "Always()"
      }
    },
    {
      "parent": "/Far__x1_z5/Far__x1_z5_LFS/Far_IndustryBuildings/ServiceEMUDepot/Collider/%GROUP%_Mesh000D4C0722000000",
      "position": "(0,0.285,-0.04)",
      "hash": "06EC4C7F3C15AB540:06EC607F3815AC050",
      "properties": {
        "type": "Point",
        "intensity": 0.5,
        "range": 10.0,
        "colour": "#FFFFFF",
        "corona": {
          "sprite": "corona_flare02.png",
          "scale": 0.87,
          "range": 100.0
        },
        "dutyCycle": "Always()"
      }
    },
    {
      "parent": "/Far__x1_z5/Far__x1_z5_LFS/Far_IndustryBuildings/ServiceEMUDepot/Collider/%GROUP%_Mesh00094B072F000004",
      "position": "(0,0.285,-0.04)",
      "hash": "06FC577F4A15BC620:06FC437F4615BC4E0",
      "properties": {
        "type": "Point",
        "intensity": 0.5,
        "range": 10.0,
        "colour": "#FFFFFF",
        "corona": {
          "sprite": "corona_flare02.png",
          "scale": 0.87,
          "range": 100.0
        },
        "dutyCycle": "Always()"
      }
    },
    {
      "parent": "/Far__x1_z5/Far__x1_z5_LFS/Far_IndustryBuildings/ServiceEMUDepot/Collider/%GROUP%_Mesh000A170720000002",
      "position": "(0,0.285,-0.04)",
      "rotation": "(0,0.3690014,0,0.9294289)",
      "hash": "06FD187F3B15BD1D0:06FD2C7F3715BD320",
      "properties": {
        "type": "Point",
        "intensity": 0.5,
        "range": 10.0,
        "colour": "#FFFFFF",
        "corona": {
          "sprite": "corona_flare02.png",
          "scale": 0.87,
          "range": 100.0
        },
        "dutyCycle": "Always()"
      }
    },
    {
      "parent": "/Far__x1_z5/Far__x1_z5_LFS/Far_IndustryBuildings/ServiceEMUDepot/Collider/%GROUP%_Mesh00214B072F000000",
      "position": "(0,0.285,-0.04)",
      "rotation": "(0,0.9294289,0,-0.3690014)",
      "hash": "070D247F4A15CE2A0:070D117F4615CE150",
      "properties": {
        "type": "Point",
        "intensity": 0.5,
        "range": 10.0,
        "colour": "#FFFFFF",
        "corona": {
          "sprite": "corona_flare02.png",
          "scale": 0.87,
          "range": 100.0
        },
        "dutyCycle": "Always()"
      }
    },
    {
      "parent": "/Far__x1_z5/Far__x1_z5_LFS/Far_IndustryBuildings/ServiceEMUDepot/Collider/%GROUP%_Mesh0022170725000004",
      "position": "(0,0.285,-0.04)",
      "hash": "070D497F4015CE490:070D5C7F3C15CE5E0",
      "properties": {
        "type": "Point",
        "intensity": 0.5,
        "range": 10.0,
        "colour": "#FFFFFF",
        "corona": {
          "sprite": "corona_flare02.png",
          "scale": 0.87,
          "range": 100.0
        },
        "dutyCycle": "Always()"
      }
    }
  ],
  "meshes": [
    {
      "parent": "/Far__x1_z5/Far__x1_z5_LFS/Far_IndustryBuildings/ServiceEMUDepot/Collider",
      "position": "(-38.2402077,7.436455,0.01171875)",
      "rotation": "(-0.657205462,0.260923415,0.260923415,0.6572054)",
      "hash": "06F615781A15B5550:06DB617F46159A030",
      "properties": {
        "file": "meshes_lampposts.assetbundle",
        "mesh": "FloodLight_Wall"
      }
    },
    {
      "parent": "/Far__x1_z5/Far__x1_z5_LFS/Far_IndustryBuildings/ServiceEMUDepot/Collider",
      "position": "(-37.75993,7.421463,-0.003768921)",
      "rotation": "(0.2609234,0.6572054,0.657205462,-0.2609234)",
      "hash": "06F615781A15B5550:06DC1F7F45159A250",
      "properties": {
        "file": "meshes_lampposts.assetbundle",
        "mesh": "FloodLight_Wall"
      }
    },
    {
      "parent": "/Far__x1_z5/Far__x1_z5_LFS/Far_IndustryBuildings/ServiceEMUDepot/Collider",
      "position": "(-14.2398911,7.44167328,0.0208282471)",
      "rotation": "(-0.657205462,0.260923415,0.260923415,0.6572054)",
      "hash": "06F615781A15B5550:06EC2A7F4715AB320",
      "properties": {
        "file": "meshes_lampposts.assetbundle",
        "mesh": "FloodLight_Wall"
      }
    },
    {
      "parent": "/Far__x1_z5/Far__x1_z5_LFS/Far_IndustryBuildings/ServiceEMUDepot/Collider",
      "position": "(-13.7602425,7.34011841,0.00743103027)",
      "rotation": "(0.2609234,0.6572054,0.657205462,-0.2609234)",
      "hash": "06F615781A15B5550:06EC4C7F3C15AB540",
      "properties": {
        "file": "meshes_lampposts.assetbundle",
        "mesh": "FloodLight_Wall"
      }
    },
    {
      "parent": "/Far__x1_z5/Far__x1_z5_LFS/Far_IndustryBuildings/ServiceEMUDepot/Collider",
      "position": "(9.759869,7.47263336,0.04334259)",
      "rotation": "(-0.657205462,0.2609234,0.2609234,0.6572054)",
      "hash": "06F615781A15B5550:06FC577F4A15BC620",
      "properties": {
        "file": "meshes_lampposts.assetbundle",
        "mesh": "FloodLight_Wall"
      }
    },
    {
      "parent": "/Far__x1_z5/Far__x1_z5_LFS/Far_IndustryBuildings/ServiceEMUDepot/Collider",
      "position": "(10.2398453,7.323677,-0.0202331543)",
      "rotation": "(0.260923415,0.6572054,0.657205462,-0.260923415)",
      "hash": "06F615781A15B5550:06FD187F3B15BD1D0",
      "properties": {
        "file": "meshes_lampposts.assetbundle",
        "mesh": "FloodLight_Wall"
      }
    },
    {
      "parent": "/Far__x1_z5/Far__x1_z5_LFS/Far_IndustryBuildings/ServiceEMUDepot/Collider",
      "position": "(33.75991,7.47184,-0.00065612793)",
      "rotation": "(-0.657205462,0.260923415,0.260923415,0.6572054)",
      "hash": "06F615781A15B5550:070D247F4A15CE2A0",
      "properties": {
        "file": "meshes_lampposts.assetbundle",
        "mesh": "FloodLight_Wall"
      }
    },
    {
      "parent": "/Far__x1_z5/Far__x1_z5_LFS/Far_IndustryBuildings/ServiceEMUDepot/Collider",
      "position": "(34.2398338,7.37339,-0.04850006)",
      "rotation": "(0.260917127,0.6572079,0.657207966,-0.260917127)",
      "hash": "06F615781A15B5550:070D497F4015CE490",
      "properties": {
        "file": "meshes_lampposts.assetbundle",
        "mesh": "FloodLight_Wall"
      }
    }
  ],
  "decorations": []
}