{
  "version": 92,
  "enabled": true,
  "lights": [
    {
      "parent": "/Far__x1_z5/Far__x1_z5_LFS/Far_Poles/TrafficLight03 (1)/Collider",
      "position": "(-0.450151026,5.57815552,2.89830017)",
      "rotation": "(0,-0.3962819,0,0.9181289)",
      "hash": "0749117A151686570:074A537F4F16891D0",
      "properties": {
        "type": "Point",
        "intensity": 0.5,
        "range": 5.0,
        "colour": "#FF0000",
        "corona": null,
        "dutyCycle": null
      }
    },
    {
      "parent": "/Far__x1_z5/Far__x1_z5_LFS/Far_Poles/TrafficLight01 (1)/Collider",
      "position": "(-0.459869444,3.04553223,0.00511148572)",
      "rotation": "(0,-0.3962819,0,0.9181289)",
      "hash": "0749117A151686570:0748537D1A1687130",
      "properties": {
        "type": "Point",
        "intensity": 0.5,
        "range": 5.0,
        "colour": "#FF0000",
        "corona": null,
        "dutyCycle": null
      }
    },
    {
      "parent": "/Far__x1_z5/Far__x1_z5_LFS/Far_Poles/TrafficLight01/Collider",
      "position": "(-0.460082978,3.05081177,0.023178488)",
      "rotation": "(0,0.918128669,0,0.3962824)",
      "hash": "075E3A7A1516802B0:075E5A7D1B1680090",
      "properties": {
        "type": "Point",
        "intensity": 0.5,
        "range": 5.0,
        "colour": "#FF0000",
        "corona": null,
        "dutyCycle": null
      }
    },
    {
      "parent": "/Far__x1_z5/Far__x1_z5_LFS/Far_Poles/TrafficLight03/Collider",
      "position": "(-0.450070858,5.55905151,2.91929674)",
      "rotation": "(0,0.918128669,0,0.3962824)",
      "hash": "075E3A7A1516802B0:075C5A7F4D167D630",
      "properties": {
        "type": "Point",
        "intensity": 0.5,
        "range": 5.0,
        "colour": "#FF0000",
        "corona": null,
        "dutyCycle": null
      }
    },
    {
      "parent": "/Far__x1_z5/Far__x1_z5_LFS/Far_Poles/TrafficLight01 (3)/Collider",
      "position": "(-0.459960938,2.44844055,0.0072478014)",
      "rotation": "(0,0.369001538,0,0.9294288)",
      "hash": "0757097A15168E230:0757297C42168E440",
      "properties": {
        "type": "Point",
        "intensity": 0.5,
        "range": 5.0,
        "colour": "#00FF00",
        "corona": null,
        "dutyCycle": null
      }
    },
    {
      "parent": "/Far__x1_z5/Far__x1_z5_LFS/Far_Poles/TrafficLight03 (3)/Collider",
      "position": "(-0.4502266,4.95332336,2.9034574)",
      "rotation": "(0,0.369001538,0,0.9294288)",
      "hash": "0757097A15168E230:0759337F11168C450",
      "properties": {
        "type": "Point",
        "intensity": 0.5,
        "range": 5.0,
        "colour": "#00FF00",
        "corona": null,
        "dutyCycle": null
      }
    },
    {
      "parent": "/Far__x1_z5/Far__x1_z5_LFS/Far_Poles/TrafficLight03 (2)/Collider",
      "position": "(-0.4498421,4.95614624,2.907883)",
      "rotation": "(0,0.929429054,0,-0.369001031)",
      "hash": "0750417A1516785E0:074E177F11167A3D0",
      "properties": {
        "type": "Point",
        "intensity": 0.5,
        "range": 5.0,
        "colour": "#00FF00",
        "corona": null,
        "dutyCycle": null
      }
    },
    {
      "parent": "/Far__x1_z5/Far__x1_z5_LFS/Far_Poles/TrafficLight01 (2)/Collider",
      "position": "(-0.45993042,2.46165466,-0.00575220725)",
      "rotation": "(0,0.929429054,0,-0.369001031)",
      "hash": "0750417A1516785E0:0750227C4416783C0",
      "properties": {
        "type": "Point",
        "intensity": 0.5,
        "range": 5.0,
        "colour": "#00FF00",
        "corona": null,
        "dutyCycle": null
      }
    },
    {
      "parent": "/Far__x1_z5/Far__x1_z5_LFS/Far_Poles/TrafficLight01 (6)/Collider",
      "position": "(-0.459777862,2.4670105,-0.0350185633)",
      "rotation": "(0,0.929429054,0,-0.369001031)",
      "hash": "07A4217A15162A060:07A4047C441629460",
      "properties": {
        "type": "Point",
        "intensity": 0.5,
        "range": 5.0,
        "colour": "#00FF00",
        "corona": null,
        "dutyCycle": null
      }
    },
    {
      "parent": "/Far__x1_z5/Far__x1_z5_LFS/Far_Poles/TrafficLight03 (6)/Collider",
      "position": "(-0.45028463,4.98349762,2.88279748)",
      "rotation": "(0,0.929429054,0,-0.369001031)",
      "hash": "07A4217A15162A060:07A15D7F14162B470",
      "properties": {
        "type": "Point",
        "intensity": 0.5,
        "range": 5.0,
        "colour": "#00FF00",
        "corona": null,
        "dutyCycle": null
      }
    },
    {
      "parent": "/Far__x1_z5/Far__x1_z5_LFS/Far_Poles/TrafficLight01 (7)/Collider",
      "position": "(-0.460113525,2.48522949,-0.0111619281)",
      "rotation": "(0,0.369001538,0,0.9294288)",
      "hash": "07AA4E7A15163F2F0:07AB087C46163F520",
      "properties": {
        "type": "Point",
        "intensity": 0.5,
        "range": 5.0,
        "colour": "#00FF00",
        "corona": null,
        "dutyCycle": null
      }
    },
    {
      "parent": "/Far__x1_z5/Far__x1_z5_LFS/Far_Poles/TrafficLight03 (7)/Collider",
      "position": "(-0.450318158,4.940773,2.8935163)",
      "rotation": "(0,0.369001538,0,0.9294288)",
      "hash": "07AA4E7A15163F2F0:07AD137F10163D520",
      "properties": {
        "type": "Point",
        "intensity": 0.5,
        "range": 5.0,
        "colour": "#00FF00",
        "corona": null,
        "dutyCycle": null
      }
    },
    {
      "parent": "/Far__x1_z5/Far__x1_z5_LFS/Far_Poles/TrafficLight01 (4)/Collider",
      "position": "(-0.459968567,3.04535675,0.0057682097)",
      "rotation": "(0,0.918128669,0,0.3962824)",
      "hash": "07B21A7A151631370:07B23B7D1A1631170",
      "properties": {
        "type": "Point",
        "intensity": 0.5,
        "range": 5.0,
        "colour": "#FF0000",
        "corona": null,
        "dutyCycle": null
      }
    },
    {
      "parent": "/Far__x1_z5/Far__x1_z5_LFS/Far_Poles/TrafficLight03 (4)/Collider",
      "position": "(-0.450200558,5.56576538,2.90301561)",
      "rotation": "(0,0.918128669,0,0.3962824)",
      "hash": "07B21A7A151631370:07B03C7F4E162F0C0",
      "properties": {
        "type": "Point",
        "intensity": 0.5,
        "range": 5.0,
        "colour": "#FF0000",
        "corona": null,
        "dutyCycle": null
      }
    },
    {
      "parent": "/Far__x1_z5/Far__x1_z5_LFS/Far_Poles/TrafficLight01 (5)/Collider",
      "position": "(-0.459961,3.079071,0.008437902)",
      "rotation": "(0,-0.3962819,0,0.9181289)",
      "hash": "079C557A151637630:079C347D1D16381F0",
      "properties": {
        "type": "Point",
        "intensity": 0.5,
        "range": 5.0,
        "colour": "#FF0000",
        "corona": null,
        "dutyCycle": null
      }
    },
    {
      "parent": "/Far__x1_z5/Far__x1_z5_LFS/Far_Poles/TrafficLight03 (5)/Collider",
      "position": "(-0.449899256,5.54933167,2.91871643)",
      "rotation": "(0,-0.3962819,0,0.9181289)",
      "hash": "079C557A151637630:079E347F4C163A2A0",
      "properties": {
        "type": "Point",
        "intensity": 0.5,
        "range": 5.0,
        "colour": "#FF0000",
        "corona": null,
        "dutyCycle": null
      }
    },
    {
      "parent": "/Far__x1_z5/Far__x1_z5_LFS/Far_Poles/TrafficLight01 (11)/Collider",
      "position": "(-0.460296631,3.06154633,0.0106810285)",
      "rotation": "(0,0.369001538,0,0.9294288)",
      "hash": "0661357A1514E2130:0661567D1C14E2340",
      "properties": {
        "type": "Point",
        "intensity": 0.5,
        "range": 5.0,
        "colour": "#FF0000",
        "corona": null,
        "dutyCycle": null
      }
    },
    {
      "parent": "/Far__x1_z5/Far__x1_z5_LFS/Far_Poles/TrafficLight03 (11)/Collider",
      "position": "(-0.44990617,5.52067566,2.92042518)",
      "rotation": "(0,0.369001538,0,0.9294288)",
      "hash": "0661357A1514E2130:0663617F4914E0330",
      "properties": {
        "type": "Point",
        "intensity": 0.5,
        "range": 5.0,
        "colour": "#FF0000",
        "corona": null,
        "dutyCycle": null
      }
    },
    {
      "parent": "/Far__x1_z5/Far__x1_z5_LFS/Far_Poles/TrafficLight01 (9)/Collider",
      "position": "(-0.46005255,2.45890045,0.008758336)",
      "rotation": "(0,-0.3962819,0,0.9181289)",
      "hash": "06533D7A1514DA460:06531C7C4314DB020",
      "properties": {
        "type": "Point",
        "intensity": 0.5,
        "range": 5.0,
        "colour": "#00FF00",
        "corona": null,
        "dutyCycle": null
      }
    },
    {
      "parent": "/Far__x1_z5/Far__x1_z5_LFS/Far_Poles/TrafficLight03 (9)/Collider",
      "position": "(-0.449769557,4.92037964,2.91523743)",
      "rotation": "(0,-0.3962819,0,0.9181289)",
      "hash": "06533D7A1514DA460:06551C7F0D14DD0D0",
      "properties": {
        "type": "Point",
        "intensity": 0.5,
        "range": 5.0,
        "colour": "#00FF00",
        "corona": null,
        "dutyCycle": null
      }
    },
    {
      "parent": "/Far__x1_z5/Far__x1_z5_LFS/Far_Poles/TrafficLight01 (8)/Collider",
      "position": "(-0.460189819,2.443283,-0.004882425)",
      "rotation": "(0,0.918128669,0,0.3962824)",
      "hash": "0669027A1514D41A0:0669247C4214D35F0",
      "properties": {
        "type": "Point",
        "intensity": 0.5,
        "range": 5.0,
        "colour": "#00FF00",
        "corona": null,
        "dutyCycle": null
      }
    },
    {
      "parent": "/Far__x1_z5/Far__x1_z5_LFS/Far_Poles/TrafficLight03 (8)/Collider",
      "position": "(-0.450009823,4.97167969,2.9122014)",
      "rotation": "(0,0.918128669,0,0.3962824)",
      "hash": "0669027A1514D41A0:0667237F1314D1530",
      "properties": {
        "type": "Point",
        "intensity": 0.5,
        "range": 5.0,
        "colour": "#00FF00",
        "corona": null,
        "dutyCycle": null
      }
    }
  ],
  "meshes": [],
  "decorations": [
    {
      "parent": "/Far__x1_z5/Far__x1_z5_LFS/Far_Poles/TrafficLight03 (2)",
      "hash": "0750417A1516785E0:0750417A1516785E0",
      "id": "TRAFFIC_LIGHT:GREEN",
      "properties": {
        "file": "meshes_decoration_lights.assetbundle",
        "mesh": "TrafficLight03_GreenLight",
        "assignMaterials": {
          "hideSourcePrefab": true,
          "assignments": []
        }
      },
      "dutyCycle": "Always()"
    },
    {
      "parent": "/Far__x1_z5/Far__x1_z5_LFS/Far_Poles/TrafficLight03 (3)",
      "hash": "0757097A15168E230:0757097A15168E230",
      "id": "TRAFFIC_LIGHT:GREEN",
      "properties": {
        "file": "meshes_decoration_lights.assetbundle",
        "mesh": "TrafficLight03_GreenLight",
        "assignMaterials": {
          "hideSourcePrefab": true,
          "assignments": []
        }
      },
      "dutyCycle": "Always()"
    },
    {
      "parent": "/Far__x1_z5/Far__x1_z5_LFS/Far_Poles/TrafficLight01 (3)",
      "hash": "0757097A15168E230:0757097A15168E230",
      "id": "TRAFFIC_LIGHT:GREEN",
      "properties": {
        "file": "meshes_decoration_lights.assetbundle",
        "mesh": "TrafficLight01_GreenLight",
        "assignMaterials": {
          "hideSourcePrefab": true,
          "assignments": []
        }
      },
      "dutyCycle": "Always()"
    },
    {
      "parent": "/Far__x1_z5/Far__x1_z5_LFS/Far_Poles/TrafficLight01 (2)",
      "hash": "0750417A1516785E0:0750417A1516785E0",
      "id": "TRAFFIC_LIGHT:GREEN",
      "properties": {
        "file": "meshes_decoration_lights.assetbundle",
        "mesh": "TrafficLight01_GreenLight",
        "assignMaterials": {
          "hideSourcePrefab": true,
          "assignments": []
        }
      },
      "dutyCycle": "Always()"
    },
    {
      "parent": "/Far__x1_z5/Far__x1_z5_LFS/Far_Poles/TrafficLight03",
      "hash": "075E3A7A1516802B0:075E3A7A1516802B0",
      "id": "TRAFFIC_LIGHT:RED",
      "properties": {
        "file": "meshes_decoration_lights.assetbundle",
        "mesh": "TrafficLight03_RedLight",
        "assignMaterials": {
          "hideSourcePrefab": true,
          "assignments": []
        }
      },
      "dutyCycle": "Always()"
    },
    {
      "parent": "/Far__x1_z5/Far__x1_z5_LFS/Far_Poles/TrafficLight01",
      "hash": "075E3A7A1516802B0:075E3A7A1516802B0",
      "id": "TRAFFIC_LIGHT:RED",
      "properties": {
        "file": "meshes_decoration_lights.assetbundle",
        "mesh": "TrafficLight01_RedLight",
        "assignMaterials": {
          "hideSourcePrefab": true,
          "assignments": []
        }
      },
      "dutyCycle": "Always()"
    },
    {
      "parent": "/Far__x1_z5/Far__x1_z5_LFS/Far_Poles/TrafficLight01 (1)",
      "hash": "0749117A151686570:0749117A151686570",
      "id": "TRAFFIC_LIGHT:RED",
      "properties": {
        "file": "meshes_decoration_lights.assetbundle",
        "mesh": "TrafficLight01_RedLight",
        "assignMaterials": {
          "hideSourcePrefab": true,
          "assignments": []
        }
      },
      "dutyCycle": "Always()"
    },
    {
      "parent": "/Far__x1_z5/Far__x1_z5_LFS/Far_Poles/TrafficLight03 (1)",
      "hash": "0749117A151686570:0749117A151686570",
      "id": "TRAFFIC_LIGHT:RED",
      "properties": {
        "file": "meshes_decoration_lights.assetbundle",
        "mesh": "TrafficLight03_RedLight",
        "assignMaterials": {
          "hideSourcePrefab": true,
          "assignments": []
        }
      },
      "dutyCycle": "Always()"
    },
    {
      "parent": "/Far__x1_z5/Far__x1_z5_LFS/Far_Poles/TrafficLight03 (5)",
      "hash": "079C557A151637630:079C557A151637630",
      "id": "TRAFFIC_LIGHT:RED",
      "properties": {
        "file": "meshes_decoration_lights.assetbundle",
        "mesh": "TrafficLight03_RedLight",
        "assignMaterials": {
          "hideSourcePrefab": true,
          "assignments": []
        }
      },
      "dutyCycle": "Always()"
    },
    {
      "parent": "/Far__x1_z5/Far__x1_z5_LFS/Far_Poles/TrafficLight01 (5)",
      "hash": "079C557A151637630:079C557A151637630",
      "id": "TRAFFIC_LIGHT:RED",
      "properties": {
        "file": "meshes_decoration_lights.assetbundle",
        "mesh": "TrafficLight01_RedLight",
        "assignMaterials": {
          "hideSourcePrefab": true,
          "assignments": []
        }
      },
      "dutyCycle": "Always()"
    },
    {
      "parent": "/Far__x1_z5/Far__x1_z5_LFS/Far_Poles/TrafficLight03 (4)",
      "hash": "07B21A7A151631370:07B21A7A151631370",
      "id": "TRAFFIC_LIGHT:RED",
      "properties": {
        "file": "meshes_decoration_lights.assetbundle",
        "mesh": "TrafficLight03_RedLight",
        "assignMaterials": {
          "hideSourcePrefab": true,
          "assignments": []
        }
      },
      "dutyCycle": "Always()"
    },
    {
      "parent": "/Far__x1_z5/Far__x1_z5_LFS/Far_Poles/TrafficLight01 (4)",
      "hash": "07B21A7A151631370:07B21A7A151631370",
      "id": "TRAFFIC_LIGHT:RED",
      "properties": {
        "file": "meshes_decoration_lights.assetbundle",
        "mesh": "TrafficLight01_RedLight",
        "assignMaterials": {
          "hideSourcePrefab": true,
          "assignments": []
        }
      },
      "dutyCycle": "Always()"
    },
    {
      "parent": "/Far__x1_z5/Far__x1_z5_LFS/Far_Poles/TrafficLight01 (7)",
      "hash": "07AA4E7A15163F2F0:07AA4E7A15163F2F0",
      "id": "TRAFFIC_LIGHT:GREEN",
      "properties": {
        "file": "meshes_decoration_lights.assetbundle",
        "mesh": "TrafficLight01_GreenLight",
        "assignMaterials": {
          "hideSourcePrefab": true,
          "assignments": []
        }
      },
      "dutyCycle": "Always()"
    },
    {
      "parent": "/Far__x1_z5/Far__x1_z5_LFS/Far_Poles/TrafficLight03 (7)",
      "hash": "07AA4E7A15163F2F0:07AA4E7A15163F2F0",
      "id": "TRAFFIC_LIGHT:GREEN",
      "properties": {
        "file": "meshes_decoration_lights.assetbundle",
        "mesh": "TrafficLight03_GreenLight",
        "assignMaterials": {
          "hideSourcePrefab": true,
          "assignments": []
        }
      },
      "dutyCycle": "Always()"
    },
    {
      "parent": "/Far__x1_z5/Far__x1_z5_LFS/Far_Poles/TrafficLight01 (6)",
      "hash": "07A4217A15162A060:07A4217A15162A060",
      "id": "TRAFFIC_LIGHT:GREEN",
      "properties": {
        "file": "meshes_decoration_lights.assetbundle",
        "mesh": "TrafficLight01_GreenLight",
        "assignMaterials": {
          "hideSourcePrefab": true,
          "assignments": []
        }
      },
      "dutyCycle": "Always()"
    },
    {
      "parent": "/Far__x1_z5/Far__x1_z5_LFS/Far_Poles/TrafficLight03 (6)",
      "hash": "07A4217A15162A060:07A4217A15162A060",
      "id": "TRAFFIC_LIGHT:GREEN",
      "properties": {
        "file": "meshes_decoration_lights.assetbundle",
        "mesh": "TrafficLight03_GreenLight",
        "assignMaterials": {
          "hideSourcePrefab": true,
          "assignments": []
        }
      },
      "dutyCycle": "Always()"
    },
    {
      "parent": "/Far__x1_z5/Far__x1_z5_LFS/Far_Poles/TrafficLight03 (11)",
      "hash": "0661357A1514E2130:0661357A1514E2130",
      "id": "TRAFFIC_LIGHT:RED",
      "properties": {
        "file": "meshes_decoration_lights.assetbundle",
        "mesh": "TrafficLight03_RedLight",
        "assignMaterials": {
          "hideSourcePrefab": true,
          "assignments": []
        }
      },
      "dutyCycle": "Always()"
    },
    {
      "parent": "/Far__x1_z5/Far__x1_z5_LFS/Far_Poles/TrafficLight01 (11)",
      "hash": "0661357A1514E2130:0661357A1514E2130",
      "id": "TRAFFIC_LIGHT:RED",
      "properties": {
        "file": "meshes_decoration_lights.assetbundle",
        "mesh": "TrafficLight01_RedLight",
        "assignMaterials": {
          "hideSourcePrefab": true,
          "assignments": []
        }
      },
      "dutyCycle": "Always()"
    },
    {
      "parent": "/Far__x1_z5/Far__x1_z5_LFS/Far_Poles/TrafficLight03 (9)",
      "hash": "06533D7A1514DA460:06533D7A1514DA460",
      "id": "TRAFFIC_LIGHT:GREEN",
      "properties": {
        "file": "meshes_decoration_lights.assetbundle",
        "mesh": "TrafficLight03_GreenLight",
        "assignMaterials": {
          "hideSourcePrefab": true,
          "assignments": []
        }
      },
      "dutyCycle": "Always()"
    },
    {
      "parent": "/Far__x1_z5/Far__x1_z5_LFS/Far_Poles/TrafficLight01 (9)",
      "hash": "06533D7A1514DA460:06533D7A1514DA460",
      "id": "TRAFFIC_LIGHT:GREEN",
      "properties": {
        "file": "meshes_decoration_lights.assetbundle",
        "mesh": "TrafficLight01_GreenLight",
        "assignMaterials": {
          "hideSourcePrefab": true,
          "assignments": []
        }
      },
      "dutyCycle": "Always()"
    },
    {
      "parent": "/Far__x1_z5/Far__x1_z5_LFS/Far_Poles/TrafficLight03 (8)",
      "hash": "0669027A1514D41A0:0669027A1514D41A0",
      "id": "TRAFFIC_LIGHT:GREEN",
      "properties": {
        "file": "meshes_decoration_lights.assetbundle",
        "mesh": "TrafficLight03_GreenLight",
        "assignMaterials": {
          "hideSourcePrefab": true,
          "assignments": []
        }
      },
      "dutyCycle": "Always()"
    },
    {
      "parent": "/Far__x1_z5/Far__x1_z5_LFS/Far_Poles/TrafficLight01 (8)",
      "hash": "0669027A1514D41A0:0669027A1514D41A0",
      "id": "TRAFFIC_LIGHT:GREEN",
      "properties": {
        "file": "meshes_decoration_lights.assetbundle",
        "mesh": "TrafficLight01_GreenLight",
        "assignMaterials": {
          "hideSourcePrefab": true,
          "assignments": []
        }
      },
      "dutyCycle": "Always()"
    }
  ]
}