{
  "version": 92,
  "enabled": true,
  "lights": [
    {
      "parent": "/Near__x1_z11/Near__x1_z11_LFS/Near_collider#1/%GROUP%_Mesh0170471808007340",
      "position": "(0,0.25,0.5)",
      "hash": "0636488F062FBA430:0636168E512FBA430",
      "properties": {
        "type": "Point",
        "intensity": 0.5,
        "range": 10.0,
        "colour": "#FFFFFF",
        "corona": null,
        "dutyCycle": "Always()"
      }
    },
    {
      "parent": "/Near__x1_z11/Near__x1_z11_LFS/Near_collider#1/%GROUP%_Mesh0170471808007340",
      "position": "(0,0.25,-0.5)",
      "hash": "0636488F062FBA430:0637168E512FBA430",
      "properties": {
        "type": "Point",
        "intensity": 0.5,
        "range": 10.0,
        "colour": "#FFFFFF",
        "corona": null,
        "dutyCycle": "Always()"
      }
    },
    {
      "parent": "/Near__x1_z11/Near__x1_z11_LFS/Near_collider#1/%GROUP%_Mesh0170471808007340/%GROUP%_Mesh0003580000000002",
      "position": "(0,0.25,0.5)",
      "hash": "06364A8F062FBE370:0637188E512FBE370",
      "properties": {
        "type": "Point",
        "intensity": 0.5,
        "range": 10.0,
        "colour": "#FFFFFF",
        "corona": null,
        "dutyCycle": "Always()"
      }
    },
    {
      "parent": "/Near__x1_z11/Near__x1_z11_LFS/Near_collider#1/%GROUP%_Mesh0170471808007340/%GROUP%_Mesh0003580000000002",
      "position": "(0,0.25,-0.5)",
      "hash": "06364A8F062FBE370:0636188E512FBE370",
      "properties": {
        "type": "Point",
        "intensity": 0.5,
        "range": 10.0,
        "colour": "#FFFFFF",
        "corona": null,
        "dutyCycle": "Always()"
      }
    },
    {
      "parent": "/Near__x1_z11/Near__x1_z11_LFS/Near_collider#1/%GROUP%_Mesh0170471808007340/%GROUP%_Mesh0003580000000002",
      "position": "(5.684564,-1.79083133,0.0119856875)",
      "rotation": "(0.6303455,-0.000853785,0.000693249865,0.776313961)",
      "hash": "06364A8F062FBE370:06364B90552FC4180",
      "properties": {
        "type": "Point",
        "intensity": 1.0,
        "range": 20.0,
        "colour": "#FFB24D",
        "corona": {
          "sprite": "corona_orange01.png",
          "scale": 0.75,
          "range": 100.0
        },
        "dutyCycle": "DuskTillDawn()"
      }
    },
    {
      "parent": "/Near__x1_z11/Near__x1_z11_LFS/Near_collider#1/%GROUP%_Mesh0170471808007340/%GROUP%_Mesh0003580000000002/%GROUP%_Mesh00001B0308000600",
      "position": "(0,0.253,-0.032)",
      "hash": "063C4B8B612FBE530:063C488B482FBE530",
      "properties": {
        "type": "Point",
        "intensity": 0.5,
        "range": 10.0,
        "colour": "#FFFFFF",
        "corona": {
          "sprite": "corona_flare02.png",
          "scale": 0.87,
          "range": 100.0
        },
        "dutyCycle": "DuskTillDawn()"
      }
    },
    {
      "parent": "/Far__x1_z11/Far__x1_z11_LFS/Far_viaduct_bridge End Object(Clone)/collider/%GROUP%_Mesh01A445030D00772D",
      "position": "(0.75,12.25,0)",
      "rotation": "(-0.484529316,0.5150062,0.484529316,0.5150062)",
      "hash": "063D46884D2FE94F0:063E2D95022FE94B0",
      "properties": {
        "type": "Point",
        "intensity": 1.0,
        "range": 30.0,
        "colour": "#FFFFFF",
        "corona": {
          "sprite": "corona_white01.png",
          "scale": 1.0,
          "range": 100.0
        },
        "dutyCycle": "DuskTillDawn()"
      }
    },
    {
      "parent": "/Far__x1_z11/Far__x1_z11_LFS/Far_viaduct_bridge End Object(Clone)/collider/%GROUP%_Mesh01A445030D00772D",
      "position": "(0,12.25,0.75)",
      "rotation": "(-0.484529316,0.5150062,0.484529316,0.5150062)",
      "hash": "063D46884D2FE94F0:063D4A95022FEA360",
      "properties": {
        "type": "Point",
        "intensity": 1.0,
        "range": 30.0,
        "colour": "#FFFFFF",
        "corona": {
          "sprite": "corona_white01.png",
          "scale": 1.0,
          "range": 100.0
        },
        "dutyCycle": "DuskTillDawn()"
      }
    },
    {
      "parent": "/Far__x1_z11/Far__x1_z11_LFS/Far_viaduct_bridge End Object(Clone)/collider/%GROUP%_Mesh01A445030D00772D",
      "position": "(-0.75,12.25,0)",
      "rotation": "(-0.484529316,0.5150062,0.484529316,0.5150062)",
      "hash": "063D46884D2FE94F0:063C5F95022FE9530",
      "properties": {
        "type": "Point",
        "intensity": 1.0,
        "range": 30.0,
        "colour": "#FFFFFF",
        "corona": {
          "sprite": "corona_white01.png",
          "scale": 1.0,
          "range": 100.0
        },
        "dutyCycle": "DuskTillDawn()"
      }
    },
    {
      "parent": "/Far__x1_z11/Far__x1_z11_LFS/Far_viaduct_bridge End Object(Clone)/collider/%GROUP%_Mesh01A445030D00772D",
      "position": "(0,12.25,-0.75)",
      "rotation": "(-0.484529316,0.5150062,0.484529316,0.5150062)",
      "hash": "063D46884D2FE94F0:063D4295022FE9040",
      "properties": {
        "type": "Point",
        "intensity": 1.0,
        "range": 30.0,
        "colour": "#FFFFFF",
        "corona": {
          "sprite": "corona_white01.png",
          "scale": 1.0,
          "range": 100.0
        },
        "dutyCycle": "DuskTillDawn()"
      }
    }
  ],
  "meshes": [
    {
      "parent": "/Near__x1_z11/Near__x1_z11_LFS/Near_collider#1",
      "position": "(368.717438,24.0818138,115.647926)",
      "rotation": "(-0.7071068,0,0.7071068,0)",
      "hash": "04B614810F2F8F350:0636488F062FBA430",
      "properties": {
        "file": "meshes_lampposts.assetbundle",
        "mesh": "IndustrialLamp_Ceiling"
      }
    },
    {
      "parent": "/Near__x1_z11/Near__x1_z11_LFS/Near_collider#1/%GROUP%_Mesh0170471808007340",
      "position": "(-3.88573146,-1.1026865E-06,-0.02076865)",
      "rotation": "(0.7071068,0,0.7071068,0)",
      "hash": "0636488F062FBA430:06364A8F062FBE370",
      "properties": {
        "file": "meshes_lampposts.assetbundle",
        "mesh": "IndustrialLamp_Ceiling"
      }
    },
    {
      "parent": "/Near__x1_z11/Near__x1_z11_LFS/Near_collider#1/%GROUP%_Mesh0170471808007340/%GROUP%_Mesh0003580000000002",
      "position": "(0.2724626,3.08302522,6.00975227)",
      "hash": "06364A8F062FBE370:063C4B8B612FBE530",
      "properties": {
        "file": "meshes_lampposts.assetbundle",
        "mesh": "FloodLight_Wall"
      }
    },
    {
      "parent": "/Far__x1_z11/Far__x1_z11_LFS/Far_viaduct_bridge End Object(Clone)/collider",
      "position": "(-420.690063,-3.1378603,-119.457855)",
      "rotation": "(0,0.0261769481,0,0.999657333)",
      "hash": "04BB1E81302F1D0B0:063D46884D2FE94F0",
      "properties": {
        "file": "meshes_lampposts.assetbundle",
        "mesh": "YardLamp_Floor"
      }
    }
  ],
  "decorations": []
}