{
  "version": 92,
  "enabled": true,
  "priority": "High",
  "lights": [
    {
      "parent": "/Far__x12_z10/Far__x12_z10_LFS/Far_IndustryBuildings/Offices_Tall/collider/%GROUP%_Mesh010804015500D318",
      "position": "(-0.5636624,3.15479636,-0.09394385)",
      "rotation": "(-0.7071068,0,0,0.7071068)",
      "hash": "32865F8C022B3A170:32863A8F112B3A430",
      "properties": {
        "type": "Point",
        "intensity": 1.0,
        "range": 5.0,
        "colour": "#FF0000",
        "corona": {
          "sprite": "corona_orange01.png",
          "scale": 0.25,
          "range": 100.0
        },
        "dutyCycle": "FlashingGlobal(2)"
      }
    },
    {
      "parent": "/Far__x12_z10/Far__x12_z10_LFS/Far_IndustryBuildings/Offices_Tall/collider/%GROUP%_Mesh010804015500D318",
      "position": "(-0.5636624,3.15479636,-0.432141364)",
      "rotation": "(-0.7071068,0,0,0.7071068)",
      "hash": "32865F8C022B3A170:32861D8F112B3A310",
      "properties": {
        "type": "Point",
        "intensity": 1.0,
        "range": 5.0,
        "colour": "#FF0000",
        "corona": {
          "sprite": "corona_orange01.png",
          "scale": 0.25,
          "range": 100.0
        },
        "dutyCycle": "FlashingGlobal(2,true)"
      }
    },
    {
      "parent": "/Far__x12_z10/Far__x12_z10_LFS/Far_IndustryBuildings/Offices_Tall/collider/%GROUP%_Mesh011201015500CC28",
      "position": "(-0.5636624,3.15479636,-0.09394385)",
      "rotation": "(-0.7071068,0,0,0.7071068)",
      "hash": "3292628C022B385A0:3293228F112B382E0",
      "properties": {
        "type": "Point",
        "intensity": 1.0,
        "range": 5.0,
        "colour": "#FF0000",
        "corona": {
          "sprite": "corona_orange01.png",
          "scale": 0.25,
          "range": 100.0
        },
        "dutyCycle": "FlashingGlobal(2)"
      }
    },
    {
      "parent": "/Far__x12_z10/Far__x12_z10_LFS/Far_IndustryBuildings/Offices_Tall/collider/%GROUP%_Mesh011201015500CC28",
      "position": "(-0.5636624,3.15479636,-0.432141364)",
      "rotation": "(-0.7071068,0,0,0.7071068)",
      "hash": "3292628C022B385A0:32933F8F112B383F0",
      "properties": {
        "type": "Point",
        "intensity": 1.0,
        "range": 5.0,
        "colour": "#FF0000",
        "corona": {
          "sprite": "corona_orange01.png",
          "scale": 0.25,
          "range": 100.0
        },
        "dutyCycle": "FlashingGlobal(2,true)"
      }
    },
    {
      "parent": "/Far__x12_z10/Far__x12_z10_LFS/Far_IndustryBuildings/Offices_Tall/collider/%GROUP%_Mesh010834015500C611",
      "position": "(-0.5636624,3.15479636,-0.09394385)",
      "rotation": "(-0.7071068,0,0,0.7071068)",
      "hash": "328D378C022B2E5D0:328D148F112B2F260",
      "properties": {
        "type": "Point",
        "intensity": 1.0,
        "range": 5.0,
        "colour": "#FF0000",
        "corona": {
          "sprite": "corona_orange01.png",
          "scale": 0.25,
          "range": 100.0
        },
        "dutyCycle": "FlashingGlobal(2)"
      }
    },
    {
      "parent": "/Far__x12_z10/Far__x12_z10_LFS/Far_IndustryBuildings/Offices_Tall/collider/%GROUP%_Mesh010834015500C611",
      "position": "(-0.5636624,3.15479636,-0.432141364)",
      "rotation": "(-0.7071068,0,0,0.7071068)",
      "hash": "328D378C022B2E5D0:328C5A8F112B2F150",
      "properties": {
        "type": "Point",
        "intensity": 1.0,
        "range": 5.0,
        "colour": "#FF0000",
        "corona": {
          "sprite": "corona_orange01.png",
          "scale": 0.25,
          "range": 100.0
        },
        "dutyCycle": "FlashingGlobal(2,true)"
      }
    },
    {
      "parent": "/Far__x12_z10/Far__x12_z10_LFS/Far_IndustryBuildings/Offices_Tall/collider/%GROUP%_Mesh011236015500B531",
      "position": "(-0.5636624,3.15479636,-0.09394385)",
      "rotation": "(-0.7071068,0,0,0.7071068)",
      "hash": "329E198C022B245F0:329E3D8F112B24320",
      "properties": {
        "type": "Point",
        "intensity": 1.0,
        "range": 5.0,
        "colour": "#FF0000",
        "corona": {
          "sprite": "corona_orange01.png",
          "scale": 0.25,
          "range": 100.0
        },
        "dutyCycle": "FlashingGlobal(2)"
      }
    },
    {
      "parent": "/Far__x12_z10/Far__x12_z10_LFS/Far_IndustryBuildings/Offices_Tall/collider/%GROUP%_Mesh011236015500B531",
      "position": "(-0.5636624,3.15479636,-0.432141364)",
      "rotation": "(-0.7071068,0,0,0.7071068)",
      "hash": "329E198C022B245F0:329E5A8F112B24420",
      "properties": {
        "type": "Point",
        "intensity": 1.0,
        "range": 5.0,
        "colour": "#FF0000",
        "corona": {
          "sprite": "corona_orange01.png",
          "scale": 0.25,
          "range": 100.0
        },
        "dutyCycle": "FlashingGlobal(2,true)"
      }
    },
    {
      "parent": "/Far__x12_z10/Far__x12_z10_LFS/Far_IndustryBuildings/Offices_Tall/collider/%GROUP%_Mesh021606015500C714",
      "position": "(-0.5636624,3.15479636,-0.09394385)",
      "rotation": "(-0.7071068,0,0,0.7071068)",
      "hash": "337A478C022BAF010:337A258F112BAF2F0",
      "properties": {
        "type": "Point",
        "intensity": 1.0,
        "range": 5.0,
        "colour": "#FF0000",
        "corona": {
          "sprite": "corona_orange01.png",
          "scale": 0.25,
          "range": 100.0
        },
        "dutyCycle": "FlashingGlobal(2)"
      }
    },
    {
      "parent": "/Far__x12_z10/Far__x12_z10_LFS/Far_IndustryBuildings/Offices_Tall/collider/%GROUP%_Mesh021606015500C714",
      "position": "(-0.5636624,3.15479636,-0.432141364)",
      "rotation": "(-0.7071068,0,0,0.7071068)",
      "hash": "337A478C022BAF010:337A078F112BAF200",
      "properties": {
        "type": "Point",
        "intensity": 1.0,
        "range": 5.0,
        "colour": "#FF0000",
        "corona": {
          "sprite": "corona_orange01.png",
          "scale": 0.25,
          "range": 100.0
        },
        "dutyCycle": "FlashingGlobal(2,true)"
      }
    },
    {
      "parent": "/Far__x12_z10/Far__x12_z10_LFS/Far_Roads/Flat_40x10 (31)/Collider/%GROUP%_Mesh00092D0004002605",
      "position": "(-0.5636624,3.15479636,-0.09394385)",
      "hash": "3386328C102BAD090:3386558F202BAC3F0",
      "properties": {
        "type": "Point",
        "intensity": 1.0,
        "range": 5.0,
        "colour": "#FF0000",
        "corona": {
          "sprite": "corona_orange01.png",
          "scale": 0.25,
          "range": 100.0
        },
        "dutyCycle": "FlashingGlobal(2)"
      }
    },
    {
      "parent": "/Far__x12_z10/Far__x12_z10_LFS/Far_Roads/Flat_40x10 (31)/Collider/%GROUP%_Mesh00092D0004002605",
      "position": "(-0.5636624,3.15479636,-0.432141364)",
      "hash": "3386328C102BAD090:33870F8F202BAC4F0",
      "properties": {
        "type": "Point",
        "intensity": 1.0,
        "range": 5.0,
        "colour": "#FF0000",
        "corona": {
          "sprite": "corona_orange01.png",
          "scale": 0.25,
          "range": 100.0
        },
        "dutyCycle": "FlashingGlobal(2,true)"
      }
    },
    {
      "parent": "/Far__x12_z10/Far__x12_z10_LFS/Far_Roads/Flat_40x10 (19)/Collider/%GROUP%_Mesh003C52001300C839",
      "position": "(-0.5636624,3.15479636,-0.09394385)",
      "rotation": "(-0.7071068,0,0,0.7071068)",
      "hash": "340F218C022B613B0:340F5A8F112B61350",
      "properties": {
        "type": "Point",
        "intensity": 1.0,
        "range": 5.0,
        "colour": "#FF0000",
        "corona": {
          "sprite": "corona_orange01.png",
          "scale": 0.25,
          "range": 100.0
        },
        "dutyCycle": "FlashingGlobal(2)"
      }
    },
    {
      "parent": "/Far__x12_z10/Far__x12_z10_LFS/Far_Roads/Flat_40x10 (19)/Collider/%GROUP%_Mesh003C52001300C839",
      "position": "(-0.5636624,3.15479636,-0.432141364)",
      "rotation": "(-0.7071068,0,0,0.7071068)",
      "hash": "340F218C022B613B0:340F638F112B61550",
      "properties": {
        "type": "Point",
        "intensity": 1.0,
        "range": 5.0,
        "colour": "#FF0000",
        "corona": {
          "sprite": "corona_orange01.png",
          "scale": 0.25,
          "range": 100.0
        },
        "dutyCycle": "FlashingGlobal(2,true)"
      }
    },
    {
      "parent": "/Far__x12_z10/Far__x12_z10_LFS/Far_Roads/Flat_40x10 (19)/Collider/%GROUP%_Mesh003D30001300BE31",
      "position": "(-0.5636624,3.15479636,-0.09394385)",
      "rotation": "(-0.7071068,0,0,0.7071068)",
      "hash": "34060D8C022B5D2A0:3405388F112B5D290",
      "properties": {
        "type": "Point",
        "intensity": 1.0,
        "range": 5.0,
        "colour": "#FF0000",
        "corona": {
          "sprite": "corona_orange01.png",
          "scale": 0.25,
          "range": 100.0
        },
        "dutyCycle": "FlashingGlobal(2)"
      }
    },
    {
      "parent": "/Far__x12_z10/Far__x12_z10_LFS/Far_Roads/Flat_40x10 (19)/Collider/%GROUP%_Mesh003D30001300BE31",
      "position": "(-0.5636624,3.15479636,-0.432141364)",
      "rotation": "(-0.7071068,0,0,0.7071068)",
      "hash": "34060D8C022B5D2A0:3405348F112B5D070",
      "properties": {
        "type": "Point",
        "intensity": 1.0,
        "range": 5.0,
        "colour": "#FF0000",
        "corona": {
          "sprite": "corona_orange01.png",
          "scale": 0.25,
          "range": 100.0
        },
        "dutyCycle": "FlashingGlobal(2,true)"
      }
    },
    {
      "parent": "/Far__x12_z10/Far__x12_z10_LFS/Far_Roads/Flat_40x10 (35)/Collider/%GROUP%_Mesh0009150004002609",
      "position": "(-0.5636624,3.15479636,-0.09394385)",
      "hash": "33D2158C102B20090:33D2378F202B1F3F0",
      "properties": {
        "type": "Point",
        "intensity": 1.0,
        "range": 5.0,
        "colour": "#FF0000",
        "corona": {
          "sprite": "corona_orange01.png",
          "scale": 0.25,
          "range": 100.0
        },
        "dutyCycle": "FlashingGlobal(2)"
      }
    },
    {
      "parent": "/Far__x12_z10/Far__x12_z10_LFS/Far_Roads/Flat_40x10 (35)/Collider/%GROUP%_Mesh0009150004002609",
      "position": "(-0.5636624,3.15479636,-0.432141364)",
      "hash": "33D2158C102B20090:33D2568F202B1F4E0",
      "properties": {
        "type": "Point",
        "intensity": 1.0,
        "range": 5.0,
        "colour": "#FF0000",
        "corona": {
          "sprite": "corona_orange01.png",
          "scale": 0.25,
          "range": 100.0
        },
        "dutyCycle": "FlashingGlobal(2,true)"
      }
    },
    {
      "parent": "/Far__x12_z10/Far__x12_z10_LFS/Far_IndustryBuildings/Offices_Tall/collider/%GROUP%_Mesh02151F015500282F",
      "position": "(-0.5636624,3.15479636,-0.09394385)",
      "rotation": "(-0.7071068,0,0,0.7071068)",
      "hash": "33C45E8C022B22470:33C43C8F112B23100",
      "properties": {
        "type": "Point",
        "intensity": 1.0,
        "range": 5.0,
        "colour": "#FF0000",
        "corona": {
          "sprite": "corona_orange01.png",
          "scale": 0.25,
          "range": 100.0
        },
        "dutyCycle": "FlashingGlobal(2)"
      }
    },
    {
      "parent": "/Far__x12_z10/Far__x12_z10_LFS/Far_IndustryBuildings/Offices_Tall/collider/%GROUP%_Mesh02151F015500282F",
      "position": "(-0.5636624,3.15479636,-0.432141364)",
      "rotation": "(-0.7071068,0,0,0.7071068)",
      "hash": "33C45E8C022B22470:33C41E8F112B23000",
      "properties": {
        "type": "Point",
        "intensity": 1.0,
        "range": 5.0,
        "colour": "#FF0000",
        "corona": {
          "sprite": "corona_orange01.png",
          "scale": 0.25,
          "range": 100.0
        },
        "dutyCycle": "FlashingGlobal(2,true)"
      }
    },
    {
      "parent": "/Far__x12_z10/Far__x12_z10_LFS/Far_Roads/Flat_40x40 (4)/Collider/%GROUP%_Mesh00025B0004001D1D",
      "position": "(-0.5636624,3.15479636,-0.09394385)",
      "hash": "32E0198C102B3B210:32E0288F202B3A4E0",
      "properties": {
        "type": "Point",
        "intensity": 1.0,
        "range": 5.0,
        "colour": "#FF0000",
        "corona": {
          "sprite": "corona_orange01.png",
          "scale": 0.25,
          "range": 100.0
        },
        "dutyCycle": "FlashingGlobal(2)"
      }
    },
    {
      "parent": "/Far__x12_z10/Far__x12_z10_LFS/Far_Roads/Flat_40x40 (4)/Collider/%GROUP%_Mesh00025B0004001D1D",
      "position": "(-0.5636624,3.15479636,-0.432141364)",
      "hash": "32E0198C102B3B210:32E0498F202B3A510",
      "properties": {
        "type": "Point",
        "intensity": 1.0,
        "range": 5.0,
        "colour": "#FF0000",
        "corona": {
          "sprite": "corona_orange01.png",
          "scale": 0.25,
          "range": 100.0
        },
        "dutyCycle": "FlashingGlobal(2,true)"
      }
    },
    {
      "parent": "/Far__x12_z10/Far__x12_z10_LFS/Far_IndustryBuildings/Offices_Tall/collider/%GROUP%_Mesh015844015500B155",
      "position": "(-0.5636624,3.15479636,-0.09394385)",
      "rotation": "(-0.7071068,0,0,0.7071068)",
      "hash": "32DD518C022B42540:32DD478F112B43280",
      "properties": {
        "type": "Point",
        "intensity": 1.0,
        "range": 5.0,
        "colour": "#FF0000",
        "corona": {
          "sprite": "corona_orange01.png",
          "scale": 0.25,
          "range": 100.0
        },
        "dutyCycle": "FlashingGlobal(2)"
      }
    },
    {
      "parent": "/Far__x12_z10/Far__x12_z10_LFS/Far_IndustryBuildings/Offices_Tall/collider/%GROUP%_Mesh015844015500B155",
      "position": "(-0.5636624,3.15479636,-0.432141364)",
      "rotation": "(-0.7071068,0,0,0.7071068)",
      "hash": "32DD518C022B42540:32DD258F112B43280",
      "properties": {
        "type": "Point",
        "intensity": 1.0,
        "range": 5.0,
        "colour": "#FF0000",
        "corona": {
          "sprite": "corona_orange01.png",
          "scale": 0.25,
          "range": 100.0
        },
        "dutyCycle": "FlashingGlobal(2,true)"
      }
    },
    {
      "parent": "/Near__x12_z10/Near__x12_z10_LFS/0.2\n6/%GROUP%_Mesh00885A0327013A58",
      "position": "(-0.5636624,3.15479636,-0.09394385)",
      "rotation": "(-0.7071068,0,0,0.7071068)",
      "hash": "31C5608C022A281C0:31C53E8F112A284A0",
      "properties": {
        "type": "Point",
        "intensity": 1.0,
        "range": 5.0,
        "colour": "#FF0000",
        "corona": {
          "sprite": "corona_orange01.png",
          "scale": 0.25,
          "range": 100.0
        },
        "dutyCycle": "FlashingGlobal(2)"
      }
    },
    {
      "parent": "/Near__x12_z10/Near__x12_z10_LFS/0.2\n6/%GROUP%_Mesh00885A0327013A58",
      "position": "(-0.5636624,3.15479636,-0.432141364)",
      "rotation": "(-0.7071068,0,0,0.7071068)",
      "hash": "31C5608C022A281C0:31C5208F112A283A0",
      "properties": {
        "type": "Point",
        "intensity": 1.0,
        "range": 5.0,
        "colour": "#FF0000",
        "corona": {
          "sprite": "corona_orange01.png",
          "scale": 0.25,
          "range": 100.0
        },
        "dutyCycle": "FlashingGlobal(2,true)"
      }
    },
    {
      "parent": "/Near__x12_z10/Near__x12_z10_LFS/0.2\n6/%GROUP%_Mesh009D160327014538",
      "position": "(-0.5636624,3.15479636,-0.09394385)",
      "rotation": "(-0.7071068,0,0,0.7071068)",
      "hash": "31D8058C022A1A0D0:31D8258F112A19420",
      "properties": {
        "type": "Point",
        "intensity": 1.0,
        "range": 5.0,
        "colour": "#FF0000",
        "corona": {
          "sprite": "corona_orange01.png",
          "scale": 0.25,
          "range": 100.0
        },
        "dutyCycle": "FlashingGlobal(2)"
      }
    },
    {
      "parent": "/Near__x12_z10/Near__x12_z10_LFS/0.2\n6/%GROUP%_Mesh009D160327014538",
      "position": "(-0.5636624,3.15479636,-0.432141364)",
      "rotation": "(-0.7071068,0,0,0.7071068)",
      "hash": "31D8058C022A1A0D0:31D8438F112A19500",
      "properties": {
        "type": "Point",
        "intensity": 1.0,
        "range": 5.0,
        "colour": "#FF0000",
        "corona": {
          "sprite": "corona_orange01.png",
          "scale": 0.25,
          "range": 100.0
        },
        "dutyCycle": "FlashingGlobal(2,true)"
      }
    }
  ],
  "meshes": [
    {
      "parent": "/Far__x12_z10/Far__x12_z10_LFS/Far_IndustryBuildings/Offices_Tall/collider",
      "position": "(264.045349,1.8570689,211.249115)",
      "rotation": "(0,0.4924236,0,0.870355666)",
      "hash": "3201528A102A03270:32865F8C022B3A170",
      "properties": {
        "file": "meshes_levelcrossings.assetbundle",
        "mesh": "LevelCrossing"
      }
    },
    {
      "parent": "/Far__x12_z10/Far__x12_z10_LFS/Far_IndustryBuildings/Offices_Tall/collider",
      "position": "(274.018372,1.857068,204.40274)",
      "rotation": "(0,-0.866025448,0,0.5)",
      "hash": "3201528A102A03270:3292628C022B385A0",
      "properties": {
        "file": "meshes_levelcrossings.assetbundle",
        "mesh": "LevelCrossing"
      }
    },
    {
      "parent": "/Far__x12_z10/Far__x12_z10_LFS/Far_IndustryBuildings/Offices_Tall/collider",
      "position": "(264.528381,1.85707688,198.170288)",
      "rotation": "(0,0.5075384,0,0.8616292)",
      "hash": "3201528A102A03270:328D378C022B2E5D0",
      "properties": {
        "file": "meshes_levelcrossings.assetbundle",
        "mesh": "LevelCrossing"
      }
    },
    {
      "parent": "/Far__x12_z10/Far__x12_z10_LFS/Far_IndustryBuildings/Offices_Tall/collider",
      "position": "(274.545715,1.857082,181.490234)",
      "rotation": "(0,-0.8616291,0,0.507538438)",
      "hash": "3201528A102A03270:329E198C022B245F0",
      "properties": {
        "file": "meshes_levelcrossings.assetbundle",
        "mesh": "LevelCrossing"
      }
    },
    {
      "parent": "/Far__x12_z10/Far__x12_z10_LFS/Far_IndustryBuildings/Offices_Tall/collider",
      "position": "(534.0664,1.85693181,199.207092)",
      "rotation": "(0,0.522498548,0,0.8526402)",
      "hash": "3201528A102A03270:337A478C022BAF010",
      "properties": {
        "file": "meshes_levelcrossings.assetbundle",
        "mesh": "LevelCrossing"
      }
    },
    {
      "parent": "/Far__x12_z10/Far__x12_z10_LFS/Far_Roads/Flat_40x10 (31)/Collider",
      "position": "(9.450596,-0.04999011,38.0556564)",
      "rotation": "(0,-0.8571673,0,0.5150381)",
      "hash": "337C588C152BD30A0:3386328C102BAD090",
      "properties": {
        "file": "meshes_levelcrossings.assetbundle",
        "mesh": "LevelCrossing"
      }
    },
    {
      "parent": "/Far__x12_z10/Far__x12_z10_LFS/Far_Roads/Flat_40x10 (19)/Collider",
      "position": "(-60.82151,-0.1962541,200.575439)",
      "rotation": "(0,0.9902681,0,-0.139173076)",
      "hash": "337B128C152ACD210:340F218C022B613B0",
      "properties": {
        "file": "meshes_levelcrossings.assetbundle",
        "mesh": "LevelCrossing"
      }
    },
    {
      "parent": "/Far__x12_z10/Far__x12_z10_LFS/Far_Roads/Flat_40x10 (19)/Collider",
      "position": "(-61.4856339,-0.196249127,190.498413)",
      "rotation": "(0,0.0697564855,0,0.9975641)",
      "hash": "337B128C152ACD210:34060D8C022B5D2A0",
      "properties": {
        "file": "meshes_levelcrossings.assetbundle",
        "mesh": "LevelCrossing"
      }
    },
    {
      "parent": "/Far__x12_z10/Far__x12_z10_LFS/Far_Roads/Flat_40x10 (35)/Collider",
      "position": "(9.217075,-0.0499959327,38.0949173)",
      "rotation": "(0,-0.8526403,0,0.5224985)",
      "hash": "33C8258C152B46030:33D2158C102B20090",
      "properties": {
        "file": "meshes_levelcrossings.assetbundle",
        "mesh": "LevelCrossing"
      }
    },
    {
      "parent": "/Far__x12_z10/Far__x12_z10_LFS/Far_IndustryBuildings/Offices_Tall/collider",
      "position": "(533.3163,1.85703242,40.47522)",
      "rotation": "(0,0.5150381,0,0.857167363)",
      "hash": "3201528A102A03270:33C45E8C022B22470",
      "properties": {
        "file": "meshes_levelcrossings.assetbundle",
        "mesh": "LevelCrossing"
      }
    },
    {
      "parent": "/Far__x12_z10/Far__x12_z10_LFS/Far_Roads/Flat_40x40 (4)/Collider",
      "position": "(2.9169693,-0.04999103,29.29985)",
      "rotation": "(0,-0.7372773,0,0.6755902)",
      "hash": "32C5048C152B30080:32E0198C102B3B210",
      "properties": {
        "file": "meshes_levelcrossings.assetbundle",
        "mesh": "LevelCrossing"
      }
    },
    {
      "parent": "/Far__x12_z10/Far__x12_z10_LFS/Far_IndustryBuildings/Offices_Tall/collider",
      "position": "(344.682831,1.85704672,177.859711)",
      "rotation": "(0,0.7071067,0,0.7071068)",
      "hash": "3201528A102A03270:32DD518C022B42540",
      "properties": {
        "file": "meshes_levelcrossings.assetbundle",
        "mesh": "LevelCrossing"
      }
    },
    {
      "parent": "/Near__x12_z10/Near__x12_z10_LFS/0.2\n6",
      "position": "(-136.900436,3.39007568,-314.8863)",
      "rotation": "(0,0.522498548,0,0.8526402)",
      "hash": "306E3F883F2A23460:31C5608C022A281C0",
      "properties": {
        "file": "meshes_levelcrossings.assetbundle",
        "mesh": "LevelCrossing"
      }
    },
    {
      "parent": "/Near__x12_z10/Near__x12_z10_LFS/0.2\n6",
      "position": "(-157.226257,3.39007568,-325.5655)",
      "rotation": "(0,-0.838670552,0,0.544639051)",
      "hash": "306E3F883F2A23460:31D8058C022A1A0D0",
      "properties": {
        "file": "meshes_levelcrossings.assetbundle",
        "mesh": "LevelCrossing"
      }
    }
  ],
  "decorations": []
}