{
  "version": 92,
  "enabled": true,
  "lights": [
    {
      "parent": "/Far__x10_z3/Far__x10_z3_LFS/Far_viaduct_bridge End Object(Clone)/collider",
      "position": "(-672.485168,895.1807,939.770752)",
      "hash": "2ACA5C8B5F0DC1540:26394E3B5520F132C0",
      "properties": {
        "type": "Point",
        "intensity": 1.75,
        "range": 20.0,
        "colour": "#FF0000",
        "corona": {
          "sprite": "corona_flare02.png",
          "scale": 0.5,
          "range": 1000.0
        },
        "dutyCycle": "Always()",
        "neverCull": true
      }
    }
  ],
  "meshes": [],
  "decorations": []
}