{
  "version": 92,
  "enabled": true,
  "lights": [],
  "meshes": [],
  "decorations": [
    {
      "parent": "/Far__x5_z8/Far__x5_z8_LFS/Far_IndustryBuildings/Warehouse_OldMedium",
      "hash": "165C088E5E2221310:165C088E5E2221310",
      "id": "WINDOWS_1:LIT",
      "properties": {
        "file": "meshes_decoration_lights.assetbundle",
        "mesh": "Warehouse_OldMedium_Windows1",
        "assignMaterials": {
          "hideSourcePrefab": true,
          "assignments": []
        }
      },
      "dutyCycle": "DuskTillDawn()"
    },
    {
      "parent": "/Far__x5_z8/Far__x5_z8_LFS/Far_IndustryBuildings/Warehouse_OldMedium",
      "hash": "165C088E5E2221310:165C088E5E2221310",
      "id": "WINDOWS_2:LIT",
      "properties": {
        "file": "meshes_decoration_lights.assetbundle",
        "mesh": "Warehouse_OldMedium_Windows2",
        "assignMaterials": {
          "hideSourcePrefab": true,
          "assignments": []
        }
      },
      "dutyCycle": "DuskTillDawn()"
    },
    {
      "parent": "/Far__x5_z8/Far__x5_z8_LFS/Far_IndustryBuildings/Warehouse_OldMedium",
      "hash": "165C088E5E2221310:165C088E5E2221310",
      "id": "WINDOWS_3:LIT",
      "properties": {
        "file": "meshes_decoration_lights.assetbundle",
        "mesh": "Warehouse_OldMedium_Windows3",
        "assignMaterials": {
          "hideSourcePrefab": true,
          "assignments": []
        }
      },
      "dutyCycle": "DuskTillDawn()"
    },
    {
      "parent": "/Far__x5_z8/Far__x5_z8_LFS/Far_IndustryBuildings/Warehouse_OldMedium",
      "hash": "165C088E5E2221310:165C088E5E2221310",
      "id": "WINDOWS_4:LIT",
      "properties": {
        "file": "meshes_decoration_lights.assetbundle",
        "mesh": "Warehouse_OldMedium_Windows4",
        "assignMaterials": {
          "hideSourcePrefab": true,
          "assignments": []
        }
      },
      "dutyCycle": "DuskTillDawn()"
    },
    {
      "parent": "/Far__x5_z8/Far__x5_z8_LFS/Far_IndustryBuildings/Warehouse_OldMedium (2)",
      "hash": "16C65C8E5E22DF200:16C65C8E5E22DF200",
      "id": "WINDOWS_2:LIT",
      "properties": {
        "file": "meshes_decoration_lights.assetbundle",
        "mesh": "Warehouse_OldMedium_Windows2",
        "assignMaterials": {
          "hideSourcePrefab": true,
          "assignments": []
        }
      },
      "dutyCycle": "DuskTillDawn()"
    },
    {
      "parent": "/Far__x5_z8/Far__x5_z8_LFS/Far_IndustryBuildings/Warehouse_OldMedium (2)",
      "hash": "16C65C8E5E22DF200:16C65C8E5E22DF200",
      "id": "WINDOWS_1:LIT",
      "properties": {
        "file": "meshes_decoration_lights.assetbundle",
        "mesh": "Warehouse_OldMedium_Windows1",
        "assignMaterials": {
          "hideSourcePrefab": true,
          "assignments": []
        }
      },
      "dutyCycle": "DuskTillDawn()"
    },
    {
      "parent": "/Far__x5_z8/Far__x5_z8_LFS/Far_IndustryBuildings/Warehouse_OldMedium (1)",
      "hash": "16D72A8E5E22D4030:16D72A8E5E22D4030",
      "id": "WINDOWS_2:LIT",
      "properties": {
        "file": "meshes_decoration_lights.assetbundle",
        "mesh": "Warehouse_OldMedium_Windows2",
        "assignMaterials": {
          "hideSourcePrefab": true,
          "assignments": []
        }
      },
      "dutyCycle": "DuskTillDawn()"
    },
    {
      "parent": "/Far__x5_z8/Far__x5_z8_LFS/Far_IndustryBuildings/Warehouse_OldMedium (1)",
      "hash": "16D72A8E5E22D4030:16D72A8E5E22D4030",
      "id": "WINDOWS_4:LIT",
      "properties": {
        "file": "meshes_decoration_lights.assetbundle",
        "mesh": "Warehouse_OldMedium_Windows4",
        "assignMaterials": {
          "hideSourcePrefab": true,
          "assignments": []
        }
      },
      "dutyCycle": "DuskTillDawn()"
    },
    {
      "parent": "/Far__x5_z8/Far__x5_z8_LFS/Far_IndustryBuildings/Warehouse_OldMedium (1)",
      "hash": "16D72A8E5E22D4030:16D72A8E5E22D4030",
      "id": "WINDOWS_5:LIT",
      "properties": {
        "file": "meshes_decoration_lights.assetbundle",
        "mesh": "Warehouse_OldMedium_Windows5",
        "assignMaterials": {
          "hideSourcePrefab": true,
          "assignments": []
        }
      },
      "dutyCycle": "DuskTillDawn()"
    },
    {
      "parent": "/Far__x5_z8/Far__x5_z8_LFS/Far_IndustryBuildings/FakeOffice_4",
      "hash": "16BA0F8E5E22991E0:16BA0F8E5E22991E0",
      "id": "WINDOWS_1:LIT",
      "properties": {
        "file": "meshes_decoration_lights.assetbundle",
        "mesh": "FakeOffice_4_Windows1",
        "assignMaterials": {
          "hideSourcePrefab": true,
          "assignments": []
        }
      },
      "dutyCycle": "DuskTillDawn()"
    },
    {
      "parent": "/Far__x5_z8/Far__x5_z8_LFS/Far_IndustryBuildings/Utility_ForestHouse",
      "hash": "16751B8E5E22343D0:16751B8E5E22343D0",
      "id": "WINDOWS_1:LIT",
      "properties": {
        "file": "meshes_decoration_lights.assetbundle",
        "mesh": "Utility_ForestHouse_Windows1",
        "assignMaterials": {
          "hideSourcePrefab": true,
          "assignments": []
        }
      },
      "dutyCycle": "DuskTillDawn()"
    }
  ]
}