{
  "version": 92,
  "enabled": true,
  "priority": "High",
  "lights": [
    {
      "parent": "/Far__x2_z10/Far__x2_z10_LFS/Far_Station_MachineFactory/Roads/Road_30x8 (11)/Collider/%GROUP%_Mesh00A242000C013110",
      "position": "(-0.5636624,3.15479636,-0.09394385)",
      "rotation": "(-0.7071068,0,0,0.7071068)",
      "hash": "09241A9F122B043B0:092349A2222B04510",
      "properties": {
        "type": "Point",
        "intensity": 1.0,
        "range": 5.0,
        "colour": "#FF0000",
        "corona": {
          "sprite": "corona_orange01.png",
          "scale": 0.25,
          "range": 100.0
        },
        "dutyCycle": "FlashingGlobal(2)"
      }
    },
    {
      "parent": "/Far__x2_z10/Far__x2_z10_LFS/Far_Station_MachineFactory/Roads/Road_30x8 (11)/Collider/%GROUP%_Mesh00A242000C013110",
      "position": "(-0.5636624,3.15479636,-0.432141364)",
      "rotation": "(-0.7071068,0,0,0.7071068)",
      "hash": "09241A9F122B043B0:092337A2222B04340",
      "properties": {
        "type": "Point",
        "intensity": 1.0,
        "range": 5.0,
        "colour": "#FF0000",
        "corona": {
          "sprite": "corona_orange01.png",
          "scale": 0.25,
          "range": 100.0
        },
        "dutyCycle": "FlashingGlobal(2,true)"
      }
    },
    {
      "parent": "/Far__x2_z10/Far__x2_z10_LFS/Far_Station_MachineFactory/Roads/Road_30x8 (11)/Collider/%GROUP%_Mesh00B123000C01392F",
      "position": "(-0.5636624,3.15479636,-0.09394385)",
      "rotation": "(-0.7071068,0,0,0.7071068)",
      "hash": "0933119F122B0C2F0:093344A2222B0C150",
      "properties": {
        "type": "Point",
        "intensity": 1.0,
        "range": 5.0,
        "colour": "#FF0000",
        "corona": {
          "sprite": "corona_orange01.png",
          "scale": 0.25,
          "range": 100.0
        },
        "dutyCycle": "FlashingGlobal(2)"
      }
    },
    {
      "parent": "/Far__x2_z10/Far__x2_z10_LFS/Far_Station_MachineFactory/Roads/Road_30x8 (11)/Collider/%GROUP%_Mesh00B123000C01392F",
      "position": "(-0.5636624,3.15479636,-0.432141364)",
      "rotation": "(-0.7071068,0,0,0.7071068)",
      "hash": "0933119F122B0C2F0:093358A2222B0C300",
      "properties": {
        "type": "Point",
        "intensity": 1.0,
        "range": 5.0,
        "colour": "#FF0000",
        "corona": {
          "sprite": "corona_orange01.png",
          "scale": 0.25,
          "range": 100.0
        },
        "dutyCycle": "FlashingGlobal(2,true)"
      }
    },
    {
      "parent": "/Far__x2_z10/Far__x2_z10_LFS/Far_Station_MachineFactory/Roads/Road_30x8 (11)/Collider/%GROUP%_Mesh006D61000C013051",
      "position": "(-0.5636624,3.15479636,-0.09394385)",
      "rotation": "(-0.7071068,0,0,0.7071068)",
      "hash": "08EF3A9F122B054A0:08EF01A2222B05460",
      "properties": {
        "type": "Point",
        "intensity": 1.0,
        "range": 5.0,
        "colour": "#FF0000",
        "corona": {
          "sprite": "corona_orange01.png",
          "scale": 0.25,
          "range": 100.0
        },
        "dutyCycle": "FlashingGlobal(2)"
      }
    },
    {
      "parent": "/Far__x2_z10/Far__x2_z10_LFS/Far_Station_MachineFactory/Roads/Road_30x8 (11)/Collider/%GROUP%_Mesh006D61000C013051",
      "position": "(-0.5636624,3.15479636,-0.432141364)",
      "rotation": "(-0.7071068,0,0,0.7071068)",
      "hash": "08EF3A9F122B054A0:08EE61A2222B05250",
      "properties": {
        "type": "Point",
        "intensity": 1.0,
        "range": 5.0,
        "colour": "#FF0000",
        "corona": {
          "sprite": "corona_orange01.png",
          "scale": 0.25,
          "range": 100.0
        },
        "dutyCycle": "FlashingGlobal(2,true)"
      }
    },
    {
      "parent": "/Far__x2_z10/Far__x2_z10_LFS/Far_Station_MachineFactory/Roads/Road_30x8 (11)/Collider/%GROUP%_Mesh007531000C013B0C",
      "position": "(-0.5636624,3.15479636,-0.09394385)",
      "rotation": "(-0.7071068,0,0,0.7071068)",
      "hash": "08F7279F122B0F530:08F760A2222B0F560",
      "properties": {
        "type": "Point",
        "intensity": 1.0,
        "range": 5.0,
        "colour": "#FF0000",
        "corona": {
          "sprite": "corona_orange01.png",
          "scale": 0.25,
          "range": 100.0
        },
        "dutyCycle": "FlashingGlobal(2)"
      }
    },
    {
      "parent": "/Far__x2_z10/Far__x2_z10_LFS/Far_Station_MachineFactory/Roads/Road_30x8 (11)/Collider/%GROUP%_Mesh007531000C013B0C",
      "position": "(-0.5636624,3.15479636,-0.432141364)",
      "rotation": "(-0.7071068,0,0,0.7071068)",
      "hash": "08F7279F122B0F530:08F800A2222B10140",
      "properties": {
        "type": "Point",
        "intensity": 1.0,
        "range": 5.0,
        "colour": "#FF0000",
        "corona": {
          "sprite": "corona_orange01.png",
          "scale": 0.25,
          "range": 100.0
        },
        "dutyCycle": "FlashingGlobal(2,true)"
      }
    },
    {
      "parent": "/Far__x2_z10/Far__x2_z10_LFS/Far_Station_MachineFactory/Roads/Road_30x8 (11)/Collider/%GROUP%_Mesh007C5C000C013062",
      "position": "(-0.5636624,3.15479636,-0.09394385)",
      "rotation": "(-0.7071068,0,0,0.7071068)",
      "hash": "08FE349F122B05300:08FD60A2222B05290",
      "properties": {
        "type": "Point",
        "intensity": 1.0,
        "range": 5.0,
        "colour": "#FF0000",
        "corona": {
          "sprite": "corona_orange01.png",
          "scale": 0.25,
          "range": 100.0
        },
        "dutyCycle": "FlashingGlobal(2)"
      }
    },
    {
      "parent": "/Far__x2_z10/Far__x2_z10_LFS/Far_Station_MachineFactory/Roads/Road_30x8 (11)/Collider/%GROUP%_Mesh007C5C000C013062",
      "position": "(-0.5636624,3.15479636,-0.432141364)",
      "rotation": "(-0.7071068,0,0,0.7071068)",
      "hash": "08FE349F122B05300:08FD5EA2222B05070",
      "properties": {
        "type": "Point",
        "intensity": 1.0,
        "range": 5.0,
        "colour": "#FF0000",
        "corona": {
          "sprite": "corona_orange01.png",
          "scale": 0.25,
          "range": 100.0
        },
        "dutyCycle": "FlashingGlobal(2,true)"
      }
    },
    {
      "parent": "/Far__x2_z10/Far__x2_z10_LFS/Far_Station_MachineFactory/Roads/Road_30x8 (11)/Collider/%GROUP%_Mesh008A29000C013A48",
      "position": "(-0.5636624,3.15479636,-0.09394385)",
      "rotation": "(-0.7071068,0,0,0.7071068)",
      "hash": "090C1D9F122B0E530:090C55A2222B0E5E0",
      "properties": {
        "type": "Point",
        "intensity": 1.0,
        "range": 5.0,
        "colour": "#FF0000",
        "corona": {
          "sprite": "corona_orange01.png",
          "scale": 0.25,
          "range": 100.0
        },
        "dutyCycle": "FlashingGlobal(2)"
      }
    },
    {
      "parent": "/Far__x2_z10/Far__x2_z10_LFS/Far_Station_MachineFactory/Roads/Road_30x8 (11)/Collider/%GROUP%_Mesh008A29000C013A48",
      "position": "(-0.5636624,3.15479636,-0.432141364)",
      "rotation": "(-0.7071068,0,0,0.7071068)",
      "hash": "090C1D9F122B0E530:090C54A2222B0F1C0",
      "properties": {
        "type": "Point",
        "intensity": 1.0,
        "range": 5.0,
        "colour": "#FF0000",
        "corona": {
          "sprite": "corona_orange01.png",
          "scale": 0.25,
          "range": 100.0
        },
        "dutyCycle": "FlashingGlobal(2,true)"
      }
    },
    {
      "parent": "/Far__x2_z10/Far__x2_z10_LFS/Far_Station_MachineFactory/CivilBuildings/House_04 (1)/collider/%GROUP%_Mesh008524000C010B43",
      "position": "(-0.5636624,3.15479636,-0.09394385)",
      "rotation": "(-0.7071068,0,0,0.7071068)",
      "hash": "09032B9F1229D95B0:090400A22229DA020",
      "properties": {
        "type": "Point",
        "intensity": 1.0,
        "range": 5.0,
        "colour": "#FF0000",
        "corona": {
          "sprite": "corona_orange01.png",
          "scale": 0.25,
          "range": 100.0
        },
        "dutyCycle": "FlashingGlobal(2)"
      }
    },
    {
      "parent": "/Far__x2_z10/Far__x2_z10_LFS/Far_Station_MachineFactory/CivilBuildings/House_04 (1)/collider/%GROUP%_Mesh008524000C010B43",
      "position": "(-0.5636624,3.15479636,-0.432141364)",
      "rotation": "(-0.7071068,0,0,0.7071068)",
      "hash": "09032B9F1229D95B0:090363A22229DA240",
      "properties": {
        "type": "Point",
        "intensity": 1.0,
        "range": 5.0,
        "colour": "#FF0000",
        "corona": {
          "sprite": "corona_orange01.png",
          "scale": 0.25,
          "range": 100.0
        },
        "dutyCycle": "FlashingGlobal(2,true)"
      }
    },
    {
      "parent": "/Far__x2_z10/Far__x2_z10_LFS/Far_Station_MachineFactory/CivilBuildings/House_04 (1)/collider/%GROUP%_Mesh006B58000C010017",
      "position": "(-0.5636624,3.15479636,-0.09394385)",
      "rotation": "(-0.7071068,0,0,0.7071068)",
      "hash": "08E9409F1229CF140:08E909A22229CF040",
      "properties": {
        "type": "Point",
        "intensity": 1.0,
        "range": 5.0,
        "colour": "#FF0000",
        "corona": {
          "sprite": "corona_orange01.png",
          "scale": 0.25,
          "range": 100.0
        },
        "dutyCycle": "FlashingGlobal(2)"
      }
    },
    {
      "parent": "/Far__x2_z10/Far__x2_z10_LFS/Far_Station_MachineFactory/CivilBuildings/House_04 (1)/collider/%GROUP%_Mesh006B58000C010017",
      "position": "(-0.5636624,3.15479636,-0.432141364)",
      "rotation": "(-0.7071068,0,0,0.7071068)",
      "hash": "08E9409F1229CF140:08E90DA22229CE460",
      "properties": {
        "type": "Point",
        "intensity": 1.0,
        "range": 5.0,
        "colour": "#FF0000",
        "corona": {
          "sprite": "corona_orange01.png",
          "scale": 0.25,
          "range": 100.0
        },
        "dutyCycle": "FlashingGlobal(2,true)"
      }
    },
    {
      "parent": "/Far__x2_z10/Far__x2_z10_LFS/Far_Station_MachineFactory/CivilBuildings/House_04 (1)/collider/%GROUP%_Mesh008454000C004257",
      "position": "(-0.5636624,3.15479636,-0.09394385)",
      "rotation": "(-0.7071068,0,0,0.7071068)",
      "hash": "08FD149F122911150:08FD4DA22229111D0",
      "properties": {
        "type": "Point",
        "intensity": 1.0,
        "range": 5.0,
        "colour": "#FF0000",
        "corona": {
          "sprite": "corona_orange01.png",
          "scale": 0.25,
          "range": 100.0
        },
        "dutyCycle": "FlashingGlobal(2)"
      }
    },
    {
      "parent": "/Far__x2_z10/Far__x2_z10_LFS/Far_Station_MachineFactory/CivilBuildings/House_04 (1)/collider/%GROUP%_Mesh008454000C004257",
      "position": "(-0.5636624,3.15479636,-0.432141364)",
      "rotation": "(-0.7071068,0,0,0.7071068)",
      "hash": "08FD149F122911150:08FD4EA22229113F0",
      "properties": {
        "type": "Point",
        "intensity": 1.0,
        "range": 5.0,
        "colour": "#FF0000",
        "corona": {
          "sprite": "corona_orange01.png",
          "scale": 0.25,
          "range": 100.0
        },
        "dutyCycle": "FlashingGlobal(2,true)"
      }
    },
    {
      "parent": "/Far__x2_z10/Far__x2_z10_LFS/Far_Station_MachineFactory/CivilBuildings/House_04 (1)/collider/%GROUP%_Mesh00735E000C003843",
      "position": "(-0.5636624,3.15479636,-0.09394385)",
      "rotation": "(-0.7071068,0,0,0.7071068)",
      "hash": "08EC029F122907320:08EB30A22229071D0",
      "properties": {
        "type": "Point",
        "intensity": 1.0,
        "range": 5.0,
        "colour": "#FF0000",
        "corona": {
          "sprite": "corona_orange01.png",
          "scale": 0.25,
          "range": 100.0
        },
        "dutyCycle": "FlashingGlobal(2)"
      }
    },
    {
      "parent": "/Far__x2_z10/Far__x2_z10_LFS/Far_Station_MachineFactory/CivilBuildings/House_04 (1)/collider/%GROUP%_Mesh00735E000C003843",
      "position": "(-0.5636624,3.15479636,-0.432141364)",
      "rotation": "(-0.7071068,0,0,0.7071068)",
      "hash": "08EC029F122907320:08EB37A2222906600",
      "properties": {
        "type": "Point",
        "intensity": 1.0,
        "range": 5.0,
        "colour": "#FF0000",
        "corona": {
          "sprite": "corona_orange01.png",
          "scale": 0.25,
          "range": 100.0
        },
        "dutyCycle": "FlashingGlobal(2,true)"
      }
    },
    {
      "parent": "/Far__x2_z10/Far__x2_z10_LFS/Far_Station_MachineFactory/CivilBuildings/House_04 (1)/collider/%GROUP%_Mesh00F12B000C00913D",
      "position": "(-0.5636624,3.15479636,-0.09394385)",
      "rotation": "(-0.7071068,0,0,0.7071068)",
      "hash": "096B639F12295C520:096B2BA222295C480",
      "properties": {
        "type": "Point",
        "intensity": 1.0,
        "range": 5.0,
        "colour": "#FF0000",
        "corona": {
          "sprite": "corona_orange01.png",
          "scale": 0.25,
          "range": 100.0
        },
        "dutyCycle": "FlashingGlobal(2)"
      }
    },
    {
      "parent": "/Far__x2_z10/Far__x2_z10_LFS/Far_Station_MachineFactory/CivilBuildings/House_04 (1)/collider/%GROUP%_Mesh00F12B000C00913D",
      "position": "(-0.5636624,3.15479636,-0.432141364)",
      "rotation": "(-0.7071068,0,0,0.7071068)",
      "hash": "096B639F12295C520:096B2BA222295C260",
      "properties": {
        "type": "Point",
        "intensity": 1.0,
        "range": 5.0,
        "colour": "#FF0000",
        "corona": {
          "sprite": "corona_orange01.png",
          "scale": 0.25,
          "range": 100.0
        },
        "dutyCycle": "FlashingGlobal(2,true)"
      }
    },
    {
      "parent": "/Far__x2_z10/Far__x2_z10_LFS/Far_Station_MachineFactory/CivilBuildings/House_04 (1)/collider/%GROUP%_Mesh00F62B000C009D0A",
      "position": "(-0.5636624,3.15479636,-0.09394385)",
      "rotation": "(-0.7071068,0,0,0.7071068)",
      "hash": "09711F9F122968110:097156A2222968210",
      "properties": {
        "type": "Point",
        "intensity": 1.0,
        "range": 5.0,
        "colour": "#FF0000",
        "corona": {
          "sprite": "corona_orange01.png",
          "scale": 0.25,
          "range": 100.0
        },
        "dutyCycle": "FlashingGlobal(2)"
      }
    },
    {
      "parent": "/Far__x2_z10/Far__x2_z10_LFS/Far_Station_MachineFactory/CivilBuildings/House_04 (1)/collider/%GROUP%_Mesh00F62B000C009D0A",
      "position": "(-0.5636624,3.15479636,-0.432141364)",
      "rotation": "(-0.7071068,0,0,0.7071068)",
      "hash": "09711F9F122968110:097152A2222968430",
      "properties": {
        "type": "Point",
        "intensity": 1.0,
        "range": 5.0,
        "colour": "#FF0000",
        "corona": {
          "sprite": "corona_orange01.png",
          "scale": 0.25,
          "range": 100.0
        },
        "dutyCycle": "FlashingGlobal(2,true)"
      }
    },
    {
      "parent": "/Far__x2_z10/Far__x2_z10_LFS/Far_Station_MachineFactory/CivilBuildings/House_04 (1)/collider/%GROUP%_Mesh010322000C009305",
      "position": "(-0.5636624,3.15479636,-0.09394385)",
      "rotation": "(-0.7071068,0,0,0.7071068)",
      "hash": "097D5D9F12295D4B0:097D25A222295D460",
      "properties": {
        "type": "Point",
        "intensity": 1.0,
        "range": 5.0,
        "colour": "#FF0000",
        "corona": {
          "sprite": "corona_orange01.png",
          "scale": 0.25,
          "range": 100.0
        },
        "dutyCycle": "FlashingGlobal(2)"
      }
    },
    {
      "parent": "/Far__x2_z10/Far__x2_z10_LFS/Far_Station_MachineFactory/CivilBuildings/House_04 (1)/collider/%GROUP%_Mesh010322000C009305",
      "position": "(-0.5636624,3.15479636,-0.432141364)",
      "rotation": "(-0.7071068,0,0,0.7071068)",
      "hash": "097D5D9F12295D4B0:097D22A222295D240",
      "properties": {
        "type": "Point",
        "intensity": 1.0,
        "range": 5.0,
        "colour": "#FF0000",
        "corona": {
          "sprite": "corona_orange01.png",
          "scale": 0.25,
          "range": 100.0
        },
        "dutyCycle": "FlashingGlobal(2,true)"
      }
    },
    {
      "parent": "/Far__x2_z10/Far__x2_z10_LFS/Far_Station_MachineFactory/CivilBuildings/House_04 (1)/collider/%GROUP%_Mesh010A2F000C009C60",
      "position": "(-0.5636624,3.15479636,-0.09394385)",
      "rotation": "(-0.7071068,0,0,0.7071068)",
      "hash": "0985239F1229672E0:09855BA2222967320",
      "properties": {
        "type": "Point",
        "intensity": 1.0,
        "range": 5.0,
        "colour": "#FF0000",
        "corona": {
          "sprite": "corona_orange01.png",
          "scale": 0.25,
          "range": 100.0
        },
        "dutyCycle": "FlashingGlobal(2)"
      }
    },
    {
      "parent": "/Far__x2_z10/Far__x2_z10_LFS/Far_Station_MachineFactory/CivilBuildings/House_04 (1)/collider/%GROUP%_Mesh010A2F000C009C60",
      "position": "(-0.5636624,3.15479636,-0.432141364)",
      "rotation": "(-0.7071068,0,0,0.7071068)",
      "hash": "0985239F1229672E0:09855EA2222967540",
      "properties": {
        "type": "Point",
        "intensity": 1.0,
        "range": 5.0,
        "colour": "#FF0000",
        "corona": {
          "sprite": "corona_orange01.png",
          "scale": 0.25,
          "range": 100.0
        },
        "dutyCycle": "FlashingGlobal(2,true)"
      }
    },
    {
      "parent": "/Far__x2_z10/Far__x2_z10_LFS/Far_Station_MachineFactory/Roads/Road_30x8 (11)/Collider/%GROUP%_Mesh00B01D000C01CA33",
      "position": "(-0.5636624,3.15479636,-0.09394385)",
      "rotation": "(-0.7071068,0,0,0.7071068)",
      "hash": "0936199F122B9D310:09363CA2222B9D5E0",
      "properties": {
        "type": "Point",
        "intensity": 1.0,
        "range": 5.0,
        "colour": "#FF0000",
        "corona": {
          "sprite": "corona_orange01.png",
          "scale": 0.25,
          "range": 100.0
        },
        "dutyCycle": "FlashingGlobal(2)"
      }
    },
    {
      "parent": "/Far__x2_z10/Far__x2_z10_LFS/Far_Station_MachineFactory/Roads/Road_30x8 (11)/Collider/%GROUP%_Mesh00B01D000C01CA33",
      "position": "(-0.5636624,3.15479636,-0.432141364)",
      "rotation": "(-0.7071068,0,0,0.7071068)",
      "hash": "0936199F122B9D310:093625A2222B9E130",
      "properties": {
        "type": "Point",
        "intensity": 1.0,
        "range": 5.0,
        "colour": "#FF0000",
        "corona": {
          "sprite": "corona_orange01.png",
          "scale": 0.25,
          "range": 100.0
        },
        "dutyCycle": "FlashingGlobal(2,true)"
      }
    },
    {
      "parent": "/Far__x2_z10/Far__x2_z10_LFS/Far_Station_MachineFactory/Roads/Road_30x8 (11)/Collider/%GROUP%_Mesh00B846000C01B60B",
      "position": "(-0.5636624,3.15479636,-0.09394385)",
      "rotation": "(-0.7071068,0,0,0.7071068)",
      "hash": "093E089F122B88560:093D4AA2222B88280",
      "properties": {
        "type": "Point",
        "intensity": 1.0,
        "range": 5.0,
        "colour": "#FF0000",
        "corona": {
          "sprite": "corona_orange01.png",
          "scale": 0.25,
          "range": 100.0
        },
        "dutyCycle": "FlashingGlobal(2)"
      }
    },
    {
      "parent": "/Far__x2_z10/Far__x2_z10_LFS/Far_Station_MachineFactory/Roads/Road_30x8 (11)/Collider/%GROUP%_Mesh00B846000C01B60B",
      "position": "(-0.5636624,3.15479636,-0.432141364)",
      "rotation": "(-0.7071068,0,0,0.7071068)",
      "hash": "093E089F122B88560:093D61A2222B88100",
      "properties": {
        "type": "Point",
        "intensity": 1.0,
        "range": 5.0,
        "colour": "#FF0000",
        "corona": {
          "sprite": "corona_orange01.png",
          "scale": 0.25,
          "range": 100.0
        },
        "dutyCycle": "FlashingGlobal(2,true)"
      }
    },
    {
      "parent": "/Far__x2_z10/Far__x2_z10_LFS/Far_Station_MachineFactory/Roads/Road_30x8 (11)/Collider/%GROUP%_Mesh00F022000C014C37",
      "position": "(-0.5636624,3.15479636,-0.09394385)",
      "rotation": "(-0.7071068,0,0,0.7071068)",
      "hash": "0972449F122B1D4B0:09720FA2222B1D370",
      "properties": {
        "type": "Point",
        "intensity": 1.0,
        "range": 5.0,
        "colour": "#FF0000",
        "corona": {
          "sprite": "corona_orange01.png",
          "scale": 0.25,
          "range": 100.0
        },
        "dutyCycle": "FlashingGlobal(2)"
      }
    },
    {
      "parent": "/Far__x2_z10/Far__x2_z10_LFS/Far_Station_MachineFactory/Roads/Road_30x8 (11)/Collider/%GROUP%_Mesh00F022000C014C37",
      "position": "(-0.5636624,3.15479636,-0.432141364)",
      "rotation": "(-0.7071068,0,0,0.7071068)",
      "hash": "0972449F122B1D4B0:097215A2222B1D160",
      "properties": {
        "type": "Point",
        "intensity": 1.0,
        "range": 5.0,
        "colour": "#FF0000",
        "corona": {
          "sprite": "corona_orange01.png",
          "scale": 0.25,
          "range": 100.0
        },
        "dutyCycle": "FlashingGlobal(2,true)"
      }
    }
  ],
  "meshes": [
    {
      "parent": "/Far__x2_z10/Far__x2_z10_LFS/Far_Station_MachineFactory/Roads/Road_30x8 (11)/Collider",
      "position": "(-162.6681,-0.129928589,-305.163422)",
      "rotation": "(0,0.275637358,0,0.9612617)",
      "hash": "0878619F1F29D8120:09241A9F122B043B0",
      "properties": {
        "file": "meshes_levelcrossings.assetbundle",
        "mesh": "LevelCrossing"
      }
    },
    {
      "parent": "/Far__x2_z10/Far__x2_z10_LFS/Far_Station_MachineFactory/Roads/Road_30x8 (11)/Collider",
      "position": "(-177.3515,-0.129928589,-313.47168)",
      "rotation": "(0,0.9483237,0,-0.317304641)",
      "hash": "0878619F1F29D8120:0933119F122B0C2F0",
      "properties": {
        "file": "meshes_levelcrossings.assetbundle",
        "mesh": "LevelCrossing"
      }
    },
    {
      "parent": "/Far__x2_z10/Far__x2_z10_LFS/Far_Station_MachineFactory/Roads/Road_30x8 (11)/Collider",
      "position": "(-109.974823,-0.129928589,-304.812866)",
      "rotation": "(0,0.0523359552,0,0.9986295)",
      "hash": "0878619F1F29D8120:08EF3A9F122B054A0",
      "properties": {
        "file": "meshes_levelcrossings.assetbundle",
        "mesh": "LevelCrossing"
      }
    },
    {
      "parent": "/Far__x2_z10/Far__x2_z10_LFS/Far_Station_MachineFactory/Roads/Road_30x8 (11)/Collider",
      "position": "(-117.498512,-0.129928589,-315.1202)",
      "rotation": "(0,0.9986295,0,-0.05233594)",
      "hash": "0878619F1F29D8120:08F7279F122B0F530",
      "properties": {
        "file": "meshes_levelcrossings.assetbundle",
        "mesh": "LevelCrossing"
      }
    },
    {
      "parent": "/Far__x2_z10/Far__x2_z10_LFS/Far_Station_MachineFactory/Roads/Road_30x8 (11)/Collider",
      "position": "(-124.920387,-0.129928589,-304.982758)",
      "rotation": "(0,0.0174524058,0,0.9998477)",
      "hash": "0878619F1F29D8120:08FE349F122B05300",
      "properties": {
        "file": "meshes_levelcrossings.assetbundle",
        "mesh": "LevelCrossing"
      }
    },
    {
      "parent": "/Far__x2_z10/Far__x2_z10_LFS/Far_Station_MachineFactory/Roads/Road_30x8 (11)/Collider",
      "position": "(-138.411575,-0.129928589,-314.724457)",
      "rotation": "(0,0.9999619,0,0.008726562)",
      "hash": "0878619F1F29D8120:090C1D9F122B0E530",
      "properties": {
        "file": "meshes_levelcrossings.assetbundle",
        "mesh": "LevelCrossing"
      }
    },
    {
      "parent": "/Far__x2_z10/Far__x2_z10_LFS/Far_Station_MachineFactory/CivilBuildings/House_04 (1)/collider",
      "position": "(-133.360291,-0.129928589,-267.676147)",
      "rotation": "(0,0.9999619,0,0.008726562)",
      "hash": "0876329F1F28D20E0:09032B9F1229D95B0",
      "properties": {
        "file": "meshes_levelcrossings.assetbundle",
        "mesh": "LevelCrossing"
      }
    },
    {
      "parent": "/Far__x2_z10/Far__x2_z10_LFS/Far_Station_MachineFactory/CivilBuildings/House_04 (1)/collider",
      "position": "(-107.881218,-0.129928589,-256.232849)",
      "rotation": "(0,-0.0610485859,0,0.9981348)",
      "hash": "0876329F1F28D20E0:08E9409F1229CF140",
      "properties": {
        "file": "meshes_levelcrossings.assetbundle",
        "mesh": "LevelCrossing"
      }
    },
    {
      "parent": "/Far__x2_z10/Far__x2_z10_LFS/Far_Station_MachineFactory/CivilBuildings/House_04 (1)/collider",
      "position": "(-132.848282,-0.129928589,-66.87691)",
      "hash": "0876329F1F28D20E0:08FD149F122911150",
      "properties": {
        "file": "meshes_levelcrossings.assetbundle",
        "mesh": "LevelCrossing"
      }
    },
    {
      "parent": "/Far__x2_z10/Far__x2_z10_LFS/Far_Station_MachineFactory/CivilBuildings/House_04 (1)/collider",
      "position": "(-115.945618,-0.129928589,-56.67939)",
      "rotation": "(0,-0.104528509,0,0.9945219)",
      "hash": "0876329F1F28D20E0:08EC029F122907320",
      "properties": {
        "file": "meshes_levelcrossings.assetbundle",
        "mesh": "LevelCrossing"
      }
    },
    {
      "parent": "/Far__x2_z10/Far__x2_z10_LFS/Far_Station_MachineFactory/CivilBuildings/House_04 (1)/collider",
      "position": "(-241.435562,-0.129928589,-145.611282)",
      "rotation": "(0,-0.008726637,0,0.9999619)",
      "hash": "0876329F1F28D20E0:096B639F12295C520",
      "properties": {
        "file": "meshes_levelcrossings.assetbundle",
        "mesh": "LevelCrossing"
      }
    },
    {
      "parent": "/Far__x2_z10/Far__x2_z10_LFS/Far_Station_MachineFactory/CivilBuildings/House_04 (1)/collider",
      "position": "(-246.431183,-0.129928589,-157.106873)",
      "rotation": "(0,0.998134851,0,0.06104851)",
      "hash": "0876329F1F28D20E0:09711F9F122968110",
      "properties": {
        "file": "meshes_levelcrossings.assetbundle",
        "mesh": "LevelCrossing"
      }
    },
    {
      "parent": "/Far__x2_z10/Far__x2_z10_LFS/Far_Station_MachineFactory/CivilBuildings/House_04 (1)/collider",
      "position": "(-259.3482,-0.129928589,-147.05571)",
      "rotation": "(0,0.0348994955,0,0.999390841)",
      "hash": "0876329F1F28D20E0:097D5D9F12295D4B0",
      "properties": {
        "file": "meshes_levelcrossings.assetbundle",
        "mesh": "LevelCrossing"
      }
    },
    {
      "parent": "/Far__x2_z10/Far__x2_z10_LFS/Far_Station_MachineFactory/CivilBuildings/House_04 (1)/collider",
      "position": "(-266.479919,-0.129928589,-156.967941)",
      "rotation": "(0,0.999048233,0,-0.0436194278)",
      "hash": "0876329F1F28D20E0:0985239F1229672E0",
      "properties": {
        "file": "meshes_levelcrossings.assetbundle",
        "mesh": "LevelCrossing"
      }
    },
    {
      "parent": "/Far__x2_z10/Far__x2_z10_LFS/Far_Station_MachineFactory/Roads/Road_30x8 (11)/Collider",
      "position": "(-176.290771,-0.129928589,-458.5179)",
      "rotation": "(0,0.933580458,0,0.35836798)",
      "hash": "0878619F1F29D8120:0936199F122B9D310",
      "properties": {
        "file": "meshes_levelcrossings.assetbundle",
        "mesh": "LevelCrossing"
      }
    },
    {
      "parent": "/Far__x2_z10/Far__x2_z10_LFS/Far_Station_MachineFactory/Roads/Road_30x8 (11)/Collider",
      "position": "(-184.707764,-0.129928589,-438.116547)",
      "rotation": "(0,-0.374606729,0,0.9271838)",
      "hash": "0878619F1F29D8120:093E089F122B88560",
      "properties": {
        "file": "meshes_levelcrossings.assetbundle",
        "mesh": "LevelCrossing"
      }
    },
    {
      "parent": "/Far__x2_z10/Far__x2_z10_LFS/Far_Station_MachineFactory/Roads/Road_30x8 (11)/Collider",
      "position": "(-240.342346,-0.129928589,-332.554749)",
      "rotation": "(0,-0.09584583,0,0.9953962)",
      "hash": "0878619F1F29D8120:0972449F122B1D4B0",
      "properties": {
        "file": "meshes_levelcrossings.assetbundle",
        "mesh": "LevelCrossing"
      }
    }
  ],
  "decorations": []
}