{
  "version": 97,
  "enabled": true,
  "priority": "High",
  "lights": [
    {
      "parent": "/Far__x12_z2/Far__x12_z2_LFS/Far_Cargo Bay/SilosCranes (1)/Gantry Crane Array 1/Gantry_Crane_2#1/collider",
      "position": "(-15.9240417,61.95221,2.88430786)",
      "rotation": "(-0.542465448,-0.410948068,-0.344823718,0.646490157)",
      "hash": "337C6071060D51000:336F4DAF020D5A250",
      "properties": {
        "type": "Point",
        "intensity": 1.0,
        "range": 20.0,
        "colour": "#FF0000",
        "corona": {
          "sprite": "corona_flare02.png",
          "scale": 0.5,
          "range": 500.0
        },
        "dutyCycle": "Always()",
        "neverCull": true
      }
    },
    {
      "parent": "/Far__x12_z2/Far__x12_z2_LFS/Far_Cargo Bay/SilosCranes (1)/Gantry Crane Array 1/Gantry_Crane_2#1/collider",
      "position": "(-15.911438,61.9543762,-2.90390015)",
      "rotation": "(-0.542465568,-0.410947978,-0.344823778,0.646490037)",
      "hash": "337C6071060D51000:336D20AF020D550C0",
      "properties": {
        "type": "Point",
        "intensity": 1.0,
        "range": 20.0,
        "colour": "#FF0000",
        "corona": {
          "sprite": "corona_flare02.png",
          "scale": 0.5,
          "range": 500.0
        },
        "dutyCycle": "Always()",
        "neverCull": true
      }
    },
    {
      "parent": "/Far__x12_z2/Far__x12_z2_LFS/Far_Cargo Bay/SilosCranes (1)/Gantry Crane Array 1/Gantry_Crane_2#0/collider",
      "position": "(-15.9100494,61.95459,2.88439941)",
      "rotation": "(-0.542465448,-0.410948068,-0.344823718,0.646490157)",
      "hash": "33383C71060CBF100:332B2AAF020CC8350",
      "properties": {
        "type": "Point",
        "intensity": 1.0,
        "range": 20.0,
        "colour": "#FF0000",
        "corona": {
          "sprite": "corona_flare02.png",
          "scale": 0.5,
          "range": 500.0
        },
        "dutyCycle": "Always()",
        "neverCull": true
      }
    },
    {
      "parent": "/Far__x12_z2/Far__x12_z2_LFS/Far_Cargo Bay/SilosCranes (1)/Gantry Crane Array 1/Gantry_Crane_2#0/collider",
      "position": "(-15.9193268,61.9529266,-2.900879)",
      "rotation": "(-0.542465568,-0.410947978,-0.344823778,0.646490037)",
      "hash": "33383C71060CBF100:33285FAF020CC31D0",
      "properties": {
        "type": "Point",
        "intensity": 1.0,
        "range": 20.0,
        "colour": "#FF0000",
        "corona": {
          "sprite": "corona_flare02.png",
          "scale": 0.5,
          "range": 500.0
        },
        "dutyCycle": "Always()",
        "neverCull": true
      }
    },
    {
      "parent": "/Far__x12_z2/Far__x12_z2_LFS/Far_Cargo Bay/SilosCranes (1)/Gantry Crane Array 1/Gantry_Crane (11)/collider",
      "position": "(-45.2866058,26.28897,2.82940674)",
      "rotation": "(-0.3793075,0.59678334,0.596714258,0.379351437)",
      "hash": "33131471060C6F260:32EB288B230C85100",
      "properties": {
        "type": "Point",
        "intensity": 1.0,
        "range": 20.0,
        "colour": "#FF0000",
        "corona": {
          "sprite": "corona_flare02.png",
          "scale": 0.5,
          "range": 500.0
        },
        "dutyCycle": "Always()",
        "neverCull": true
      }
    },
    {
      "parent": "/Far__x12_z2/Far__x12_z2_LFS/Far_Cargo Bay/SilosCranes (1)/Gantry Crane Array 1/Gantry_Crane (11)/collider",
      "position": "(-45.32289,26.28897,-2.80619812)",
      "rotation": "(-0.379307121,0.596784,0.596713662,0.379351884)",
      "hash": "33131471060C6F260:32E8618B230C80070",
      "properties": {
        "type": "Point",
        "intensity": 1.0,
        "range": 20.0,
        "colour": "#FF0000",
        "corona": {
          "sprite": "corona_flare02.png",
          "scale": 0.5,
          "range": 500.0
        },
        "dutyCycle": "Always()",
        "neverCull": true
      }
    },
    {
      "parent": "/Far__x12_z2/Far__x12_z2_LFS/Far_Cargo Bay/SilosCranes (1)/Gantry Crane Array 1/Gantry_Crane_2#2/collider",
      "position": "(-15.9158783,61.9537354,2.87492371)",
      "rotation": "(-0.542465448,-0.410948068,-0.344823718,0.646490157)",
      "hash": "32C91A71060BD13F0:32BC07AF020BDA630",
      "properties": {
        "type": "Point",
        "intensity": 1.0,
        "range": 20.0,
        "colour": "#FF0000",
        "corona": {
          "sprite": "corona_flare02.png",
          "scale": 0.5,
          "range": 500.0
        },
        "dutyCycle": "Always()",
        "neverCull": true
      }
    },
    {
      "parent": "/Far__x12_z2/Far__x12_z2_LFS/Far_Cargo Bay/SilosCranes (1)/Gantry Crane Array 1/Gantry_Crane_2#2/collider",
      "position": "(-15.90831,61.95494,-2.88870049)",
      "rotation": "(-0.542465568,-0.410947978,-0.344823778,0.646490037)",
      "hash": "32C91A71060BD13F0:32B93FAF020BD54D0",
      "properties": {
        "type": "Point",
        "intensity": 1.0,
        "range": 20.0,
        "colour": "#FF0000",
        "corona": {
          "sprite": "corona_flare02.png",
          "scale": 0.5,
          "range": 500.0
        },
        "dutyCycle": "Always()",
        "neverCull": true
      }
    },
    {
      "parent": "/Far__x12_z2/Far__x12_z2_LFS/Far_Cargo Bay/SilosCranes (1)/Gantry Crane Array 1/Gantry_Crane (14)/collider",
      "position": "(-45.27452,26.28897,2.733429)",
      "rotation": "(-0.3793075,0.59678334,0.596714258,0.379351437)",
      "hash": "32891071060B48590:3261218B230B5E3A0",
      "properties": {
        "type": "Point",
        "intensity": 1.0,
        "range": 20.0,
        "colour": "#FF0000",
        "corona": {
          "sprite": "corona_flare02.png",
          "scale": 0.5,
          "range": 500.0
        },
        "dutyCycle": "Always()",
        "neverCull": true
      }
    },
    {
      "parent": "/Far__x12_z2/Far__x12_z2_LFS/Far_Cargo Bay/SilosCranes (1)/Gantry Crane Array 1/Gantry_Crane (14)/collider",
      "position": "(-45.2745361,26.28897,-2.73795319)",
      "rotation": "(-0.379307121,0.596784,0.596713662,0.379351884)",
      "hash": "32891071060B48590:325F008B230B593F0",
      "properties": {
        "type": "Point",
        "intensity": 1.0,
        "range": 20.0,
        "colour": "#FF0000",
        "corona": {
          "sprite": "corona_flare02.png",
          "scale": 0.5,
          "range": 500.0
        },
        "dutyCycle": "Always()",
        "neverCull": true
      }
    },
    {
      "parent": "/Far__x12_z2/Far__x12_z2_LFS/Far_Cargo Bay/SilosCranes (1)/Gantry Crane Array 1/Gantry_Crane_2#3/collider",
      "position": "(-15.91185,61.9542847,2.869812)",
      "rotation": "(-0.542465448,-0.410948068,-0.3448237,0.646490157)",
      "hash": "324C6071060AC82E0:323F4DAF020AD1510",
      "properties": {
        "type": "Point",
        "intensity": 1.0,
        "range": 20.0,
        "colour": "#FF0000",
        "corona": {
          "sprite": "corona_flare02.png",
          "scale": 0.5,
          "range": 500.0
        },
        "dutyCycle": "Always()",
        "neverCull": true
      }
    },
    {
      "parent": "/Far__x12_z2/Far__x12_z2_LFS/Far_Cargo Bay/SilosCranes (1)/Gantry Crane Array 1/Gantry_Crane_2#3/collider",
      "position": "(-15.9125061,61.9542542,-2.89468384)",
      "rotation": "(-0.542465568,-0.410947978,-0.344823778,0.646490037)",
      "hash": "324C6071060AC82E0:323D20AF020ACC3B0",
      "properties": {
        "type": "Point",
        "intensity": 1.0,
        "range": 20.0,
        "colour": "#FF0000",
        "corona": {
          "sprite": "corona_flare02.png",
          "scale": 0.5,
          "range": 500.0
        },
        "dutyCycle": "Always()",
        "neverCull": true
      }
    },
    {
      "parent": "/Far__x12_z2/Far__x12_z2_LFS/Far_Cargo Bay/SilosCranes (1)/Gantry Crane Array 2/Gantry_Crane (9)/collider",
      "position": "(-45.2003174,26.2889557,2.79597473)",
      "rotation": "(-0.596714258,-0.379351467,-0.379307538,0.59678334)",
      "hash": "32D35771060ADF360:32FB3D8B230AC9520",
      "properties": {
        "type": "Point",
        "intensity": 1.0,
        "range": 20.0,
        "colour": "#FF0000",
        "corona": {
          "sprite": "corona_flare02.png",
          "scale": 0.5,
          "range": 500.0
        },
        "dutyCycle": "Always()",
        "neverCull": true
      }
    },
    {
      "parent": "/Far__x12_z2/Far__x12_z2_LFS/Far_Cargo Bay/SilosCranes (1)/Gantry Crane Array 2/Gantry_Crane (9)/collider",
      "position": "(-45.2870026,26.28897,-2.75971985)",
      "rotation": "(-0.596713662,-0.3793519,-0.379307121,0.596784)",
      "hash": "32D35771060ADF360:32FE048B230ACE520",
      "properties": {
        "type": "Point",
        "intensity": 1.0,
        "range": 20.0,
        "colour": "#FF0000",
        "corona": {
          "sprite": "corona_flare02.png",
          "scale": 0.5,
          "range": 500.0
        },
        "dutyCycle": "Always()",
        "neverCull": true
      }
    },
    {
      "parent": "/Far__x12_z2/Far__x12_z2_LFS/Far_Cargo Bay/SilosCranes (1)/Gantry Crane Array 2/Gantry_Crane_2/collider",
      "position": "(-15.9193115,61.95294,2.87737274)",
      "rotation": "(-0.3448237,0.646490157,0.542465448,0.410948068)",
      "hash": "32FE4E71060B3B080:330B61AF020B31480",
      "properties": {
        "type": "Point",
        "intensity": 1.0,
        "range": 20.0,
        "colour": "#FF0000",
        "corona": {
          "sprite": "corona_flare02.png",
          "scale": 0.5,
          "range": 500.0
        },
        "dutyCycle": "Always()",
        "neverCull": true
      }
    },
    {
      "parent": "/Far__x12_z2/Far__x12_z2_LFS/Far_Cargo Bay/SilosCranes (1)/Gantry Crane Array 2/Gantry_Crane_2/collider",
      "position": "(-15.9168549,61.9534149,-2.889183)",
      "rotation": "(-0.344823778,0.646490037,0.542465568,0.410947978)",
      "hash": "32FE4E71060B3B080:330E2AAF020B365E0",
      "properties": {
        "type": "Point",
        "intensity": 1.0,
        "range": 20.0,
        "colour": "#FF0000",
        "corona": {
          "sprite": "corona_flare02.png",
          "scale": 0.5,
          "range": 500.0
        },
        "dutyCycle": "Always()",
        "neverCull": true
      }
    },
    {
      "parent": "/Far__x12_z2/Far__x12_z2_LFS/Far_City Grid/CivilBuildings (1)/House_16 (2)/collider",
      "position": "(25.0393829,43.9049377,-9.244303)",
      "hash": "35CF1B71060DA20F0:35E7509C610D973E0",
      "properties": {
        "type": "Point",
        "intensity": 1.0,
        "range": 20.0,
        "colour": "#FF0000",
        "corona": {
          "sprite": "corona_flare02.png",
          "scale": 0.5,
          "range": 500.0
        },
        "dutyCycle": "Always()",
        "neverCull": true
      }
    },
    {
      "parent": "/Far__x12_z2/Far__x12_z2_LFS/Far_City Grid/CivilBuildings (1)/House_16 (2)/collider",
      "position": "(26.1776867,43.8424835,-7.98026466)",
      "rotation": "(0,0.917060137,0,-0.398748964)",
      "hash": "35CF1B71060DA20F0:35E9009C5B0D98530",
      "properties": {
        "type": "Point",
        "intensity": 1.0,
        "range": 20.0,
        "colour": "#FF0000",
        "corona": {
          "sprite": "corona_flare02.png",
          "scale": 0.5,
          "range": 500.0
        },
        "dutyCycle": "Always()",
        "neverCull": true
      }
    },
    {
      "parent": "/Far__x13_z3/Far__x13_z3_LFS/Far_tunnel",
      "position": "(-149.504883,33.30699,285.3689)",
      "hash": "36A14888170C53060:360C15A9360D702B0",
      "properties": {
        "type": "Point",
        "intensity": 1.0,
        "range": 20.0,
        "colour": "#FF0000",
        "corona": {
          "sprite": "corona_flare02.png",
          "scale": 0.5,
          "range": 500.0
        },
        "dutyCycle": "Always()",
        "neverCull": true
      }
    },
    {
      "parent": "/Far__x13_z3/Far__x13_z3_LFS/Far_tunnel",
      "position": "(-131.458984,21.0245667,265.604736)",
      "hash": "36A14888170C53060:361E1A9D1A0D5C430",
      "properties": {
        "type": "Point",
        "intensity": 1.0,
        "range": 20.0,
        "colour": "#FF0000",
        "corona": {
          "sprite": "corona_flare02.png",
          "scale": 0.5,
          "range": 500.0
        },
        "dutyCycle": "Always()",
        "neverCull": true
      }
    }
  ],
  "meshes": [],
  "decorations": []
}