{
  "version": 92,
  "enabled": true,
  "priority": "Normal",
  "lights": [
    {
      "parent": "/Far__x12_z2/Far__x12_z2_LFS/Far_City Grid/CivilBuildings (1)/House_02#0/collider",
      "position": "(8.99927,2.14440918,-4.0900054)",
      "rotation": "(0,0.976078153,0,-0.217419967)",
      "hash": "33071A71060E66260:32FF4973150E5F610",
      "properties": {
        "type": "Point",
        "intensity": 0.5,
        "range": 10.0,
        "colour": "#FFE5B2",
        "corona": null,
        "dutyCycle": "DuskTillDawn()"
      }
    },
    {
      "parent": "/Far__x12_z2/Far__x12_z2_LFS/Far_City Grid/CivilBuildings (1)/House_02#0/collider",
      "position": "(8.999614,2.16197968,-0.168311179)",
      "rotation": "(0,0.976078153,0,-0.217419967)",
      "hash": "33071A71060E66260:33031C73170E5E1E0",
      "properties": {
        "type": "Point",
        "intensity": 0.5,
        "range": 10.0,
        "colour": "#FFE5B2",
        "corona": null,
        "dutyCycle": "DuskTillDawn()"
      }
    },
    {
      "parent": "/Far__x12_z2/Far__x12_z2_LFS/Far_City Grid/CivilBuildings (1)/House_02#1/collider",
      "position": "(5.94372272,2.22179413,6.104114)",
      "rotation": "(0,0.9958575,0,-0.09092802)",
      "hash": "31D51A71060E783A0:31CE1F731D0E73420",
      "properties": {
        "type": "Point",
        "intensity": 0.5,
        "range": 10.0,
        "colour": "#FFE5B2",
        "corona": null,
        "dutyCycle": "DuskTillDawn()"
      }
    },
    {
      "parent": "/Far__x12_z2/Far__x12_z2_LFS/Far_City Grid/CivilBuildings (1)/House_02#1/collider",
      "position": "(0.07124561,2.137619,6.103975)",
      "rotation": "(0,0.9958575,0,-0.09092802)",
      "hash": "31D51A71060E783A0:31D40873140E723B0",
      "properties": {
        "type": "Point",
        "intensity": 0.5,
        "range": 10.0,
        "colour": "#FFE5B2",
        "corona": null,
        "dutyCycle": "DuskTillDawn()"
      }
    },
    {
      "parent": "/Far__x12_z2/Far__x12_z2_LFS/Far_City Grid/CivilBuildings (1)/House_02#1/collider",
      "position": "(-6.014747,2.22923279,6.10407972)",
      "rotation": "(0,0.9958575,0,-0.09092802)",
      "hash": "31D51A71060E783A0:31DA07731D0E71310",
      "properties": {
        "type": "Point",
        "intensity": 0.5,
        "range": 10.0,
        "colour": "#FFE5B2",
        "corona": null,
        "dutyCycle": "DuskTillDawn()"
      }
    },
    {
      "parent": "/Far__x12_z2/Far__x12_z2_LFS/Far_City Grid/CivilBuildings (1)/House_09/collider",
      "position": "(0.06331396,2.0031662,-6.099371)",
      "rotation": "(0,0.8439302,0,0.5364531)",
      "hash": "31AC2871060E79070:31B15F73070E76360",
      "properties": {
        "type": "Point",
        "intensity": 0.5,
        "range": 10.0,
        "colour": "#FFE5B2",
        "corona": null,
        "dutyCycle": "DuskTillDawn()"
      }
    },
    {
      "parent": "/Far__x12_z2/Far__x12_z2_LFS/Far_City Grid/CivilBuildings (1)/House_04#1/collider",
      "position": "(4.09987926,2.18611145,-1.91893792)",
      "rotation": "(0,0.878650844,0,0.477464974)",
      "hash": "36C22671060E74580:36C44E73190E71040",
      "properties": {
        "type": "Point",
        "intensity": 0.5,
        "range": 10.0,
        "colour": "#FFE5B2",
        "corona": null,
        "dutyCycle": "DuskTillDawn()"
      }
    },
    {
      "parent": "/Far__x12_z2/Far__x12_z2_LFS/Far_City Grid/CivilBuildings (1)/House_04#1/collider",
      "position": "(0.162944555,2.066185,4.10057449)",
      "rotation": "(0,0.2836812,0,0.9589187)",
      "hash": "36C22671060E74580:36C44B730D0E78170",
      "properties": {
        "type": "Point",
        "intensity": 0.5,
        "range": 10.0,
        "colour": "#FFE5B2",
        "corona": null,
        "dutyCycle": "DuskTillDawn()"
      }
    }
  ],
  "meshes": [],
  "decorations": [
    {
      "parent": "/Far__x12_z2/Far__x12_z2_LFS/Far_City Grid/CivilBuildings (1)/House_04#1",
      "hash": "36C22671060E74580:36C22671060E74580",
      "id": "WINDOWS_1:LIT",
      "properties": {
        "file": "meshes_decoration_lights.assetbundle",
        "mesh": "house_04_Windows",
        "assignMaterials": {
          "hideSourcePrefab": true,
          "assignments": []
        }
      },
      "dutyCycle": "DuskTillDawn()"
    },
    {
      "parent": "/Far__x12_z2/Far__x12_z2_LFS/Far_City Grid/CivilBuildings (1)/House_03#2",
      "hash": "36AE1B71060E97600:36AE1B71060E97600",
      "id": "WINDOWS_1:LIT",
      "properties": {
        "file": "meshes_decoration_lights.assetbundle",
        "mesh": "house_03_Windows",
        "assignMaterials": {
          "hideSourcePrefab": true,
          "assignments": []
        }
      },
      "dutyCycle": "DuskTillDawn()"
    },
    {
      "parent": "/Far__x12_z2/Far__x12_z2_LFS/Far_City Grid/CivilBuildings (1)/House_12 (2)",
      "hash": "36686271060E6D300:36686271060E6D300",
      "id": "WINDOWS_1:LIT",
      "properties": {
        "file": "meshes_decoration_lights.assetbundle",
        "mesh": "house_12_Windows",
        "assignMaterials": {
          "hideSourcePrefab": true,
          "assignments": []
        }
      },
      "dutyCycle": "DuskTillDawn()"
    },
    {
      "parent": "/Far__x12_z2/Far__x12_z2_LFS/Far_City Grid/CivilBuildings (1)/House_11#0",
      "hash": "332C2171060E7A380:332C2171060E7A380",
      "id": "WINDOWS_1:LIT",
      "properties": {
        "file": "meshes_decoration_lights.assetbundle",
        "mesh": "house_11_Windows",
        "assignMaterials": {
          "hideSourcePrefab": true,
          "assignments": []
        }
      },
      "dutyCycle": "DuskTillDawn()"
    },
    {
      "parent": "/Far__x12_z2/Far__x12_z2_LFS/Far_City Grid/CivilBuildings (1)/House_03#1",
      "hash": "33073F71060E8C560:33073F71060E8C560",
      "id": "WINDOWS_1:LIT",
      "properties": {
        "file": "meshes_decoration_lights.assetbundle",
        "mesh": "house_03_Windows",
        "assignMaterials": {
          "hideSourcePrefab": true,
          "assignments": []
        }
      },
      "dutyCycle": "DuskTillDawn()"
    },
    {
      "parent": "/Far__x12_z2/Far__x12_z2_LFS/Far_City Grid/CivilBuildings (1)/House_05#0",
      "hash": "32E42B71060E753C0:32E42B71060E753C0",
      "id": "WINDOWS_1:LIT",
      "properties": {
        "file": "meshes_decoration_lights.assetbundle",
        "mesh": "house_05_Windows",
        "assignMaterials": {
          "hideSourcePrefab": true,
          "assignments": []
        }
      },
      "dutyCycle": "DuskTillDawn()"
    },
    {
      "parent": "/Far__x12_z2/Far__x12_z2_LFS/Far_City Grid/CivilBuildings (1)/House_13#0",
      "hash": "32CA6171060EA91E0:32CA6171060EA91E0",
      "id": "WINDOWS_1:LIT",
      "properties": {
        "file": "meshes_decoration_lights.assetbundle",
        "mesh": "house_13_Windows",
        "assignMaterials": {
          "hideSourcePrefab": true,
          "assignments": []
        }
      },
      "dutyCycle": "DuskTillDawn()"
    },
    {
      "parent": "/Far__x12_z2/Far__x12_z2_LFS/Far_City Grid/CivilBuildings (1)/House_08#0",
      "hash": "32971E71060EC3490:32971E71060EC3490",
      "id": "WINDOWS_1:LIT",
      "properties": {
        "file": "meshes_decoration_lights.assetbundle",
        "mesh": "house_08_Windows",
        "assignMaterials": {
          "hideSourcePrefab": true,
          "assignments": []
        }
      },
      "dutyCycle": "DuskTillDawn()"
    },
    {
      "parent": "/Far__x12_z2/Far__x12_z2_LFS/Far_Liquids Bay/CivilBuildings (1)/Church",
      "hash": "32512D6F170EB4390:32512D6F170EB4390",
      "id": "WINDOWS_1:LIT",
      "properties": {
        "file": "meshes_decoration_lights.assetbundle",
        "mesh": "Church_Windows1",
        "assignMaterials": {
          "hideSourcePrefab": true,
          "assignments": []
        }
      },
      "dutyCycle": "DuskTillDawn()"
    },
    {
      "parent": "/Far__x12_z2/Far__x12_z2_LFS/Far_Liquids Bay/CivilBuildings (1)/Church",
      "hash": "32512D6F170EB4390:32512D6F170EB4390",
      "id": "WINDOWS_2:LIT",
      "properties": {
        "file": "meshes_decoration_lights.assetbundle",
        "mesh": "Church_Windows2",
        "assignMaterials": {
          "hideSourcePrefab": true,
          "assignments": []
        }
      },
      "dutyCycle": "DuskTillDawn()"
    },
    {
      "parent": "/Far__x12_z2/Far__x12_z2_LFS/Far_Liquids Bay/CivilBuildings (1)/Church",
      "hash": "32512D6F170EB4390:32512D6F170EB4390",
      "id": "WINDOWS_5:LIT",
      "properties": {
        "file": "meshes_decoration_lights.assetbundle",
        "mesh": "Church_Windows5",
        "assignMaterials": {
          "hideSourcePrefab": true,
          "assignments": []
        }
      },
      "dutyCycle": "DuskTillDawn()"
    },
    {
      "parent": "/Far__x12_z2/Far__x12_z2_LFS/Far_City Grid/CivilBuildings (1)/House_16#1",
      "hash": "326D3B71060ED9310:326D3B71060ED9310",
      "id": "WINDOWS_1:LIT",
      "properties": {
        "file": "meshes_decoration_lights.assetbundle",
        "mesh": "house_16_Windows",
        "assignMaterials": {
          "hideSourcePrefab": true,
          "assignments": []
        }
      },
      "dutyCycle": "DuskTillDawn()"
    },
    {
      "parent": "/Far__x12_z2/Far__x12_z2_LFS/Far_City Grid/CivilBuildings (1)/House_12#1",
      "hash": "32140371060EBB230:32140371060EBB230",
      "id": "WINDOWS_1:LIT",
      "properties": {
        "file": "meshes_decoration_lights.assetbundle",
        "mesh": "house_12_Windows",
        "assignMaterials": {
          "hideSourcePrefab": true,
          "assignments": []
        }
      },
      "dutyCycle": "DuskTillDawn()"
    },
    {
      "parent": "/Far__x12_z2/Far__x12_z2_LFS/Far_City Grid/CivilBuildings (1)/House_07#1",
      "hash": "32112971060EDA490:32112971060EDA490",
      "id": "WINDOWS_1:LIT",
      "properties": {
        "file": "meshes_decoration_lights.assetbundle",
        "mesh": "house_07_Windows",
        "assignMaterials": {
          "hideSourcePrefab": true,
          "assignments": []
        }
      },
      "dutyCycle": "DuskTillDawn()"
    },
    {
      "parent": "/Far__x12_z2/Far__x12_z2_LFS/Far_City Grid/CivilBuildings (1)/House_07#0",
      "hash": "31DC2671060EE40D0:31DC2671060EE40D0",
      "id": "WINDOWS_1:LIT",
      "properties": {
        "file": "meshes_decoration_lights.assetbundle",
        "mesh": "house_07_Windows",
        "assignMaterials": {
          "hideSourcePrefab": true,
          "assignments": []
        }
      },
      "dutyCycle": "DuskTillDawn()"
    },
    {
      "parent": "/Far__x12_z2/Far__x12_z2_LFS/Far_City Grid/CivilBuildings (1)/House_06",
      "hash": "31A12D71060EF4470:31A12D71060EF4470",
      "id": "WINDOWS_1:LIT",
      "properties": {
        "file": "meshes_decoration_lights.assetbundle",
        "mesh": "house_06_Windows",
        "assignMaterials": {
          "hideSourcePrefab": true,
          "assignments": []
        }
      },
      "dutyCycle": "DuskTillDawn()"
    },
    {
      "parent": "/Far__x12_z2/Far__x12_z2_LFS/Far_City Grid/CivilBuildings (1)/House_03#3",
      "hash": "312F6271060EDC0F0:312F6271060EDC0F0",
      "id": "WINDOWS_1:LIT",
      "properties": {
        "file": "meshes_decoration_lights.assetbundle",
        "mesh": "house_03_Windows",
        "assignMaterials": {
          "hideSourcePrefab": true,
          "assignments": []
        }
      },
      "dutyCycle": "DuskTillDawn()"
    },
    {
      "parent": "/Far__x12_z2/Far__x12_z2_LFS/Far_City Grid/CivilBuildings (1)/House_15 (1)",
      "hash": "310B2371060EC13B0:310B2371060EC13B0",
      "id": "WINDOWS_1:LIT",
      "properties": {
        "file": "meshes_decoration_lights.assetbundle",
        "mesh": "house_15_Windows",
        "assignMaterials": {
          "hideSourcePrefab": true,
          "assignments": []
        }
      },
      "dutyCycle": "DuskTillDawn()"
    },
    {
      "parent": "/Far__x12_z2/Far__x12_z2_LFS/Far_City Grid/CivilBuildings (1)/House_14#1",
      "hash": "310F5A71060EE8610:310F5A71060EE8610",
      "id": "WINDOWS_1:LIT",
      "properties": {
        "file": "meshes_decoration_lights.assetbundle",
        "mesh": "house_14_Windows",
        "assignMaterials": {
          "hideSourcePrefab": true,
          "assignments": []
        }
      },
      "dutyCycle": "DuskTillDawn()"
    },
    {
      "parent": "/Far__x12_z2/Far__x12_z2_LFS/Far_City Grid/CivilBuildings (1)/House_04#2",
      "hash": "314F5671060ECF330:314F5671060ECF330",
      "id": "WINDOWS_1:LIT",
      "properties": {
        "file": "meshes_decoration_lights.assetbundle",
        "mesh": "house_04_Windows",
        "assignMaterials": {
          "hideSourcePrefab": true,
          "assignments": []
        }
      },
      "dutyCycle": "DuskTillDawn()"
    },
    {
      "parent": "/Far__x12_z2/Far__x12_z2_LFS/Far_City Grid/CivilBuildings (1)/House_08#3",
      "hash": "313E5271060EA3580:313E5271060EA3590",
      "id": "WINDOWS_1:LIT",
      "properties": {
        "file": "meshes_decoration_lights.assetbundle",
        "mesh": "house_08_Windows",
        "assignMaterials": {
          "hideSourcePrefab": true,
          "assignments": []
        }
      },
      "dutyCycle": "DuskTillDawn()"
    },
    {
      "parent": "/Far__x12_z2/Far__x12_z2_LFS/Far_City Grid/CivilBuildings (1)/House_14 (1)",
      "hash": "30FE2C71060E2D3E0:30FE2C71060E2D3E0",
      "id": "WINDOWS_1:LIT",
      "properties": {
        "file": "meshes_decoration_lights.assetbundle",
        "mesh": "house_14_Windows",
        "assignMaterials": {
          "hideSourcePrefab": true,
          "assignments": []
        }
      },
      "dutyCycle": "DuskTillDawn()"
    },
    {
      "parent": "/Far__x12_z2/Far__x12_z2_LFS/Far_City Grid/CivilBuildings (1)/House_02 (1)",
      "hash": "30E76071060DFC140:30E76071060DFC140",
      "id": "WINDOWS_1:LIT",
      "properties": {
        "file": "meshes_decoration_lights.assetbundle",
        "mesh": "house_02_Windows",
        "assignMaterials": {
          "hideSourcePrefab": true,
          "assignments": []
        }
      },
      "dutyCycle": "DuskTillDawn()"
    },
    {
      "parent": "/Far__x12_z2/Far__x12_z2_LFS/Far_City Grid/CivilBuildings (1)/House_10",
      "hash": "30DB1071060DCE220:30DB1071060DCE220",
      "id": "WINDOWS_1:LIT",
      "properties": {
        "file": "meshes_decoration_lights.assetbundle",
        "mesh": "house_10_Windows",
        "assignMaterials": {
          "hideSourcePrefab": true,
          "assignments": []
        }
      },
      "dutyCycle": "DuskTillDawn()"
    },
    {
      "parent": "/Far__x12_z2/Far__x12_z2_LFS/Far_City Grid/CivilBuildings (1)/House_13#1",
      "hash": "30EE3171060DA2220:30EE3171060DA2220",
      "id": "WINDOWS_1:LIT",
      "properties": {
        "file": "meshes_decoration_lights.assetbundle",
        "mesh": "house_13_Windows",
        "assignMaterials": {
          "hideSourcePrefab": true,
          "assignments": []
        }
      },
      "dutyCycle": "DuskTillDawn()"
    },
    {
      "parent": "/Far__x12_z2/Far__x12_z2_LFS/Far_City Grid/CivilBuildings (1)/House_03 (1)",
      "hash": "30C91A71060DA9210:30C91A71060DA9210",
      "id": "WINDOWS_1:LIT",
      "properties": {
        "file": "meshes_decoration_lights.assetbundle",
        "mesh": "house_03_Windows",
        "assignMaterials": {
          "hideSourcePrefab": true,
          "assignments": []
        }
      },
      "dutyCycle": "DuskTillDawn()"
    },
    {
      "parent": "/Far__x12_z2/Far__x12_z2_LFS/Far_City Grid/CivilBuildings (1)/House_07 (2)",
      "hash": "30C01F71060D6D300:30C01F71060D6D300",
      "id": "WINDOWS_1:LIT",
      "properties": {
        "file": "meshes_decoration_lights.assetbundle",
        "mesh": "house_07_Windows",
        "assignMaterials": {
          "hideSourcePrefab": true,
          "assignments": []
        }
      },
      "dutyCycle": "DuskTillDawn()"
    },
    {
      "parent": "/Far__x12_z2/Far__x12_z2_LFS/Far_City Grid/CivilBuildings (1)/House_01",
      "hash": "30982D71060D74610:30982D71060D74610",
      "id": "WINDOWS_1:LIT",
      "properties": {
        "file": "meshes_decoration_lights.assetbundle",
        "mesh": "house_01_Windows",
        "assignMaterials": {
          "hideSourcePrefab": true,
          "assignments": []
        }
      },
      "dutyCycle": "DuskTillDawn()"
    },
    {
      "parent": "/Far__x12_z2/Far__x12_z2_LFS/Far_City Grid/CivilBuildings (1)/House_07 (1)",
      "hash": "30835F71060DA8620:30835F71060DA8620",
      "id": "WINDOWS_1:LIT",
      "properties": {
        "file": "meshes_decoration_lights.assetbundle",
        "mesh": "house_07_Windows",
        "assignMaterials": {
          "hideSourcePrefab": true,
          "assignments": []
        }
      },
      "dutyCycle": "DuskTillDawn()"
    },
    {
      "parent": "/Far__x12_z2/Far__x12_z2_LFS/Far_City Grid/CivilBuildings (1)/House_05 (1)",
      "hash": "307A5F71060D870A0:307A5F71060D870A0",
      "id": "WINDOWS_1:LIT",
      "properties": {
        "file": "meshes_decoration_lights.assetbundle",
        "mesh": "house_05_Windows",
        "assignMaterials": {
          "hideSourcePrefab": true,
          "assignments": []
        }
      },
      "dutyCycle": "DuskTillDawn()"
    },
    {
      "parent": "/Far__x12_z2/Far__x12_z2_LFS/Far_City Grid/CivilBuildings (1)/House_02#0",
      "hash": "33071A71060E66260:33071A71060E66260",
      "id": "WINDOWS_1:LIT",
      "properties": {
        "file": "meshes_decoration_lights.assetbundle",
        "mesh": "house_02_Windows",
        "assignMaterials": {
          "hideSourcePrefab": true,
          "assignments": []
        }
      },
      "dutyCycle": "DuskTillDawn()"
    },
    {
      "parent": "/Far__x12_z2/Far__x12_z2_LFS/Far_City Grid/CivilBuildings (1)/House_08#1",
      "hash": "338A5271060E7D2A0:338A5271060E7D2A0",
      "id": "WINDOWS_1:LIT",
      "properties": {
        "file": "meshes_decoration_lights.assetbundle",
        "mesh": "house_08_Windows",
        "assignMaterials": {
          "hideSourcePrefab": true,
          "assignments": []
        }
      },
      "dutyCycle": "DuskTillDawn()"
    },
    {
      "parent": "/Far__x12_z2/Far__x12_z2_LFS/Far_City Grid/IndustryBuildings (1)/Supermarket#0",
      "hash": "3467546F0B0DC94C0:3467546F0B0DC94C0",
      "id": "WINDOWS_1:LIT",
      "properties": {
        "file": "meshes_decoration_lights.assetbundle",
        "mesh": "Supermarket_Windows1",
        "assignMaterials": {
          "hideSourcePrefab": true,
          "assignments": []
        }
      },
      "dutyCycle": "DuskTillDawn()"
    },
    {
      "parent": "/Far__x12_z2/Far__x12_z2_LFS/Far_City Grid/IndustryBuildings (1)/Supermarket#0",
      "hash": "3467546F0B0DC94C0:3467546F0B0DC94C0",
      "id": "WINDOWS_3:LIT",
      "properties": {
        "file": "meshes_decoration_lights.assetbundle",
        "mesh": "Supermarket_Windows3",
        "assignMaterials": {
          "hideSourcePrefab": true,
          "assignments": []
        }
      },
      "dutyCycle": "DuskTillDawn()"
    },
    {
      "parent": "/Far__x12_z2/Far__x12_z2_LFS/Far_City Grid/IndustryBuildings (1)/Supermarket#0",
      "hash": "3467546F0B0DC94C0:3467546F0B0DC94C0",
      "id": "WINDOWS_4:LIT",
      "properties": {
        "file": "meshes_decoration_lights.assetbundle",
        "mesh": "Supermarket_Windows4",
        "assignMaterials": {
          "hideSourcePrefab": true,
          "assignments": []
        }
      },
      "dutyCycle": "DuskTillDawn()"
    },
    {
      "parent": "/Far__x12_z2/Far__x12_z2_LFS/Far_City Grid/CivilBuildings (1)/House_12#0",
      "hash": "33BC4371060E2B490:33BC4371060E2B490",
      "id": "WINDOWS_1:LIT",
      "properties": {
        "file": "meshes_decoration_lights.assetbundle",
        "mesh": "house_12_Windows",
        "assignMaterials": {
          "hideSourcePrefab": true,
          "assignments": []
        }
      },
      "dutyCycle": "DuskTillDawn()"
    },
    {
      "parent": "/Far__x12_z2/Far__x12_z2_LFS/Far_City Grid/CivilBuildings (1)/House_16#0",
      "hash": "33A53C71060E2A5C0:33A53C71060E2A5C0",
      "id": "WINDOWS_1:LIT",
      "properties": {
        "file": "meshes_decoration_lights.assetbundle",
        "mesh": "house_16_Windows",
        "assignMaterials": {
          "hideSourcePrefab": true,
          "assignments": []
        }
      },
      "dutyCycle": "DuskTillDawn()"
    },
    {
      "parent": "/Far__x12_z2/Far__x12_z2_LFS/Far_City Grid/CivilBuildings (1)/House_16 (2)",
      "hash": "35CF1B71060DA20F0:35CF1B71060DA20F0",
      "id": "WINDOWS_1:LIT",
      "properties": {
        "file": "meshes_decoration_lights.assetbundle",
        "mesh": "house_16_Windows",
        "assignMaterials": {
          "hideSourcePrefab": true,
          "assignments": []
        }
      },
      "dutyCycle": "DuskTillDawn()"
    },
    {
      "parent": "/Far__x12_z2/Far__x12_z2_LFS/Far_City Grid/CivilBuildings (1)/House_16 (1)",
      "hash": "35BD1E71060DA3080:35BD1E71060DA3080",
      "id": "WINDOWS_1:LIT",
      "properties": {
        "file": "meshes_decoration_lights.assetbundle",
        "mesh": "house_16_Windows",
        "assignMaterials": {
          "hideSourcePrefab": true,
          "assignments": []
        }
      },
      "dutyCycle": "DuskTillDawn()"
    },
    {
      "parent": "/Far__x12_z2/Far__x12_z2_LFS/Far_City Grid/CivilBuildings (1)/House_09",
      "hash": "31AC2871060E79070:31AC2871060E79070",
      "id": "WINDOWS_1:LIT",
      "properties": {
        "file": "meshes_decoration_lights.assetbundle",
        "mesh": "house_09_Windows",
        "assignMaterials": {
          "hideSourcePrefab": true,
          "assignments": []
        }
      },
      "dutyCycle": "DuskTillDawn()"
    },
    {
      "parent": "/Far__x12_z2/Far__x12_z2_LFS/Far_City Grid/CivilBuildings (1)/House_02#1",
      "hash": "31D51A71060E783A0:31D51A71060E783A0",
      "id": "WINDOWS_1:LIT",
      "properties": {
        "file": "meshes_decoration_lights.assetbundle",
        "mesh": "house_02_Windows",
        "assignMaterials": {
          "hideSourcePrefab": true,
          "assignments": []
        }
      },
      "dutyCycle": "DuskTillDawn()"
    },
    {
      "parent": "/Far__x12_z2/Far__x12_z2_LFS/Far_City Grid/CivilBuildings (1)/House_11#1",
      "hash": "31F91671060E9C070:31F91671060E9C070",
      "id": "WINDOWS_1:LIT",
      "properties": {
        "file": "meshes_decoration_lights.assetbundle",
        "mesh": "house_11_Windows",
        "assignMaterials": {
          "hideSourcePrefab": true,
          "assignments": []
        }
      },
      "dutyCycle": "DuskTillDawn()"
    },
    {
      "parent": "/Far__x12_z2/Far__x12_z2_LFS/Far_City Grid/CivilBuildings (1)/House_15#2",
      "hash": "322C5271060E975C0:322C5271060E975C0",
      "id": "WINDOWS_1:LIT",
      "properties": {
        "file": "meshes_decoration_lights.assetbundle",
        "mesh": "house_15_Windows",
        "assignMaterials": {
          "hideSourcePrefab": true,
          "assignments": []
        }
      },
      "dutyCycle": "DuskTillDawn()"
    },
    {
      "parent": "/Far__x12_z2/Far__x12_z2_LFS/Far_City Grid/CivilBuildings (1)/House_15#0",
      "hash": "32381C71060EEE060:32381C71060EEE060",
      "id": "WINDOWS_1:LIT",
      "properties": {
        "file": "meshes_decoration_lights.assetbundle",
        "mesh": "house_15_Windows",
        "assignMaterials": {
          "hideSourcePrefab": true,
          "assignments": []
        }
      },
      "dutyCycle": "DuskTillDawn()"
    }
  ]
}