{
  "version": 92,
  "enabled": true,
  "priority": "Normal",
  "lights": [
    {
      "parent": "/Far__x12_z2/Far__x12_z2_LFS/Far_City Grid/IndustryBuildings (1)/Supermarket#1/Collider",
      "position": "(13.0414333,4.02426434,-2.8270092)",
      "hash": "33E9066F0B0E0B280:33DC12730E0E0E590",
      "properties": {
        "type": "Point",
        "intensity": 1.0,
        "range": 20.0,
        "colour": "#FFE5B2",
        "corona": null,
        "dutyCycle": "DuskTillDawn()"
      }
    },
    {
      "parent": "/Far__x12_z2/Far__x12_z2_LFS/Far_City Grid/IndustryBuildings (1)/Supermarket#1/Collider",
      "position": "(12.8097343,4.09439373,4.622881)",
      "hash": "33E9066F0B0E0B280:33DC0373150E072C0",
      "properties": {
        "type": "Point",
        "intensity": 1.0,
        "range": 20.0,
        "colour": "#FFE5B2",
        "corona": null,
        "dutyCycle": "DuskTillDawn()"
      }
    },
    {
      "parent": "/Far__x12_z2/Far__x12_z2_LFS/Far_City Grid/IndustryBuildings (1)/Supermarket#1/Collider",
      "position": "(6.155837,3.90977025,-10.3450851)",
      "hash": "33E9066F0B0E0B280:33E32D73020E16050",
      "properties": {
        "type": "Point",
        "intensity": 1.0,
        "range": 20.0,
        "colour": "#FFE5B2",
        "corona": null,
        "dutyCycle": "DuskTillDawn()"
      }
    },
    {
      "parent": "/Far__x12_z2/Far__x12_z2_LFS/Far_City Grid/IndustryBuildings (1)/Supermarket#1/Collider",
      "position": "(-1.66447663,3.76768041,-10.0733061)",
      "hash": "33E9066F0B0E0B280:33EB1872580E15250",
      "properties": {
        "type": "Point",
        "intensity": 1.0,
        "range": 20.0,
        "colour": "#FFE5B2",
        "corona": null,
        "dutyCycle": "DuskTillDawn()"
      }
    },
    {
      "parent": "/Far__x12_z2/Far__x12_z2_LFS/Far_City Grid/IndustryBuildings (1)/Supermarket (1)/Collider",
      "position": "(12.8229914,4.11401653,4.992511)",
      "hash": "3578496F0B0DC0420:357D0673170DB33B0",
      "properties": {
        "type": "Point",
        "intensity": 1.0,
        "range": 20.0,
        "colour": "#FFE5B2",
        "corona": null,
        "dutyCycle": "DuskTillDawn()"
      }
    },
    {
      "parent": "/Far__x12_z2/Far__x12_z2_LFS/Far_City Grid/IndustryBuildings (1)/Supermarket (1)/Collider",
      "position": "(12.6549711,3.993457,-2.055829)",
      "hash": "3578496F0B0DC0420:357603730B0DB40D0",
      "properties": {
        "type": "Point",
        "intensity": 1.0,
        "range": 20.0,
        "colour": "#FFE5B2",
        "corona": null,
        "dutyCycle": "DuskTillDawn()"
      }
    },
    {
      "parent": "/Far__x12_z2/Far__x12_z2_LFS/Far_City Grid/IndustryBuildings (1)/Supermarket (2)/Collider",
      "position": "(13.3430862,3.85979772,-2.299224)",
      "rotation": "(0,0.0258292239,0,0.9996664)",
      "hash": "35E2276F0B0DF11B0:35EF3B72610DEE1C0",
      "properties": {
        "type": "Point",
        "intensity": 1.0,
        "range": 20.0,
        "colour": "#FFE5B2",
        "corona": null,
        "dutyCycle": "DuskTillDawn()"
      }
    },
    {
      "parent": "/Far__x12_z2/Far__x12_z2_LFS/Far_City Grid/IndustryBuildings (1)/Supermarket (2)/Collider",
      "position": "(13.6946926,3.95198369,4.894747)",
      "rotation": "(0,0.0258292239,0,0.9996664)",
      "hash": "35E2276F0B0DF11B0:35F01F73070DF52D0",
      "properties": {
        "type": "Point",
        "intensity": 1.0,
        "range": 20.0,
        "colour": "#FFE5B2",
        "corona": null,
        "dutyCycle": "DuskTillDawn()"
      }
    },
    {
      "parent": "/Far__x12_z2/Far__x12_z2_LFS/Far_City Grid/Roads (1)/Road_60x8 (23)/Collider",
      "position": "(8.523865,1.75013125,-0.06896973)",
      "rotation": "(0.7071068,0,0,0.7071068)",
      "hash": "35EF0971150DFE3F0:35EE3A72600DF60C0",
      "properties": {
        "type": "Point",
        "intensity": 1.0,
        "range": 20.0,
        "colour": "#FFE5B2",
        "corona": null,
        "dutyCycle": "DuskTillDawn()"
      }
    },
    {
      "parent": "/Far__x12_z2/Far__x12_z2_LFS/Far_City Grid/IndustryBuildings (1)/Supermarket (2)/Collider",
      "position": "(12.3009109,3.92702031,-2.51052952)",
      "rotation": "(0.7071068,0,0,0.7071068)",
      "hash": "35E2276F0B0DF11B0:35EE3673040DEE0C0",
      "properties": {
        "type": "Point",
        "intensity": 1.0,
        "range": 20.0,
        "colour": "#FFE5B2",
        "corona": null,
        "dutyCycle": "DuskTillDawn()"
      }
    },
    {
      "parent": "/Far__x12_z2/Far__x12_z2_LFS/Far_City Grid/IndustryBuildings (1)/Supermarket#0/Collider",
      "position": "(12.1389484,4.01479626,4.08740139)",
      "rotation": "(0.7071068,0,0,0.7071068)",
      "hash": "3467546F0B0DC94C0:345B33730D0DC61F0",
      "properties": {
        "type": "Point",
        "intensity": 1.0,
        "range": 20.0,
        "colour": "#FFE5B2",
        "corona": null,
        "dutyCycle": "DuskTillDawn()"
      }
    },
    {
      "parent": "/Far__x12_z2/Far__x12_z2_LFS/Far_City Grid/IndustryBuildings (1)/Supermarket#0/Collider",
      "position": "(11.5492868,4.05494976,-2.45520115)",
      "rotation": "(0.7071068,0,0,0.7071068)",
      "hash": "3467546F0B0DC94C0:345C2B73110DCC510",
      "properties": {
        "type": "Point",
        "intensity": 1.0,
        "range": 20.0,
        "colour": "#FFE5B2",
        "corona": null,
        "dutyCycle": "DuskTillDawn()"
      }
    }
  ],
  "meshes": [],
  "decorations": [
    {
      "parent": "/Far__x12_z2/Far__x12_z2_LFS/Far_City Grid/IndustryBuildings (1)/Warehouse_MediumFlat#0",
      "hash": "33FD3C6F0B0E89320:33FD3C6F0B0E89320",
      "id": "WINDOWS_1:LIT",
      "properties": {
        "file": "meshes_decoration_lights.assetbundle",
        "mesh": "Warehouse_MediumFlat_Windows1",
        "assignMaterials": {
          "hideSourcePrefab": true,
          "assignments": []
        }
      },
      "dutyCycle": "DuskTillDawn()"
    },
    {
      "parent": "/Far__x12_z2/Far__x12_z2_LFS/Far_City Grid/IndustryBuildings (1)/Warehouse_MediumFlat#0",
      "hash": "33FD3C6F0B0E89320:33FD3C6F0B0E89320",
      "id": "WINDOWS_3:LIT",
      "properties": {
        "file": "meshes_decoration_lights.assetbundle",
        "mesh": "Warehouse_MediumFlat_Windows3",
        "assignMaterials": {
          "hideSourcePrefab": true,
          "assignments": []
        }
      },
      "dutyCycle": "DuskTillDawn()"
    },
    {
      "parent": "/Far__x12_z2/Far__x12_z2_LFS/Far_City Grid/IndustryBuildings (1)/Warehouse_Truck (2)",
      "hash": "34DF5E6F0B0E764F0:34DF5E6F0B0E764F0",
      "id": "WINDOWS_2:LIT",
      "properties": {
        "file": "meshes_decoration_lights.assetbundle",
        "mesh": "Warehouse_Truck_Windows2",
        "assignMaterials": {
          "hideSourcePrefab": true,
          "assignments": []
        }
      },
      "dutyCycle": "DuskTillDawn()"
    },
    {
      "parent": "/Far__x12_z2/Far__x12_z2_LFS/Far_City Grid/IndustryBuildings (1)/Warehouse_Truck (2)",
      "hash": "34DF5E6F0B0E764F0:34DF5E6F0B0E764F0",
      "id": "WINDOWS_4:LIT",
      "properties": {
        "file": "meshes_decoration_lights.assetbundle",
        "mesh": "Warehouse_Truck_Windows4",
        "assignMaterials": {
          "hideSourcePrefab": true,
          "assignments": []
        }
      },
      "dutyCycle": "DuskTillDawn()"
    },
    {
      "parent": "/Far__x12_z2/Far__x12_z2_LFS/Far_City Grid/IndustryBuildings (1)/Warehouse_Truck (2)",
      "hash": "34DF5E6F0B0E764F0:34DF5E6F0B0E764F0",
      "id": "WINDOWS_5:LIT",
      "properties": {
        "file": "meshes_decoration_lights.assetbundle",
        "mesh": "Warehouse_Truck_Windows5",
        "assignMaterials": {
          "hideSourcePrefab": true,
          "assignments": []
        }
      },
      "dutyCycle": "DuskTillDawn()"
    },
    {
      "parent": "/Far__x12_z2/Far__x12_z2_LFS/Far_City Grid/IndustryBuildings (1)/Warehouse_Truck (1)",
      "hash": "3526546F0B0E730D0:3526546F0B0E730D0",
      "id": "WINDOWS_1:LIT",
      "properties": {
        "file": "meshes_decoration_lights.assetbundle",
        "mesh": "Warehouse_Truck_Windows1",
        "assignMaterials": {
          "hideSourcePrefab": true,
          "assignments": []
        }
      },
      "dutyCycle": "DuskTillDawn()"
    },
    {
      "parent": "/Far__x12_z2/Far__x12_z2_LFS/Far_City Grid/IndustryBuildings (1)/Warehouse_Truck (1)",
      "hash": "3526546F0B0E730D0:3526546F0B0E730D0",
      "id": "WINDOWS_2:LIT",
      "properties": {
        "file": "meshes_decoration_lights.assetbundle",
        "mesh": "Warehouse_Truck_Windows2",
        "assignMaterials": {
          "hideSourcePrefab": true,
          "assignments": []
        }
      },
      "dutyCycle": "DuskTillDawn()"
    },
    {
      "parent": "/Far__x12_z2/Far__x12_z2_LFS/Far_City Grid/IndustryBuildings (1)/Warehouse_Truck (1)",
      "hash": "3526546F0B0E730D0:3526546F0B0E730D0",
      "id": "WINDOWS_3:LIT",
      "properties": {
        "file": "meshes_decoration_lights.assetbundle",
        "mesh": "Warehouse_Truck_Windows3",
        "assignMaterials": {
          "hideSourcePrefab": true,
          "assignments": []
        }
      },
      "dutyCycle": "DuskTillDawn()"
    },
    {
      "parent": "/Far__x12_z2/Far__x12_z2_LFS/Far_City Grid/IndustryBuildings (1)/Burner_Large2",
      "hash": "356D3B6F0B0E6C2E0:356D3B6F0B0E6C2E0",
      "id": "WINDOWS_3:LIT",
      "properties": {
        "file": "meshes_decoration_lights.assetbundle",
        "mesh": "Burner_Large2_Windows3",
        "assignMaterials": {
          "hideSourcePrefab": true,
          "assignments": []
        }
      },
      "dutyCycle": "DuskTillDawn()"
    },
    {
      "parent": "/Far__x12_z2/Far__x12_z2_LFS/Far_City Grid/IndustryBuildings (1)/Burner_Large2",
      "hash": "356D3B6F0B0E6C2E0:356D3B6F0B0E6C2E0",
      "id": "WINDOWS_4:LIT",
      "properties": {
        "file": "meshes_decoration_lights.assetbundle",
        "mesh": "Burner_Large2_Windows4",
        "assignMaterials": {
          "hideSourcePrefab": true,
          "assignments": []
        }
      },
      "dutyCycle": "DuskTillDawn()"
    },
    {
      "parent": "/Far__x12_z2/Far__x12_z2_LFS/Far_City Grid/IndustryBuildings (1)/Burner_Large2",
      "hash": "356D3B6F0B0E6C2E0:356D3B6F0B0E6C2E0",
      "id": "WINDOWS_1:LIT",
      "properties": {
        "file": "meshes_decoration_lights.assetbundle",
        "mesh": "Burner_Large2_Windows1",
        "assignMaterials": {
          "hideSourcePrefab": true,
          "assignments": []
        }
      },
      "dutyCycle": "DuskTillDawn()"
    },
    {
      "parent": "/Far__x12_z2/Far__x12_z2_LFS/Far_City Grid/IndustryBuildings (1)/Supermarket (2)",
      "hash": "35E2276F0B0DF11B0:35E2276F0B0DF11B0",
      "id": "WINDOWS_1:LIT",
      "properties": {
        "file": "meshes_decoration_lights.assetbundle",
        "mesh": "Supermarket_Windows1",
        "assignMaterials": {
          "hideSourcePrefab": true,
          "assignments": []
        }
      },
      "dutyCycle": "DuskTillDawn()"
    },
    {
      "parent": "/Far__x12_z2/Far__x12_z2_LFS/Far_City Grid/IndustryBuildings (1)/Supermarket (2)",
      "hash": "35E2276F0B0DF11B0:35E2276F0B0DF11B0",
      "id": "WINDOWS_3:LIT",
      "properties": {
        "file": "meshes_decoration_lights.assetbundle",
        "mesh": "Supermarket_Windows3",
        "assignMaterials": {
          "hideSourcePrefab": true,
          "assignments": []
        }
      },
      "dutyCycle": "DuskTillDawn()"
    },
    {
      "parent": "/Far__x12_z2/Far__x12_z2_LFS/Far_City Grid/IndustryBuildings (1)/Supermarket (2)",
      "hash": "35E2276F0B0DF11B0:35E2276F0B0DF11B0",
      "id": "WINDOWS_5:LIT",
      "properties": {
        "file": "meshes_decoration_lights.assetbundle",
        "mesh": "Supermarket_Windows5",
        "assignMaterials": {
          "hideSourcePrefab": true,
          "assignments": []
        }
      },
      "dutyCycle": "DuskTillDawn()"
    },
    {
      "parent": "/Far__x12_z2/Far__x12_z2_LFS/Far_City Grid/IndustryBuildings (1)/Supermarket#1",
      "hash": "33E9066F0B0E0B280:33E9066F0B0E0B280",
      "id": "WINDOWS_5:LIT",
      "properties": {
        "file": "meshes_decoration_lights.assetbundle",
        "mesh": "Supermarket_Windows5",
        "assignMaterials": {
          "hideSourcePrefab": true,
          "assignments": []
        }
      },
      "dutyCycle": "DuskTillDawn()"
    },
    {
      "parent": "/Far__x12_z2/Far__x12_z2_LFS/Far_City Grid/IndustryBuildings (1)/Supermarket#1",
      "hash": "33E9066F0B0E0B280:33E9066F0B0E0B280",
      "id": "WINDOWS_2:LIT",
      "properties": {
        "file": "meshes_decoration_lights.assetbundle",
        "mesh": "Supermarket_Windows2",
        "assignMaterials": {
          "hideSourcePrefab": true,
          "assignments": []
        }
      },
      "dutyCycle": "DuskTillDawn()"
    },
    {
      "parent": "/Far__x12_z2/Far__x12_z2_LFS/Far_City Grid/IndustryBuildings (1)/Supermarket#1",
      "hash": "33E9066F0B0E0B280:33E9066F0B0E0B280",
      "id": "WINDOWS_1:LIT",
      "properties": {
        "file": "meshes_decoration_lights.assetbundle",
        "mesh": "Supermarket_Windows1",
        "assignMaterials": {
          "hideSourcePrefab": true,
          "assignments": []
        }
      },
      "dutyCycle": "DuskTillDawn()"
    },
    {
      "parent": "/Far__x12_z2/Far__x12_z2_LFS/Far_City Grid/IndustryBuildings (1)/Warehouse_MediumFlat (3)",
      "hash": "338A4A6F0B0DFD5F0:338A4A6F0B0DFD5F0",
      "id": "WINDOWS_1:LIT",
      "properties": {
        "file": "meshes_decoration_lights.assetbundle",
        "mesh": "Warehouse_MediumFlat_Windows1",
        "assignMaterials": {
          "hideSourcePrefab": true,
          "assignments": []
        }
      },
      "dutyCycle": "DuskTillDawn()"
    },
    {
      "parent": "/Far__x12_z2/Far__x12_z2_LFS/Far_City Grid/IndustryBuildings (1)/Warehouse_MediumFlat (3)",
      "hash": "338A4A6F0B0DFD5F0:338A4A6F0B0DFD5F0",
      "id": "WINDOWS_3:LIT",
      "properties": {
        "file": "meshes_decoration_lights.assetbundle",
        "mesh": "Warehouse_MediumFlat_Windows3",
        "assignMaterials": {
          "hideSourcePrefab": true,
          "assignments": []
        }
      },
      "dutyCycle": "DuskTillDawn()"
    },
    {
      "parent": "/Far__x12_z2/Far__x12_z2_LFS/Far_City Grid/IndustryBuildings (1)/Warehouse_MediumFlat (1)",
      "hash": "33714D6F0B0DFF180:33714D6F0B0DFF180",
      "id": "WINDOWS_3:LIT",
      "properties": {
        "file": "meshes_decoration_lights.assetbundle",
        "mesh": "Warehouse_MediumFlat_Windows3",
        "assignMaterials": {
          "hideSourcePrefab": true,
          "assignments": []
        }
      },
      "dutyCycle": "DuskTillDawn()"
    },
    {
      "parent": "/Far__x12_z2/Far__x12_z2_LFS/Far_City Grid/IndustryBuildings (1)/Warehouse_MediumFlat (1)",
      "hash": "33714D6F0B0DFF180:33714D6F0B0DFF180",
      "id": "WINDOWS_2:LIT",
      "properties": {
        "file": "meshes_decoration_lights.assetbundle",
        "mesh": "Warehouse_MediumFlat_Windows2",
        "assignMaterials": {
          "hideSourcePrefab": true,
          "assignments": []
        }
      },
      "dutyCycle": "DuskTillDawn()"
    },
    {
      "parent": "/Far__x12_z2/Far__x12_z2_LFS/Far_City Grid/IndustryBuildings (1)/Warehouse_MediumFlat#1",
      "hash": "3358516F0B0E00350:3358516F0B0E00350",
      "id": "WINDOWS_4:LIT",
      "properties": {
        "file": "meshes_decoration_lights.assetbundle",
        "mesh": "Warehouse_MediumFlat_Windows4",
        "assignMaterials": {
          "hideSourcePrefab": true,
          "assignments": []
        }
      },
      "dutyCycle": "DuskTillDawn()"
    },
    {
      "parent": "/Far__x12_z2/Far__x12_z2_LFS/Far_City Grid/IndustryBuildings (1)/Warehouse_MediumFlat#1",
      "hash": "3358516F0B0E00350:3358516F0B0E00350",
      "id": "WINDOWS_2:LIT",
      "properties": {
        "file": "meshes_decoration_lights.assetbundle",
        "mesh": "Warehouse_MediumFlat_Windows2",
        "assignMaterials": {
          "hideSourcePrefab": true,
          "assignments": []
        }
      },
      "dutyCycle": "DuskTillDawn()"
    },
    {
      "parent": "/Far__x12_z2/Far__x12_z2_LFS/Far_City Grid/IndustryBuildings (1)/Warehouse_Truck (3)",
      "hash": "33D0316F0B0DB3370:33D0316F0B0DB3370",
      "id": "WINDOWS_1:LIT",
      "properties": {
        "file": "meshes_decoration_lights.assetbundle",
        "mesh": "Warehouse_Truck_Windows1",
        "assignMaterials": {
          "hideSourcePrefab": true,
          "assignments": []
        }
      },
      "dutyCycle": "DuskTillDawn()"
    },
    {
      "parent": "/Far__x12_z2/Far__x12_z2_LFS/Far_Cargo Bay/IndustryBuildings (1)/Factory_FlatLarge (1)",
      "hash": "33FC0B6F0B0CFF350:33FC0B6F0B0CFF350",
      "id": "WINDOWS_3:LIT",
      "properties": {
        "file": "meshes_decoration_lights.assetbundle",
        "mesh": "Factory_FlatLarge_Windows3",
        "assignMaterials": {
          "hideSourcePrefab": true,
          "assignments": []
        }
      },
      "dutyCycle": "DuskTillDawn()"
    },
    {
      "parent": "/Far__x12_z2/Far__x12_z2_LFS/Far_Cargo Bay/IndustryBuildings (1)/Factory_FlatLarge",
      "hash": "33E14F6F0B0CC7280:33E14F6F0B0CC7280",
      "id": "WINDOWS_2:LIT",
      "properties": {
        "file": "meshes_decoration_lights.assetbundle",
        "mesh": "Factory_FlatLarge_Windows2",
        "assignMaterials": {
          "hideSourcePrefab": true,
          "assignments": []
        }
      },
      "dutyCycle": "DuskTillDawn()"
    },
    {
      "parent": "/Far__x12_z2/Far__x12_z2_LFS/Far_Cargo Bay/IndustryBuildings (1)/Factory_FlatLarge",
      "hash": "33E14F6F0B0CC7280:33E14F6F0B0CC7280",
      "id": "WINDOWS_5:LIT",
      "properties": {
        "file": "meshes_decoration_lights.assetbundle",
        "mesh": "Factory_FlatLarge_Windows5",
        "assignMaterials": {
          "hideSourcePrefab": true,
          "assignments": []
        }
      },
      "dutyCycle": "DuskTillDawn()"
    },
    {
      "parent": "/Far__x12_z2/Far__x12_z2_LFS/Far_Cargo Bay/IndustryBuildings (1)/Factory_Food",
      "hash": "339F3A6F0B0C5D310:339F3A6F0B0C5D310",
      "id": "WINDOWS_1:LIT",
      "properties": {
        "file": "meshes_decoration_lights.assetbundle",
        "mesh": "Factory_Food_Windows1",
        "assignMaterials": {
          "hideSourcePrefab": true,
          "assignments": []
        }
      },
      "dutyCycle": "DuskTillDawn()"
    },
    {
      "parent": "/Far__x12_z2/Far__x12_z2_LFS/Far_Cargo Bay/IndustryBuildings (1)/Factory_Food",
      "hash": "339F3A6F0B0C5D310:339F3A6F0B0C5D310",
      "id": "WINDOWS_2:LIT",
      "properties": {
        "file": "meshes_decoration_lights.assetbundle",
        "mesh": "Factory_Food_Windows2",
        "assignMaterials": {
          "hideSourcePrefab": true,
          "assignments": []
        }
      },
      "dutyCycle": "DuskTillDawn()"
    },
    {
      "parent": "/Far__x12_z2/Far__x12_z2_LFS/Far_Cargo Bay/IndustryBuildings (1)/Factory_Food",
      "hash": "339F3A6F0B0C5D310:339F3A6F0B0C5D310",
      "id": "WINDOWS_4:LIT",
      "properties": {
        "file": "meshes_decoration_lights.assetbundle",
        "mesh": "Factory_Food_Windows4",
        "assignMaterials": {
          "hideSourcePrefab": true,
          "assignments": []
        }
      },
      "dutyCycle": "DuskTillDawn()"
    },
    {
      "parent": "/Far__x12_z2/Far__x12_z2_LFS/Far_Cargo Bay/IndustryBuildings (1)/Warehouse_MediumFlat",
      "hash": "33854D6F0B0C34390:33854D6F0B0C34390",
      "id": "WINDOWS_2:LIT",
      "properties": {
        "file": "meshes_decoration_lights.assetbundle",
        "mesh": "Warehouse_MediumFlat_Windows2",
        "assignMaterials": {
          "hideSourcePrefab": true,
          "assignments": []
        }
      },
      "dutyCycle": "DuskTillDawn()"
    },
    {
      "parent": "/Far__x12_z2/Far__x12_z2_LFS/Far_Cargo Bay/IndustryBuildings (1)/Warehouse_MediumFlat",
      "hash": "33854D6F0B0C34390:33854D6F0B0C34390",
      "id": "WINDOWS_5:LIT",
      "properties": {
        "file": "meshes_decoration_lights.assetbundle",
        "mesh": "Warehouse_MediumFlat_Windows5",
        "assignMaterials": {
          "hideSourcePrefab": true,
          "assignments": []
        }
      },
      "dutyCycle": "DuskTillDawn()"
    },
    {
      "parent": "/Far__x12_z2/Far__x12_z2_LFS/Far_Cargo Bay/IndustryBuildings (1)/Warehouse_MediumFlat (1)",
      "hash": "33792F6F0B0C1A1F0:33792F6F0B0C1A1F0",
      "id": "WINDOWS_1:LIT",
      "properties": {
        "file": "meshes_decoration_lights.assetbundle",
        "mesh": "Warehouse_MediumFlat_Windows1",
        "assignMaterials": {
          "hideSourcePrefab": true,
          "assignments": []
        }
      },
      "dutyCycle": "DuskTillDawn()"
    },
    {
      "parent": "/Far__x12_z2/Far__x12_z2_LFS/Far_Cargo Bay/IndustryBuildings (1)/Warehouse_MediumFlat (1)",
      "hash": "33792F6F0B0C1A1F0:33792F6F0B0C1A1F0",
      "id": "WINDOWS_3:LIT",
      "properties": {
        "file": "meshes_decoration_lights.assetbundle",
        "mesh": "Warehouse_MediumFlat_Windows3",
        "assignMaterials": {
          "hideSourcePrefab": true,
          "assignments": []
        }
      },
      "dutyCycle": "DuskTillDawn()"
    },
    {
      "parent": "/Far__x12_z2/Far__x12_z2_LFS/Far_Liquids Bay/IndustryBuildings (1)/Warehouse_MediumFlat (6)",
      "hash": "3251406F0B0DEA4F0:3251406F0B0DEA4F0",
      "id": "WINDOWS_3:LIT",
      "properties": {
        "file": "meshes_decoration_lights.assetbundle",
        "mesh": "Warehouse_MediumFlat_Windows3",
        "assignMaterials": {
          "hideSourcePrefab": true,
          "assignments": []
        }
      },
      "dutyCycle": "DuskTillDawn()"
    },
    {
      "parent": "/Far__x12_z2/Far__x12_z2_LFS/Far_Liquids Bay/IndustryBuildings (1)/Warehouse_MediumFlat (6)",
      "hash": "3251406F0B0DEA4F0:3251406F0B0DEA4F0",
      "id": "WINDOWS_4:LIT",
      "properties": {
        "file": "meshes_decoration_lights.assetbundle",
        "mesh": "Warehouse_MediumFlat_Windows4",
        "assignMaterials": {
          "hideSourcePrefab": true,
          "assignments": []
        }
      },
      "dutyCycle": "DuskTillDawn()"
    },
    {
      "parent": "/Far__x12_z2/Far__x12_z2_LFS/Far_Liquids Bay/IndustryBuildings (1)/Warehouse_MediumFlat (6)",
      "hash": "3251406F0B0DEA4F0:3251406F0B0DEA4F0",
      "id": "WINDOWS_5:LIT",
      "properties": {
        "file": "meshes_decoration_lights.assetbundle",
        "mesh": "Warehouse_MediumFlat_Windows5",
        "assignMaterials": {
          "hideSourcePrefab": true,
          "assignments": []
        }
      },
      "dutyCycle": "DuskTillDawn()"
    },
    {
      "parent": "/Far__x12_z2/Far__x12_z2_LFS/Far_Liquids Bay/IndustryBuildings (1)/Warehouse_MediumFlat (4)",
      "hash": "323B396F0B0DBB460:323B396F0B0DBB460",
      "id": "WINDOWS_1:LIT",
      "properties": {
        "file": "meshes_decoration_lights.assetbundle",
        "mesh": "Warehouse_MediumFlat_Windows1",
        "assignMaterials": {
          "hideSourcePrefab": true,
          "assignments": []
        }
      },
      "dutyCycle": "DuskTillDawn()"
    },
    {
      "parent": "/Far__x12_z2/Far__x12_z2_LFS/Far_Liquids Bay/IndustryBuildings (1)/Warehouse_MediumFlat (4)",
      "hash": "323B396F0B0DBB460:323B396F0B0DBB460",
      "id": "WINDOWS_2:LIT",
      "properties": {
        "file": "meshes_decoration_lights.assetbundle",
        "mesh": "Warehouse_MediumFlat_Windows2",
        "assignMaterials": {
          "hideSourcePrefab": true,
          "assignments": []
        }
      },
      "dutyCycle": "DuskTillDawn()"
    },
    {
      "parent": "/Far__x12_z2/Far__x12_z2_LFS/Far_Liquids Bay/IndustryBuildings (1)/Warehouse_MediumFlat (4)",
      "hash": "323B396F0B0DBB460:323B396F0B0DBB460",
      "id": "WINDOWS_3:LIT",
      "properties": {
        "file": "meshes_decoration_lights.assetbundle",
        "mesh": "Warehouse_MediumFlat_Windows3",
        "assignMaterials": {
          "hideSourcePrefab": true,
          "assignments": []
        }
      },
      "dutyCycle": "DuskTillDawn()"
    },
    {
      "parent": "/Far__x12_z2/Far__x12_z2_LFS/Far_Liquids Bay/IndustryBuildings (1)/Warehouse_MediumFlat",
      "hash": "3225326F0B0D8C3E0:3225326F0B0D8C3E0",
      "id": "WINDOWS_1:LIT",
      "properties": {
        "file": "meshes_decoration_lights.assetbundle",
        "mesh": "Warehouse_MediumFlat_Windows1",
        "assignMaterials": {
          "hideSourcePrefab": true,
          "assignments": []
        }
      },
      "dutyCycle": "DuskTillDawn()"
    },
    {
      "parent": "/Far__x12_z2/Far__x12_z2_LFS/Far_Liquids Bay/IndustryBuildings (1)/Warehouse_MediumFlat",
      "hash": "3225326F0B0D8C3E0:3225326F0B0D8C3E0",
      "id": "WINDOWS_5:LIT",
      "properties": {
        "file": "meshes_decoration_lights.assetbundle",
        "mesh": "Warehouse_MediumFlat_Windows5",
        "assignMaterials": {
          "hideSourcePrefab": true,
          "assignments": []
        }
      },
      "dutyCycle": "DuskTillDawn()"
    },
    {
      "parent": "/Far__x12_z2/Far__x12_z2_LFS/Far_Liquids Bay/IndustryBuildings (1)/Factory_FlatLarge (1)",
      "hash": "318C466F0B0DA8070:318C466F0B0DA8070",
      "id": "WINDOWS_2:LIT",
      "properties": {
        "file": "meshes_decoration_lights.assetbundle",
        "mesh": "Factory_FlatLarge_Windows2",
        "assignMaterials": {
          "hideSourcePrefab": true,
          "assignments": []
        }
      },
      "dutyCycle": "DuskTillDawn()"
    },
    {
      "parent": "/Far__x12_z2/Far__x12_z2_LFS/Far_Liquids Bay/IndustryBuildings (1)/Factory_FlatLarge (1)",
      "hash": "318C466F0B0DA8070:318C466F0B0DA8070",
      "id": "WINDOWS_3:LIT",
      "properties": {
        "file": "meshes_decoration_lights.assetbundle",
        "mesh": "Factory_FlatLarge_Windows3",
        "assignMaterials": {
          "hideSourcePrefab": true,
          "assignments": []
        }
      },
      "dutyCycle": "DuskTillDawn()"
    },
    {
      "parent": "/Far__x12_z2/Far__x12_z2_LFS/Far_Liquids Bay/IndustryBuildings (1)/Factory_FlatLarge (1)",
      "hash": "318C466F0B0DA8070:318C466F0B0DA8070",
      "id": "WINDOWS_4:LIT",
      "properties": {
        "file": "meshes_decoration_lights.assetbundle",
        "mesh": "Factory_FlatLarge_Windows4",
        "assignMaterials": {
          "hideSourcePrefab": true,
          "assignments": []
        }
      },
      "dutyCycle": "DuskTillDawn()"
    },
    {
      "parent": "/Far__x12_z2/Far__x12_z2_LFS/Far_Liquids Bay/IndustryBuildings (1)/Factory_FlatLarge (1)",
      "hash": "318C466F0B0DA8070:318C466F0B0DA8070",
      "id": "WINDOWS_5:LIT",
      "properties": {
        "file": "meshes_decoration_lights.assetbundle",
        "mesh": "Factory_FlatLarge_Windows5",
        "assignMaterials": {
          "hideSourcePrefab": true,
          "assignments": []
        }
      },
      "dutyCycle": "DuskTillDawn()"
    },
    {
      "parent": "/Far__x12_z2/Far__x12_z2_LFS/Far_Liquids Bay/IndustryBuildings (1)/Warehouse_MediumFlat (2)",
      "hash": "316B496F0B0D6D340:316B496F0B0D6D340",
      "id": "WINDOWS_1:LIT",
      "properties": {
        "file": "meshes_decoration_lights.assetbundle",
        "mesh": "Warehouse_MediumFlat_Windows1",
        "assignMaterials": {
          "hideSourcePrefab": true,
          "assignments": []
        }
      },
      "dutyCycle": "DuskTillDawn()"
    },
    {
      "parent": "/Far__x12_z2/Far__x12_z2_LFS/Far_Liquids Bay/IndustryBuildings (1)/Warehouse_MediumFlat (2)",
      "hash": "316B496F0B0D6D340:316B496F0B0D6D340",
      "id": "WINDOWS_3:LIT",
      "properties": {
        "file": "meshes_decoration_lights.assetbundle",
        "mesh": "Warehouse_MediumFlat_Windows3",
        "assignMaterials": {
          "hideSourcePrefab": true,
          "assignments": []
        }
      },
      "dutyCycle": "DuskTillDawn()"
    },
    {
      "parent": "/Far__x12_z2/Far__x12_z2_LFS/Far_Liquids Bay/IndustryBuildings (1)/Warehouse_MediumFlat (2)",
      "hash": "316B496F0B0D6D340:316B496F0B0D6D340",
      "id": "WINDOWS_5:LIT",
      "properties": {
        "file": "meshes_decoration_lights.assetbundle",
        "mesh": "Warehouse_MediumFlat_Windows5",
        "assignMaterials": {
          "hideSourcePrefab": true,
          "assignments": []
        }
      },
      "dutyCycle": "DuskTillDawn()"
    },
    {
      "parent": "/Far__x12_z2/Far__x12_z2_LFS/Far_Liquids Bay/IndustryBuildings (1)/Warehouse_MediumFlat (3)",
      "hash": "315E3A6F0B0D512D0:315E3A6F0B0D512D0",
      "id": "WINDOWS_2:LIT",
      "properties": {
        "file": "meshes_decoration_lights.assetbundle",
        "mesh": "Warehouse_MediumFlat_Windows2",
        "assignMaterials": {
          "hideSourcePrefab": true,
          "assignments": []
        }
      },
      "dutyCycle": "DuskTillDawn()"
    },
    {
      "parent": "/Far__x12_z2/Far__x12_z2_LFS/Far_Liquids Bay/IndustryBuildings (1)/Warehouse_MediumFlat (3)",
      "hash": "315E3A6F0B0D512D0:315E3A6F0B0D512D0",
      "id": "WINDOWS_4:LIT",
      "properties": {
        "file": "meshes_decoration_lights.assetbundle",
        "mesh": "Warehouse_MediumFlat_Windows4",
        "assignMaterials": {
          "hideSourcePrefab": true,
          "assignments": []
        }
      },
      "dutyCycle": "DuskTillDawn()"
    },
    {
      "parent": "/Far__x12_z2/Far__x12_z2_LFS/Far_Liquids Bay/IndustryBuildings (1)/Offices_Medium2",
      "hash": "31173A6F0B0DFC4E0:31173A6F0B0DFC4E0",
      "id": "WINDOWS_2:LIT",
      "properties": {
        "file": "meshes_decoration_lights.assetbundle",
        "mesh": "Offices_Medium2_Windows2",
        "assignMaterials": {
          "hideSourcePrefab": true,
          "assignments": []
        }
      },
      "dutyCycle": "DuskTillDawn()"
    },
    {
      "parent": "/Far__x12_z2/Far__x12_z2_LFS/Far_Liquids Bay/IndustryBuildings (1)/Offices_Medium2",
      "hash": "31173A6F0B0DFC4E0:31173A6F0B0DFC4E0",
      "id": "WINDOWS_1:LIT",
      "properties": {
        "file": "meshes_decoration_lights.assetbundle",
        "mesh": "Offices_Medium2_Windows1",
        "assignMaterials": {
          "hideSourcePrefab": true,
          "assignments": []
        }
      },
      "dutyCycle": "DuskTillDawn()"
    },
    {
      "parent": "/Far__x12_z2/Far__x12_z2_LFS/Far_Liquids Bay/IndustryBuildings (1)/Offices_Medium2",
      "hash": "31173A6F0B0DFC4E0:31173A6F0B0DFC4E0",
      "id": "WINDOWS_4:LIT",
      "properties": {
        "file": "meshes_decoration_lights.assetbundle",
        "mesh": "Offices_Medium2_Windows4",
        "assignMaterials": {
          "hideSourcePrefab": true,
          "assignments": []
        }
      },
      "dutyCycle": "DuskTillDawn()"
    },
    {
      "parent": "/Far__x12_z2/Far__x12_z2_LFS/Far_Liquids Bay/IndustryBuildings (1)/Warehouse_MediumFlat2",
      "hash": "31333C6F0B0E38360:31333C6F0B0E38360",
      "id": "WINDOWS_1:LIT",
      "properties": {
        "file": "meshes_decoration_lights.assetbundle",
        "mesh": "Warehouse_MediumFlat2_Windows1",
        "assignMaterials": {
          "hideSourcePrefab": true,
          "assignments": []
        }
      },
      "dutyCycle": "DuskTillDawn()"
    },
    {
      "parent": "/Far__x12_z2/Far__x12_z2_LFS/Far_Liquids Bay/IndustryBuildings (1)/Warehouse_MediumFlat2",
      "hash": "31333C6F0B0E38360:31333C6F0B0E38360",
      "id": "WINDOWS_4:LIT",
      "properties": {
        "file": "meshes_decoration_lights.assetbundle",
        "mesh": "Warehouse_MediumFlat2_Windows4",
        "assignMaterials": {
          "hideSourcePrefab": true,
          "assignments": []
        }
      },
      "dutyCycle": "DuskTillDawn()"
    },
    {
      "parent": "/Far__x12_z2/Far__x12_z2_LFS/Far_Liquids Bay/IndustryBuildings (1)/Warehouse_MediumFlat (8)",
      "hash": "3185036F0B0EC51C0:3185036F0B0EC51C0",
      "id": "WINDOWS_1:LIT",
      "properties": {
        "file": "meshes_decoration_lights.assetbundle",
        "mesh": "Warehouse_MediumFlat_Windows1",
        "assignMaterials": {
          "hideSourcePrefab": true,
          "assignments": []
        }
      },
      "dutyCycle": "DuskTillDawn()"
    },
    {
      "parent": "/Far__x12_z2/Far__x12_z2_LFS/Far_Liquids Bay/IndustryBuildings (1)/Warehouse_MediumFlat (8)",
      "hash": "3185036F0B0EC51C0:3185036F0B0EC51C0",
      "id": "WINDOWS_3:LIT",
      "properties": {
        "file": "meshes_decoration_lights.assetbundle",
        "mesh": "Warehouse_MediumFlat_Windows3",
        "assignMaterials": {
          "hideSourcePrefab": true,
          "assignments": []
        }
      },
      "dutyCycle": "DuskTillDawn()"
    },
    {
      "parent": "/Far__x12_z2/Far__x12_z2_LFS/Far_Liquids Bay/IndustryBuildings (1)/Warehouse_MediumFlat (8)",
      "hash": "3185036F0B0EC51C0:3185036F0B0EC51C0",
      "id": "WINDOWS_5:LIT",
      "properties": {
        "file": "meshes_decoration_lights.assetbundle",
        "mesh": "Warehouse_MediumFlat_Windows5",
        "assignMaterials": {
          "hideSourcePrefab": true,
          "assignments": []
        }
      },
      "dutyCycle": "DuskTillDawn()"
    },
    {
      "parent": "/Far__x12_z2/Far__x12_z2_LFS/Far_Liquids Bay/IndustryBuildings (1)/Warehouse_MediumFlat (7)",
      "hash": "319A4C6F0B0EBB0A0:319A4C6F0B0EBB0A0",
      "id": "WINDOWS_2:LIT",
      "properties": {
        "file": "meshes_decoration_lights.assetbundle",
        "mesh": "Warehouse_MediumFlat_Windows2",
        "assignMaterials": {
          "hideSourcePrefab": true,
          "assignments": []
        }
      },
      "dutyCycle": "DuskTillDawn()"
    },
    {
      "parent": "/Far__x12_z2/Far__x12_z2_LFS/Far_Liquids Bay/IndustryBuildings (1)/Warehouse_MediumFlat (7)",
      "hash": "319A4C6F0B0EBB0A0:319A4C6F0B0EBB0A0",
      "id": "WINDOWS_4:LIT",
      "properties": {
        "file": "meshes_decoration_lights.assetbundle",
        "mesh": "Warehouse_MediumFlat_Windows4",
        "assignMaterials": {
          "hideSourcePrefab": true,
          "assignments": []
        }
      },
      "dutyCycle": "DuskTillDawn()"
    },
    {
      "parent": "/Far__x12_z2/Far__x12_z2_LFS/Far_City Grid/IndustryBuildings (1)/Supermarket (1)",
      "hash": "3578496F0B0DC0420:3578496F0B0DC0420",
      "id": "WINDOWS_1:LIT",
      "properties": {
        "file": "meshes_decoration_lights.assetbundle",
        "mesh": "Supermarket_Windows1",
        "assignMaterials": {
          "hideSourcePrefab": true,
          "assignments": []
        }
      },
      "dutyCycle": "DuskTillDawn()"
    },
    {
      "parent": "/Far__x12_z2/Far__x12_z2_LFS/Far_City Grid/IndustryBuildings (1)/Warehouse_MediumFlat (2)",
      "hash": "358F086F0B0D79290:358F086F0B0D79290",
      "id": "WINDOWS_1:LIT",
      "properties": {
        "file": "meshes_decoration_lights.assetbundle",
        "mesh": "Warehouse_MediumFlat_Windows1",
        "assignMaterials": {
          "hideSourcePrefab": true,
          "assignments": []
        }
      },
      "dutyCycle": "DuskTillDawn()"
    },
    {
      "parent": "/Far__x12_z2/Far__x12_z2_LFS/Far_City Grid/IndustryBuildings (1)/Warehouse_MediumFlat (2)",
      "hash": "358F086F0B0D79290:358F086F0B0D79290",
      "id": "WINDOWS_2:LIT",
      "properties": {
        "file": "meshes_decoration_lights.assetbundle",
        "mesh": "Warehouse_MediumFlat_Windows2",
        "assignMaterials": {
          "hideSourcePrefab": true,
          "assignments": []
        }
      },
      "dutyCycle": "DuskTillDawn()"
    },
    {
      "parent": "/Far__x12_z2/Far__x12_z2_LFS/Far_City Grid/IndustryBuildings (1)/Warehouse_OldMedium (2)",
      "hash": "3551626F0B0D65360:3551626F0B0D65360",
      "id": "WINDOWS_1:LIT",
      "properties": {
        "file": "meshes_decoration_lights.assetbundle",
        "mesh": "Warehouse_OldMedium_Windows1",
        "assignMaterials": {
          "hideSourcePrefab": true,
          "assignments": []
        }
      },
      "dutyCycle": "DuskTillDawn()"
    },
    {
      "parent": "/Far__x12_z2/Far__x12_z2_LFS/Far_City Grid/IndustryBuildings (1)/Warehouse_OldMedium (2)",
      "hash": "3551626F0B0D65360:3551626F0B0D65360",
      "id": "WINDOWS_3:LIT",
      "properties": {
        "file": "meshes_decoration_lights.assetbundle",
        "mesh": "Warehouse_OldMedium_Windows3",
        "assignMaterials": {
          "hideSourcePrefab": true,
          "assignments": []
        }
      },
      "dutyCycle": "DuskTillDawn()"
    },
    {
      "parent": "/Far__x12_z2/Far__x12_z2_LFS/Far_City Grid/IndustryBuildings (1)/Warehouse_OldMedium (2)",
      "hash": "3551626F0B0D65360:3551626F0B0D65360",
      "id": "WINDOWS_5:LIT",
      "properties": {
        "file": "meshes_decoration_lights.assetbundle",
        "mesh": "Warehouse_OldMedium_Windows5",
        "assignMaterials": {
          "hideSourcePrefab": true,
          "assignments": []
        }
      },
      "dutyCycle": "DuskTillDawn()"
    },
    {
      "parent": "/Far__x12_z2/Far__x12_z2_LFS/Far_City Grid/IndustryBuildings (1)/Warehouse_OldMedium (1)",
      "hash": "3550306F0B0D483A0:3550306F0B0D483A0",
      "id": "WINDOWS_3:LIT",
      "properties": {
        "file": "meshes_decoration_lights.assetbundle",
        "mesh": "Warehouse_OldMedium_Windows3",
        "assignMaterials": {
          "hideSourcePrefab": true,
          "assignments": []
        }
      },
      "dutyCycle": "DuskTillDawn()"
    },
    {
      "parent": "/Far__x12_z2/Far__x12_z2_LFS/Far_City Grid/IndustryBuildings (1)/Warehouse_OldMedium (1)",
      "hash": "3550306F0B0D483A0:3550306F0B0D483A0",
      "id": "WINDOWS_2:LIT",
      "properties": {
        "file": "meshes_decoration_lights.assetbundle",
        "mesh": "Warehouse_OldMedium_Windows2",
        "assignMaterials": {
          "hideSourcePrefab": true,
          "assignments": []
        }
      },
      "dutyCycle": "DuskTillDawn()"
    },
    {
      "parent": "/Far__x12_z2/Far__x12_z2_LFS/Far_City Grid/IndustryBuildings (1)/Warehouse_OldMedium (1)",
      "hash": "3550306F0B0D483A0:3550306F0B0D483A0",
      "id": "WINDOWS_4:LIT",
      "properties": {
        "file": "meshes_decoration_lights.assetbundle",
        "mesh": "Warehouse_OldMedium_Windows4",
        "assignMaterials": {
          "hideSourcePrefab": true,
          "assignments": []
        }
      },
      "dutyCycle": "DuskTillDawn()"
    },
    {
      "parent": "/Far__x12_z2/Far__x12_z2_LFS/Far_City Grid/IndustryBuildings (1)/Warehouse_OldMedium",
      "hash": "354E626F0B0D2B3E0:354E626F0B0D2B3E0",
      "id": "WINDOWS_2:LIT",
      "properties": {
        "file": "meshes_decoration_lights.assetbundle",
        "mesh": "Warehouse_OldMedium_Windows2",
        "assignMaterials": {
          "hideSourcePrefab": true,
          "assignments": []
        }
      },
      "dutyCycle": "DuskTillDawn()"
    },
    {
      "parent": "/Far__x12_z2/Far__x12_z2_LFS/Far_City Grid/IndustryBuildings (1)/Warehouse_OldMedium",
      "hash": "354E626F0B0D2B3E0:354E626F0B0D2B3E0",
      "id": "WINDOWS_5:LIT",
      "properties": {
        "file": "meshes_decoration_lights.assetbundle",
        "mesh": "Warehouse_OldMedium_Windows5",
        "assignMaterials": {
          "hideSourcePrefab": true,
          "assignments": []
        }
      },
      "dutyCycle": "DuskTillDawn()"
    },
    {
      "parent": "/Far__x12_z2/Far__x12_z2_LFS/Far_City Grid/IndustryBuildings (1)/Warehouse_TruckTall",
      "hash": "34C8196F0B0D0D350:34C8196F0B0D0D350",
      "id": "WINDOWS_2:LIT",
      "properties": {
        "file": "meshes_decoration_lights.assetbundle",
        "mesh": "Warehouse_TruckTall_Windows2",
        "assignMaterials": {
          "hideSourcePrefab": true,
          "assignments": []
        }
      },
      "dutyCycle": "DuskTillDawn()"
    },
    {
      "parent": "/Far__x12_z2/Far__x12_z2_LFS/Far_City Grid/IndustryBuildings (1)/Warehouse_TruckTall",
      "hash": "34C8196F0B0D0D350:34C8196F0B0D0D350",
      "id": "WINDOWS_1:LIT",
      "properties": {
        "file": "meshes_decoration_lights.assetbundle",
        "mesh": "Warehouse_TruckTall_Windows1",
        "assignMaterials": {
          "hideSourcePrefab": true,
          "assignments": []
        }
      },
      "dutyCycle": "DuskTillDawn()"
    },
    {
      "parent": "/Far__x12_z2/Far__x12_z2_LFS/Far_City Grid/IndustryBuildings (1)/Warehouse_TruckTall",
      "hash": "34C8196F0B0D0D350:34C8196F0B0D0D350",
      "id": "WINDOWS_3:LIT",
      "properties": {
        "file": "meshes_decoration_lights.assetbundle",
        "mesh": "Warehouse_TruckTall_Windows3",
        "assignMaterials": {
          "hideSourcePrefab": true,
          "assignments": []
        }
      },
      "dutyCycle": "DuskTillDawn()"
    },
    {
      "parent": "/Far__x12_z2/Far__x12_z2_LFS/Far_City Grid/IndustryBuildings (1)/Warehouse_MediumFlat2",
      "hash": "34DF206F0B0D482A0:34DF206F0B0D482A0",
      "id": "WINDOWS_1:LIT",
      "properties": {
        "file": "meshes_decoration_lights.assetbundle",
        "mesh": "Warehouse_MediumFlat2_Windows1",
        "assignMaterials": {
          "hideSourcePrefab": true,
          "assignments": []
        }
      },
      "dutyCycle": "DuskTillDawn()"
    },
    {
      "parent": "/Far__x12_z2/Far__x12_z2_LFS/Far_City Grid/IndustryBuildings (1)/Warehouse_MediumFlat2",
      "hash": "34DF206F0B0D482A0:34DF206F0B0D482A0",
      "id": "WINDOWS_2:LIT",
      "properties": {
        "file": "meshes_decoration_lights.assetbundle",
        "mesh": "Warehouse_MediumFlat2_Windows2",
        "assignMaterials": {
          "hideSourcePrefab": true,
          "assignments": []
        }
      },
      "dutyCycle": "DuskTillDawn()"
    },
    {
      "parent": "/Far__x12_z2/Far__x12_z2_LFS/Far_City Grid/IndustryBuildings (1)/Warehouse_MediumFlat2 (1)",
      "hash": "34C5236F0B0D494C0:34C5236F0B0D494C0",
      "id": "WINDOWS_2:LIT",
      "properties": {
        "file": "meshes_decoration_lights.assetbundle",
        "mesh": "Warehouse_MediumFlat2_Windows2",
        "assignMaterials": {
          "hideSourcePrefab": true,
          "assignments": []
        }
      },
      "dutyCycle": "DuskTillDawn()"
    },
    {
      "parent": "/Far__x12_z2/Far__x12_z2_LFS/Far_City Grid/IndustryBuildings (1)/Warehouse_MediumFlat2 (1)",
      "hash": "34C5236F0B0D494C0:34C5236F0B0D494C0",
      "id": "WINDOWS_4:LIT",
      "properties": {
        "file": "meshes_decoration_lights.assetbundle",
        "mesh": "Warehouse_MediumFlat2_Windows4",
        "assignMaterials": {
          "hideSourcePrefab": true,
          "assignments": []
        }
      },
      "dutyCycle": "DuskTillDawn()"
    },
    {
      "parent": "/Far__x12_z2/Far__x12_z2_LFS/Far_City Grid/IndustryBuildings (1)/Warehouse_MediumFlat2 (1)",
      "hash": "34C5236F0B0D494C0:34C5236F0B0D494C0",
      "id": "WINDOWS_5:LIT",
      "properties": {
        "file": "meshes_decoration_lights.assetbundle",
        "mesh": "Warehouse_MediumFlat2_Windows5",
        "assignMaterials": {
          "hideSourcePrefab": true,
          "assignments": []
        }
      },
      "dutyCycle": "DuskTillDawn()"
    },
    {
      "parent": "/Far__x12_z2/Far__x12_z2_LFS/Far_City Grid/IndustryBuildings (1)/Warehouse_TruckTall (1)",
      "hash": "347D236F0B0D11290:347D236F0B0D11290",
      "id": "WINDOWS_3:LIT",
      "properties": {
        "file": "meshes_decoration_lights.assetbundle",
        "mesh": "Warehouse_TruckTall_Windows3",
        "assignMaterials": {
          "hideSourcePrefab": true,
          "assignments": []
        }
      },
      "dutyCycle": "DuskTillDawn()"
    },
    {
      "parent": "/Far__x12_z2/Far__x12_z2_LFS/Far_City Grid/IndustryBuildings (1)/Warehouse_TruckTall (1)",
      "hash": "347D236F0B0D11290:347D236F0B0D11290",
      "id": "WINDOWS_4:LIT",
      "properties": {
        "file": "meshes_decoration_lights.assetbundle",
        "mesh": "Warehouse_TruckTall_Windows4",
        "assignMaterials": {
          "hideSourcePrefab": true,
          "assignments": []
        }
      },
      "dutyCycle": "DuskTillDawn()"
    },
    {
      "parent": "/Far__x12_z2/Far__x12_z2_LFS/Far_City Grid/IndustryBuildings (1)/Warehouse_TruckTall (1)",
      "hash": "347D236F0B0D11290:347D236F0B0D11290",
      "id": "WINDOWS_5:LIT",
      "properties": {
        "file": "meshes_decoration_lights.assetbundle",
        "mesh": "Warehouse_TruckTall_Windows5",
        "assignMaterials": {
          "hideSourcePrefab": true,
          "assignments": []
        }
      },
      "dutyCycle": "DuskTillDawn()"
    },
    {
      "parent": "/Far__x12_z2/Far__x12_z2_LFS/Far_City Grid/IndustryBuildings (1)/Warehouse_TruckTall (2)",
      "hash": "3461496F0B0D665F0:3461496F0B0D665F0",
      "id": "WINDOWS_1:LIT",
      "properties": {
        "file": "meshes_decoration_lights.assetbundle",
        "mesh": "Warehouse_TruckTall_Windows1",
        "assignMaterials": {
          "hideSourcePrefab": true,
          "assignments": []
        }
      },
      "dutyCycle": "DuskTillDawn()"
    },
    {
      "parent": "/Far__x12_z2/Far__x12_z2_LFS/Far_City Grid/IndustryBuildings (1)/Warehouse_TruckTall (2)",
      "hash": "3461496F0B0D665F0:3461496F0B0D665F0",
      "id": "WINDOWS_2:LIT",
      "properties": {
        "file": "meshes_decoration_lights.assetbundle",
        "mesh": "Warehouse_TruckTall_Windows2",
        "assignMaterials": {
          "hideSourcePrefab": true,
          "assignments": []
        }
      },
      "dutyCycle": "DuskTillDawn()"
    },
    {
      "parent": "/Far__x12_z2/Far__x12_z2_LFS/Far_Cargo Bay/IndustryBuildings (1)/Factory_FlatLarge (1)",
      "hash": "33FC0B6F0B0CFF350:33FC0B6F0B0CFF350",
      "id": "WINDOWS_1:LIT",
      "properties": {
        "file": "meshes_decoration_lights.assetbundle",
        "mesh": "Factory_FlatLarge_Windows1",
        "assignMaterials": {
          "hideSourcePrefab": true,
          "assignments": []
        }
      },
      "dutyCycle": "DuskTillDawn()"
    },
    {
      "parent": "/Far__x12_z2/Far__x12_z2_LFS/Far_City Grid/IndustryBuildings (1)/Warehouse_Truck (3)",
      "hash": "33D0316F0B0DB3370:33D0316F0B0DB3370",
      "id": "WINDOWS_2:LIT",
      "properties": {
        "file": "meshes_decoration_lights.assetbundle",
        "mesh": "Warehouse_Truck_Windows2",
        "assignMaterials": {
          "hideSourcePrefab": true,
          "assignments": []
        }
      },
      "dutyCycle": "DuskTillDawn()"
    },
    {
      "parent": "/Far__x12_z2/Far__x12_z2_LFS/Far_City Grid/IndustryBuildings (1)/FakeOffice_4 (1)",
      "hash": "361B356F0B0E532D0:361B356F0B0E532D0",
      "id": "WINDOWS_1:LIT",
      "properties": {
        "file": "meshes_decoration_lights.assetbundle",
        "mesh": "FakeOffice_4_Windows1",
        "assignMaterials": {
          "hideSourcePrefab": true,
          "assignments": []
        }
      },
      "dutyCycle": "DuskTillDawn()"
    },
    {
      "parent": "/Far__x12_z2/Far__x12_z2_LFS/Far_Cargo Bay/IndustryBuildings (1)/FakeOffice_4",
      "hash": "3293476F0B0E015D0:3293476F0B0E015D0",
      "id": "WINDOWS_1:LIT",
      "properties": {
        "file": "meshes_decoration_lights.assetbundle",
        "mesh": "FakeOffice_4_Windows1",
        "assignMaterials": {
          "hideSourcePrefab": true,
          "assignments": []
        }
      },
      "dutyCycle": "DuskTillDawn()"
    },
    {
      "parent": "/Far__x12_z2/Far__x12_z2_LFS/Far_City Grid/IndustryBuildings (1)/Warehouse_Truck",
      "hash": "3584596F0B0D3B550:3584596F0B0D3B550",
      "id": "WINDOWS_1:LIT",
      "properties": {
        "file": "meshes_decoration_lights.assetbundle",
        "mesh": "Warehouse_Truck_Windows1",
        "assignMaterials": {
          "hideSourcePrefab": true,
          "assignments": []
        }
      },
      "dutyCycle": "DuskTillDawn()"
    },
    {
      "parent": "/Far__x12_z2/Far__x12_z2_LFS/Far_City Grid/IndustryBuildings (1)/Warehouse_Truck",
      "hash": "3584596F0B0D3B550:3584596F0B0D3B550",
      "id": "WINDOWS_3:LIT",
      "properties": {
        "file": "meshes_decoration_lights.assetbundle",
        "mesh": "Warehouse_Truck_Windows3",
        "assignMaterials": {
          "hideSourcePrefab": true,
          "assignments": []
        }
      },
      "dutyCycle": "DuskTillDawn()"
    },
    {
      "parent": "/Far__x12_z2/Far__x12_z2_LFS/Far_City Grid/IndustryBuildings (1)/Warehouse_Truck",
      "hash": "3584596F0B0D3B550:3584596F0B0D3B550",
      "id": "WINDOWS_5:LIT",
      "properties": {
        "file": "meshes_decoration_lights.assetbundle",
        "mesh": "Warehouse_Truck_Windows5",
        "assignMaterials": {
          "hideSourcePrefab": true,
          "assignments": []
        }
      },
      "dutyCycle": "DuskTillDawn()"
    },
    {
      "parent": "/Far__x12_z2/Far__x12_z2_LFS/Far_Cargo Bay/IndustryBuildings (1)/FakeOffice_6",
      "hash": "341B4E6F0B0C90050:341B4E6F0B0C90050",
      "id": "WINDOWS_1:LIT",
      "properties": {
        "file": "meshes_decoration_lights.assetbundle",
        "mesh": "FakeOffice_6_Windows1",
        "assignMaterials": {
          "hideSourcePrefab": true,
          "assignments": []
        }
      },
      "dutyCycle": "DuskTillDawn()"
    },
    {
      "parent": "/Far__x12_z2/Far__x12_z2_LFS/Far_Cargo Bay/IndustryBuildings (1)/FakeOffice_6",
      "hash": "341B4E6F0B0C90050:341B4E6F0B0C90050",
      "id": "WINDOWS_2:LIT",
      "properties": {
        "file": "meshes_decoration_lights.assetbundle",
        "mesh": "FakeOffice_6_Windows2",
        "assignMaterials": {
          "hideSourcePrefab": true,
          "assignments": []
        }
      },
      "dutyCycle": "DuskTillDawn()"
    }
  ]
}