{
  "version": 97,
  "enabled": true,
  "priority": "Normal",
  "lights": [
    {
      "parent": "/Far__x12_z2/Far__x12_z2_LFS/Far_Liquids Bay/Railway (1)/Roundhouse/Collider/roundhouse",
      "position": "(-13.2785044,6.673163,-28.4708748)",
      "rotation": "(0.418140948,-0.5809222,0.471693128,0.514969051)",
      "hash": "31C83B71100E03460:31E74F77540E07270",
      "properties": {
        "type": "Point",
        "intensity": 1.0,
        "range": 20.0,
        "colour": "#FFB24D",
        "corona": {
          "sprite": "corona_orange01.png",
          "scale": 0.75,
          "range": 100.0
        },
        "dutyCycle": "DuskTillDawn()"
      }
    },
    {
      "parent": "/Far__x12_z2/Far__x12_z2_LFS/Far_Liquids Bay/Railway (1)/Roundhouse/Collider/roundhouse",
      "position": "(-22.1976871,6.673323,-22.2285385)",
      "rotation": "(0.493696719,-0.482673883,0.391918153,0.6080211)",
      "hash": "31C83B71100E03460:31E71277540DFC340",
      "properties": {
        "type": "Point",
        "intensity": 1.0,
        "range": 20.0,
        "colour": "#FFB24D",
        "corona": {
          "sprite": "corona_orange01.png",
          "scale": 0.75,
          "range": 100.0
        },
        "dutyCycle": "DuskTillDawn()"
      }
    },
    {
      "parent": "/Far__x12_z2/Far__x12_z2_LFS/Far_Liquids Bay/Railway (1)/Roundhouse/Collider/roundhouse",
      "position": "(-30.3371162,6.67661142,-8.145168)",
      "rotation": "(0.590346038,-0.269887418,0.218681037,0.7285815)",
      "hash": "31C83B71100E03460:31DF3177540DEE130",
      "properties": {
        "type": "Point",
        "intensity": 1.0,
        "range": 20.0,
        "colour": "#FFB24D",
        "corona": {
          "sprite": "corona_orange01.png",
          "scale": 0.75,
          "range": 100.0
        },
        "dutyCycle": "DuskTillDawn()"
      }
    },
    {
      "parent": "/Far__x12_z2/Far__x12_z2_LFS/Far_Liquids Bay/Railway (1)/Roundhouse/PostProcOfficeVolumeAO (1)",
      "position": "(-47.9697151,7.60950327,0.5996574)",
      "rotation": "(0,0.94484365,0,-0.327521861)",
      "hash": "31C83B71100E03460:31ED5A784D0DE5360",
      "properties": {
        "type": "Point",
        "intensity": 1.0,
        "range": 20.0,
        "colour": "#FFFFFF",
        "corona": null,
        "dutyCycle": null
      }
    },
    {
      "parent": "/Far__x12_z2/Far__x12_z2_LFS/Far_Liquids Bay/Railway (1)/Roundhouse/Collider/roundhouse",
      "position": "(-31.6975269,7.87413645,-37.2476273)",
      "rotation": "(0,0.997417748,0,-0.07181844)",
      "hash": "31C83B71100E03460:31F85F79040DFC230",
      "properties": {
        "type": "Point",
        "intensity": 1.0,
        "range": 20.0,
        "colour": "#FFFFFF",
        "corona": null,
        "dutyCycle": null
      }
    },
    {
      "parent": "/Far__x12_z2/Far__x12_z2_LFS/Far_Liquids Bay/Railway (1)/Roundhouse/Collider/roundhouse",
      "position": "(-28.5269718,6.65898,-13.319252)",
      "rotation": "(0.554252744,-0.369758278,0.300233781,0.6825998)",
      "hash": "31C83B71100E03460:31E25E77520DF22D0",
      "properties": {
        "type": "Point",
        "intensity": 1.0,
        "range": 20.0,
        "colour": "#FFB24D",
        "corona": {
          "sprite": "corona_orange01.png",
          "scale": 0.75,
          "range": 100.0
        },
        "dutyCycle": "DuskTillDawn()"
      }
    },
    {
      "parent": "/Far__x12_z2/Far__x12_z2_LFS/Far_Liquids Bay/Railway (1)/Roundhouse/Turntable/Collider/control_house/%GROUP%_Mesh00004C0310000008",
      "position": "(0,0.285,-0.04)",
      "rotation": "(0,0.9618294,0,0.273649752)",
      "hash": "31D45073230E0E280:31D45F731F0E0E100",
      "properties": {
        "type": "Point",
        "intensity": 0.5,
        "range": 10.0,
        "colour": "#FFFFFF",
        "corona": {
          "sprite": "corona_flare02.png",
          "scale": 0.87,
          "range": 100.0
        },
        "dutyCycle": "DuskTillDawn()"
      }
    }
  ],
  "meshes": [
    {
      "parent": "/Far__x12_z2/Far__x12_z2_LFS/Far_Liquids Bay/Railway (1)/Roundhouse/Turntable/Collider/control_house",
      "position": "(-0.769803047,3.160183,0.08801079)",
      "rotation": "(-0.680116057,-0.1934996,-0.1934996,0.6801161)",
      "hash": "31D42F70130E0F0A0:31D45073230E0E280",
      "properties": {
        "file": "meshes_lampposts.assetbundle",
        "mesh": "FloodLight_Wall"
      }
    }
  ],
  "decorations": []
}