{
  "version": 97,
  "enabled": true,
  "priority": "Normal",
  "lights": [
    {
      "parent": "/Far__x12_z2/Far__x12_z2_LFS/Far_City Grid/PassengerPlatform (1)/Railway_Platform_RoofWide (1)/Collider/%GROUP%_Mesh00020D0707000804",
      "position": "(0,0.25,0.5)",
      "rotation": "(0.6464226,0.0197014939,-0.01670136,0.7625422)",
      "hash": "35210478400DF0260:35213678270DF0250",
      "properties": {
        "type": "Point",
        "intensity": 0.5,
        "range": 10.0,
        "colour": "#FFFFFF",
        "corona": null,
        "dutyCycle": "Always()"
      }
    },
    {
      "parent": "/Far__x12_z2/Far__x12_z2_LFS/Far_City Grid/PassengerPlatform (1)/Railway_Platform_RoofWide (1)/Collider/%GROUP%_Mesh00020D0707000804",
      "position": "(0,0.25,-0.5)",
      "rotation": "(0.6464226,0.0197014939,-0.01670136,0.7625422)",
      "hash": "35210478400DF0260:35203678270DF0280",
      "properties": {
        "type": "Point",
        "intensity": 0.5,
        "range": 10.0,
        "colour": "#FFFFFF",
        "corona": null,
        "dutyCycle": "Always()"
      }
    },
    {
      "parent": "/Far__x12_z2/Far__x12_z2_LFS/Far_City Grid/PassengerPlatform (1)/Railway_Platform_RoofWide (1)/Collider/%GROUP%_Mesh00020F0707000802",
      "position": "(0,0.25,0.5)",
      "rotation": "(-0.0167013537,0.7625424,-0.6464225,-0.0197014976)",
      "hash": "35205478400DEC0A0:35212278270DEC060",
      "properties": {
        "type": "Point",
        "intensity": 0.5,
        "range": 10.0,
        "colour": "#FFFFFF",
        "corona": null,
        "dutyCycle": "Always()"
      }
    },
    {
      "parent": "/Far__x12_z2/Far__x12_z2_LFS/Far_City Grid/PassengerPlatform (1)/Railway_Platform_RoofWide (1)/Collider/%GROUP%_Mesh00020F0707000802",
      "position": "(0,0.25,-0.5)",
      "rotation": "(-0.0167013537,0.7625424,-0.6464225,-0.0197014976)",
      "hash": "35205478400DEC0A0:35202278270DEC0F0",
      "properties": {
        "type": "Point",
        "intensity": 0.5,
        "range": 10.0,
        "colour": "#FFFFFF",
        "corona": null,
        "dutyCycle": "Always()"
      }
    },
    {
      "parent": "/Far__x12_z2/Far__x12_z2_LFS/Far_City Grid/PassengerPlatform (1)/Railway_Platform_RoofWide (1)/Collider/%GROUP%_Mesh00020D0707000761",
      "position": "(0,0.25,0.5)",
      "rotation": "(0.6464226,0.0197014939,-0.01670136,0.7625422)",
      "hash": "35310378400DEF370:35313578270DEF370",
      "properties": {
        "type": "Point",
        "intensity": 0.5,
        "range": 10.0,
        "colour": "#FFFFFF",
        "corona": null,
        "dutyCycle": "Always()"
      }
    },
    {
      "parent": "/Far__x12_z2/Far__x12_z2_LFS/Far_City Grid/PassengerPlatform (1)/Railway_Platform_RoofWide (1)/Collider/%GROUP%_Mesh00020D0707000761",
      "position": "(0,0.25,-0.5)",
      "rotation": "(0.6464226,0.0197014939,-0.01670136,0.7625422)",
      "hash": "35310378400DEF370:35303578270DEF380",
      "properties": {
        "type": "Point",
        "intensity": 0.5,
        "range": 10.0,
        "colour": "#FFFFFF",
        "corona": null,
        "dutyCycle": "Always()"
      }
    },
    {
      "parent": "/Far__x12_z2/Far__x12_z2_LFS/Far_City Grid/PassengerPlatform (1)/Railway_Platform_RoofWide (1)/Collider/%GROUP%_Mesh0002180709000760",
      "position": "(0,0.25,0.5)",
      "rotation": "(-0.0167013537,0.7625424,-0.6464225,-0.0197014976)",
      "hash": "35305078420DEB130:35311E78290DEB100",
      "properties": {
        "type": "Point",
        "intensity": 0.5,
        "range": 10.0,
        "colour": "#FFFFFF",
        "corona": null,
        "dutyCycle": "Always()"
      }
    },
    {
      "parent": "/Far__x12_z2/Far__x12_z2_LFS/Far_City Grid/PassengerPlatform (1)/Railway_Platform_RoofWide (1)/Collider/%GROUP%_Mesh0002180709000760",
      "position": "(0,0.25,-0.5)",
      "rotation": "(-0.0167013537,0.7625424,-0.6464225,-0.0197014976)",
      "hash": "35305078420DEB130:35301E78290DEB150",
      "properties": {
        "type": "Point",
        "intensity": 0.5,
        "range": 10.0,
        "colour": "#FFFFFF",
        "corona": null,
        "dutyCycle": "Always()"
      }
    },
    {
      "parent": "/Far__x12_z2/Far__x12_z2_LFS/Far_City Grid/PassengerPlatform (1)/Railway_Platform_RoofWide (3)/Collider/%GROUP%_Mesh0002110708000760",
      "position": "(0,0.25,0.5)",
      "rotation": "(0.6464226,0.0197014939,-0.01670136,0.7625422)",
      "hash": "35302478410DE23E0:35305678280DE23C0",
      "properties": {
        "type": "Point",
        "intensity": 0.5,
        "range": 10.0,
        "colour": "#FFFFFF",
        "corona": null,
        "dutyCycle": "Always()"
      }
    },
    {
      "parent": "/Far__x12_z2/Far__x12_z2_LFS/Far_City Grid/PassengerPlatform (1)/Railway_Platform_RoofWide (3)/Collider/%GROUP%_Mesh0002110708000760",
      "position": "(0,0.25,-0.5)",
      "rotation": "(0.6464226,0.0197014939,-0.01670136,0.7625422)",
      "hash": "35302478410DE23E0:352F5678280DE2400",
      "properties": {
        "type": "Point",
        "intensity": 0.5,
        "range": 10.0,
        "colour": "#FFFFFF",
        "corona": null,
        "dutyCycle": "Always()"
      }
    },
    {
      "parent": "/Far__x12_z2/Far__x12_z2_LFS/Far_City Grid/PassengerPlatform (1)/Railway_Platform_RoofWide (3)/Collider/%GROUP%_Mesh000211070800075E",
      "position": "(0,0.25,0.5)",
      "rotation": "(-0.0167013537,0.7625424,-0.6464225,-0.0197014976)",
      "hash": "35300B78410DDE1B0:35303D78280DDE190",
      "properties": {
        "type": "Point",
        "intensity": 0.5,
        "range": 10.0,
        "colour": "#FFFFFF",
        "corona": null,
        "dutyCycle": "Always()"
      }
    },
    {
      "parent": "/Far__x12_z2/Far__x12_z2_LFS/Far_City Grid/PassengerPlatform (1)/Railway_Platform_RoofWide (3)/Collider/%GROUP%_Mesh000211070800075E",
      "position": "(0,0.25,-0.5)",
      "rotation": "(-0.0167013537,0.7625424,-0.6464225,-0.0197014976)",
      "hash": "35300B78410DDE1B0:352F3D78280DDE1E0",
      "properties": {
        "type": "Point",
        "intensity": 0.5,
        "range": 10.0,
        "colour": "#FFFFFF",
        "corona": null,
        "dutyCycle": "Always()"
      }
    },
    {
      "parent": "/Far__x12_z2/Far__x12_z2_LFS/Far_City Grid/PassengerPlatform (1)/Railway_Platform_RoofWide (3)/Collider/%GROUP%_Mesh0002150708000800",
      "position": "(0,0.25,0.5)",
      "rotation": "(-0.0167013537,0.7625424,-0.6464225,-0.0197014976)",
      "hash": "35201278410DDF050:35204478280DDF020",
      "properties": {
        "type": "Point",
        "intensity": 0.5,
        "range": 10.0,
        "colour": "#FFFFFF",
        "corona": null,
        "dutyCycle": "Always()"
      }
    },
    {
      "parent": "/Far__x12_z2/Far__x12_z2_LFS/Far_City Grid/PassengerPlatform (1)/Railway_Platform_RoofWide (3)/Collider/%GROUP%_Mesh0002150708000800",
      "position": "(0,0.25,-0.5)",
      "rotation": "(-0.0167013537,0.7625424,-0.6464225,-0.0197014976)",
      "hash": "35201278410DDF050:351F4578280DDF090",
      "properties": {
        "type": "Point",
        "intensity": 0.5,
        "range": 10.0,
        "colour": "#FFFFFF",
        "corona": null,
        "dutyCycle": "Always()"
      }
    },
    {
      "parent": "/Far__x12_z2/Far__x12_z2_LFS/Far_City Grid/PassengerPlatform (1)/Railway_Platform_RoofWide (3)/Collider/%GROUP%_Mesh00020E0707000806",
      "position": "(0,0.25,0.5)",
      "rotation": "(0.6464226,0.0197014939,-0.01670136,0.7625422)",
      "hash": "35202278400DE3290:35205478270DE3280",
      "properties": {
        "type": "Point",
        "intensity": 0.5,
        "range": 10.0,
        "colour": "#FFFFFF",
        "corona": null,
        "dutyCycle": "Always()"
      }
    },
    {
      "parent": "/Far__x12_z2/Far__x12_z2_LFS/Far_City Grid/PassengerPlatform (1)/Railway_Platform_RoofWide (3)/Collider/%GROUP%_Mesh00020E0707000806",
      "position": "(0,0.25,-0.5)",
      "rotation": "(0.6464226,0.0197014939,-0.01670136,0.7625422)",
      "hash": "35202278400DE3290:351F5478270DE32B0",
      "properties": {
        "type": "Point",
        "intensity": 0.5,
        "range": 10.0,
        "colour": "#FFFFFF",
        "corona": null,
        "dutyCycle": "Always()"
      }
    },
    {
      "parent": "/Far__x12_z2/Far__x12_z2_LFS/Far_City Grid/PassengerPlatform (1)/PedestrianOverpass05/Collider/%GROUP%_Mesh00075E0136000E26",
      "position": "(0,7.1,1.55)",
      "rotation": "(-0.7071068,0,0,0.7071068)",
      "hash": "35034872380DE2450:35021179420DE24D0",
      "properties": {
        "type": "Point",
        "intensity": 1.0,
        "range": 20.0,
        "colour": "#FFB24D",
        "corona": {
          "sprite": "corona_orange01.png",
          "scale": 0.75,
          "range": 100.0
        },
        "dutyCycle": "DuskTillDawn()"
      }
    },
    {
      "parent": "/Far__x12_z2/Far__x12_z2_LFS/Far_City Grid/PassengerPlatform (1)/PedestrianOverpass05/Collider/%GROUP%_Mesh00075E0136000E26",
      "position": "(0,7.1,-1.55)",
      "rotation": "(-0.7071068,0,0,0.7071068)",
      "hash": "35034872380DE2450:35051B79420DE23D0",
      "properties": {
        "type": "Point",
        "intensity": 1.0,
        "range": 20.0,
        "colour": "#FFB24D",
        "corona": {
          "sprite": "corona_orange01.png",
          "scale": 0.75,
          "range": 100.0
        },
        "dutyCycle": "DuskTillDawn()"
      }
    },
    {
      "parent": "/Far__x12_z2/Far__x12_z2_LFS/Far_City Grid/PassengerPlatform (1)/PedestrianOverpass05/Collider/%GROUP%_Mesh0008020136001357",
      "position": "(0,7.1,1.55)",
      "rotation": "(-0.7071068,0,0,0.7071068)",
      "hash": "34E13372380DE4360:34E30679420DE42B0",
      "properties": {
        "type": "Point",
        "intensity": 1.0,
        "range": 20.0,
        "colour": "#FFB24D",
        "corona": {
          "sprite": "corona_orange01.png",
          "scale": 0.75,
          "range": 100.0
        },
        "dutyCycle": "DuskTillDawn()"
      }
    },
    {
      "parent": "/Far__x12_z2/Far__x12_z2_LFS/Far_City Grid/PassengerPlatform (1)/PedestrianOverpass05/Collider/%GROUP%_Mesh0008020136001357",
      "position": "(0,7.1,-1.55)",
      "rotation": "(-0.7071068,0,0,0.7071068)",
      "hash": "34E13372380DE4360:34DF6179420DE4410",
      "properties": {
        "type": "Point",
        "intensity": 1.0,
        "range": 20.0,
        "colour": "#FFB24D",
        "corona": {
          "sprite": "corona_orange01.png",
          "scale": 0.75,
          "range": 100.0
        },
        "dutyCycle": "DuskTillDawn()"
      }
    },
    {
      "parent": "/Far__x12_z2/Far__x12_z2_LFS/Far_City Grid/PassengerPlatform (1)/Railway_PlatformWide_6/Collider/collider/%GROUP%_Mesh0000010100005554",
      "position": "(0,7.1,1.55)",
      "rotation": "(-0.7071068,0,0,0.7071068)",
      "hash": "354B4C72380DEC050:354A1579420DEC0D0",
      "properties": {
        "type": "Point",
        "intensity": 1.0,
        "range": 20.0,
        "colour": "#FFB24D",
        "corona": {
          "sprite": "corona_orange01.png",
          "scale": 0.75,
          "range": 100.0
        },
        "dutyCycle": "DuskTillDawn()"
      }
    },
    {
      "parent": "/Far__x12_z2/Far__x12_z2_LFS/Far_City Grid/PassengerPlatform (1)/Railway_PlatformWide_6/Collider/collider/%GROUP%_Mesh0000010100005554",
      "position": "(0,7.1,-1.55)",
      "rotation": "(-0.7071068,0,0,0.7071068)",
      "hash": "354B4C72380DEC050:354D1F79420DEB610",
      "properties": {
        "type": "Point",
        "intensity": 1.0,
        "range": 20.0,
        "colour": "#FFB24D",
        "corona": {
          "sprite": "corona_orange01.png",
          "scale": 0.75,
          "range": 100.0
        },
        "dutyCycle": "DuskTillDawn()"
      }
    },
    {
      "parent": "/Far__x12_z2/Far__x12_z2_LFS/Far_City Grid/PassengerPlatform (1)/PedestrianOverpass05/Collider/%GROUP%_Mesh00074C0136005532",
      "position": "(0,7.1,1.55)",
      "rotation": "(-0.7071068,0,0,0.7071068)",
      "hash": "354A4A72380DDE540:35491379420DDE5F0",
      "properties": {
        "type": "Point",
        "intensity": 1.0,
        "range": 20.0,
        "colour": "#FFB24D",
        "corona": {
          "sprite": "corona_orange01.png",
          "scale": 0.75,
          "range": 100.0
        },
        "dutyCycle": "DuskTillDawn()"
      }
    },
    {
      "parent": "/Far__x12_z2/Far__x12_z2_LFS/Far_City Grid/PassengerPlatform (1)/PedestrianOverpass05/Collider/%GROUP%_Mesh00074C0136005532",
      "position": "(0,7.1,-1.55)",
      "rotation": "(-0.7071068,0,0,0.7071068)",
      "hash": "354A4A72380DDE540:354C1D79420DDE490",
      "properties": {
        "type": "Point",
        "intensity": 1.0,
        "range": 20.0,
        "colour": "#FFB24D",
        "corona": {
          "sprite": "corona_orange01.png",
          "scale": 0.75,
          "range": 100.0
        },
        "dutyCycle": "DuskTillDawn()"
      }
    }
  ],
  "meshes": [
    {
      "parent": "/Far__x12_z2/Far__x12_z2_LFS/Far_City Grid/PassengerPlatform (1)/Railway_Platform_RoofWide (1)/Collider",
      "position": "(-2.13299561,7.07393646,-8.04129)",
      "rotation": "(0.7193398,0,0.6946584,0)",
      "hash": "35286071380DED540:35210478400DF0260",
      "properties": {
        "file": "meshes_lampposts.assetbundle",
        "mesh": "IndustrialLamp_Ceiling"
      }
    },
    {
      "parent": "/Far__x12_z2/Far__x12_z2_LFS/Far_City Grid/PassengerPlatform (1)/Railway_Platform_RoofWide (1)/Collider",
      "position": "(2.15319824,7.07737732,-8.021088)",
      "rotation": "(0.7372773,0,0.6755902,0)",
      "hash": "35286071380DED540:35205478400DEC0A0",
      "properties": {
        "file": "meshes_lampposts.assetbundle",
        "mesh": "IndustrialLamp_Ceiling"
      }
    },
    {
      "parent": "/Far__x12_z2/Far__x12_z2_LFS/Far_City Grid/PassengerPlatform (1)/Railway_Platform_RoofWide (1)/Collider",
      "position": "(-2.13098145,7.073601,7.97137451)",
      "rotation": "(0.713250458,0,0.700909257,0)",
      "hash": "35286071380DED540:35310378400DEF370",
      "properties": {
        "file": "meshes_lampposts.assetbundle",
        "mesh": "IndustrialLamp_Ceiling"
      }
    },
    {
      "parent": "/Far__x12_z2/Far__x12_z2_LFS/Far_City Grid/PassengerPlatform (1)/Railway_Platform_RoofWide (1)/Collider",
      "position": "(2.241394,7.0920105,7.96966553)",
      "rotation": "(0.7253744,0,0.6883546,0)",
      "hash": "35286071380DED540:35305078420DEB130",
      "properties": {
        "file": "meshes_lampposts.assetbundle",
        "mesh": "IndustrialLamp_Ceiling"
      }
    },
    {
      "parent": "/Far__x12_z2/Far__x12_z2_LFS/Far_City Grid/PassengerPlatform (1)/Railway_Platform_RoofWide (3)/Collider",
      "position": "(-2.1776123,7.08136749,7.965393)",
      "rotation": "(0.7193398,0,0.6946584,0)",
      "hash": "35281D71380DE0560:35302478410DE23E0",
      "properties": {
        "file": "meshes_lampposts.assetbundle",
        "mesh": "IndustrialLamp_Ceiling"
      }
    },
    {
      "parent": "/Far__x12_z2/Far__x12_z2_LFS/Far_City Grid/PassengerPlatform (1)/Railway_Platform_RoofWide (3)/Collider",
      "position": "(2.1763916,7.081238,7.941223)",
      "rotation": "(0.7253744,0,0.6883546,0)",
      "hash": "35281D71380DE0560:35300B78410DDE1B0",
      "properties": {
        "file": "meshes_lampposts.assetbundle",
        "mesh": "IndustrialLamp_Ceiling"
      }
    },
    {
      "parent": "/Far__x12_z2/Far__x12_z2_LFS/Far_City Grid/PassengerPlatform (1)/Railway_Platform_RoofWide (3)/Collider",
      "position": "(2.21673584,7.08789063,-8.000824)",
      "rotation": "(0.7313537,0,0.6819984,0)",
      "hash": "35281D71380DE0560:35201278410DDF050",
      "properties": {
        "file": "meshes_lampposts.assetbundle",
        "mesh": "IndustrialLamp_Ceiling"
      }
    },
    {
      "parent": "/Far__x12_z2/Far__x12_z2_LFS/Far_City Grid/PassengerPlatform (1)/Railway_Platform_RoofWide (3)/Collider",
      "position": "(-2.144226,7.075798,-8.069733)",
      "rotation": "(0.7193398,0,0.6946584,0)",
      "hash": "35281D71380DE0560:35202278400DE3290",
      "properties": {
        "file": "meshes_lampposts.assetbundle",
        "mesh": "IndustrialLamp_Ceiling"
      }
    },
    {
      "parent": "/Far__x12_z2/Far__x12_z2_LFS/Far_City Grid/PassengerPlatform (1)/PedestrianOverpass05/Collider",
      "position": "(-7.94329834,1.55,14.383667)",
      "rotation": "(0,-0.6883545,0,0.72537446)",
      "hash": "34F45E71010DDB320:35034872380DE2450",
      "properties": {
        "file": "meshes_lampposts.assetbundle",
        "mesh": "LampPostDouble_Floor"
      }
    },
    {
      "parent": "/Far__x12_z2/Far__x12_z2_LFS/Far_City Grid/PassengerPlatform (1)/PedestrianOverpass05/Collider",
      "position": "(-8.027954,1.55,-19.8723755)",
      "rotation": "(0,0.7313537,0,0.6819984)",
      "hash": "34F45E71010DDB320:34E13372380DE4360",
      "properties": {
        "file": "meshes_lampposts.assetbundle",
        "mesh": "LampPostDouble_Floor"
      }
    },
    {
      "parent": "/Far__x12_z2/Far__x12_z2_LFS/Far_City Grid/PassengerPlatform (1)/Railway_PlatformWide_6/Collider/collider",
      "position": "(-0.0108032227,1,85.84613)",
      "rotation": "(0,-0.6883545,0,0.72537446)",
      "hash": "34F60371380DF02F0:354B4C72380DEC050",
      "properties": {
        "file": "meshes_lampposts.assetbundle",
        "mesh": "LampPostDouble_Floor"
      }
    },
    {
      "parent": "/Far__x12_z2/Far__x12_z2_LFS/Far_City Grid/PassengerPlatform (1)/PedestrianOverpass05/Collider",
      "position": "(-7.76794434,1.55,85.50809)",
      "rotation": "(0,-0.681998253,0,0.7313538)",
      "hash": "34F45E71010DDB320:354A4A72380DDE540",
      "properties": {
        "file": "meshes_lampposts.assetbundle",
        "mesh": "LampPostDouble_Floor"
      }
    }
  ],
  "decorations": []
}