{
  "version": 97,
  "enabled": true,
  "priority": "High",
  "lights": [
    {
      "parent": "/Far__x12_z2/Far__x12_z2_LFS/Far_Liquids Bay/Props (1)/SkipDumpster/collider (1)/%GROUP%_Mesh01103B0003014708",
      "position": "(0.75,12.25,0)",
      "rotation": "(-0.7071068,0,0,0.7071068)",
      "hash": "33932A71040E511D0:3393247D1D0E50360",
      "properties": {
        "type": "Point",
        "intensity": 1.0,
        "range": 30.0,
        "colour": "#FFFFFF",
        "corona": {
          "sprite": "corona_white01.png",
          "scale": 1.0,
          "range": 100.0
        },
        "dutyCycle": "DuskTillDawn()"
      }
    },
    {
      "parent": "/Far__x12_z2/Far__x12_z2_LFS/Far_Liquids Bay/Props (1)/SkipDumpster/collider (1)/%GROUP%_Mesh01103B0003014708",
      "position": "(0,12.25,0.75)",
      "rotation": "(-0.7071068,0,0,0.7071068)",
      "hash": "33932A71040E511D0:3394107D1D0E51180",
      "properties": {
        "type": "Point",
        "intensity": 1.0,
        "range": 30.0,
        "colour": "#FFFFFF",
        "corona": {
          "sprite": "corona_white01.png",
          "scale": 1.0,
          "range": 100.0
        },
        "dutyCycle": "DuskTillDawn()"
      }
    },
    {
      "parent": "/Far__x12_z2/Far__x12_z2_LFS/Far_Liquids Bay/Props (1)/SkipDumpster/collider (1)/%GROUP%_Mesh01103B0003014708",
      "position": "(-0.75,12.25,0)",
      "rotation": "(-0.7071068,0,0,0.7071068)",
      "hash": "33932A71040E511D0:33932F7D1D0E52040",
      "properties": {
        "type": "Point",
        "intensity": 1.0,
        "range": 30.0,
        "colour": "#FFFFFF",
        "corona": {
          "sprite": "corona_white01.png",
          "scale": 1.0,
          "range": 100.0
        },
        "dutyCycle": "DuskTillDawn()"
      }
    },
    {
      "parent": "/Far__x12_z2/Far__x12_z2_LFS/Far_Liquids Bay/Props (1)/SkipDumpster/collider (1)/%GROUP%_Mesh01103B0003014708",
      "position": "(0,12.25,-0.75)",
      "rotation": "(-0.7071068,0,0,0.7071068)",
      "hash": "33932A71040E511D0:3392437D1D0E51220",
      "properties": {
        "type": "Point",
        "intensity": 1.0,
        "range": 30.0,
        "colour": "#FFFFFF",
        "corona": {
          "sprite": "corona_white01.png",
          "scale": 1.0,
          "range": 100.0
        },
        "dutyCycle": "DuskTillDawn()"
      }
    },
    {
      "parent": "/Far__x12_z2/Far__x12_z2_LFS/Far_Liquids Bay/Props (1)/SkipDumpster/collider (1)/%GROUP%_Mesh012D4E0003017A0B",
      "position": "(0.75,12.25,0)",
      "rotation": "(-0.7071068,0,0,0.7071068)",
      "hash": "33CE0D71040E4E1F0:33CE097D1D0E4D380",
      "properties": {
        "type": "Point",
        "intensity": 1.0,
        "range": 30.0,
        "colour": "#FFFFFF",
        "corona": {
          "sprite": "corona_white01.png",
          "scale": 1.0,
          "range": 100.0
        },
        "dutyCycle": "DuskTillDawn()"
      }
    },
    {
      "parent": "/Far__x12_z2/Far__x12_z2_LFS/Far_Liquids Bay/Props (1)/SkipDumpster/collider (1)/%GROUP%_Mesh012D4E0003017A0B",
      "position": "(0,12.25,0.75)",
      "rotation": "(-0.7071068,0,0,0.7071068)",
      "hash": "33CE0D71040E4E1F0:33CE587D1D0E4E1B0",
      "properties": {
        "type": "Point",
        "intensity": 1.0,
        "range": 30.0,
        "colour": "#FFFFFF",
        "corona": {
          "sprite": "corona_white01.png",
          "scale": 1.0,
          "range": 100.0
        },
        "dutyCycle": "DuskTillDawn()"
      }
    },
    {
      "parent": "/Far__x12_z2/Far__x12_z2_LFS/Far_Liquids Bay/Props (1)/SkipDumpster/collider (1)/%GROUP%_Mesh012D4E0003017A0B",
      "position": "(-0.75,12.25,0)",
      "rotation": "(-0.7071068,0,0,0.7071068)",
      "hash": "33CE0D71040E4E1F0:33CE117D1D0E4F060",
      "properties": {
        "type": "Point",
        "intensity": 1.0,
        "range": 30.0,
        "colour": "#FFFFFF",
        "corona": {
          "sprite": "corona_white01.png",
          "scale": 1.0,
          "range": 100.0
        },
        "dutyCycle": "DuskTillDawn()"
      }
    },
    {
      "parent": "/Far__x12_z2/Far__x12_z2_LFS/Far_Liquids Bay/Props (1)/SkipDumpster/collider (1)/%GROUP%_Mesh012D4E0003017A0B",
      "position": "(0,12.25,-0.75)",
      "rotation": "(-0.7071068,0,0,0.7071068)",
      "hash": "33CE0D71040E4E1F0:33CD267D1D0E4E230",
      "properties": {
        "type": "Point",
        "intensity": 1.0,
        "range": 30.0,
        "colour": "#FFFFFF",
        "corona": {
          "sprite": "corona_white01.png",
          "scale": 1.0,
          "range": 100.0
        },
        "dutyCycle": "DuskTillDawn()"
      }
    },
    {
      "parent": "/Far__x12_z2/Far__x12_z2_LFS/Far_City Grid/Fences (1)/SmallWireFence02b_x12 (4)/Collider/%GROUP%_Mesh0008420002004F27",
      "position": "(0.75,12.25,0)",
      "rotation": "(-0.7071068,0,0,0.7071068)",
      "hash": "340A0671040E4B110:340A027D1D0E4A2A0",
      "properties": {
        "type": "Point",
        "intensity": 1.0,
        "range": 30.0,
        "colour": "#FFFFFF",
        "corona": {
          "sprite": "corona_white01.png",
          "scale": 1.0,
          "range": 100.0
        },
        "dutyCycle": "DuskTillDawn()"
      }
    },
    {
      "parent": "/Far__x12_z2/Far__x12_z2_LFS/Far_City Grid/Fences (1)/SmallWireFence02b_x12 (4)/Collider/%GROUP%_Mesh0008420002004F27",
      "position": "(0,12.25,0.75)",
      "rotation": "(-0.7071068,0,0,0.7071068)",
      "hash": "340A0671040E4B110:340A517D1D0E4B0D0",
      "properties": {
        "type": "Point",
        "intensity": 1.0,
        "range": 30.0,
        "colour": "#FFFFFF",
        "corona": {
          "sprite": "corona_white01.png",
          "scale": 1.0,
          "range": 100.0
        },
        "dutyCycle": "DuskTillDawn()"
      }
    },
    {
      "parent": "/Far__x12_z2/Far__x12_z2_LFS/Far_City Grid/Fences (1)/SmallWireFence02b_x12 (4)/Collider/%GROUP%_Mesh0008420002004F27",
      "position": "(-0.75,12.25,0)",
      "rotation": "(-0.7071068,0,0,0.7071068)",
      "hash": "340A0671040E4B110:340A0A7D1D0E4B5C0",
      "properties": {
        "type": "Point",
        "intensity": 1.0,
        "range": 30.0,
        "colour": "#FFFFFF",
        "corona": {
          "sprite": "corona_white01.png",
          "scale": 1.0,
          "range": 100.0
        },
        "dutyCycle": "DuskTillDawn()"
      }
    },
    {
      "parent": "/Far__x12_z2/Far__x12_z2_LFS/Far_City Grid/Fences (1)/SmallWireFence02b_x12 (4)/Collider/%GROUP%_Mesh0008420002004F27",
      "position": "(0,12.25,-0.75)",
      "rotation": "(-0.7071068,0,0,0.7071068)",
      "hash": "340A0671040E4B110:34091F7D1D0E4B150",
      "properties": {
        "type": "Point",
        "intensity": 1.0,
        "range": 30.0,
        "colour": "#FFFFFF",
        "corona": {
          "sprite": "corona_white01.png",
          "scale": 1.0,
          "range": 100.0
        },
        "dutyCycle": "DuskTillDawn()"
      }
    },
    {
      "parent": "/Far__x12_z2/Far__x12_z2_LFS/Far_City Grid/Fences (1)/SmallWireFence02b_x12 (4)/Collider/%GROUP%_Mesh00444B0002004F27",
      "position": "(0.75,12.25,0)",
      "rotation": "(-0.7071068,0,0,0.7071068)",
      "hash": "34460871040E48070:3446047D1D0E47200",
      "properties": {
        "type": "Point",
        "intensity": 1.0,
        "range": 30.0,
        "colour": "#FFFFFF",
        "corona": {
          "sprite": "corona_white01.png",
          "scale": 1.0,
          "range": 100.0
        },
        "dutyCycle": "DuskTillDawn()"
      }
    },
    {
      "parent": "/Far__x12_z2/Far__x12_z2_LFS/Far_City Grid/Fences (1)/SmallWireFence02b_x12 (4)/Collider/%GROUP%_Mesh00444B0002004F27",
      "position": "(0,12.25,0.75)",
      "rotation": "(-0.7071068,0,0,0.7071068)",
      "hash": "34460871040E48070:3446537D1D0E48030",
      "properties": {
        "type": "Point",
        "intensity": 1.0,
        "range": 30.0,
        "colour": "#FFFFFF",
        "corona": {
          "sprite": "corona_white01.png",
          "scale": 1.0,
          "range": 100.0
        },
        "dutyCycle": "DuskTillDawn()"
      }
    },
    {
      "parent": "/Far__x12_z2/Far__x12_z2_LFS/Far_City Grid/Fences (1)/SmallWireFence02b_x12 (4)/Collider/%GROUP%_Mesh00444B0002004F27",
      "position": "(-0.75,12.25,0)",
      "rotation": "(-0.7071068,0,0,0.7071068)",
      "hash": "34460871040E48070:34460C7D1D0E48520",
      "properties": {
        "type": "Point",
        "intensity": 1.0,
        "range": 30.0,
        "colour": "#FFFFFF",
        "corona": {
          "sprite": "corona_white01.png",
          "scale": 1.0,
          "range": 100.0
        },
        "dutyCycle": "DuskTillDawn()"
      }
    },
    {
      "parent": "/Far__x12_z2/Far__x12_z2_LFS/Far_City Grid/Fences (1)/SmallWireFence02b_x12 (4)/Collider/%GROUP%_Mesh00444B0002004F27",
      "position": "(0,12.25,-0.75)",
      "rotation": "(-0.7071068,0,0,0.7071068)",
      "hash": "34460871040E48070:3445217D1D0E480B0",
      "properties": {
        "type": "Point",
        "intensity": 1.0,
        "range": 30.0,
        "colour": "#FFFFFF",
        "corona": {
          "sprite": "corona_white01.png",
          "scale": 1.0,
          "range": 100.0
        },
        "dutyCycle": "DuskTillDawn()"
      }
    },
    {
      "parent": "/Far__x12_z2/Far__x12_z2_LFS/Far_City Grid/Fences (1)/SmallWireFence02b_x12 (4)/Collider/%GROUP%_Mesh00804A0002004F20",
      "position": "(0.75,12.25,0)",
      "rotation": "(-0.7071068,0,0,0.7071068)",
      "hash": "34816271040E445B0:34815F7D1D0E44100",
      "properties": {
        "type": "Point",
        "intensity": 1.0,
        "range": 30.0,
        "colour": "#FFFFFF",
        "corona": {
          "sprite": "corona_white01.png",
          "scale": 1.0,
          "range": 100.0
        },
        "dutyCycle": "DuskTillDawn()"
      }
    },
    {
      "parent": "/Far__x12_z2/Far__x12_z2_LFS/Far_City Grid/Fences (1)/SmallWireFence02b_x12 (4)/Collider/%GROUP%_Mesh00804A0002004F20",
      "position": "(0,12.25,0.75)",
      "rotation": "(-0.7071068,0,0,0.7071068)",
      "hash": "34816271040E445B0:3482497D1D0E44580",
      "properties": {
        "type": "Point",
        "intensity": 1.0,
        "range": 30.0,
        "colour": "#FFFFFF",
        "corona": {
          "sprite": "corona_white01.png",
          "scale": 1.0,
          "range": 100.0
        },
        "dutyCycle": "DuskTillDawn()"
      }
    },
    {
      "parent": "/Far__x12_z2/Far__x12_z2_LFS/Far_City Grid/Fences (1)/SmallWireFence02b_x12 (4)/Collider/%GROUP%_Mesh00804A0002004F20",
      "position": "(-0.75,12.25,0)",
      "rotation": "(-0.7071068,0,0,0.7071068)",
      "hash": "34816271040E445B0:3482017D1D0E45410",
      "properties": {
        "type": "Point",
        "intensity": 1.0,
        "range": 30.0,
        "colour": "#FFFFFF",
        "corona": {
          "sprite": "corona_white01.png",
          "scale": 1.0,
          "range": 100.0
        },
        "dutyCycle": "DuskTillDawn()"
      }
    },
    {
      "parent": "/Far__x12_z2/Far__x12_z2_LFS/Far_City Grid/Fences (1)/SmallWireFence02b_x12 (4)/Collider/%GROUP%_Mesh00804A0002004F20",
      "position": "(0,12.25,-0.75)",
      "rotation": "(-0.7071068,0,0,0.7071068)",
      "hash": "34816271040E445B0:3481177D1D0E445D0",
      "properties": {
        "type": "Point",
        "intensity": 1.0,
        "range": 30.0,
        "colour": "#FFFFFF",
        "corona": {
          "sprite": "corona_white01.png",
          "scale": 1.0,
          "range": 100.0
        },
        "dutyCycle": "DuskTillDawn()"
      }
    },
    {
      "parent": "/Far__x12_z2/Far__x12_z2_LFS/Far_City Grid/Fences (1)/SmallWireFence02b_x12 (4)/Collider/%GROUP%_Mesh00BC3F0002004F1D",
      "position": "(0.75,12.25,0)",
      "rotation": "(-0.7071068,0,0,0.7071068)",
      "hash": "34BD4F71040E414E0:34BD4B7D1D0E41030",
      "properties": {
        "type": "Point",
        "intensity": 1.0,
        "range": 30.0,
        "colour": "#FFFFFF",
        "corona": {
          "sprite": "corona_white01.png",
          "scale": 1.0,
          "range": 100.0
        },
        "dutyCycle": "DuskTillDawn()"
      }
    },
    {
      "parent": "/Far__x12_z2/Far__x12_z2_LFS/Far_City Grid/Fences (1)/SmallWireFence02b_x12 (4)/Collider/%GROUP%_Mesh00BC3F0002004F1D",
      "position": "(0,12.25,0.75)",
      "rotation": "(-0.7071068,0,0,0.7071068)",
      "hash": "34BD4F71040E414E0:34BE367D1D0E414A0",
      "properties": {
        "type": "Point",
        "intensity": 1.0,
        "range": 30.0,
        "colour": "#FFFFFF",
        "corona": {
          "sprite": "corona_white01.png",
          "scale": 1.0,
          "range": 100.0
        },
        "dutyCycle": "DuskTillDawn()"
      }
    },
    {
      "parent": "/Far__x12_z2/Far__x12_z2_LFS/Far_City Grid/Fences (1)/SmallWireFence02b_x12 (4)/Collider/%GROUP%_Mesh00BC3F0002004F1D",
      "position": "(-0.75,12.25,0)",
      "rotation": "(-0.7071068,0,0,0.7071068)",
      "hash": "34BD4F71040E414E0:34BD537D1D0E42350",
      "properties": {
        "type": "Point",
        "intensity": 1.0,
        "range": 30.0,
        "colour": "#FFFFFF",
        "corona": {
          "sprite": "corona_white01.png",
          "scale": 1.0,
          "range": 100.0
        },
        "dutyCycle": "DuskTillDawn()"
      }
    },
    {
      "parent": "/Far__x12_z2/Far__x12_z2_LFS/Far_City Grid/Fences (1)/SmallWireFence02b_x12 (4)/Collider/%GROUP%_Mesh00BC3F0002004F1D",
      "position": "(0,12.25,-0.75)",
      "rotation": "(-0.7071068,0,0,0.7071068)",
      "hash": "34BD4F71040E414E0:34BD047D1D0E41520",
      "properties": {
        "type": "Point",
        "intensity": 1.0,
        "range": 30.0,
        "colour": "#FFFFFF",
        "corona": {
          "sprite": "corona_white01.png",
          "scale": 1.0,
          "range": 100.0
        },
        "dutyCycle": "DuskTillDawn()"
      }
    },
    {
      "parent": "/Far__x12_z2/Far__x12_z2_LFS/Far_City Grid/Fences (1)/SmallWireFence02b_x12 (4)/Collider/%GROUP%_Mesh00F8460002004F14",
      "position": "(0.75,12.25,0)",
      "rotation": "(-0.7071068,0,0,0.7071068)",
      "hash": "34F94E71040E3E3B0:34F94B7D1D0E3D540",
      "properties": {
        "type": "Point",
        "intensity": 1.0,
        "range": 30.0,
        "colour": "#FFFFFF",
        "corona": {
          "sprite": "corona_white01.png",
          "scale": 1.0,
          "range": 100.0
        },
        "dutyCycle": "DuskTillDawn()"
      }
    },
    {
      "parent": "/Far__x12_z2/Far__x12_z2_LFS/Far_City Grid/Fences (1)/SmallWireFence02b_x12 (4)/Collider/%GROUP%_Mesh00F8460002004F14",
      "position": "(0,12.25,0.75)",
      "rotation": "(-0.7071068,0,0,0.7071068)",
      "hash": "34F94E71040E3E3B0:34FA357D1D0E3E380",
      "properties": {
        "type": "Point",
        "intensity": 1.0,
        "range": 30.0,
        "colour": "#FFFFFF",
        "corona": {
          "sprite": "corona_white01.png",
          "scale": 1.0,
          "range": 100.0
        },
        "dutyCycle": "DuskTillDawn()"
      }
    },
    {
      "parent": "/Far__x12_z2/Far__x12_z2_LFS/Far_City Grid/Fences (1)/SmallWireFence02b_x12 (4)/Collider/%GROUP%_Mesh00F8460002004F14",
      "position": "(-0.75,12.25,0)",
      "rotation": "(-0.7071068,0,0,0.7071068)",
      "hash": "34F94E71040E3E3B0:34F9507D1D0E3F220",
      "properties": {
        "type": "Point",
        "intensity": 1.0,
        "range": 30.0,
        "colour": "#FFFFFF",
        "corona": {
          "sprite": "corona_white01.png",
          "scale": 1.0,
          "range": 100.0
        },
        "dutyCycle": "DuskTillDawn()"
      }
    },
    {
      "parent": "/Far__x12_z2/Far__x12_z2_LFS/Far_City Grid/Fences (1)/SmallWireFence02b_x12 (4)/Collider/%GROUP%_Mesh00F8460002004F14",
      "position": "(0,12.25,-0.75)",
      "rotation": "(-0.7071068,0,0,0.7071068)",
      "hash": "34F94E71040E3E3B0:34F9037D1D0E3E3E0",
      "properties": {
        "type": "Point",
        "intensity": 1.0,
        "range": 30.0,
        "colour": "#FFFFFF",
        "corona": {
          "sprite": "corona_white01.png",
          "scale": 1.0,
          "range": 100.0
        },
        "dutyCycle": "DuskTillDawn()"
      }
    },
    {
      "parent": "/Far__x12_z2/Far__x12_z2_LFS/Far_City Grid/Fences (1)/SmallWireFence02b_x12 (4)/Collider/%GROUP%_Mesh01343A0002004F14",
      "position": "(0.75,12.25,0)",
      "rotation": "(-0.7071068,0,0,0.7071068)",
      "hash": "35353A71040E3B320:3535367D1D0E3A4B0",
      "properties": {
        "type": "Point",
        "intensity": 1.0,
        "range": 30.0,
        "colour": "#FFFFFF",
        "corona": {
          "sprite": "corona_white01.png",
          "scale": 1.0,
          "range": 100.0
        },
        "dutyCycle": "DuskTillDawn()"
      }
    },
    {
      "parent": "/Far__x12_z2/Far__x12_z2_LFS/Far_City Grid/Fences (1)/SmallWireFence02b_x12 (4)/Collider/%GROUP%_Mesh01343A0002004F14",
      "position": "(0,12.25,0.75)",
      "rotation": "(-0.7071068,0,0,0.7071068)",
      "hash": "35353A71040E3B320:3536207D1D0E3B2E0",
      "properties": {
        "type": "Point",
        "intensity": 1.0,
        "range": 30.0,
        "colour": "#FFFFFF",
        "corona": {
          "sprite": "corona_white01.png",
          "scale": 1.0,
          "range": 100.0
        },
        "dutyCycle": "DuskTillDawn()"
      }
    },
    {
      "parent": "/Far__x12_z2/Far__x12_z2_LFS/Far_City Grid/Fences (1)/SmallWireFence02b_x12 (4)/Collider/%GROUP%_Mesh01343A0002004F14",
      "position": "(-0.75,12.25,0)",
      "rotation": "(-0.7071068,0,0,0.7071068)",
      "hash": "35353A71040E3B320:35353D7D1D0E3C190",
      "properties": {
        "type": "Point",
        "intensity": 1.0,
        "range": 30.0,
        "colour": "#FFFFFF",
        "corona": {
          "sprite": "corona_white01.png",
          "scale": 1.0,
          "range": 100.0
        },
        "dutyCycle": "DuskTillDawn()"
      }
    },
    {
      "parent": "/Far__x12_z2/Far__x12_z2_LFS/Far_City Grid/Fences (1)/SmallWireFence02b_x12 (4)/Collider/%GROUP%_Mesh01343A0002004F14",
      "position": "(0,12.25,-0.75)",
      "rotation": "(-0.7071068,0,0,0.7071068)",
      "hash": "35353A71040E3B320:3534537D1D0E3B360",
      "properties": {
        "type": "Point",
        "intensity": 1.0,
        "range": 30.0,
        "colour": "#FFFFFF",
        "corona": {
          "sprite": "corona_white01.png",
          "scale": 1.0,
          "range": 100.0
        },
        "dutyCycle": "DuskTillDawn()"
      }
    },
    {
      "parent": "/Far__x12_z2/Far__x12_z2_LFS/Far_City Grid/Fences (1)/SmallWireFence02b_x12 (4)/Collider/%GROUP%_Mesh0170400002004F14",
      "position": "(0.75,12.25,0)",
      "rotation": "(-0.7071068,0,0,0.7071068)",
      "hash": "35713771040E38270:3571357D1D0E37400",
      "properties": {
        "type": "Point",
        "intensity": 1.0,
        "range": 30.0,
        "colour": "#FFFFFF",
        "corona": {
          "sprite": "corona_white01.png",
          "scale": 1.0,
          "range": 100.0
        },
        "dutyCycle": "DuskTillDawn()"
      }
    },
    {
      "parent": "/Far__x12_z2/Far__x12_z2_LFS/Far_City Grid/Fences (1)/SmallWireFence02b_x12 (4)/Collider/%GROUP%_Mesh0170400002004F14",
      "position": "(0,12.25,0.75)",
      "rotation": "(-0.7071068,0,0,0.7071068)",
      "hash": "35713771040E38270:35721E7D1D0E38240",
      "properties": {
        "type": "Point",
        "intensity": 1.0,
        "range": 30.0,
        "colour": "#FFFFFF",
        "corona": {
          "sprite": "corona_white01.png",
          "scale": 1.0,
          "range": 100.0
        },
        "dutyCycle": "DuskTillDawn()"
      }
    },
    {
      "parent": "/Far__x12_z2/Far__x12_z2_LFS/Far_City Grid/Fences (1)/SmallWireFence02b_x12 (4)/Collider/%GROUP%_Mesh0170400002004F14",
      "position": "(-0.75,12.25,0)",
      "rotation": "(-0.7071068,0,0,0.7071068)",
      "hash": "35713771040E38270:35713A7D1D0E390E0",
      "properties": {
        "type": "Point",
        "intensity": 1.0,
        "range": 30.0,
        "colour": "#FFFFFF",
        "corona": {
          "sprite": "corona_white01.png",
          "scale": 1.0,
          "range": 100.0
        },
        "dutyCycle": "DuskTillDawn()"
      }
    },
    {
      "parent": "/Far__x12_z2/Far__x12_z2_LFS/Far_City Grid/Fences (1)/SmallWireFence02b_x12 (4)/Collider/%GROUP%_Mesh0170400002004F14",
      "position": "(0,12.25,-0.75)",
      "rotation": "(-0.7071068,0,0,0.7071068)",
      "hash": "35713771040E38270:3570507D1D0E382A0",
      "properties": {
        "type": "Point",
        "intensity": 1.0,
        "range": 30.0,
        "colour": "#FFFFFF",
        "corona": {
          "sprite": "corona_white01.png",
          "scale": 1.0,
          "range": 100.0
        },
        "dutyCycle": "DuskTillDawn()"
      }
    },
    {
      "parent": "/Far__x12_z2/Far__x12_z2_LFS/Far_City Grid/Fences (1)/SmallWireFence02b_x12 (4)/Collider/%GROUP%_Mesh01AC380002004F0D",
      "position": "(0.75,12.25,0)",
      "rotation": "(-0.7071068,0,0,0.7071068)",
      "hash": "35AD2771040E35170:35AD237D1D0E34300",
      "properties": {
        "type": "Point",
        "intensity": 1.0,
        "range": 30.0,
        "colour": "#FFFFFF",
        "corona": {
          "sprite": "corona_white01.png",
          "scale": 1.0,
          "range": 100.0
        },
        "dutyCycle": "DuskTillDawn()"
      }
    },
    {
      "parent": "/Far__x12_z2/Far__x12_z2_LFS/Far_City Grid/Fences (1)/SmallWireFence02b_x12 (4)/Collider/%GROUP%_Mesh01AC380002004F0D",
      "position": "(0,12.25,0.75)",
      "rotation": "(-0.7071068,0,0,0.7071068)",
      "hash": "35AD2771040E35170:35AE0E7D1D0E35130",
      "properties": {
        "type": "Point",
        "intensity": 1.0,
        "range": 30.0,
        "colour": "#FFFFFF",
        "corona": {
          "sprite": "corona_white01.png",
          "scale": 1.0,
          "range": 100.0
        },
        "dutyCycle": "DuskTillDawn()"
      }
    },
    {
      "parent": "/Far__x12_z2/Far__x12_z2_LFS/Far_City Grid/Fences (1)/SmallWireFence02b_x12 (4)/Collider/%GROUP%_Mesh01AC380002004F0D",
      "position": "(-0.75,12.25,0)",
      "rotation": "(-0.7071068,0,0,0.7071068)",
      "hash": "35AD2771040E35170:35AD2B7D1D0E35610",
      "properties": {
        "type": "Point",
        "intensity": 1.0,
        "range": 30.0,
        "colour": "#FFFFFF",
        "corona": {
          "sprite": "corona_white01.png",
          "scale": 1.0,
          "range": 100.0
        },
        "dutyCycle": "DuskTillDawn()"
      }
    },
    {
      "parent": "/Far__x12_z2/Far__x12_z2_LFS/Far_City Grid/Fences (1)/SmallWireFence02b_x12 (4)/Collider/%GROUP%_Mesh01AC380002004F0D",
      "position": "(0,12.25,-0.75)",
      "rotation": "(-0.7071068,0,0,0.7071068)",
      "hash": "35AD2771040E35170:35AC417D1D0E351B0",
      "properties": {
        "type": "Point",
        "intensity": 1.0,
        "range": 30.0,
        "colour": "#FFFFFF",
        "corona": {
          "sprite": "corona_white01.png",
          "scale": 1.0,
          "range": 100.0
        },
        "dutyCycle": "DuskTillDawn()"
      }
    },
    {
      "parent": "/Far__x12_z2/Far__x12_z2_LFS/Far_City Grid/Fences (1)/SmallWireFence02b_x12 (4)/Collider/%GROUP%_Mesh01E83D0002004E61",
      "position": "(0.75,12.25,0)",
      "rotation": "(-0.7071068,0,0,0.7071068)",
      "hash": "35E92371040E31610:35E91E7D1D0E31160",
      "properties": {
        "type": "Point",
        "intensity": 1.0,
        "range": 30.0,
        "colour": "#FFFFFF",
        "corona": {
          "sprite": "corona_white01.png",
          "scale": 1.0,
          "range": 100.0
        },
        "dutyCycle": "DuskTillDawn()"
      }
    },
    {
      "parent": "/Far__x12_z2/Far__x12_z2_LFS/Far_City Grid/Fences (1)/SmallWireFence02b_x12 (4)/Collider/%GROUP%_Mesh01E83D0002004E61",
      "position": "(0,12.25,0.75)",
      "rotation": "(-0.7071068,0,0,0.7071068)",
      "hash": "35E92371040E31610:35EA0A7D1D0E315C0",
      "properties": {
        "type": "Point",
        "intensity": 1.0,
        "range": 30.0,
        "colour": "#FFFFFF",
        "corona": {
          "sprite": "corona_white01.png",
          "scale": 1.0,
          "range": 100.0
        },
        "dutyCycle": "DuskTillDawn()"
      }
    },
    {
      "parent": "/Far__x12_z2/Far__x12_z2_LFS/Far_City Grid/Fences (1)/SmallWireFence02b_x12 (4)/Collider/%GROUP%_Mesh01E83D0002004E61",
      "position": "(-0.75,12.25,0)",
      "rotation": "(-0.7071068,0,0,0.7071068)",
      "hash": "35E92371040E31610:35E9297D1D0E32480",
      "properties": {
        "type": "Point",
        "intensity": 1.0,
        "range": 30.0,
        "colour": "#FFFFFF",
        "corona": {
          "sprite": "corona_white01.png",
          "scale": 1.0,
          "range": 100.0
        },
        "dutyCycle": "DuskTillDawn()"
      }
    },
    {
      "parent": "/Far__x12_z2/Far__x12_z2_LFS/Far_City Grid/Fences (1)/SmallWireFence02b_x12 (4)/Collider/%GROUP%_Mesh01E83D0002004E61",
      "position": "(0,12.25,-0.75)",
      "rotation": "(-0.7071068,0,0,0.7071068)",
      "hash": "35E92371040E31610:35E83D7D1D0E32020",
      "properties": {
        "type": "Point",
        "intensity": 1.0,
        "range": 30.0,
        "colour": "#FFFFFF",
        "corona": {
          "sprite": "corona_white01.png",
          "scale": 1.0,
          "range": 100.0
        },
        "dutyCycle": "DuskTillDawn()"
      }
    }
  ],
  "meshes": [
    {
      "parent": "/Far__x12_z2/Far__x12_z2_LFS/Far_Liquids Bay/Props (1)/SkipDumpster/collider (1)",
      "position": "(-272.593842,-0.03232959,327.08963)",
      "rotation": "(0,0.7313537,0,0.6819984)",
      "hash": "31EC5C71070E1C2E0:33932A71040E511D0",
      "properties": {
        "file": "meshes_lampposts.assetbundle",
        "mesh": "YardLamp_Floor"
      }
    },
    {
      "parent": "/Far__x12_z2/Far__x12_z2_LFS/Far_Liquids Bay/Props (1)/SkipDumpster/collider (1)",
      "position": "(-301.789,-0.03232959,378.115173)",
      "rotation": "(0,0.725374341,0,0.6883546)",
      "hash": "31EC5C71070E1C2E0:33CE0D71040E4E1F0",
      "properties": {
        "file": "meshes_lampposts.assetbundle",
        "mesh": "YardLamp_Floor"
      }
    },
    {
      "parent": "/Far__x12_z2/Far__x12_z2_LFS/Far_City Grid/Fences (1)/SmallWireFence02b_x12 (4)/Collider",
      "position": "(-8.661469,-0.02532959,-79.39625)",
      "rotation": "(0,0.725374341,0,0.6883546)",
      "hash": "33FD1F71060DFC210:340A0671040E4B110",
      "properties": {
        "file": "meshes_lampposts.assetbundle",
        "mesh": "YardLamp_Floor"
      }
    },
    {
      "parent": "/Far__x12_z2/Far__x12_z2_LFS/Far_City Grid/Fences (1)/SmallWireFence02b_x12 (4)/Collider",
      "position": "(-68.7590561,-0.02532959,-79.39953)",
      "rotation": "(0,0.725374341,0,0.6883546)",
      "hash": "33FD1F71060DFC210:34460871040E48070",
      "properties": {
        "file": "meshes_lampposts.assetbundle",
        "mesh": "YardLamp_Floor"
      }
    },
    {
      "parent": "/Far__x12_z2/Far__x12_z2_LFS/Far_City Grid/Fences (1)/SmallWireFence02b_x12 (4)/Collider",
      "position": "(-128.745941,-0.02532959,-79.32859)",
      "rotation": "(0,0.7193398,0,0.6946584)",
      "hash": "33FD1F71060DFC210:34816271040E445B0",
      "properties": {
        "file": "meshes_lampposts.assetbundle",
        "mesh": "YardLamp_Floor"
      }
    },
    {
      "parent": "/Far__x12_z2/Far__x12_z2_LFS/Far_City Grid/Fences (1)/SmallWireFence02b_x12 (4)/Collider",
      "position": "(-188.638184,-0.02532959,-79.29197)",
      "rotation": "(0,0.725374341,0,0.6883546)",
      "hash": "33FD1F71060DFC210:34BD4F71040E414E0",
      "properties": {
        "file": "meshes_lampposts.assetbundle",
        "mesh": "YardLamp_Floor"
      }
    },
    {
      "parent": "/Far__x12_z2/Far__x12_z2_LFS/Far_City Grid/Fences (1)/SmallWireFence02b_x12 (4)/Collider",
      "position": "(-248.709976,-0.02532959,-79.2087555)",
      "rotation": "(0,0.7193398,0,0.6946584)",
      "hash": "33FD1F71060DFC210:34F94E71040E3E3B0",
      "properties": {
        "file": "meshes_lampposts.assetbundle",
        "mesh": "YardLamp_Floor"
      }
    },
    {
      "parent": "/Far__x12_z2/Far__x12_z2_LFS/Far_City Grid/Fences (1)/SmallWireFence02b_x12 (4)/Collider",
      "position": "(-308.587769,-0.02532959,-79.20679)",
      "rotation": "(0,0.725374341,0,0.6883546)",
      "hash": "33FD1F71060DFC210:35353A71040E3B320",
      "properties": {
        "file": "meshes_lampposts.assetbundle",
        "mesh": "YardLamp_Floor"
      }
    },
    {
      "parent": "/Far__x12_z2/Far__x12_z2_LFS/Far_City Grid/Fences (1)/SmallWireFence02b_x12 (4)/Collider",
      "position": "(-368.6446,-0.02532959,-79.20184)",
      "rotation": "(0,0.7193398,0,0.6946584)",
      "hash": "33FD1F71060DFC210:35713771040E38270",
      "properties": {
        "file": "meshes_lampposts.assetbundle",
        "mesh": "YardLamp_Floor"
      }
    },
    {
      "parent": "/Far__x12_z2/Far__x12_z2_LFS/Far_City Grid/Fences (1)/SmallWireFence02b_x12 (4)/Collider",
      "position": "(-428.569946,-0.02532959,-79.13138)",
      "rotation": "(0,0.725374341,0,0.6883546)",
      "hash": "33FD1F71060DFC210:35AD2771040E35170",
      "properties": {
        "file": "meshes_lampposts.assetbundle",
        "mesh": "YardLamp_Floor"
      }
    },
    {
      "parent": "/Far__x12_z2/Far__x12_z2_LFS/Far_City Grid/Fences (1)/SmallWireFence02b_x12 (4)/Collider",
      "position": "(-488.6189,-0.02532959,-78.97519)",
      "rotation": "(0,0.7313537,0,0.6819984)",
      "hash": "33FD1F71060DFC210:35E92371040E31610",
      "properties": {
        "file": "meshes_lampposts.assetbundle",
        "mesh": "YardLamp_Floor"
      }
    }
  ],
  "decorations": []
}