{
  "version": 97,
  "enabled": true,
  "priority": "High",
  "lights": [
    {
      "parent": "/Far__x12_z2/Far__x12_z2_LFS/Far_General/Ship Bollard Arrays/Ship Bollard Array 12/Ship_Bollard (47)/collider/%GROUP%_Mesh018043000101A700",
      "position": "(0.75,12.25,0)",
      "hash": "33F92D71080DA30F0:33F9297D210DA2280",
      "properties": {
        "type": "Point",
        "intensity": 1.0,
        "range": 30.0,
        "colour": "#FFFFFF",
        "corona": {
          "sprite": "corona_white01.png",
          "scale": 1.0,
          "range": 100.0
        },
        "dutyCycle": "DuskTillDawn()"
      }
    },
    {
      "parent": "/Far__x12_z2/Far__x12_z2_LFS/Far_General/Ship Bollard Arrays/Ship Bollard Array 12/Ship_Bollard (47)/collider/%GROUP%_Mesh018043000101A700",
      "position": "(0,12.25,0.75)",
      "hash": "33F92D71080DA30F0:33FA147D210DA30B0",
      "properties": {
        "type": "Point",
        "intensity": 1.0,
        "range": 30.0,
        "colour": "#FFFFFF",
        "corona": {
          "sprite": "corona_white01.png",
          "scale": 1.0,
          "range": 100.0
        },
        "dutyCycle": "DuskTillDawn()"
      }
    },
    {
      "parent": "/Far__x12_z2/Far__x12_z2_LFS/Far_General/Ship Bollard Arrays/Ship Bollard Array 12/Ship_Bollard (47)/collider/%GROUP%_Mesh018043000101A700",
      "position": "(-0.75,12.25,0)",
      "hash": "33F92D71080DA30F0:33F9317D210DA3590",
      "properties": {
        "type": "Point",
        "intensity": 1.0,
        "range": 30.0,
        "colour": "#FFFFFF",
        "corona": {
          "sprite": "corona_white01.png",
          "scale": 1.0,
          "range": 100.0
        },
        "dutyCycle": "DuskTillDawn()"
      }
    },
    {
      "parent": "/Far__x12_z2/Far__x12_z2_LFS/Far_General/Ship Bollard Arrays/Ship Bollard Array 12/Ship_Bollard (47)/collider/%GROUP%_Mesh018043000101A700",
      "position": "(0,12.25,-0.75)",
      "hash": "33F92D71080DA30F0:33F8467D210DA3120",
      "properties": {
        "type": "Point",
        "intensity": 1.0,
        "range": 30.0,
        "colour": "#FFFFFF",
        "corona": {
          "sprite": "corona_white01.png",
          "scale": 1.0,
          "range": 100.0
        },
        "dutyCycle": "DuskTillDawn()"
      }
    },
    {
      "parent": "/Far__x12_z2/Far__x12_z2_LFS/Far_General/Ship Bollard Arrays/Ship Bollard Array 12/Ship_Bollard (47)/collider/%GROUP%_Mesh01B759000101BD38",
      "position": "(0.75,12.25,0)",
      "hash": "34350371080DA00E0:3435007D210D9F270",
      "properties": {
        "type": "Point",
        "intensity": 1.0,
        "range": 30.0,
        "colour": "#FFFFFF",
        "corona": {
          "sprite": "corona_white01.png",
          "scale": 1.0,
          "range": 100.0
        },
        "dutyCycle": "DuskTillDawn()"
      }
    },
    {
      "parent": "/Far__x12_z2/Far__x12_z2_LFS/Far_General/Ship Bollard Arrays/Ship Bollard Array 12/Ship_Bollard (47)/collider/%GROUP%_Mesh01B759000101BD38",
      "position": "(0,12.25,0.75)",
      "hash": "34350371080DA00E0:34354E7D210DA00B0",
      "properties": {
        "type": "Point",
        "intensity": 1.0,
        "range": 30.0,
        "colour": "#FFFFFF",
        "corona": {
          "sprite": "corona_white01.png",
          "scale": 1.0,
          "range": 100.0
        },
        "dutyCycle": "DuskTillDawn()"
      }
    },
    {
      "parent": "/Far__x12_z2/Far__x12_z2_LFS/Far_General/Ship Bollard Arrays/Ship Bollard Array 12/Ship_Bollard (47)/collider/%GROUP%_Mesh01B759000101BD38",
      "position": "(-0.75,12.25,0)",
      "hash": "34350371080DA00E0:3435057D210DA0590",
      "properties": {
        "type": "Point",
        "intensity": 1.0,
        "range": 30.0,
        "colour": "#FFFFFF",
        "corona": {
          "sprite": "corona_white01.png",
          "scale": 1.0,
          "range": 100.0
        },
        "dutyCycle": "DuskTillDawn()"
      }
    },
    {
      "parent": "/Far__x12_z2/Far__x12_z2_LFS/Far_General/Ship Bollard Arrays/Ship Bollard Array 12/Ship_Bollard (47)/collider/%GROUP%_Mesh01B759000101BD38",
      "position": "(0,12.25,-0.75)",
      "hash": "34350371080DA00E0:34341C7D210DA0100",
      "properties": {
        "type": "Point",
        "intensity": 1.0,
        "range": 30.0,
        "colour": "#FFFFFF",
        "corona": {
          "sprite": "corona_white01.png",
          "scale": 1.0,
          "range": 100.0
        },
        "dutyCycle": "DuskTillDawn()"
      }
    },
    {
      "parent": "/Far__x12_z2/Far__x12_z2_LFS/Far_General/Ship Bollard Arrays/Ship Bollard Array 12/Ship_Bollard (47)/collider/%GROUP%_Mesh01EF25000101D40C",
      "position": "(0.75,12.25,0)",
      "hash": "34705371080D9D020:34704F7D210D9C1B0",
      "properties": {
        "type": "Point",
        "intensity": 1.0,
        "range": 30.0,
        "colour": "#FFFFFF",
        "corona": {
          "sprite": "corona_white01.png",
          "scale": 1.0,
          "range": 100.0
        },
        "dutyCycle": "DuskTillDawn()"
      }
    },
    {
      "parent": "/Far__x12_z2/Far__x12_z2_LFS/Far_General/Ship Bollard Arrays/Ship Bollard Array 12/Ship_Bollard (47)/collider/%GROUP%_Mesh01EF25000101D40C",
      "position": "(0,12.25,0.75)",
      "hash": "34705371080D9D020:34713A7D210D9C620",
      "properties": {
        "type": "Point",
        "intensity": 1.0,
        "range": 30.0,
        "colour": "#FFFFFF",
        "corona": {
          "sprite": "corona_white01.png",
          "scale": 1.0,
          "range": 100.0
        },
        "dutyCycle": "DuskTillDawn()"
      }
    },
    {
      "parent": "/Far__x12_z2/Far__x12_z2_LFS/Far_General/Ship Bollard Arrays/Ship Bollard Array 12/Ship_Bollard (47)/collider/%GROUP%_Mesh01EF25000101D40C",
      "position": "(-0.75,12.25,0)",
      "hash": "34705371080D9D020:3470577D210D9D4C0",
      "properties": {
        "type": "Point",
        "intensity": 1.0,
        "range": 30.0,
        "colour": "#FFFFFF",
        "corona": {
          "sprite": "corona_white01.png",
          "scale": 1.0,
          "range": 100.0
        },
        "dutyCycle": "DuskTillDawn()"
      }
    },
    {
      "parent": "/Far__x12_z2/Far__x12_z2_LFS/Far_General/Ship Bollard Arrays/Ship Bollard Array 12/Ship_Bollard (47)/collider/%GROUP%_Mesh01EF25000101D40C",
      "position": "(0,12.25,-0.75)",
      "hash": "34705371080D9D020:3470087D210D9D050",
      "properties": {
        "type": "Point",
        "intensity": 1.0,
        "range": 30.0,
        "colour": "#FFFFFF",
        "corona": {
          "sprite": "corona_white01.png",
          "scale": 1.0,
          "range": 100.0
        },
        "dutyCycle": "DuskTillDawn()"
      }
    },
    {
      "parent": "/Far__x12_z2/Far__x12_z2_LFS/Far_General/Ship Bollard Arrays/Ship Bollard Array 12/Ship_Bollard (47)/collider/%GROUP%_Mesh02270C000101EA46",
      "position": "(0.75,12.25,0)",
      "hash": "34AC5A71080D99500:34AC567D210D99050",
      "properties": {
        "type": "Point",
        "intensity": 1.0,
        "range": 30.0,
        "colour": "#FFFFFF",
        "corona": {
          "sprite": "corona_white01.png",
          "scale": 1.0,
          "range": 100.0
        },
        "dutyCycle": "DuskTillDawn()"
      }
    },
    {
      "parent": "/Far__x12_z2/Far__x12_z2_LFS/Far_General/Ship Bollard Arrays/Ship Bollard Array 12/Ship_Bollard (47)/collider/%GROUP%_Mesh02270C000101EA46",
      "position": "(0,12.25,0.75)",
      "hash": "34AC5A71080D99500:34AD417D210D994C0",
      "properties": {
        "type": "Point",
        "intensity": 1.0,
        "range": 30.0,
        "colour": "#FFFFFF",
        "corona": {
          "sprite": "corona_white01.png",
          "scale": 1.0,
          "range": 100.0
        },
        "dutyCycle": "DuskTillDawn()"
      }
    },
    {
      "parent": "/Far__x12_z2/Far__x12_z2_LFS/Far_General/Ship Bollard Arrays/Ship Bollard Array 12/Ship_Bollard (47)/collider/%GROUP%_Mesh02270C000101EA46",
      "position": "(-0.75,12.25,0)",
      "hash": "34AC5A71080D99500:34AC5E7D210D9A370",
      "properties": {
        "type": "Point",
        "intensity": 1.0,
        "range": 30.0,
        "colour": "#FFFFFF",
        "corona": {
          "sprite": "corona_white01.png",
          "scale": 1.0,
          "range": 100.0
        },
        "dutyCycle": "DuskTillDawn()"
      }
    },
    {
      "parent": "/Far__x12_z2/Far__x12_z2_LFS/Far_General/Ship Bollard Arrays/Ship Bollard Array 12/Ship_Bollard (47)/collider/%GROUP%_Mesh02270C000101EA46",
      "position": "(0,12.25,-0.75)",
      "hash": "34AC5A71080D99500:34AC0F7D210D99540",
      "properties": {
        "type": "Point",
        "intensity": 1.0,
        "range": 30.0,
        "colour": "#FFFFFF",
        "corona": {
          "sprite": "corona_white01.png",
          "scale": 1.0,
          "range": 100.0
        },
        "dutyCycle": "DuskTillDawn()"
      }
    },
    {
      "parent": "/Far__x12_z2/Far__x12_z2_LFS/Far_General/Ship Bollard Arrays/Ship Bollard Array 12/Ship_Bollard (47)/collider/%GROUP%_Mesh025E43000102011E",
      "position": "(0.75,12.25,0)",
      "hash": "34E84F71080D96440:34E84B7D210D955E0",
      "properties": {
        "type": "Point",
        "intensity": 1.0,
        "range": 30.0,
        "colour": "#FFFFFF",
        "corona": {
          "sprite": "corona_white01.png",
          "scale": 1.0,
          "range": 100.0
        },
        "dutyCycle": "DuskTillDawn()"
      }
    },
    {
      "parent": "/Far__x12_z2/Far__x12_z2_LFS/Far_General/Ship Bollard Arrays/Ship Bollard Array 12/Ship_Bollard (47)/collider/%GROUP%_Mesh025E43000102011E",
      "position": "(0,12.25,0.75)",
      "hash": "34E84F71080D96440:34E9367D210D96400",
      "properties": {
        "type": "Point",
        "intensity": 1.0,
        "range": 30.0,
        "colour": "#FFFFFF",
        "corona": {
          "sprite": "corona_white01.png",
          "scale": 1.0,
          "range": 100.0
        },
        "dutyCycle": "DuskTillDawn()"
      }
    },
    {
      "parent": "/Far__x12_z2/Far__x12_z2_LFS/Far_General/Ship Bollard Arrays/Ship Bollard Array 12/Ship_Bollard (47)/collider/%GROUP%_Mesh025E43000102011E",
      "position": "(-0.75,12.25,0)",
      "hash": "34E84F71080D96440:34E8537D210D972B0",
      "properties": {
        "type": "Point",
        "intensity": 1.0,
        "range": 30.0,
        "colour": "#FFFFFF",
        "corona": {
          "sprite": "corona_white01.png",
          "scale": 1.0,
          "range": 100.0
        },
        "dutyCycle": "DuskTillDawn()"
      }
    },
    {
      "parent": "/Far__x12_z2/Far__x12_z2_LFS/Far_General/Ship Bollard Arrays/Ship Bollard Array 12/Ship_Bollard (47)/collider/%GROUP%_Mesh025E43000102011E",
      "position": "(0,12.25,-0.75)",
      "hash": "34E84F71080D96440:34E8047D210D96480",
      "properties": {
        "type": "Point",
        "intensity": 1.0,
        "range": 30.0,
        "colour": "#FFFFFF",
        "corona": {
          "sprite": "corona_white01.png",
          "scale": 1.0,
          "range": 100.0
        },
        "dutyCycle": "DuskTillDawn()"
      }
    },
    {
      "parent": "/Far__x12_z2/Far__x12_z2_LFS/Far_General/Ship Bollard Arrays/Ship Bollard Array 12/Ship_Bollard (47)/collider/%GROUP%_Mesh02961C000102175D",
      "position": "(0.75,12.25,0)",
      "hash": "35244B71080D93380:3524477D210D92520",
      "properties": {
        "type": "Point",
        "intensity": 1.0,
        "range": 30.0,
        "colour": "#FFFFFF",
        "corona": {
          "sprite": "corona_white01.png",
          "scale": 1.0,
          "range": 100.0
        },
        "dutyCycle": "DuskTillDawn()"
      }
    },
    {
      "parent": "/Far__x12_z2/Far__x12_z2_LFS/Far_General/Ship Bollard Arrays/Ship Bollard Array 12/Ship_Bollard (47)/collider/%GROUP%_Mesh02961C000102175D",
      "position": "(0,12.25,0.75)",
      "hash": "35244B71080D93380:3525327D210D93350",
      "properties": {
        "type": "Point",
        "intensity": 1.0,
        "range": 30.0,
        "colour": "#FFFFFF",
        "corona": {
          "sprite": "corona_white01.png",
          "scale": 1.0,
          "range": 100.0
        },
        "dutyCycle": "DuskTillDawn()"
      }
    },
    {
      "parent": "/Far__x12_z2/Far__x12_z2_LFS/Far_General/Ship Bollard Arrays/Ship Bollard Array 12/Ship_Bollard (47)/collider/%GROUP%_Mesh02961C000102175D",
      "position": "(-0.75,12.25,0)",
      "hash": "35244B71080D93380:35244F7D210D941F0",
      "properties": {
        "type": "Point",
        "intensity": 1.0,
        "range": 30.0,
        "colour": "#FFFFFF",
        "corona": {
          "sprite": "corona_white01.png",
          "scale": 1.0,
          "range": 100.0
        },
        "dutyCycle": "DuskTillDawn()"
      }
    },
    {
      "parent": "/Far__x12_z2/Far__x12_z2_LFS/Far_General/Ship Bollard Arrays/Ship Bollard Array 12/Ship_Bollard (47)/collider/%GROUP%_Mesh02961C000102175D",
      "position": "(0,12.25,-0.75)",
      "hash": "35244B71080D93380:3524007D210D933C0",
      "properties": {
        "type": "Point",
        "intensity": 1.0,
        "range": 30.0,
        "colour": "#FFFFFF",
        "corona": {
          "sprite": "corona_white01.png",
          "scale": 1.0,
          "range": 100.0
        },
        "dutyCycle": "DuskTillDawn()"
      }
    },
    {
      "parent": "/Far__x12_z2/Far__x12_z2_LFS/Far_City Grid/Fences (1)/SmallWireFence01_x12 (8)/Collider/%GROUP%_Mesh0003230002001233",
      "position": "(0.75,12.25,0)",
      "rotation": "(-0.7071068,0,0,0.7071068)",
      "hash": "35593971090D90450:3559357D220D8F5E0",
      "properties": {
        "type": "Point",
        "intensity": 1.0,
        "range": 30.0,
        "colour": "#FFFFFF",
        "corona": {
          "sprite": "corona_white01.png",
          "scale": 1.0,
          "range": 100.0
        },
        "dutyCycle": "DuskTillDawn()"
      }
    },
    {
      "parent": "/Far__x12_z2/Far__x12_z2_LFS/Far_City Grid/Fences (1)/SmallWireFence01_x12 (8)/Collider/%GROUP%_Mesh0003230002001233",
      "position": "(0,12.25,0.75)",
      "rotation": "(-0.7071068,0,0,0.7071068)",
      "hash": "35593971090D90450:355A207D220D90410",
      "properties": {
        "type": "Point",
        "intensity": 1.0,
        "range": 30.0,
        "colour": "#FFFFFF",
        "corona": {
          "sprite": "corona_white01.png",
          "scale": 1.0,
          "range": 100.0
        },
        "dutyCycle": "DuskTillDawn()"
      }
    },
    {
      "parent": "/Far__x12_z2/Far__x12_z2_LFS/Far_City Grid/Fences (1)/SmallWireFence01_x12 (8)/Collider/%GROUP%_Mesh0003230002001233",
      "position": "(-0.75,12.25,0)",
      "rotation": "(-0.7071068,0,0,0.7071068)",
      "hash": "35593971090D90450:35593D7D220D912C0",
      "properties": {
        "type": "Point",
        "intensity": 1.0,
        "range": 30.0,
        "colour": "#FFFFFF",
        "corona": {
          "sprite": "corona_white01.png",
          "scale": 1.0,
          "range": 100.0
        },
        "dutyCycle": "DuskTillDawn()"
      }
    },
    {
      "parent": "/Far__x12_z2/Far__x12_z2_LFS/Far_City Grid/Fences (1)/SmallWireFence01_x12 (8)/Collider/%GROUP%_Mesh0003230002001233",
      "position": "(0,12.25,-0.75)",
      "rotation": "(-0.7071068,0,0,0.7071068)",
      "hash": "35593971090D90450:3558527D220D90490",
      "properties": {
        "type": "Point",
        "intensity": 1.0,
        "range": 30.0,
        "colour": "#FFFFFF",
        "corona": {
          "sprite": "corona_white01.png",
          "scale": 1.0,
          "range": 100.0
        },
        "dutyCycle": "DuskTillDawn()"
      }
    },
    {
      "parent": "/Far__x12_z2/Far__x12_z2_LFS/Far_General/Ship Bollard Arrays/Ship Bollard Array 12/Ship_Bollard (47)/collider/%GROUP%_Mesh03053B0001024508",
      "position": "(0.75,12.25,0)",
      "hash": "359C4571080D8D150:359C417D210D8C2E0",
      "properties": {
        "type": "Point",
        "intensity": 1.0,
        "range": 30.0,
        "colour": "#FFFFFF",
        "corona": {
          "sprite": "corona_white01.png",
          "scale": 1.0,
          "range": 100.0
        },
        "dutyCycle": "DuskTillDawn()"
      }
    },
    {
      "parent": "/Far__x12_z2/Far__x12_z2_LFS/Far_General/Ship Bollard Arrays/Ship Bollard Array 12/Ship_Bollard (47)/collider/%GROUP%_Mesh03053B0001024508",
      "position": "(0,12.25,0.75)",
      "hash": "359C4571080D8D150:359D2C7D210D8D110",
      "properties": {
        "type": "Point",
        "intensity": 1.0,
        "range": 30.0,
        "colour": "#FFFFFF",
        "corona": {
          "sprite": "corona_white01.png",
          "scale": 1.0,
          "range": 100.0
        },
        "dutyCycle": "DuskTillDawn()"
      }
    },
    {
      "parent": "/Far__x12_z2/Far__x12_z2_LFS/Far_General/Ship Bollard Arrays/Ship Bollard Array 12/Ship_Bollard (47)/collider/%GROUP%_Mesh03053B0001024508",
      "position": "(-0.75,12.25,0)",
      "hash": "359C4571080D8D150:359C497D210D8D600",
      "properties": {
        "type": "Point",
        "intensity": 1.0,
        "range": 30.0,
        "colour": "#FFFFFF",
        "corona": {
          "sprite": "corona_white01.png",
          "scale": 1.0,
          "range": 100.0
        },
        "dutyCycle": "DuskTillDawn()"
      }
    },
    {
      "parent": "/Far__x12_z2/Far__x12_z2_LFS/Far_General/Ship Bollard Arrays/Ship Bollard Array 12/Ship_Bollard (47)/collider/%GROUP%_Mesh03053B0001024508",
      "position": "(0,12.25,-0.75)",
      "hash": "359C4571080D8D150:359B5E7D210D8D190",
      "properties": {
        "type": "Point",
        "intensity": 1.0,
        "range": 30.0,
        "colour": "#FFFFFF",
        "corona": {
          "sprite": "corona_white01.png",
          "scale": 1.0,
          "range": 100.0
        },
        "dutyCycle": "DuskTillDawn()"
      }
    }
  ],
  "meshes": [
    {
      "parent": "/Far__x12_z2/Far__x12_z2_LFS/Far_General/Ship Bollard Arrays/Ship Bollard Array 12/Ship_Bollard (47)/collider",
      "position": "(384.671051,0.0126495361,423.003357)",
      "rotation": "(0,0.725374341,0,0.6883546)",
      "hash": "31E93D71060CC7280:33F92D71080DA30F0",
      "properties": {
        "file": "meshes_lampposts.assetbundle",
        "mesh": "YardLamp_Floor"
      }
    },
    {
      "parent": "/Far__x12_z2/Far__x12_z2_LFS/Far_General/Ship Bollard Arrays/Ship Bollard Array 12/Ship_Bollard (47)/collider",
      "position": "(439.8938,0.0126495361,445.567871)",
      "rotation": "(0,0.7193398,0,0.6946584)",
      "hash": "31E93D71060CC7280:34350371080DA00E0",
      "properties": {
        "file": "meshes_lampposts.assetbundle",
        "mesh": "YardLamp_Floor"
      }
    },
    {
      "parent": "/Far__x12_z2/Far__x12_z2_LFS/Far_General/Ship Bollard Arrays/Ship Bollard Array 12/Ship_Bollard (47)/collider",
      "position": "(495.37262,0.0126495361,468.124634)",
      "rotation": "(0,0.725374341,0,0.6883546)",
      "hash": "31E93D71060CC7280:34705371080D9D020",
      "properties": {
        "file": "meshes_lampposts.assetbundle",
        "mesh": "YardLamp_Floor"
      }
    },
    {
      "parent": "/Far__x12_z2/Far__x12_z2_LFS/Far_General/Ship Bollard Arrays/Ship Bollard Array 12/Ship_Bollard (47)/collider",
      "position": "(551.1244,0.0126571655,490.70874)",
      "rotation": "(0,0.725374341,0,0.6883546)",
      "hash": "31E93D71060CC7280:34AC5A71080D99500",
      "properties": {
        "file": "meshes_lampposts.assetbundle",
        "mesh": "YardLamp_Floor"
      }
    },
    {
      "parent": "/Far__x12_z2/Far__x12_z2_LFS/Far_General/Ship Bollard Arrays/Ship Bollard Array 12/Ship_Bollard (47)/collider",
      "position": "(606.674,0.0126571655,513.3054)",
      "rotation": "(0,0.725374341,0,0.6883546)",
      "hash": "31E93D71060CC7280:34E84F71080D96440",
      "properties": {
        "file": "meshes_lampposts.assetbundle",
        "mesh": "YardLamp_Floor"
      }
    },
    {
      "parent": "/Far__x12_z2/Far__x12_z2_LFS/Far_General/Ship Bollard Arrays/Ship Bollard Array 12/Ship_Bollard (47)/collider",
      "position": "(662.2892,0.0126571655,535.9302)",
      "rotation": "(0,0.725374341,0,0.6883546)",
      "hash": "31E93D71060CC7280:35244B71080D93380",
      "properties": {
        "file": "meshes_lampposts.assetbundle",
        "mesh": "YardLamp_Floor"
      }
    },
    {
      "parent": "/Far__x12_z2/Far__x12_z2_LFS/Far_City Grid/Fences (1)/SmallWireFence01_x12 (8)/Collider",
      "position": "(3.35510874,0.0294494629,-18.51654)",
      "rotation": "(0,0.725374341,0,0.6883546)",
      "hash": "35571271060DA3230:35593971090D90450",
      "properties": {
        "file": "meshes_lampposts.assetbundle",
        "mesh": "YardLamp_Floor"
      }
    },
    {
      "parent": "/Far__x12_z2/Far__x12_z2_LFS/Far_General/Ship Bollard Arrays/Ship Bollard Array 12/Ship_Bollard (47)/collider",
      "position": "(773.5915,0.0126571655,581.081543)",
      "rotation": "(0,0.725374341,0,0.6883546)",
      "hash": "31E93D71060CC7280:359C4571080D8D150",
      "properties": {
        "file": "meshes_lampposts.assetbundle",
        "mesh": "YardLamp_Floor"
      }
    }
  ],
  "decorations": []
}