{
  "version": 97,
  "enabled": true,
  "priority": "High",
  "lights": [
    {
      "parent": "/Far__x12_z2/Far__x12_z2_LFS/Far_Liquids Bay/Roads (1)/Road_60x8 (2)/Collider/%GROUP%_Mesh000B3F000C000E47",
      "position": "(0.75,12.25,0)",
      "rotation": "(-0.7071068,0,0,0.7071068)",
      "hash": "31F35371090D733E0:31F30F7D220D735E0",
      "properties": {
        "type": "Point",
        "intensity": 1.0,
        "range": 30.0,
        "colour": "#FFFFFF",
        "corona": {
          "sprite": "corona_white01.png",
          "scale": 1.0,
          "range": 100.0
        },
        "dutyCycle": "DuskTillDawn()"
      }
    },
    {
      "parent": "/Far__x12_z2/Far__x12_z2_LFS/Far_Liquids Bay/Roads (1)/Road_60x8 (2)/Collider/%GROUP%_Mesh000B3F000C000E47",
      "position": "(0,12.25,0.75)",
      "rotation": "(-0.7071068,0,0,0.7071068)",
      "hash": "31F35371090D733E0:31F3337D220D725E0",
      "properties": {
        "type": "Point",
        "intensity": 1.0,
        "range": 30.0,
        "colour": "#FFFFFF",
        "corona": {
          "sprite": "corona_white01.png",
          "scale": 1.0,
          "range": 100.0
        },
        "dutyCycle": "DuskTillDawn()"
      }
    },
    {
      "parent": "/Far__x12_z2/Far__x12_z2_LFS/Far_Liquids Bay/Roads (1)/Road_60x8 (2)/Collider/%GROUP%_Mesh000B3F000C000E47",
      "position": "(-0.75,12.25,0)",
      "rotation": "(-0.7071068,0,0,0.7071068)",
      "hash": "31F35371090D733E0:31F4337D220D731E0",
      "properties": {
        "type": "Point",
        "intensity": 1.0,
        "range": 30.0,
        "colour": "#FFFFFF",
        "corona": {
          "sprite": "corona_white01.png",
          "scale": 1.0,
          "range": 100.0
        },
        "dutyCycle": "DuskTillDawn()"
      }
    },
    {
      "parent": "/Far__x12_z2/Far__x12_z2_LFS/Far_Liquids Bay/Roads (1)/Road_60x8 (2)/Collider/%GROUP%_Mesh000B3F000C000E47",
      "position": "(0,12.25,-0.75)",
      "rotation": "(-0.7071068,0,0,0.7071068)",
      "hash": "31F35371090D733E0:31F40F7D220D741E0",
      "properties": {
        "type": "Point",
        "intensity": 1.0,
        "range": 30.0,
        "colour": "#FFFFFF",
        "corona": {
          "sprite": "corona_white01.png",
          "scale": 1.0,
          "range": 100.0
        },
        "dutyCycle": "DuskTillDawn()"
      }
    },
    {
      "parent": "/Far__x12_z2/Far__x12_z2_LFS/Far_General/Ship Bollard Arrays/Ship Bollard Array 12/Ship_Bollard (47)/collider/%GROUP%_Mesh003F370001006363",
      "position": "(0.75,12.25,0)",
      "hash": "31DA3271080D3C5C0:31D9527D210D3D170",
      "properties": {
        "type": "Point",
        "intensity": 1.0,
        "range": 30.0,
        "colour": "#FFFFFF",
        "corona": {
          "sprite": "corona_white01.png",
          "scale": 1.0,
          "range": 100.0
        },
        "dutyCycle": "DuskTillDawn()"
      }
    },
    {
      "parent": "/Far__x12_z2/Far__x12_z2_LFS/Far_General/Ship Bollard Arrays/Ship Bollard Array 12/Ship_Bollard (47)/collider/%GROUP%_Mesh003F370001006363",
      "position": "(0,12.25,0.75)",
      "hash": "31DA3271080D3C5C0:31DA127D210D3C180",
      "properties": {
        "type": "Point",
        "intensity": 1.0,
        "range": 30.0,
        "colour": "#FFFFFF",
        "corona": {
          "sprite": "corona_white01.png",
          "scale": 1.0,
          "range": 100.0
        },
        "dutyCycle": "DuskTillDawn()"
      }
    },
    {
      "parent": "/Far__x12_z2/Far__x12_z2_LFS/Far_General/Ship Bollard Arrays/Ship Bollard Array 12/Ship_Bollard (47)/collider/%GROUP%_Mesh003F370001006363",
      "position": "(-0.75,12.25,0)",
      "hash": "31DA3271080D3C5C0:31DB127D210D3C3C0",
      "properties": {
        "type": "Point",
        "intensity": 1.0,
        "range": 30.0,
        "colour": "#FFFFFF",
        "corona": {
          "sprite": "corona_white01.png",
          "scale": 1.0,
          "range": 100.0
        },
        "dutyCycle": "DuskTillDawn()"
      }
    },
    {
      "parent": "/Far__x12_z2/Far__x12_z2_LFS/Far_General/Ship Bollard Arrays/Ship Bollard Array 12/Ship_Bollard (47)/collider/%GROUP%_Mesh003F370001006363",
      "position": "(0,12.25,-0.75)",
      "hash": "31DA3271080D3C5C0:31DA527D210D3D3C0",
      "properties": {
        "type": "Point",
        "intensity": 1.0,
        "range": 30.0,
        "colour": "#FFFFFF",
        "corona": {
          "sprite": "corona_white01.png",
          "scale": 1.0,
          "range": 100.0
        },
        "dutyCycle": "DuskTillDawn()"
      }
    },
    {
      "parent": "/Far__x12_z2/Far__x12_z2_LFS/Far_General/Ship Bollard Arrays/Ship Bollard Array 12/Ship_Bollard (47)/collider/%GROUP%_Mesh003F17000100275E",
      "position": "(0.75,12.25,0)",
      "hash": "31C11E71080D06290:31C03E7D210D06490",
      "properties": {
        "type": "Point",
        "intensity": 1.0,
        "range": 30.0,
        "colour": "#FFFFFF",
        "corona": {
          "sprite": "corona_white01.png",
          "scale": 1.0,
          "range": 100.0
        },
        "dutyCycle": "DuskTillDawn()"
      }
    },
    {
      "parent": "/Far__x12_z2/Far__x12_z2_LFS/Far_General/Ship Bollard Arrays/Ship Bollard Array 12/Ship_Bollard (47)/collider/%GROUP%_Mesh003F17000100275E",
      "position": "(0,12.25,0.75)",
      "hash": "31C11E71080D06290:31C0627D210D05490",
      "properties": {
        "type": "Point",
        "intensity": 1.0,
        "range": 30.0,
        "colour": "#FFFFFF",
        "corona": {
          "sprite": "corona_white01.png",
          "scale": 1.0,
          "range": 100.0
        },
        "dutyCycle": "DuskTillDawn()"
      }
    },
    {
      "parent": "/Far__x12_z2/Far__x12_z2_LFS/Far_General/Ship Bollard Arrays/Ship Bollard Array 12/Ship_Bollard (47)/collider/%GROUP%_Mesh003F17000100275E",
      "position": "(-0.75,12.25,0)",
      "hash": "31C11E71080D06290:31C1627D210D06090",
      "properties": {
        "type": "Point",
        "intensity": 1.0,
        "range": 30.0,
        "colour": "#FFFFFF",
        "corona": {
          "sprite": "corona_white01.png",
          "scale": 1.0,
          "range": 100.0
        },
        "dutyCycle": "DuskTillDawn()"
      }
    },
    {
      "parent": "/Far__x12_z2/Far__x12_z2_LFS/Far_General/Ship Bollard Arrays/Ship Bollard Array 12/Ship_Bollard (47)/collider/%GROUP%_Mesh003F17000100275E",
      "position": "(0,12.25,-0.75)",
      "hash": "31C11E71080D06290:31C13E7D210D07090",
      "properties": {
        "type": "Point",
        "intensity": 1.0,
        "range": 30.0,
        "colour": "#FFFFFF",
        "corona": {
          "sprite": "corona_white01.png",
          "scale": 1.0,
          "range": 100.0
        },
        "dutyCycle": "DuskTillDawn()"
      }
    },
    {
      "parent": "/Far__x12_z2/Far__x12_z2_LFS/Far_General/Ship Bollard Arrays/Ship Bollard Array 12/Ship_Bollard (47)/collider/%GROUP%_Mesh003E630001001356",
      "position": "(0.75,12.25,0)",
      "hash": "31A80D71080CD0100:31A72D7D210CD0300",
      "properties": {
        "type": "Point",
        "intensity": 1.0,
        "range": 30.0,
        "colour": "#FFFFFF",
        "corona": {
          "sprite": "corona_white01.png",
          "scale": 1.0,
          "range": 100.0
        },
        "dutyCycle": "DuskTillDawn()"
      }
    },
    {
      "parent": "/Far__x12_z2/Far__x12_z2_LFS/Far_General/Ship Bollard Arrays/Ship Bollard Array 12/Ship_Bollard (47)/collider/%GROUP%_Mesh003E630001001356",
      "position": "(0,12.25,0.75)",
      "hash": "31A80D71080CD0100:31A7527D210CCF300",
      "properties": {
        "type": "Point",
        "intensity": 1.0,
        "range": 30.0,
        "colour": "#FFFFFF",
        "corona": {
          "sprite": "corona_white01.png",
          "scale": 1.0,
          "range": 100.0
        },
        "dutyCycle": "DuskTillDawn()"
      }
    },
    {
      "parent": "/Far__x12_z2/Far__x12_z2_LFS/Far_General/Ship Bollard Arrays/Ship Bollard Array 12/Ship_Bollard (47)/collider/%GROUP%_Mesh003E630001001356",
      "position": "(-0.75,12.25,0)",
      "hash": "31A80D71080CD0100:31A8517D210CCF540",
      "properties": {
        "type": "Point",
        "intensity": 1.0,
        "range": 30.0,
        "colour": "#FFFFFF",
        "corona": {
          "sprite": "corona_white01.png",
          "scale": 1.0,
          "range": 100.0
        },
        "dutyCycle": "DuskTillDawn()"
      }
    },
    {
      "parent": "/Far__x12_z2/Far__x12_z2_LFS/Far_General/Ship Bollard Arrays/Ship Bollard Array 12/Ship_Bollard (47)/collider/%GROUP%_Mesh003E630001001356",
      "position": "(0,12.25,-0.75)",
      "hash": "31A80D71080CD0100:31A82D7D210CD0540",
      "properties": {
        "type": "Point",
        "intensity": 1.0,
        "range": 30.0,
        "colour": "#FFFFFF",
        "corona": {
          "sprite": "corona_white01.png",
          "scale": 1.0,
          "range": 100.0
        },
        "dutyCycle": "DuskTillDawn()"
      }
    },
    {
      "parent": "/Far__x12_z2/Far__x12_z2_LFS/Far_General/Ship Bollard Arrays/Ship Bollard Array 12/Ship_Bollard (47)/collider/%GROUP%_Mesh003E520001004F57",
      "position": "(0.75,12.25,0)",
      "hash": "318E5271080C994B0:318E0E7D210C9A060",
      "properties": {
        "type": "Point",
        "intensity": 1.0,
        "range": 30.0,
        "colour": "#FFFFFF",
        "corona": {
          "sprite": "corona_white01.png",
          "scale": 1.0,
          "range": 100.0
        },
        "dutyCycle": "DuskTillDawn()"
      }
    },
    {
      "parent": "/Far__x12_z2/Far__x12_z2_LFS/Far_General/Ship Bollard Arrays/Ship Bollard Array 12/Ship_Bollard (47)/collider/%GROUP%_Mesh003E520001004F57",
      "position": "(0,12.25,0.75)",
      "hash": "318E5271080C994B0:318E327D210C99070",
      "properties": {
        "type": "Point",
        "intensity": 1.0,
        "range": 30.0,
        "colour": "#FFFFFF",
        "corona": {
          "sprite": "corona_white01.png",
          "scale": 1.0,
          "range": 100.0
        },
        "dutyCycle": "DuskTillDawn()"
      }
    },
    {
      "parent": "/Far__x12_z2/Far__x12_z2_LFS/Far_General/Ship Bollard Arrays/Ship Bollard Array 12/Ship_Bollard (47)/collider/%GROUP%_Mesh003E520001004F57",
      "position": "(-0.75,12.25,0)",
      "hash": "318E5271080C994B0:318F327D210C992B0",
      "properties": {
        "type": "Point",
        "intensity": 1.0,
        "range": 30.0,
        "colour": "#FFFFFF",
        "corona": {
          "sprite": "corona_white01.png",
          "scale": 1.0,
          "range": 100.0
        },
        "dutyCycle": "DuskTillDawn()"
      }
    },
    {
      "parent": "/Far__x12_z2/Far__x12_z2_LFS/Far_General/Ship Bollard Arrays/Ship Bollard Array 12/Ship_Bollard (47)/collider/%GROUP%_Mesh003E520001004F57",
      "position": "(0,12.25,-0.75)",
      "hash": "318E5271080C994B0:318F0E7D210C9A2A0",
      "properties": {
        "type": "Point",
        "intensity": 1.0,
        "range": 30.0,
        "colour": "#FFFFFF",
        "corona": {
          "sprite": "corona_white01.png",
          "scale": 1.0,
          "range": 100.0
        },
        "dutyCycle": "DuskTillDawn()"
      }
    },
    {
      "parent": "/Far__x12_z2/Far__x12_z2_LFS/Far_General/Ship Bollard Arrays/Ship Bollard Array 12/Ship_Bollard (47)/collider/%GROUP%_Mesh003E3A0001008C07",
      "position": "(0.75,12.25,0)",
      "hash": "31753071080C630E0:3174507D210C632D0",
      "properties": {
        "type": "Point",
        "intensity": 1.0,
        "range": 30.0,
        "colour": "#FFFFFF",
        "corona": {
          "sprite": "corona_white01.png",
          "scale": 1.0,
          "range": 100.0
        },
        "dutyCycle": "DuskTillDawn()"
      }
    },
    {
      "parent": "/Far__x12_z2/Far__x12_z2_LFS/Far_General/Ship Bollard Arrays/Ship Bollard Array 12/Ship_Bollard (47)/collider/%GROUP%_Mesh003E3A0001008C07",
      "position": "(0,12.25,0.75)",
      "hash": "31753071080C630E0:3175117D210C622E0",
      "properties": {
        "type": "Point",
        "intensity": 1.0,
        "range": 30.0,
        "colour": "#FFFFFF",
        "corona": {
          "sprite": "corona_white01.png",
          "scale": 1.0,
          "range": 100.0
        },
        "dutyCycle": "DuskTillDawn()"
      }
    },
    {
      "parent": "/Far__x12_z2/Far__x12_z2_LFS/Far_General/Ship Bollard Arrays/Ship Bollard Array 12/Ship_Bollard (47)/collider/%GROUP%_Mesh003E3A0001008C07",
      "position": "(-0.75,12.25,0)",
      "hash": "31753071080C630E0:3176107D210C62520",
      "properties": {
        "type": "Point",
        "intensity": 1.0,
        "range": 30.0,
        "colour": "#FFFFFF",
        "corona": {
          "sprite": "corona_white01.png",
          "scale": 1.0,
          "range": 100.0
        },
        "dutyCycle": "DuskTillDawn()"
      }
    },
    {
      "parent": "/Far__x12_z2/Far__x12_z2_LFS/Far_General/Ship Bollard Arrays/Ship Bollard Array 12/Ship_Bollard (47)/collider/%GROUP%_Mesh003E3A0001008C07",
      "position": "(0,12.25,-0.75)",
      "hash": "31753071080C630E0:3175507D210C63520",
      "properties": {
        "type": "Point",
        "intensity": 1.0,
        "range": 30.0,
        "colour": "#FFFFFF",
        "corona": {
          "sprite": "corona_white01.png",
          "scale": 1.0,
          "range": 100.0
        },
        "dutyCycle": "DuskTillDawn()"
      }
    },
    {
      "parent": "/Far__x12_z2/Far__x12_z2_LFS/Far_General/Ship Bollard Arrays/Ship Bollard Array 12/Ship_Bollard (47)/collider/%GROUP%_Mesh003E27000100C802",
      "position": "(0.75,12.25,0)",
      "hash": "315C1571080C2C4E0:315B357D210C2D090",
      "properties": {
        "type": "Point",
        "intensity": 1.0,
        "range": 30.0,
        "colour": "#FFFFFF",
        "corona": {
          "sprite": "corona_white01.png",
          "scale": 1.0,
          "range": 100.0
        },
        "dutyCycle": "DuskTillDawn()"
      }
    },
    {
      "parent": "/Far__x12_z2/Far__x12_z2_LFS/Far_General/Ship Bollard Arrays/Ship Bollard Array 12/Ship_Bollard (47)/collider/%GROUP%_Mesh003E27000100C802",
      "position": "(0,12.25,0.75)",
      "hash": "315C1571080C2C4E0:315B597D210C2C0A0",
      "properties": {
        "type": "Point",
        "intensity": 1.0,
        "range": 30.0,
        "colour": "#FFFFFF",
        "corona": {
          "sprite": "corona_white01.png",
          "scale": 1.0,
          "range": 100.0
        },
        "dutyCycle": "DuskTillDawn()"
      }
    },
    {
      "parent": "/Far__x12_z2/Far__x12_z2_LFS/Far_General/Ship Bollard Arrays/Ship Bollard Array 12/Ship_Bollard (47)/collider/%GROUP%_Mesh003E27000100C802",
      "position": "(-0.75,12.25,0)",
      "hash": "315C1571080C2C4E0:315C597D210C2C2E0",
      "properties": {
        "type": "Point",
        "intensity": 1.0,
        "range": 30.0,
        "colour": "#FFFFFF",
        "corona": {
          "sprite": "corona_white01.png",
          "scale": 1.0,
          "range": 100.0
        },
        "dutyCycle": "DuskTillDawn()"
      }
    },
    {
      "parent": "/Far__x12_z2/Far__x12_z2_LFS/Far_General/Ship Bollard Arrays/Ship Bollard Array 12/Ship_Bollard (47)/collider/%GROUP%_Mesh003E27000100C802",
      "position": "(0,12.25,-0.75)",
      "hash": "315C1571080C2C4E0:315C357D210C2D2E0",
      "properties": {
        "type": "Point",
        "intensity": 1.0,
        "range": 30.0,
        "colour": "#FFFFFF",
        "corona": {
          "sprite": "corona_white01.png",
          "scale": 1.0,
          "range": 100.0
        },
        "dutyCycle": "DuskTillDawn()"
      }
    },
    {
      "parent": "/Far__x12_z2/Far__x12_z2_LFS/Far_General/Ship Bollard Arrays/Ship Bollard Array 12/Ship_Bollard (47)/collider/%GROUP%_Mesh003E22000100F95A",
      "position": "(0.75,12.25,0)",
      "hash": "31470971080BFF3A0:31462A7D210BFF5B0",
      "properties": {
        "type": "Point",
        "intensity": 1.0,
        "range": 30.0,
        "colour": "#FFFFFF",
        "corona": {
          "sprite": "corona_white01.png",
          "scale": 1.0,
          "range": 100.0
        },
        "dutyCycle": "DuskTillDawn()"
      }
    },
    {
      "parent": "/Far__x12_z2/Far__x12_z2_LFS/Far_General/Ship Bollard Arrays/Ship Bollard Array 12/Ship_Bollard (47)/collider/%GROUP%_Mesh003E22000100F95A",
      "position": "(0,12.25,0.75)",
      "hash": "31470971080BFF3A0:31464C7D210BFE5B0",
      "properties": {
        "type": "Point",
        "intensity": 1.0,
        "range": 30.0,
        "colour": "#FFFFFF",
        "corona": {
          "sprite": "corona_white01.png",
          "scale": 1.0,
          "range": 100.0
        },
        "dutyCycle": "DuskTillDawn()"
      }
    },
    {
      "parent": "/Far__x12_z2/Far__x12_z2_LFS/Far_General/Ship Bollard Arrays/Ship Bollard Array 12/Ship_Bollard (47)/collider/%GROUP%_Mesh003E22000100F95A",
      "position": "(-0.75,12.25,0)",
      "hash": "31470971080BFF3A0:31474C7D210BFF1A0",
      "properties": {
        "type": "Point",
        "intensity": 1.0,
        "range": 30.0,
        "colour": "#FFFFFF",
        "corona": {
          "sprite": "corona_white01.png",
          "scale": 1.0,
          "range": 100.0
        },
        "dutyCycle": "DuskTillDawn()"
      }
    },
    {
      "parent": "/Far__x12_z2/Far__x12_z2_LFS/Far_General/Ship Bollard Arrays/Ship Bollard Array 12/Ship_Bollard (47)/collider/%GROUP%_Mesh003E22000100F95A",
      "position": "(0,12.25,-0.75)",
      "hash": "31470971080BFF3A0:31472A7D210C001A0",
      "properties": {
        "type": "Point",
        "intensity": 1.0,
        "range": 30.0,
        "colour": "#FFFFFF",
        "corona": {
          "sprite": "corona_white01.png",
          "scale": 1.0,
          "range": 100.0
        },
        "dutyCycle": "DuskTillDawn()"
      }
    },
    {
      "parent": "/Far__x12_z2/Far__x12_z2_LFS/Far_General/Ship Bollard Arrays/Ship Bollard Array 12/Ship_Bollard (47)/collider/%GROUP%_Mesh003D4E0001013F43",
      "position": "(0.75,12.25,0)",
      "hash": "31296271080BC0120:31291E7D210BC0310",
      "properties": {
        "type": "Point",
        "intensity": 1.0,
        "range": 30.0,
        "colour": "#FFFFFF",
        "corona": {
          "sprite": "corona_white01.png",
          "scale": 1.0,
          "range": 100.0
        },
        "dutyCycle": "DuskTillDawn()"
      }
    },
    {
      "parent": "/Far__x12_z2/Far__x12_z2_LFS/Far_General/Ship Bollard Arrays/Ship Bollard Array 12/Ship_Bollard (47)/collider/%GROUP%_Mesh003D4E0001013F43",
      "position": "(0,12.25,0.75)",
      "hash": "31296271080BC0120:3129437D210BBF320",
      "properties": {
        "type": "Point",
        "intensity": 1.0,
        "range": 30.0,
        "colour": "#FFFFFF",
        "corona": {
          "sprite": "corona_white01.png",
          "scale": 1.0,
          "range": 100.0
        },
        "dutyCycle": "DuskTillDawn()"
      }
    },
    {
      "parent": "/Far__x12_z2/Far__x12_z2_LFS/Far_General/Ship Bollard Arrays/Ship Bollard Array 12/Ship_Bollard (47)/collider/%GROUP%_Mesh003D4E0001013F43",
      "position": "(-0.75,12.25,0)",
      "hash": "31296271080BC0120:312A427D210BBF560",
      "properties": {
        "type": "Point",
        "intensity": 1.0,
        "range": 30.0,
        "colour": "#FFFFFF",
        "corona": {
          "sprite": "corona_white01.png",
          "scale": 1.0,
          "range": 100.0
        },
        "dutyCycle": "DuskTillDawn()"
      }
    },
    {
      "parent": "/Far__x12_z2/Far__x12_z2_LFS/Far_General/Ship Bollard Arrays/Ship Bollard Array 12/Ship_Bollard (47)/collider/%GROUP%_Mesh003D4E0001013F43",
      "position": "(0,12.25,-0.75)",
      "hash": "31296271080BC0120:312A1E7D210BC0550",
      "properties": {
        "type": "Point",
        "intensity": 1.0,
        "range": 30.0,
        "colour": "#FFFFFF",
        "corona": {
          "sprite": "corona_white01.png",
          "scale": 1.0,
          "range": 100.0
        },
        "dutyCycle": "DuskTillDawn()"
      }
    },
    {
      "parent": "/Far__x12_z2/Far__x12_z2_LFS/Far_General/Ship Bollard Arrays/Ship Bollard Array 12/Ship_Bollard (47)/collider/%GROUP%_Mesh000D23000100A037",
      "position": "(0.75,12.25,0)",
      "hash": "32214171080D5E2C0:3220627D210D5E4D0",
      "properties": {
        "type": "Point",
        "intensity": 1.0,
        "range": 30.0,
        "colour": "#FFFFFF",
        "corona": {
          "sprite": "corona_white01.png",
          "scale": 1.0,
          "range": 100.0
        },
        "dutyCycle": "DuskTillDawn()"
      }
    },
    {
      "parent": "/Far__x12_z2/Far__x12_z2_LFS/Far_General/Ship Bollard Arrays/Ship Bollard Array 12/Ship_Bollard (47)/collider/%GROUP%_Mesh000D23000100A037",
      "position": "(0,12.25,0.75)",
      "hash": "32214171080D5E2C0:3221217D210D5D4D0",
      "properties": {
        "type": "Point",
        "intensity": 1.0,
        "range": 30.0,
        "colour": "#FFFFFF",
        "corona": {
          "sprite": "corona_white01.png",
          "scale": 1.0,
          "range": 100.0
        },
        "dutyCycle": "DuskTillDawn()"
      }
    },
    {
      "parent": "/Far__x12_z2/Far__x12_z2_LFS/Far_General/Ship Bollard Arrays/Ship Bollard Array 12/Ship_Bollard (47)/collider/%GROUP%_Mesh000D23000100A037",
      "position": "(-0.75,12.25,0)",
      "hash": "32214171080D5E2C0:3222217D210D5E0C0",
      "properties": {
        "type": "Point",
        "intensity": 1.0,
        "range": 30.0,
        "colour": "#FFFFFF",
        "corona": {
          "sprite": "corona_white01.png",
          "scale": 1.0,
          "range": 100.0
        },
        "dutyCycle": "DuskTillDawn()"
      }
    },
    {
      "parent": "/Far__x12_z2/Far__x12_z2_LFS/Far_General/Ship Bollard Arrays/Ship Bollard Array 12/Ship_Bollard (47)/collider/%GROUP%_Mesh000D23000100A037",
      "position": "(0,12.25,-0.75)",
      "hash": "32214171080D5E2C0:3221627D210D5F0C0",
      "properties": {
        "type": "Point",
        "intensity": 1.0,
        "range": 30.0,
        "colour": "#FFFFFF",
        "corona": {
          "sprite": "corona_white01.png",
          "scale": 1.0,
          "range": 100.0
        },
        "dutyCycle": "DuskTillDawn()"
      }
    },
    {
      "parent": "/Far__x12_z2/Far__x12_z2_LFS/Far_General/Ship Bollard Arrays/Ship Bollard Array 12/Ship_Bollard (47)/collider/%GROUP%_Mesh000D1B0001006450",
      "position": "(0.75,12.25,0)",
      "hash": "32082571080D28200:3207447D210D283E0",
      "properties": {
        "type": "Point",
        "intensity": 1.0,
        "range": 30.0,
        "colour": "#FFFFFF",
        "corona": {
          "sprite": "corona_white01.png",
          "scale": 1.0,
          "range": 100.0
        },
        "dutyCycle": "DuskTillDawn()"
      }
    },
    {
      "parent": "/Far__x12_z2/Far__x12_z2_LFS/Far_General/Ship Bollard Arrays/Ship Bollard Array 12/Ship_Bollard (47)/collider/%GROUP%_Mesh000D1B0001006450",
      "position": "(0,12.25,0.75)",
      "hash": "32082571080D28200:3208077D210D273F0",
      "properties": {
        "type": "Point",
        "intensity": 1.0,
        "range": 30.0,
        "colour": "#FFFFFF",
        "corona": {
          "sprite": "corona_white01.png",
          "scale": 1.0,
          "range": 100.0
        },
        "dutyCycle": "DuskTillDawn()"
      }
    },
    {
      "parent": "/Far__x12_z2/Far__x12_z2_LFS/Far_General/Ship Bollard Arrays/Ship Bollard Array 12/Ship_Bollard (47)/collider/%GROUP%_Mesh000D1B0001006450",
      "position": "(-0.75,12.25,0)",
      "hash": "32082571080D28200:3209067D210D28010",
      "properties": {
        "type": "Point",
        "intensity": 1.0,
        "range": 30.0,
        "colour": "#FFFFFF",
        "corona": {
          "sprite": "corona_white01.png",
          "scale": 1.0,
          "range": 100.0
        },
        "dutyCycle": "DuskTillDawn()"
      }
    },
    {
      "parent": "/Far__x12_z2/Far__x12_z2_LFS/Far_General/Ship Bollard Arrays/Ship Bollard Array 12/Ship_Bollard (47)/collider/%GROUP%_Mesh000D1B0001006450",
      "position": "(0,12.25,-0.75)",
      "hash": "32082571080D28200:3208437D210D29000",
      "properties": {
        "type": "Point",
        "intensity": 1.0,
        "range": 30.0,
        "colour": "#FFFFFF",
        "corona": {
          "sprite": "corona_white01.png",
          "scale": 1.0,
          "range": 100.0
        },
        "dutyCycle": "DuskTillDawn()"
      }
    },
    {
      "parent": "/Far__x12_z2/Far__x12_z2_LFS/Far_General/Ship Bollard Arrays/Ship Bollard Array 12/Ship_Bollard (47)/collider/%GROUP%_Mesh000D150001002830",
      "position": "(0.75,12.25,0)",
      "hash": "31EE5271080CF1430:31EE0E7D210CF1630",
      "properties": {
        "type": "Point",
        "intensity": 1.0,
        "range": 30.0,
        "colour": "#FFFFFF",
        "corona": {
          "sprite": "corona_white01.png",
          "scale": 1.0,
          "range": 100.0
        },
        "dutyCycle": "DuskTillDawn()"
      }
    },
    {
      "parent": "/Far__x12_z2/Far__x12_z2_LFS/Far_General/Ship Bollard Arrays/Ship Bollard Array 12/Ship_Bollard (47)/collider/%GROUP%_Mesh000D150001002830",
      "position": "(0,12.25,0.75)",
      "hash": "31EE5271080CF1430:31EE337D210CF0630",
      "properties": {
        "type": "Point",
        "intensity": 1.0,
        "range": 30.0,
        "colour": "#FFFFFF",
        "corona": {
          "sprite": "corona_white01.png",
          "scale": 1.0,
          "range": 100.0
        },
        "dutyCycle": "DuskTillDawn()"
      }
    },
    {
      "parent": "/Far__x12_z2/Far__x12_z2_LFS/Far_General/Ship Bollard Arrays/Ship Bollard Array 12/Ship_Bollard (47)/collider/%GROUP%_Mesh000D150001002830",
      "position": "(-0.75,12.25,0)",
      "hash": "31EE5271080CF1430:31EF327D210CF1240",
      "properties": {
        "type": "Point",
        "intensity": 1.0,
        "range": 30.0,
        "colour": "#FFFFFF",
        "corona": {
          "sprite": "corona_white01.png",
          "scale": 1.0,
          "range": 100.0
        },
        "dutyCycle": "DuskTillDawn()"
      }
    },
    {
      "parent": "/Far__x12_z2/Far__x12_z2_LFS/Far_General/Ship Bollard Arrays/Ship Bollard Array 12/Ship_Bollard (47)/collider/%GROUP%_Mesh000D150001002830",
      "position": "(0,12.25,-0.75)",
      "hash": "31EE5271080CF1430:31EF0E7D210CF2230",
      "properties": {
        "type": "Point",
        "intensity": 1.0,
        "range": 30.0,
        "colour": "#FFFFFF",
        "corona": {
          "sprite": "corona_white01.png",
          "scale": 1.0,
          "range": 100.0
        },
        "dutyCycle": "DuskTillDawn()"
      }
    },
    {
      "parent": "/Far__x12_z2/Far__x12_z2_LFS/Far_General/Ship Bollard Arrays/Ship Bollard Array 12/Ship_Bollard (47)/collider/%GROUP%_Mesh000D080001001310",
      "position": "(0.75,12.25,0)",
      "hash": "31D53E71080CBB3C0:31D45F7D210CBB5D0",
      "properties": {
        "type": "Point",
        "intensity": 1.0,
        "range": 30.0,
        "colour": "#FFFFFF",
        "corona": {
          "sprite": "corona_white01.png",
          "scale": 1.0,
          "range": 100.0
        },
        "dutyCycle": "DuskTillDawn()"
      }
    },
    {
      "parent": "/Far__x12_z2/Far__x12_z2_LFS/Far_General/Ship Bollard Arrays/Ship Bollard Array 12/Ship_Bollard (47)/collider/%GROUP%_Mesh000D080001001310",
      "position": "(0,12.25,0.75)",
      "hash": "31D53E71080CBB3C0:31D51D7D210CBA5D0",
      "properties": {
        "type": "Point",
        "intensity": 1.0,
        "range": 30.0,
        "colour": "#FFFFFF",
        "corona": {
          "sprite": "corona_white01.png",
          "scale": 1.0,
          "range": 100.0
        },
        "dutyCycle": "DuskTillDawn()"
      }
    },
    {
      "parent": "/Far__x12_z2/Far__x12_z2_LFS/Far_General/Ship Bollard Arrays/Ship Bollard Array 12/Ship_Bollard (47)/collider/%GROUP%_Mesh000D080001001310",
      "position": "(-0.75,12.25,0)",
      "hash": "31D53E71080CBB3C0:31D61E7D210CBB1B0",
      "properties": {
        "type": "Point",
        "intensity": 1.0,
        "range": 30.0,
        "colour": "#FFFFFF",
        "corona": {
          "sprite": "corona_white01.png",
          "scale": 1.0,
          "range": 100.0
        },
        "dutyCycle": "DuskTillDawn()"
      }
    },
    {
      "parent": "/Far__x12_z2/Far__x12_z2_LFS/Far_General/Ship Bollard Arrays/Ship Bollard Array 12/Ship_Bollard (47)/collider/%GROUP%_Mesh000D080001001310",
      "position": "(0,12.25,-0.75)",
      "hash": "31D53E71080CBB3C0:31D55F7D210CBC1B0",
      "properties": {
        "type": "Point",
        "intensity": 1.0,
        "range": 30.0,
        "colour": "#FFFFFF",
        "corona": {
          "sprite": "corona_white01.png",
          "scale": 1.0,
          "range": 100.0
        },
        "dutyCycle": "DuskTillDawn()"
      }
    },
    {
      "parent": "/Far__x12_z2/Far__x12_z2_LFS/Far_General/Ship Bollard Arrays/Ship Bollard Array 12/Ship_Bollard (47)/collider/%GROUP%_Mesh000C610001004F25",
      "position": "(0.75,12.25,0)",
      "hash": "31BC1171080C85040:31BB317D210C85230",
      "properties": {
        "type": "Point",
        "intensity": 1.0,
        "range": 30.0,
        "colour": "#FFFFFF",
        "corona": {
          "sprite": "corona_white01.png",
          "scale": 1.0,
          "range": 100.0
        },
        "dutyCycle": "DuskTillDawn()"
      }
    },
    {
      "parent": "/Far__x12_z2/Far__x12_z2_LFS/Far_General/Ship Bollard Arrays/Ship Bollard Array 12/Ship_Bollard (47)/collider/%GROUP%_Mesh000C610001004F25",
      "position": "(0,12.25,0.75)",
      "hash": "31BC1171080C85040:31BB557D210C84240",
      "properties": {
        "type": "Point",
        "intensity": 1.0,
        "range": 30.0,
        "colour": "#FFFFFF",
        "corona": {
          "sprite": "corona_white01.png",
          "scale": 1.0,
          "range": 100.0
        },
        "dutyCycle": "DuskTillDawn()"
      }
    },
    {
      "parent": "/Far__x12_z2/Far__x12_z2_LFS/Far_General/Ship Bollard Arrays/Ship Bollard Array 12/Ship_Bollard (47)/collider/%GROUP%_Mesh000C610001004F25",
      "position": "(-0.75,12.25,0)",
      "hash": "31BC1171080C85040:31BC557D210C84480",
      "properties": {
        "type": "Point",
        "intensity": 1.0,
        "range": 30.0,
        "colour": "#FFFFFF",
        "corona": {
          "sprite": "corona_white01.png",
          "scale": 1.0,
          "range": 100.0
        },
        "dutyCycle": "DuskTillDawn()"
      }
    },
    {
      "parent": "/Far__x12_z2/Far__x12_z2_LFS/Far_General/Ship Bollard Arrays/Ship Bollard Array 12/Ship_Bollard (47)/collider/%GROUP%_Mesh000C610001004F25",
      "position": "(0,12.25,-0.75)",
      "hash": "31BC1171080C85040:31BC317D210C85480",
      "properties": {
        "type": "Point",
        "intensity": 1.0,
        "range": 30.0,
        "colour": "#FFFFFF",
        "corona": {
          "sprite": "corona_white01.png",
          "scale": 1.0,
          "range": 100.0
        },
        "dutyCycle": "DuskTillDawn()"
      }
    },
    {
      "parent": "/Far__x12_z2/Far__x12_z2_LFS/Far_General/Ship Bollard Arrays/Ship Bollard Array 12/Ship_Bollard (47)/collider/%GROUP%_Mesh000C520001008B31",
      "position": "(0.75,12.25,0)",
      "hash": "31A24F71080C4E350:31A20B7D210C4E550",
      "properties": {
        "type": "Point",
        "intensity": 1.0,
        "range": 30.0,
        "colour": "#FFFFFF",
        "corona": {
          "sprite": "corona_white01.png",
          "scale": 1.0,
          "range": 100.0
        },
        "dutyCycle": "DuskTillDawn()"
      }
    },
    {
      "parent": "/Far__x12_z2/Far__x12_z2_LFS/Far_General/Ship Bollard Arrays/Ship Bollard Array 12/Ship_Bollard (47)/collider/%GROUP%_Mesh000C520001008B31",
      "position": "(0,12.25,0.75)",
      "hash": "31A24F71080C4E350:31A22F7D210C4D550",
      "properties": {
        "type": "Point",
        "intensity": 1.0,
        "range": 30.0,
        "colour": "#FFFFFF",
        "corona": {
          "sprite": "corona_white01.png",
          "scale": 1.0,
          "range": 100.0
        },
        "dutyCycle": "DuskTillDawn()"
      }
    },
    {
      "parent": "/Far__x12_z2/Far__x12_z2_LFS/Far_General/Ship Bollard Arrays/Ship Bollard Array 12/Ship_Bollard (47)/collider/%GROUP%_Mesh000C520001008B31",
      "position": "(-0.75,12.25,0)",
      "hash": "31A24F71080C4E350:31A32F7D210C4E160",
      "properties": {
        "type": "Point",
        "intensity": 1.0,
        "range": 30.0,
        "colour": "#FFFFFF",
        "corona": {
          "sprite": "corona_white01.png",
          "scale": 1.0,
          "range": 100.0
        },
        "dutyCycle": "DuskTillDawn()"
      }
    },
    {
      "parent": "/Far__x12_z2/Far__x12_z2_LFS/Far_General/Ship Bollard Arrays/Ship Bollard Array 12/Ship_Bollard (47)/collider/%GROUP%_Mesh000C520001008B31",
      "position": "(0,12.25,-0.75)",
      "hash": "31A24F71080C4E350:31A30B7D210C4F150",
      "properties": {
        "type": "Point",
        "intensity": 1.0,
        "range": 30.0,
        "colour": "#FFFFFF",
        "corona": {
          "sprite": "corona_white01.png",
          "scale": 1.0,
          "range": 100.0
        },
        "dutyCycle": "DuskTillDawn()"
      }
    },
    {
      "parent": "/Far__x12_z2/Far__x12_z2_LFS/Far_General/Ship Bollard Arrays/Ship Bollard Array 12/Ship_Bollard (47)/collider/%GROUP%_Mesh000C48000100C707",
      "position": "(0.75,12.25,0)",
      "hash": "31893B71080C18370:31885B7D210C18570",
      "properties": {
        "type": "Point",
        "intensity": 1.0,
        "range": 30.0,
        "colour": "#FFFFFF",
        "corona": {
          "sprite": "corona_white01.png",
          "scale": 1.0,
          "range": 100.0
        },
        "dutyCycle": "DuskTillDawn()"
      }
    },
    {
      "parent": "/Far__x12_z2/Far__x12_z2_LFS/Far_General/Ship Bollard Arrays/Ship Bollard Array 12/Ship_Bollard (47)/collider/%GROUP%_Mesh000C48000100C707",
      "position": "(0,12.25,0.75)",
      "hash": "31893B71080C18370:31891B7D210C17570",
      "properties": {
        "type": "Point",
        "intensity": 1.0,
        "range": 30.0,
        "colour": "#FFFFFF",
        "corona": {
          "sprite": "corona_white01.png",
          "scale": 1.0,
          "range": 100.0
        },
        "dutyCycle": "DuskTillDawn()"
      }
    },
    {
      "parent": "/Far__x12_z2/Far__x12_z2_LFS/Far_General/Ship Bollard Arrays/Ship Bollard Array 12/Ship_Bollard (47)/collider/%GROUP%_Mesh000C48000100C707",
      "position": "(-0.75,12.25,0)",
      "hash": "31893B71080C18370:318A1B7D210C18180",
      "properties": {
        "type": "Point",
        "intensity": 1.0,
        "range": 30.0,
        "colour": "#FFFFFF",
        "corona": {
          "sprite": "corona_white01.png",
          "scale": 1.0,
          "range": 100.0
        },
        "dutyCycle": "DuskTillDawn()"
      }
    },
    {
      "parent": "/Far__x12_z2/Far__x12_z2_LFS/Far_General/Ship Bollard Arrays/Ship Bollard Array 12/Ship_Bollard (47)/collider/%GROUP%_Mesh000C48000100C707",
      "position": "(0,12.25,-0.75)",
      "hash": "31893B71080C18370:31895B7D210C19170",
      "properties": {
        "type": "Point",
        "intensity": 1.0,
        "range": 30.0,
        "colour": "#FFFFFF",
        "corona": {
          "sprite": "corona_white01.png",
          "scale": 1.0,
          "range": 100.0
        },
        "dutyCycle": "DuskTillDawn()"
      }
    },
    {
      "parent": "/Far__x12_z2/Far__x12_z2_LFS/Far_General/Ship Bollard Arrays/Ship Bollard Array 12/Ship_Bollard (47)/collider/%GROUP%_Mesh000C3E0001010335",
      "position": "(0.75,12.25,0)",
      "hash": "31700271080BE14C0:316F227D210BE2080",
      "properties": {
        "type": "Point",
        "intensity": 1.0,
        "range": 30.0,
        "colour": "#FFFFFF",
        "corona": {
          "sprite": "corona_white01.png",
          "scale": 1.0,
          "range": 100.0
        },
        "dutyCycle": "DuskTillDawn()"
      }
    },
    {
      "parent": "/Far__x12_z2/Far__x12_z2_LFS/Far_General/Ship Bollard Arrays/Ship Bollard Array 12/Ship_Bollard (47)/collider/%GROUP%_Mesh000C3E0001010335",
      "position": "(0,12.25,0.75)",
      "hash": "31700271080BE14C0:316F467D210BE1080",
      "properties": {
        "type": "Point",
        "intensity": 1.0,
        "range": 30.0,
        "colour": "#FFFFFF",
        "corona": {
          "sprite": "corona_white01.png",
          "scale": 1.0,
          "range": 100.0
        },
        "dutyCycle": "DuskTillDawn()"
      }
    },
    {
      "parent": "/Far__x12_z2/Far__x12_z2_LFS/Far_General/Ship Bollard Arrays/Ship Bollard Array 12/Ship_Bollard (47)/collider/%GROUP%_Mesh000C3E0001010335",
      "position": "(-0.75,12.25,0)",
      "hash": "31700271080BE14C0:3170467D210BE12D0",
      "properties": {
        "type": "Point",
        "intensity": 1.0,
        "range": 30.0,
        "colour": "#FFFFFF",
        "corona": {
          "sprite": "corona_white01.png",
          "scale": 1.0,
          "range": 100.0
        },
        "dutyCycle": "DuskTillDawn()"
      }
    },
    {
      "parent": "/Far__x12_z2/Far__x12_z2_LFS/Far_General/Ship Bollard Arrays/Ship Bollard Array 12/Ship_Bollard (47)/collider/%GROUP%_Mesh000C3E0001010335",
      "position": "(0,12.25,-0.75)",
      "hash": "31700271080BE14C0:3170227D210BE22C0",
      "properties": {
        "type": "Point",
        "intensity": 1.0,
        "range": 30.0,
        "colour": "#FFFFFF",
        "corona": {
          "sprite": "corona_white01.png",
          "scale": 1.0,
          "range": 100.0
        },
        "dutyCycle": "DuskTillDawn()"
      }
    },
    {
      "parent": "/Far__x12_z2/Far__x12_z2_LFS/Far_General/Ship Bollard Arrays/Ship Bollard Array 12/Ship_Bollard (47)/collider/%GROUP%_Mesh0070330001013F4E",
      "position": "(0.75,12.25,0)",
      "hash": "30FC0071080BD53D0:30FB207D210BD55C0",
      "properties": {
        "type": "Point",
        "intensity": 1.0,
        "range": 30.0,
        "colour": "#FFFFFF",
        "corona": {
          "sprite": "corona_white01.png",
          "scale": 1.0,
          "range": 100.0
        },
        "dutyCycle": "DuskTillDawn()"
      }
    },
    {
      "parent": "/Far__x12_z2/Far__x12_z2_LFS/Far_General/Ship Bollard Arrays/Ship Bollard Array 12/Ship_Bollard (47)/collider/%GROUP%_Mesh0070330001013F4E",
      "position": "(0,12.25,0.75)",
      "hash": "30FC0071080BD53D0:30FB457D210BD45D0",
      "properties": {
        "type": "Point",
        "intensity": 1.0,
        "range": 30.0,
        "colour": "#FFFFFF",
        "corona": {
          "sprite": "corona_white01.png",
          "scale": 1.0,
          "range": 100.0
        },
        "dutyCycle": "DuskTillDawn()"
      }
    },
    {
      "parent": "/Far__x12_z2/Far__x12_z2_LFS/Far_General/Ship Bollard Arrays/Ship Bollard Array 12/Ship_Bollard (47)/collider/%GROUP%_Mesh0070330001013F4E",
      "position": "(-0.75,12.25,0)",
      "hash": "30FC0071080BD53D0:30FC447D210BD51D0",
      "properties": {
        "type": "Point",
        "intensity": 1.0,
        "range": 30.0,
        "colour": "#FFFFFF",
        "corona": {
          "sprite": "corona_white01.png",
          "scale": 1.0,
          "range": 100.0
        },
        "dutyCycle": "DuskTillDawn()"
      }
    },
    {
      "parent": "/Far__x12_z2/Far__x12_z2_LFS/Far_General/Ship Bollard Arrays/Ship Bollard Array 12/Ship_Bollard (47)/collider/%GROUP%_Mesh0070330001013F4E",
      "position": "(0,12.25,-0.75)",
      "hash": "30FC0071080BD53D0:30FC207D210BD61D0",
      "properties": {
        "type": "Point",
        "intensity": 1.0,
        "range": 30.0,
        "colour": "#FFFFFF",
        "corona": {
          "sprite": "corona_white01.png",
          "scale": 1.0,
          "range": 100.0
        },
        "dutyCycle": "DuskTillDawn()"
      }
    },
    {
      "parent": "/Far__x12_z2/Far__x12_z2_LFS/Far_General/Ship Bollard Arrays/Ship Bollard Array 12/Ship_Bollard (47)/collider/%GROUP%_Mesh00701E0001017B3C",
      "position": "(0.75,12.25,0)",
      "hash": "30E25071080B9F230:30E20C7D210B9F420",
      "properties": {
        "type": "Point",
        "intensity": 1.0,
        "range": 30.0,
        "colour": "#FFFFFF",
        "corona": {
          "sprite": "corona_white01.png",
          "scale": 1.0,
          "range": 100.0
        },
        "dutyCycle": "DuskTillDawn()"
      }
    },
    {
      "parent": "/Far__x12_z2/Far__x12_z2_LFS/Far_General/Ship Bollard Arrays/Ship Bollard Array 12/Ship_Bollard (47)/collider/%GROUP%_Mesh00701E0001017B3C",
      "position": "(0,12.25,0.75)",
      "hash": "30E25071080B9F230:30E2317D210B9E430",
      "properties": {
        "type": "Point",
        "intensity": 1.0,
        "range": 30.0,
        "colour": "#FFFFFF",
        "corona": {
          "sprite": "corona_white01.png",
          "scale": 1.0,
          "range": 100.0
        },
        "dutyCycle": "DuskTillDawn()"
      }
    },
    {
      "parent": "/Far__x12_z2/Far__x12_z2_LFS/Far_General/Ship Bollard Arrays/Ship Bollard Array 12/Ship_Bollard (47)/collider/%GROUP%_Mesh00701E0001017B3C",
      "position": "(-0.75,12.25,0)",
      "hash": "30E25071080B9F230:30E3307D210B9F030",
      "properties": {
        "type": "Point",
        "intensity": 1.0,
        "range": 30.0,
        "colour": "#FFFFFF",
        "corona": {
          "sprite": "corona_white01.png",
          "scale": 1.0,
          "range": 100.0
        },
        "dutyCycle": "DuskTillDawn()"
      }
    },
    {
      "parent": "/Far__x12_z2/Far__x12_z2_LFS/Far_General/Ship Bollard Arrays/Ship Bollard Array 12/Ship_Bollard (47)/collider/%GROUP%_Mesh00701E0001017B3C",
      "position": "(0,12.25,-0.75)",
      "hash": "30E25071080B9F230:30E30C7D210BA0030",
      "properties": {
        "type": "Point",
        "intensity": 1.0,
        "range": 30.0,
        "colour": "#FFFFFF",
        "corona": {
          "sprite": "corona_white01.png",
          "scale": 1.0,
          "range": 100.0
        },
        "dutyCycle": "DuskTillDawn()"
      }
    },
    {
      "parent": "/Far__x12_z2/Far__x12_z2_LFS/Far_General/Ship Bollard Arrays/Ship Bollard Array 12/Ship_Bollard (47)/collider/%GROUP%_Mesh00700D000101B73E",
      "position": "(0.75,12.25,0)",
      "hash": "30C93071080B685D0:30C8507D210B69190",
      "properties": {
        "type": "Point",
        "intensity": 1.0,
        "range": 30.0,
        "colour": "#FFFFFF",
        "corona": {
          "sprite": "corona_white01.png",
          "scale": 1.0,
          "range": 100.0
        },
        "dutyCycle": "DuskTillDawn()"
      }
    },
    {
      "parent": "/Far__x12_z2/Far__x12_z2_LFS/Far_General/Ship Bollard Arrays/Ship Bollard Array 12/Ship_Bollard (47)/collider/%GROUP%_Mesh00700D000101B73E",
      "position": "(0,12.25,0.75)",
      "hash": "30C93071080B685D0:30C9107D210B681A0",
      "properties": {
        "type": "Point",
        "intensity": 1.0,
        "range": 30.0,
        "colour": "#FFFFFF",
        "corona": {
          "sprite": "corona_white01.png",
          "scale": 1.0,
          "range": 100.0
        },
        "dutyCycle": "DuskTillDawn()"
      }
    },
    {
      "parent": "/Far__x12_z2/Far__x12_z2_LFS/Far_General/Ship Bollard Arrays/Ship Bollard Array 12/Ship_Bollard (47)/collider/%GROUP%_Mesh00700D000101B73E",
      "position": "(-0.75,12.25,0)",
      "hash": "30C93071080B685D0:30CA107D210B683E0",
      "properties": {
        "type": "Point",
        "intensity": 1.0,
        "range": 30.0,
        "colour": "#FFFFFF",
        "corona": {
          "sprite": "corona_white01.png",
          "scale": 1.0,
          "range": 100.0
        },
        "dutyCycle": "DuskTillDawn()"
      }
    },
    {
      "parent": "/Far__x12_z2/Far__x12_z2_LFS/Far_General/Ship Bollard Arrays/Ship Bollard Array 12/Ship_Bollard (47)/collider/%GROUP%_Mesh00700D000101B73E",
      "position": "(0,12.25,-0.75)",
      "hash": "30C93071080B685D0:30C9507D210B693D0",
      "properties": {
        "type": "Point",
        "intensity": 1.0,
        "range": 30.0,
        "colour": "#FFFFFF",
        "corona": {
          "sprite": "corona_white01.png",
          "scale": 1.0,
          "range": 100.0
        },
        "dutyCycle": "DuskTillDawn()"
      }
    },
    {
      "parent": "/Far__x12_z2/Far__x12_z2_LFS/Far_General/Ship Bollard Arrays/Ship Bollard Array 12/Ship_Bollard (47)/collider/%GROUP%_Mesh0070400001010405",
      "position": "(0.75,12.25,0)",
      "hash": "31151871080C0B4A0:31155C7D210C0B2B0",
      "properties": {
        "type": "Point",
        "intensity": 1.0,
        "range": 30.0,
        "colour": "#FFFFFF",
        "corona": {
          "sprite": "corona_white01.png",
          "scale": 1.0,
          "range": 100.0
        },
        "dutyCycle": "DuskTillDawn()"
      }
    },
    {
      "parent": "/Far__x12_z2/Far__x12_z2_LFS/Far_General/Ship Bollard Arrays/Ship Bollard Array 12/Ship_Bollard (47)/collider/%GROUP%_Mesh0070400001010405",
      "position": "(0,12.25,0.75)",
      "hash": "31151871080C0B4A0:3115377D210C0C2A0",
      "properties": {
        "type": "Point",
        "intensity": 1.0,
        "range": 30.0,
        "colour": "#FFFFFF",
        "corona": {
          "sprite": "corona_white01.png",
          "scale": 1.0,
          "range": 100.0
        },
        "dutyCycle": "DuskTillDawn()"
      }
    },
    {
      "parent": "/Far__x12_z2/Far__x12_z2_LFS/Far_General/Ship Bollard Arrays/Ship Bollard Array 12/Ship_Bollard (47)/collider/%GROUP%_Mesh0070400001010405",
      "position": "(-0.75,12.25,0)",
      "hash": "31151871080C0B4A0:3114387D210C0C060",
      "properties": {
        "type": "Point",
        "intensity": 1.0,
        "range": 30.0,
        "colour": "#FFFFFF",
        "corona": {
          "sprite": "corona_white01.png",
          "scale": 1.0,
          "range": 100.0
        },
        "dutyCycle": "DuskTillDawn()"
      }
    },
    {
      "parent": "/Far__x12_z2/Far__x12_z2_LFS/Far_General/Ship Bollard Arrays/Ship Bollard Array 12/Ship_Bollard (47)/collider/%GROUP%_Mesh0070400001010405",
      "position": "(0,12.25,-0.75)",
      "hash": "31151871080C0B4A0:31145C7D210C0B060",
      "properties": {
        "type": "Point",
        "intensity": 1.0,
        "range": 30.0,
        "colour": "#FFFFFF",
        "corona": {
          "sprite": "corona_white01.png",
          "scale": 1.0,
          "range": 100.0
        },
        "dutyCycle": "DuskTillDawn()"
      }
    },
    {
      "parent": "/Far__x12_z2/Far__x12_z2_LFS/Far_General/Ship Bollard Arrays/Ship Bollard Array 12/Ship_Bollard (47)/collider/%GROUP%_Mesh00704D000100C800",
      "position": "(0.75,12.25,0)",
      "hash": "312E3C71080C42120:312F1C7D210C41560",
      "properties": {
        "type": "Point",
        "intensity": 1.0,
        "range": 30.0,
        "colour": "#FFFFFF",
        "corona": {
          "sprite": "corona_white01.png",
          "scale": 1.0,
          "range": 100.0
        },
        "dutyCycle": "DuskTillDawn()"
      }
    },
    {
      "parent": "/Far__x12_z2/Far__x12_z2_LFS/Far_General/Ship Bollard Arrays/Ship Bollard Array 12/Ship_Bollard (47)/collider/%GROUP%_Mesh00704D000100C800",
      "position": "(0,12.25,0.75)",
      "hash": "312E3C71080C42120:312E5C7D210C42560",
      "properties": {
        "type": "Point",
        "intensity": 1.0,
        "range": 30.0,
        "colour": "#FFFFFF",
        "corona": {
          "sprite": "corona_white01.png",
          "scale": 1.0,
          "range": 100.0
        },
        "dutyCycle": "DuskTillDawn()"
      }
    },
    {
      "parent": "/Far__x12_z2/Far__x12_z2_LFS/Far_General/Ship Bollard Arrays/Ship Bollard Array 12/Ship_Bollard (47)/collider/%GROUP%_Mesh00704D000100C800",
      "position": "(-0.75,12.25,0)",
      "hash": "312E3C71080C42120:312D5C7D210C42310",
      "properties": {
        "type": "Point",
        "intensity": 1.0,
        "range": 30.0,
        "colour": "#FFFFFF",
        "corona": {
          "sprite": "corona_white01.png",
          "scale": 1.0,
          "range": 100.0
        },
        "dutyCycle": "DuskTillDawn()"
      }
    },
    {
      "parent": "/Far__x12_z2/Far__x12_z2_LFS/Far_General/Ship Bollard Arrays/Ship Bollard Array 12/Ship_Bollard (47)/collider/%GROUP%_Mesh00704D000100C800",
      "position": "(0,12.25,-0.75)",
      "hash": "312E3C71080C42120:312E1C7D210C41320",
      "properties": {
        "type": "Point",
        "intensity": 1.0,
        "range": 30.0,
        "colour": "#FFFFFF",
        "corona": {
          "sprite": "corona_white01.png",
          "scale": 1.0,
          "range": 100.0
        },
        "dutyCycle": "DuskTillDawn()"
      }
    },
    {
      "parent": "/Far__x12_z2/Far__x12_z2_LFS/Far_General/Ship Bollard Arrays/Ship Bollard Array 12/Ship_Bollard (47)/collider/%GROUP%_Mesh0070570001008B5F",
      "position": "(0.75,12.25,0)",
      "hash": "31480071080C783B0:3148447D210C781A0",
      "properties": {
        "type": "Point",
        "intensity": 1.0,
        "range": 30.0,
        "colour": "#FFFFFF",
        "corona": {
          "sprite": "corona_white01.png",
          "scale": 1.0,
          "range": 100.0
        },
        "dutyCycle": "DuskTillDawn()"
      }
    },
    {
      "parent": "/Far__x12_z2/Far__x12_z2_LFS/Far_General/Ship Bollard Arrays/Ship Bollard Array 12/Ship_Bollard (47)/collider/%GROUP%_Mesh0070570001008B5F",
      "position": "(0,12.25,0.75)",
      "hash": "31480071080C783B0:3148217D210C791A0",
      "properties": {
        "type": "Point",
        "intensity": 1.0,
        "range": 30.0,
        "colour": "#FFFFFF",
        "corona": {
          "sprite": "corona_white01.png",
          "scale": 1.0,
          "range": 100.0
        },
        "dutyCycle": "DuskTillDawn()"
      }
    },
    {
      "parent": "/Far__x12_z2/Far__x12_z2_LFS/Far_General/Ship Bollard Arrays/Ship Bollard Array 12/Ship_Bollard (47)/collider/%GROUP%_Mesh0070570001008B5F",
      "position": "(-0.75,12.25,0)",
      "hash": "31480071080C783B0:3147217D210C785B0",
      "properties": {
        "type": "Point",
        "intensity": 1.0,
        "range": 30.0,
        "colour": "#FFFFFF",
        "corona": {
          "sprite": "corona_white01.png",
          "scale": 1.0,
          "range": 100.0
        },
        "dutyCycle": "DuskTillDawn()"
      }
    },
    {
      "parent": "/Far__x12_z2/Far__x12_z2_LFS/Far_General/Ship Bollard Arrays/Ship Bollard Array 12/Ship_Bollard (47)/collider/%GROUP%_Mesh0070570001008B5F",
      "position": "(0,12.25,-0.75)",
      "hash": "31480071080C783B0:3147437D210C775B0",
      "properties": {
        "type": "Point",
        "intensity": 1.0,
        "range": 30.0,
        "colour": "#FFFFFF",
        "corona": {
          "sprite": "corona_white01.png",
          "scale": 1.0,
          "range": 100.0
        },
        "dutyCycle": "DuskTillDawn()"
      }
    },
    {
      "parent": "/Far__x12_z2/Far__x12_z2_LFS/Far_General/Ship Bollard Arrays/Ship Bollard Array 12/Ship_Bollard (47)/collider/%GROUP%_Mesh0071030001004F60",
      "position": "(0.75,12.25,0)",
      "hash": "31612071080CAE610:3161637D210CAE400",
      "properties": {
        "type": "Point",
        "intensity": 1.0,
        "range": 30.0,
        "colour": "#FFFFFF",
        "corona": {
          "sprite": "corona_white01.png",
          "scale": 1.0,
          "range": 100.0
        },
        "dutyCycle": "DuskTillDawn()"
      }
    },
    {
      "parent": "/Far__x12_z2/Far__x12_z2_LFS/Far_General/Ship Bollard Arrays/Ship Bollard Array 12/Ship_Bollard (47)/collider/%GROUP%_Mesh0071030001004F60",
      "position": "(0,12.25,0.75)",
      "hash": "31612071080CAE610:3161407D210CAF410",
      "properties": {
        "type": "Point",
        "intensity": 1.0,
        "range": 30.0,
        "colour": "#FFFFFF",
        "corona": {
          "sprite": "corona_white01.png",
          "scale": 1.0,
          "range": 100.0
        },
        "dutyCycle": "DuskTillDawn()"
      }
    },
    {
      "parent": "/Far__x12_z2/Far__x12_z2_LFS/Far_General/Ship Bollard Arrays/Ship Bollard Array 12/Ship_Bollard (47)/collider/%GROUP%_Mesh0071030001004F60",
      "position": "(-0.75,12.25,0)",
      "hash": "31612071080CAE610:3160407D210CAF1E0",
      "properties": {
        "type": "Point",
        "intensity": 1.0,
        "range": 30.0,
        "colour": "#FFFFFF",
        "corona": {
          "sprite": "corona_white01.png",
          "scale": 1.0,
          "range": 100.0
        },
        "dutyCycle": "DuskTillDawn()"
      }
    },
    {
      "parent": "/Far__x12_z2/Far__x12_z2_LFS/Far_General/Ship Bollard Arrays/Ship Bollard Array 12/Ship_Bollard (47)/collider/%GROUP%_Mesh0071030001004F60",
      "position": "(0,12.25,-0.75)",
      "hash": "31612071080CAE610:3160637D210CAE1E0",
      "properties": {
        "type": "Point",
        "intensity": 1.0,
        "range": 30.0,
        "colour": "#FFFFFF",
        "corona": {
          "sprite": "corona_white01.png",
          "scale": 1.0,
          "range": 100.0
        },
        "dutyCycle": "DuskTillDawn()"
      }
    },
    {
      "parent": "/Far__x12_z2/Far__x12_z2_LFS/Far_General/Ship Bollard Arrays/Ship Bollard Array 12/Ship_Bollard (47)/collider/%GROUP%_Mesh007109000100135D",
      "position": "(0.75,12.25,0)",
      "hash": "317A4A71080CE5230:317B2A7D210CE5040",
      "properties": {
        "type": "Point",
        "intensity": 1.0,
        "range": 30.0,
        "colour": "#FFFFFF",
        "corona": {
          "sprite": "corona_white01.png",
          "scale": 1.0,
          "range": 100.0
        },
        "dutyCycle": "DuskTillDawn()"
      }
    },
    {
      "parent": "/Far__x12_z2/Far__x12_z2_LFS/Far_General/Ship Bollard Arrays/Ship Bollard Array 12/Ship_Bollard (47)/collider/%GROUP%_Mesh007109000100135D",
      "position": "(0,12.25,0.75)",
      "hash": "317A4A71080CE5230:317B067D210CE6030",
      "properties": {
        "type": "Point",
        "intensity": 1.0,
        "range": 30.0,
        "colour": "#FFFFFF",
        "corona": {
          "sprite": "corona_white01.png",
          "scale": 1.0,
          "range": 100.0
        },
        "dutyCycle": "DuskTillDawn()"
      }
    },
    {
      "parent": "/Far__x12_z2/Far__x12_z2_LFS/Far_General/Ship Bollard Arrays/Ship Bollard Array 12/Ship_Bollard (47)/collider/%GROUP%_Mesh007109000100135D",
      "position": "(-0.75,12.25,0)",
      "hash": "317A4A71080CE5230:317A067D210CE5430",
      "properties": {
        "type": "Point",
        "intensity": 1.0,
        "range": 30.0,
        "colour": "#FFFFFF",
        "corona": {
          "sprite": "corona_white01.png",
          "scale": 1.0,
          "range": 100.0
        },
        "dutyCycle": "DuskTillDawn()"
      }
    },
    {
      "parent": "/Far__x12_z2/Far__x12_z2_LFS/Far_General/Ship Bollard Arrays/Ship Bollard Array 12/Ship_Bollard (47)/collider/%GROUP%_Mesh007109000100135D",
      "position": "(0,12.25,-0.75)",
      "hash": "317A4A71080CE5230:317A2A7D210CE4430",
      "properties": {
        "type": "Point",
        "intensity": 1.0,
        "range": 30.0,
        "colour": "#FFFFFF",
        "corona": {
          "sprite": "corona_white01.png",
          "scale": 1.0,
          "range": 100.0
        },
        "dutyCycle": "DuskTillDawn()"
      }
    },
    {
      "parent": "/Far__x12_z2/Far__x12_z2_LFS/Far_General/Ship Bollard Arrays/Ship Bollard Array 12/Ship_Bollard (47)/collider/%GROUP%_Mesh00670E000100140D",
      "position": "(0,7.1,1.55)",
      "hash": "31944C71080D05290:31952978120D06510",
      "properties": {
        "type": "Point",
        "intensity": 1.0,
        "range": 20.0,
        "colour": "#FFB24D",
        "corona": {
          "sprite": "corona_orange01.png",
          "scale": 0.75,
          "range": 100.0
        },
        "dutyCycle": "DuskTillDawn()"
      }
    },
    {
      "parent": "/Far__x12_z2/Far__x12_z2_LFS/Far_General/Ship Bollard Arrays/Ship Bollard Array 12/Ship_Bollard (47)/collider/%GROUP%_Mesh00670E000100140D",
      "position": "(0,7.1,-1.55)",
      "hash": "31944C71080D05290:31940A78120D04000",
      "properties": {
        "type": "Point",
        "intensity": 1.0,
        "range": 20.0,
        "colour": "#FFB24D",
        "corona": {
          "sprite": "corona_orange01.png",
          "scale": 0.75,
          "range": 100.0
        },
        "dutyCycle": "DuskTillDawn()"
      }
    },
    {
      "parent": "/Far__x12_z2/Far__x12_z2_LFS/Far_General/Ship Bollard Arrays/Ship Bollard Array 12/Ship_Bollard (47)/collider/%GROUP%_Mesh0085190001001402",
      "position": "(0,7.1,1.55)",
      "hash": "31792D71080D12090:317A0B78120D13320",
      "properties": {
        "type": "Point",
        "intensity": 1.0,
        "range": 20.0,
        "colour": "#FFB24D",
        "corona": {
          "sprite": "corona_orange01.png",
          "scale": 0.75,
          "range": 100.0
        },
        "dutyCycle": "DuskTillDawn()"
      }
    },
    {
      "parent": "/Far__x12_z2/Far__x12_z2_LFS/Far_General/Ship Bollard Arrays/Ship Bollard Array 12/Ship_Bollard (47)/collider/%GROUP%_Mesh0085190001001402",
      "position": "(0,7.1,-1.55)",
      "hash": "31792D71080D12090:31785078120D10450",
      "properties": {
        "type": "Point",
        "intensity": 1.0,
        "range": 20.0,
        "colour": "#FFB24D",
        "corona": {
          "sprite": "corona_orange01.png",
          "scale": 0.75,
          "range": 100.0
        },
        "dutyCycle": "DuskTillDawn()"
      }
    },
    {
      "parent": "/Far__x12_z2/Far__x12_z2_LFS/Far_General/Ship Bollard Arrays/Ship Bollard Array 12/Ship_Bollard (47)/collider/%GROUP%_Mesh008518000100315A",
      "position": "(0,7.1,1.55)",
      "hash": "31860F71080D2D0E0:31865378120D2E360",
      "properties": {
        "type": "Point",
        "intensity": 1.0,
        "range": 20.0,
        "colour": "#FFB24D",
        "corona": {
          "sprite": "corona_orange01.png",
          "scale": 0.75,
          "range": 100.0
        },
        "dutyCycle": "DuskTillDawn()"
      }
    },
    {
      "parent": "/Far__x12_z2/Far__x12_z2_LFS/Far_General/Ship Bollard Arrays/Ship Bollard Array 12/Ship_Bollard (47)/collider/%GROUP%_Mesh008518000100315A",
      "position": "(0,7.1,-1.55)",
      "hash": "31860F71080D2D0E0:31852F78120D2B4B0",
      "properties": {
        "type": "Point",
        "intensity": 1.0,
        "range": 20.0,
        "colour": "#FFB24D",
        "corona": {
          "sprite": "corona_orange01.png",
          "scale": 0.75,
          "range": 100.0
        },
        "dutyCycle": "DuskTillDawn()"
      }
    },
    {
      "parent": "/Far__x12_z2/Far__x12_z2_LFS/Far_General/Ship Bollard Arrays/Ship Bollard Array 12/Ship_Bollard (47)/collider/%GROUP%_Mesh0067190001003216",
      "position": "(0,7.1,1.55)",
      "hash": "31A12B71080D20470:31A20878120D220B0",
      "properties": {
        "type": "Point",
        "intensity": 1.0,
        "range": 20.0,
        "colour": "#FFB24D",
        "corona": {
          "sprite": "corona_orange01.png",
          "scale": 0.75,
          "range": 100.0
        },
        "dutyCycle": "DuskTillDawn()"
      }
    },
    {
      "parent": "/Far__x12_z2/Far__x12_z2_LFS/Far_General/Ship Bollard Arrays/Ship Bollard Array 12/Ship_Bollard (47)/collider/%GROUP%_Mesh0067190001003216",
      "position": "(0,7.1,-1.55)",
      "hash": "31A12B71080D20470:31A04D78120D1F1E0",
      "properties": {
        "type": "Point",
        "intensity": 1.0,
        "range": 20.0,
        "colour": "#FFB24D",
        "corona": {
          "sprite": "corona_orange01.png",
          "scale": 0.75,
          "range": 100.0
        },
        "dutyCycle": "DuskTillDawn()"
      }
    },
    {
      "parent": "/Far__x12_z2/Far__x12_z2_LFS/Far_General/Ship Bollard Arrays/Ship Bollard Array 12/Ship_Bollard (47)/collider/%GROUP%_Mesh00671B0001005007",
      "position": "(0,7.1,1.55)",
      "hash": "31AE0871080D3B4B0:31AE4C78120D3D0E0",
      "properties": {
        "type": "Point",
        "intensity": 1.0,
        "range": 20.0,
        "colour": "#FFB24D",
        "corona": {
          "sprite": "corona_orange01.png",
          "scale": 0.75,
          "range": 100.0
        },
        "dutyCycle": "DuskTillDawn()"
      }
    },
    {
      "parent": "/Far__x12_z2/Far__x12_z2_LFS/Far_General/Ship Bollard Arrays/Ship Bollard Array 12/Ship_Bollard (47)/collider/%GROUP%_Mesh00671B0001005007",
      "position": "(0,7.1,-1.55)",
      "hash": "31AE0871080D3B4B0:31AD2878120D3A230",
      "properties": {
        "type": "Point",
        "intensity": 1.0,
        "range": 20.0,
        "colour": "#FFB24D",
        "corona": {
          "sprite": "corona_orange01.png",
          "scale": 0.75,
          "range": 100.0
        },
        "dutyCycle": "DuskTillDawn()"
      }
    },
    {
      "parent": "/Far__x12_z2/Far__x12_z2_LFS/Far_General/Ship Bollard Arrays/Ship Bollard Array 12/Ship_Bollard (47)/collider/%GROUP%_Mesh0067230001006E0D",
      "position": "(0,7.1,1.55)",
      "hash": "31BA4D71080D56630:31BB2A78120D58270",
      "properties": {
        "type": "Point",
        "intensity": 1.0,
        "range": 20.0,
        "colour": "#FFB24D",
        "corona": {
          "sprite": "corona_orange01.png",
          "scale": 0.75,
          "range": 100.0
        },
        "dutyCycle": "DuskTillDawn()"
      }
    },
    {
      "parent": "/Far__x12_z2/Far__x12_z2_LFS/Far_General/Ship Bollard Arrays/Ship Bollard Array 12/Ship_Bollard (47)/collider/%GROUP%_Mesh0067230001006E0D",
      "position": "(0,7.1,-1.55)",
      "hash": "31BA4D71080D56630:31BA0B78120D553A0",
      "properties": {
        "type": "Point",
        "intensity": 1.0,
        "range": 20.0,
        "colour": "#FFB24D",
        "corona": {
          "sprite": "corona_orange01.png",
          "scale": 0.75,
          "range": 100.0
        },
        "dutyCycle": "DuskTillDawn()"
      }
    },
    {
      "parent": "/Far__x12_z2/Far__x12_z2_LFS/Far_General/Ship Bollard Arrays/Ship Bollard Array 12/Ship_Bollard (47)/collider/%GROUP%_Mesh0067290001008C01",
      "position": "(0,7.1,1.55)",
      "hash": "31C72771080D72080:31C80778120D732F0",
      "properties": {
        "type": "Point",
        "intensity": 1.0,
        "range": 20.0,
        "colour": "#FFB24D",
        "corona": {
          "sprite": "corona_orange01.png",
          "scale": 0.75,
          "range": 100.0
        },
        "dutyCycle": "DuskTillDawn()"
      }
    },
    {
      "parent": "/Far__x12_z2/Far__x12_z2_LFS/Far_General/Ship Bollard Arrays/Ship Bollard Array 12/Ship_Bollard (47)/collider/%GROUP%_Mesh0067290001008C01",
      "position": "(0,7.1,-1.55)",
      "hash": "31C72771080D72080:31C64778120D70440",
      "properties": {
        "type": "Point",
        "intensity": 1.0,
        "range": 20.0,
        "colour": "#FFB24D",
        "corona": {
          "sprite": "corona_orange01.png",
          "scale": 0.75,
          "range": 100.0
        },
        "dutyCycle": "DuskTillDawn()"
      }
    },
    {
      "parent": "/Far__x12_z2/Far__x12_z2_LFS/Far_General/Ship Bollard Arrays/Ship Bollard Array 12/Ship_Bollard (47)/collider/%GROUP%_Mesh0085210001008C16",
      "position": "(0,7.1,1.55)",
      "hash": "31AC2871080D7E600:31AB4878120D7D390",
      "properties": {
        "type": "Point",
        "intensity": 1.0,
        "range": 20.0,
        "colour": "#FFB24D",
        "corona": {
          "sprite": "corona_orange01.png",
          "scale": 0.75,
          "range": 100.0
        },
        "dutyCycle": "DuskTillDawn()"
      }
    },
    {
      "parent": "/Far__x12_z2/Far__x12_z2_LFS/Far_General/Ship Bollard Arrays/Ship Bollard Array 12/Ship_Bollard (47)/collider/%GROUP%_Mesh0085210001008C16",
      "position": "(0,7.1,-1.55)",
      "hash": "31AC2871080D7E600:31AD0878120D80240",
      "properties": {
        "type": "Point",
        "intensity": 1.0,
        "range": 20.0,
        "colour": "#FFB24D",
        "corona": {
          "sprite": "corona_orange01.png",
          "scale": 0.75,
          "range": 100.0
        },
        "dutyCycle": "DuskTillDawn()"
      }
    },
    {
      "parent": "/Far__x12_z2/Far__x12_z2_LFS/Far_General/Ship Bollard Arrays/Ship Bollard Array 12/Ship_Bollard (47)/collider/%GROUP%_Mesh0085190001006E19",
      "position": "(0,7.1,1.55)",
      "hash": "319F4B71080D63500:319F0978120D62270",
      "properties": {
        "type": "Point",
        "intensity": 1.0,
        "range": 20.0,
        "colour": "#FFB24D",
        "corona": {
          "sprite": "corona_orange01.png",
          "scale": 0.75,
          "range": 100.0
        },
        "dutyCycle": "DuskTillDawn()"
      }
    },
    {
      "parent": "/Far__x12_z2/Far__x12_z2_LFS/Far_General/Ship Bollard Arrays/Ship Bollard Array 12/Ship_Bollard (47)/collider/%GROUP%_Mesh0085190001006E19",
      "position": "(0,7.1,-1.55)",
      "hash": "319F4B71080D63500:31A02878120D65140",
      "properties": {
        "type": "Point",
        "intensity": 1.0,
        "range": 20.0,
        "colour": "#FFB24D",
        "corona": {
          "sprite": "corona_orange01.png",
          "scale": 0.75,
          "range": 100.0
        },
        "dutyCycle": "DuskTillDawn()"
      }
    },
    {
      "parent": "/Far__x12_z2/Far__x12_z2_LFS/Far_General/Ship Bollard Arrays/Ship Bollard Array 12/Ship_Bollard (47)/collider/%GROUP%_Mesh00851C0001005011",
      "position": "(0,7.1,1.55)",
      "hash": "31925F71080D48390:31921F78120D470F0",
      "properties": {
        "type": "Point",
        "intensity": 1.0,
        "range": 20.0,
        "colour": "#FFB24D",
        "corona": {
          "sprite": "corona_orange01.png",
          "scale": 0.75,
          "range": 100.0
        },
        "dutyCycle": "DuskTillDawn()"
      }
    },
    {
      "parent": "/Far__x12_z2/Far__x12_z2_LFS/Far_General/Ship Bollard Arrays/Ship Bollard Array 12/Ship_Bollard (47)/collider/%GROUP%_Mesh00851C0001005011",
      "position": "(0,7.1,-1.55)",
      "hash": "31925F71080D48390:31933A78120D49620",
      "properties": {
        "type": "Point",
        "intensity": 1.0,
        "range": 20.0,
        "colour": "#FFB24D",
        "corona": {
          "sprite": "corona_orange01.png",
          "scale": 0.75,
          "range": 100.0
        },
        "dutyCycle": "DuskTillDawn()"
      }
    },
    {
      "parent": "/Far__x12_z2/Far__x12_z2_LFS/Far_General/Ship Bollard Arrays/Ship Bollard Array 12/Ship_Bollard (47)/collider/%GROUP%_Mesh00A3070001004F63",
      "position": "(0.75,12.25,0)",
      "hash": "31340071080CC4130:3134437D210CC3560",
      "properties": {
        "type": "Point",
        "intensity": 1.0,
        "range": 30.0,
        "colour": "#FFFFFF",
        "corona": {
          "sprite": "corona_white01.png",
          "scale": 1.0,
          "range": 100.0
        },
        "dutyCycle": "DuskTillDawn()"
      }
    },
    {
      "parent": "/Far__x12_z2/Far__x12_z2_LFS/Far_General/Ship Bollard Arrays/Ship Bollard Array 12/Ship_Bollard (47)/collider/%GROUP%_Mesh00A3070001004F63",
      "position": "(0,12.25,0.75)",
      "hash": "31340071080CC4130:3134207D210CC4560",
      "properties": {
        "type": "Point",
        "intensity": 1.0,
        "range": 30.0,
        "colour": "#FFFFFF",
        "corona": {
          "sprite": "corona_white01.png",
          "scale": 1.0,
          "range": 100.0
        },
        "dutyCycle": "DuskTillDawn()"
      }
    },
    {
      "parent": "/Far__x12_z2/Far__x12_z2_LFS/Far_General/Ship Bollard Arrays/Ship Bollard Array 12/Ship_Bollard (47)/collider/%GROUP%_Mesh00A3070001004F63",
      "position": "(-0.75,12.25,0)",
      "hash": "31340071080CC4130:3133207D210CC4340",
      "properties": {
        "type": "Point",
        "intensity": 1.0,
        "range": 30.0,
        "colour": "#FFFFFF",
        "corona": {
          "sprite": "corona_white01.png",
          "scale": 1.0,
          "range": 100.0
        },
        "dutyCycle": "DuskTillDawn()"
      }
    },
    {
      "parent": "/Far__x12_z2/Far__x12_z2_LFS/Far_General/Ship Bollard Arrays/Ship Bollard Array 12/Ship_Bollard (47)/collider/%GROUP%_Mesh00A3070001004F63",
      "position": "(0,12.25,-0.75)",
      "hash": "31340071080CC4130:3133437D210CC3330",
      "properties": {
        "type": "Point",
        "intensity": 1.0,
        "range": 30.0,
        "colour": "#FFFFFF",
        "corona": {
          "sprite": "corona_white01.png",
          "scale": 1.0,
          "range": 100.0
        },
        "dutyCycle": "DuskTillDawn()"
      }
    },
    {
      "parent": "/Far__x12_z2/Far__x12_z2_LFS/Far_General/Ship Bollard Arrays/Ship Bollard Array 12/Ship_Bollard (47)/collider/%GROUP%_Mesh00A30E0001001405",
      "position": "(0.75,12.25,0)",
      "hash": "314D2571080CFA310:314E057D210CFA100",
      "properties": {
        "type": "Point",
        "intensity": 1.0,
        "range": 30.0,
        "colour": "#FFFFFF",
        "corona": {
          "sprite": "corona_white01.png",
          "scale": 1.0,
          "range": 100.0
        },
        "dutyCycle": "DuskTillDawn()"
      }
    },
    {
      "parent": "/Far__x12_z2/Far__x12_z2_LFS/Far_General/Ship Bollard Arrays/Ship Bollard Array 12/Ship_Bollard (47)/collider/%GROUP%_Mesh00A30E0001001405",
      "position": "(0,12.25,0.75)",
      "hash": "314D2571080CFA310:314D467D210CFB110",
      "properties": {
        "type": "Point",
        "intensity": 1.0,
        "range": 30.0,
        "colour": "#FFFFFF",
        "corona": {
          "sprite": "corona_white01.png",
          "scale": 1.0,
          "range": 100.0
        },
        "dutyCycle": "DuskTillDawn()"
      }
    },
    {
      "parent": "/Far__x12_z2/Far__x12_z2_LFS/Far_General/Ship Bollard Arrays/Ship Bollard Array 12/Ship_Bollard (47)/collider/%GROUP%_Mesh00A30E0001001405",
      "position": "(-0.75,12.25,0)",
      "hash": "314D2571080CFA310:314C467D210CFA520",
      "properties": {
        "type": "Point",
        "intensity": 1.0,
        "range": 30.0,
        "colour": "#FFFFFF",
        "corona": {
          "sprite": "corona_white01.png",
          "scale": 1.0,
          "range": 100.0
        },
        "dutyCycle": "DuskTillDawn()"
      }
    },
    {
      "parent": "/Far__x12_z2/Far__x12_z2_LFS/Far_General/Ship Bollard Arrays/Ship Bollard Array 12/Ship_Bollard (47)/collider/%GROUP%_Mesh00A30E0001001405",
      "position": "(0,12.25,-0.75)",
      "hash": "314D2571080CFA310:314D047D210CF9520",
      "properties": {
        "type": "Point",
        "intensity": 1.0,
        "range": 30.0,
        "colour": "#FFFFFF",
        "corona": {
          "sprite": "corona_white01.png",
          "scale": 1.0,
          "range": 100.0
        },
        "dutyCycle": "DuskTillDawn()"
      }
    },
    {
      "parent": "/Far__x12_z2/Far__x12_z2_LFS/Far_General/Ship Bollard Arrays/Ship Bollard Array 12/Ship_Bollard (47)/collider/%GROUP%_Mesh00A30C0001001360",
      "position": "(0,7.1,1.55)",
      "hash": "315E2671080D1E480:315F0378120D200C0",
      "properties": {
        "type": "Point",
        "intensity": 1.0,
        "range": 20.0,
        "colour": "#FFB24D",
        "corona": {
          "sprite": "corona_orange01.png",
          "scale": 0.75,
          "range": 100.0
        },
        "dutyCycle": "DuskTillDawn()"
      }
    },
    {
      "parent": "/Far__x12_z2/Far__x12_z2_LFS/Far_General/Ship Bollard Arrays/Ship Bollard Array 12/Ship_Bollard (47)/collider/%GROUP%_Mesh00A30C0001001360",
      "position": "(0,7.1,-1.55)",
      "hash": "315E2671080D1E480:315D4878120D1D1F0",
      "properties": {
        "type": "Point",
        "intensity": 1.0,
        "range": 20.0,
        "colour": "#FFB24D",
        "corona": {
          "sprite": "corona_orange01.png",
          "scale": 0.75,
          "range": 100.0
        },
        "dutyCycle": "DuskTillDawn()"
      }
    }
  ],
  "meshes": [
    {
      "parent": "/Far__x12_z2/Far__x12_z2_LFS/Far_Liquids Bay/Roads (1)/Road_60x8 (2)/Collider",
      "position": "(11.6396484,-0.120550543,-14.7127075)",
      "rotation": "(0,0.976296,0,-0.2164396)",
      "hash": "31EF3671150D85580:31F35371090D733E0",
      "properties": {
        "file": "meshes_lampposts.assetbundle",
        "mesh": "YardLamp_Floor"
      }
    },
    {
      "parent": "/Far__x12_z2/Far__x12_z2_LFS/Far_General/Ship Bollard Arrays/Ship Bollard Array 12/Ship_Bollard (47)/collider",
      "position": "(-63.556,0.0126876831,99.99243)",
      "rotation": "(0,0.976296,0,-0.2164396)",
      "hash": "31E93D71060CC7280:31DA3271080D3C5C0",
      "properties": {
        "file": "meshes_lampposts.assetbundle",
        "mesh": "YardLamp_Floor"
      }
    },
    {
      "parent": "/Far__x12_z2/Far__x12_z2_LFS/Far_General/Ship Bollard Arrays/Ship Bollard Array 12/Ship_Bollard (47)/collider",
      "position": "(-63.2379761,0.0127029419,39.9431152)",
      "rotation": "(0,0.976296,0,-0.2164396)",
      "hash": "31E93D71060CC7280:31C11E71080D06290",
      "properties": {
        "file": "meshes_lampposts.assetbundle",
        "mesh": "YardLamp_Floor"
      }
    },
    {
      "parent": "/Far__x12_z2/Far__x12_z2_LFS/Far_General/Ship Bollard Arrays/Ship Bollard Array 12/Ship_Bollard (47)/collider",
      "position": "(-62.99768,0.0127182007,-19.8600464)",
      "rotation": "(0,0.976296,0,-0.2164396)",
      "hash": "31E93D71060CC7280:31A80D71080CD0100",
      "properties": {
        "file": "meshes_lampposts.assetbundle",
        "mesh": "YardLamp_Floor"
      }
    },
    {
      "parent": "/Far__x12_z2/Far__x12_z2_LFS/Far_General/Ship Bollard Arrays/Ship Bollard Array 12/Ship_Bollard (47)/collider",
      "position": "(-62.82373,0.0127410889,-79.8736)",
      "rotation": "(0,0.976296,0,-0.2164396)",
      "hash": "31E93D71060CC7280:318E5271080C994B0",
      "properties": {
        "file": "meshes_lampposts.assetbundle",
        "mesh": "YardLamp_Floor"
      }
    },
    {
      "parent": "/Far__x12_z2/Far__x12_z2_LFS/Far_General/Ship Bollard Arrays/Ship Bollard Array 12/Ship_Bollard (47)/collider",
      "position": "(-62.58716,0.0127563477,-140.071381)",
      "rotation": "(0,0.976296,0,-0.2164396)",
      "hash": "31E93D71060CC7280:31753071080C630E0",
      "properties": {
        "file": "meshes_lampposts.assetbundle",
        "mesh": "YardLamp_Floor"
      }
    },
    {
      "parent": "/Far__x12_z2/Far__x12_z2_LFS/Far_General/Ship Bollard Arrays/Ship Bollard Array 12/Ship_Bollard (47)/collider",
      "position": "(-62.3995361,0.0127716064,-200.022156)",
      "rotation": "(0,0.976296,0,-0.2164396)",
      "hash": "31E93D71060CC7280:315C1571080C2C4E0",
      "properties": {
        "file": "meshes_lampposts.assetbundle",
        "mesh": "YardLamp_Floor"
      }
    },
    {
      "parent": "/Far__x12_z2/Far__x12_z2_LFS/Far_General/Ship Bollard Arrays/Ship Bollard Array 12/Ship_Bollard (47)/collider",
      "position": "(-62.34012,0.0127868652,-249.9046)",
      "rotation": "(0,0.9743701,0,-0.224950984)",
      "hash": "31E93D71060CC7280:31470971080BFF3A0",
      "properties": {
        "file": "meshes_lampposts.assetbundle",
        "mesh": "YardLamp_Floor"
      }
    },
    {
      "parent": "/Far__x12_z2/Far__x12_z2_LFS/Far_General/Ship Bollard Arrays/Ship Bollard Array 12/Ship_Bollard (47)/collider",
      "position": "(-61.7827148,0.0128097534,-319.672729)",
      "rotation": "(0,0.976296,0,-0.2164396)",
      "hash": "31E93D71060CC7280:31296271080BC0120",
      "properties": {
        "file": "meshes_lampposts.assetbundle",
        "mesh": "YardLamp_Floor"
      }
    },
    {
      "parent": "/Far__x12_z2/Far__x12_z2_LFS/Far_General/Ship Bollard Arrays/Ship Bollard Array 12/Ship_Bollard (47)/collider",
      "position": "(-13.3584595,0.0126724243,160.551575)",
      "rotation": "(0,0.9743701,0,-0.224950984)",
      "hash": "31E93D71060CC7280:32214171080D5E2C0",
      "properties": {
        "file": "meshes_lampposts.assetbundle",
        "mesh": "YardLamp_Floor"
      }
    },
    {
      "parent": "/Far__x12_z2/Far__x12_z2_LFS/Far_General/Ship Bollard Arrays/Ship Bollard Array 12/Ship_Bollard (47)/collider",
      "position": "(-13.2785034,0.0126876831,100.809937)",
      "rotation": "(0,0.9781476,0,-0.2079116)",
      "hash": "31E93D71060CC7280:32082571080D28200",
      "properties": {
        "file": "meshes_lampposts.assetbundle",
        "mesh": "YardLamp_Floor"
      }
    },
    {
      "parent": "/Far__x12_z2/Far__x12_z2_LFS/Far_General/Ship Bollard Arrays/Ship Bollard Array 12/Ship_Bollard (47)/collider",
      "position": "(-13.21698,0.0127105713,40.4886475)",
      "rotation": "(0,0.976296,0,-0.2164396)",
      "hash": "31E93D71060CC7280:31EE5271080CF1430",
      "properties": {
        "file": "meshes_lampposts.assetbundle",
        "mesh": "YardLamp_Floor"
      }
    },
    {
      "parent": "/Far__x12_z2/Far__x12_z2_LFS/Far_General/Ship Bollard Arrays/Ship Bollard Array 12/Ship_Bollard (47)/collider",
      "position": "(-13.0829468,0.01272583,-19.168335)",
      "rotation": "(0,0.9743701,0,-0.224950984)",
      "hash": "31E93D71060CC7280:31D53E71080CBB3C0",
      "properties": {
        "file": "meshes_lampposts.assetbundle",
        "mesh": "YardLamp_Floor"
      }
    },
    {
      "parent": "/Far__x12_z2/Far__x12_z2_LFS/Far_General/Ship Bollard Arrays/Ship Bollard Array 12/Ship_Bollard (47)/collider",
      "position": "(-12.9738159,0.0127410889,-79.37726)",
      "rotation": "(0,0.976296,0,-0.2164396)",
      "hash": "31E93D71060CC7280:31BC1171080C85040",
      "properties": {
        "file": "meshes_lampposts.assetbundle",
        "mesh": "YardLamp_Floor"
      }
    },
    {
      "parent": "/Far__x12_z2/Far__x12_z2_LFS/Far_General/Ship Bollard Arrays/Ship Bollard Array 12/Ship_Bollard (47)/collider",
      "position": "(-12.820282,0.0127639771,-139.499115)",
      "rotation": "(0,0.976296,0,-0.2164396)",
      "hash": "31E93D71060CC7280:31A24F71080C4E350",
      "properties": {
        "file": "meshes_lampposts.assetbundle",
        "mesh": "YardLamp_Floor"
      }
    },
    {
      "parent": "/Far__x12_z2/Far__x12_z2_LFS/Far_General/Ship Bollard Arrays/Ship Bollard Array 12/Ship_Bollard (47)/collider",
      "position": "(-12.7248535,0.0127792358,-199.071411)",
      "rotation": "(0,0.976296,0,-0.2164396)",
      "hash": "31E93D71060CC7280:31893B71080C18370",
      "properties": {
        "file": "meshes_lampposts.assetbundle",
        "mesh": "YardLamp_Floor"
      }
    },
    {
      "parent": "/Far__x12_z2/Far__x12_z2_LFS/Far_General/Ship Bollard Arrays/Ship Bollard Array 12/Ship_Bollard (47)/collider",
      "position": "(-12.6210022,0.0127944946,-259.53363)",
      "rotation": "(0,0.976296,0,-0.2164396)",
      "hash": "31E93D71060CC7280:31700271080BE14C0",
      "properties": {
        "file": "meshes_lampposts.assetbundle",
        "mesh": "YardLamp_Floor"
      }
    },
    {
      "parent": "/Far__x12_z2/Far__x12_z2_LFS/Far_General/Ship Bollard Arrays/Ship Bollard Array 12/Ship_Bollard (47)/collider",
      "position": "(-112.512512,0.012802124,-319.7829)",
      "rotation": "(0,0.976296,0,-0.2164396)",
      "hash": "31E93D71060CC7280:30FC0071080BD53D0",
      "properties": {
        "file": "meshes_lampposts.assetbundle",
        "mesh": "YardLamp_Floor"
      }
    },
    {
      "parent": "/Far__x12_z2/Far__x12_z2_LFS/Far_General/Ship Bollard Arrays/Ship Bollard Array 12/Ship_Bollard (47)/collider",
      "position": "(-112.300842,0.0128173828,-379.61)",
      "rotation": "(0,0.976296,0,-0.2164396)",
      "hash": "31E93D71060CC7280:30E25071080B9F230",
      "properties": {
        "file": "meshes_lampposts.assetbundle",
        "mesh": "YardLamp_Floor"
      }
    },
    {
      "parent": "/Far__x12_z2/Far__x12_z2_LFS/Far_General/Ship Bollard Arrays/Ship Bollard Array 12/Ship_Bollard (47)/collider",
      "position": "(-112.132263,0.012840271,-439.623627)",
      "rotation": "(0,0.976296,0,-0.2164396)",
      "hash": "31E93D71060CC7280:30C93071080B685D0",
      "properties": {
        "file": "meshes_lampposts.assetbundle",
        "mesh": "YardLamp_Floor"
      }
    },
    {
      "parent": "/Far__x12_z2/Far__x12_z2_LFS/Far_General/Ship Bollard Arrays/Ship Bollard Array 12/Ship_Bollard (47)/collider",
      "position": "(-112.641663,0.0127868652,-260.0559)",
      "rotation": "(0,0.21643962,0,0.976296067)",
      "hash": "31E93D71060CC7280:31151871080C0B4A0",
      "properties": {
        "file": "meshes_lampposts.assetbundle",
        "mesh": "YardLamp_Floor"
      }
    },
    {
      "parent": "/Far__x12_z2/Far__x12_z2_LFS/Far_General/Ship Bollard Arrays/Ship Bollard Array 12/Ship_Bollard (47)/collider",
      "position": "(-112.779785,0.0127639771,-200.003723)",
      "rotation": "(0,0.21643962,0,0.976296067)",
      "hash": "31E93D71060CC7280:312E3C71080C42120",
      "properties": {
        "file": "meshes_lampposts.assetbundle",
        "mesh": "YardLamp_Floor"
      }
    },
    {
      "parent": "/Far__x12_z2/Far__x12_z2_LFS/Far_General/Ship Bollard Arrays/Ship Bollard Array 12/Ship_Bollard (47)/collider",
      "position": "(-112.872681,0.0127487183,-139.955963)",
      "rotation": "(0,0.224951044,0,0.974370062)",
      "hash": "31E93D71060CC7280:31480071080C783B0",
      "properties": {
        "file": "meshes_lampposts.assetbundle",
        "mesh": "YardLamp_Floor"
      }
    },
    {
      "parent": "/Far__x12_z2/Far__x12_z2_LFS/Far_General/Ship Bollard Arrays/Ship Bollard Array 12/Ship_Bollard (47)/collider",
      "position": "(-113.035583,0.0127334595,-79.9682)",
      "rotation": "(0,0.224951044,0,0.974370062)",
      "hash": "31E93D71060CC7280:31612071080CAE610",
      "properties": {
        "file": "meshes_lampposts.assetbundle",
        "mesh": "YardLamp_Floor"
      }
    },
    {
      "parent": "/Far__x12_z2/Far__x12_z2_LFS/Far_General/Ship Bollard Arrays/Ship Bollard Array 12/Ship_Bollard (47)/collider",
      "position": "(-113.0968,0.0127105713,-19.9373779)",
      "rotation": "(0,0.21643962,0,0.976296067)",
      "hash": "31E93D71060CC7280:317A4A71080CE5230",
      "properties": {
        "file": "meshes_lampposts.assetbundle",
        "mesh": "YardLamp_Floor"
      }
    },
    {
      "parent": "/Far__x12_z2/Far__x12_z2_LFS/Far_General/Ship Bollard Arrays/Ship Bollard Array 12/Ship_Bollard (47)/collider",
      "position": "(-103.144043,0.0127029419,20.13153)",
      "rotation": "(0,0.21643962,0,0.976296067)",
      "hash": "31E93D71060CC7280:31944C71080D05290",
      "properties": {
        "file": "meshes_lampposts.assetbundle",
        "mesh": "LampPostDouble_Floor"
      }
    },
    {
      "parent": "/Far__x12_z2/Far__x12_z2_LFS/Far_General/Ship Bollard Arrays/Ship Bollard Array 12/Ship_Bollard (47)/collider",
      "position": "(-133.2511,0.0126953125,20.027771)",
      "rotation": "(0,0.21643962,0,0.976296067)",
      "hash": "31E93D71060CC7280:31792D71080D12090",
      "properties": {
        "file": "meshes_lampposts.assetbundle",
        "mesh": "LampPostDouble_Floor"
      }
    },
    {
      "parent": "/Far__x12_z2/Far__x12_z2_LFS/Far_General/Ship Bollard Arrays/Ship Bollard Array 12/Ship_Bollard (47)/collider",
      "position": "(-133.240112,0.0126876831,49.9084473)",
      "rotation": "(0,0.224951044,0,0.974370062)",
      "hash": "31E93D71060CC7280:31860F71080D2D0E0",
      "properties": {
        "file": "meshes_lampposts.assetbundle",
        "mesh": "LampPostDouble_Floor"
      }
    },
    {
      "parent": "/Far__x12_z2/Far__x12_z2_LFS/Far_General/Ship Bollard Arrays/Ship Bollard Array 12/Ship_Bollard (47)/collider",
      "position": "(-103.256531,0.0126953125,50.2271729)",
      "rotation": "(0,0.21643962,0,0.976296067)",
      "hash": "31E93D71060CC7280:31A12B71080D20470",
      "properties": {
        "file": "meshes_lampposts.assetbundle",
        "mesh": "LampPostDouble_Floor"
      }
    },
    {
      "parent": "/Far__x12_z2/Far__x12_z2_LFS/Far_General/Ship Bollard Arrays/Ship Bollard Array 12/Ship_Bollard (47)/collider",
      "position": "(-103.277283,0.0126876831,80.07898)",
      "rotation": "(0,0.224951044,0,0.974370062)",
      "hash": "31E93D71060CC7280:31AE0871080D3B4B0",
      "properties": {
        "file": "meshes_lampposts.assetbundle",
        "mesh": "LampPostDouble_Floor"
      }
    },
    {
      "parent": "/Far__x12_z2/Far__x12_z2_LFS/Far_General/Ship Bollard Arrays/Ship Bollard Array 12/Ship_Bollard (47)/collider",
      "position": "(-103.351318,0.0126800537,110.131714)",
      "rotation": "(0,0.21643962,0,0.976296067)",
      "hash": "31E93D71060CC7280:31BA4D71080D56630",
      "properties": {
        "file": "meshes_lampposts.assetbundle",
        "mesh": "LampPostDouble_Floor"
      }
    },
    {
      "parent": "/Far__x12_z2/Far__x12_z2_LFS/Far_General/Ship Bollard Arrays/Ship Bollard Array 12/Ship_Bollard (47)/collider",
      "position": "(-103.419434,0.0126647949,140.017944)",
      "rotation": "(0,0.224951044,0,0.974370062)",
      "hash": "31E93D71060CC7280:31C72771080D72080",
      "properties": {
        "file": "meshes_lampposts.assetbundle",
        "mesh": "LampPostDouble_Floor"
      }
    },
    {
      "parent": "/Far__x12_z2/Far__x12_z2_LFS/Far_General/Ship Bollard Arrays/Ship Bollard Array 12/Ship_Bollard (47)/collider",
      "position": "(-133.333679,0.0126647949,140.227539)",
      "rotation": "(0,0.9743701,0,-0.224950984)",
      "hash": "31E93D71060CC7280:31AC2871080D7E600",
      "properties": {
        "file": "meshes_lampposts.assetbundle",
        "mesh": "LampPostDouble_Floor"
      }
    },
    {
      "parent": "/Far__x12_z2/Far__x12_z2_LFS/Far_General/Ship Bollard Arrays/Ship Bollard Array 12/Ship_Bollard (47)/collider",
      "position": "(-133.254822,0.0126724243,110.258667)",
      "rotation": "(0,0.976296,0,-0.2164396)",
      "hash": "31E93D71060CC7280:319F4B71080D63500",
      "properties": {
        "file": "meshes_lampposts.assetbundle",
        "mesh": "LampPostDouble_Floor"
      }
    },
    {
      "parent": "/Far__x12_z2/Far__x12_z2_LFS/Far_General/Ship Bollard Arrays/Ship Bollard Array 12/Ship_Bollard (47)/collider",
      "position": "(-133.2898,0.0126800537,80.17157)",
      "rotation": "(0,0.9781476,0,-0.2079116)",
      "hash": "31E93D71060CC7280:31925F71080D48390",
      "properties": {
        "file": "meshes_lampposts.assetbundle",
        "mesh": "LampPostDouble_Floor"
      }
    },
    {
      "parent": "/Far__x12_z2/Far__x12_z2_LFS/Far_General/Ship Bollard Arrays/Ship Bollard Array 12/Ship_Bollard (47)/collider",
      "position": "(-163.0763,0.01272583,-79.99313)",
      "rotation": "(0,0.224951044,0,0.974370062)",
      "hash": "31E93D71060CC7280:31340071080CC4130",
      "properties": {
        "file": "meshes_lampposts.assetbundle",
        "mesh": "YardLamp_Floor"
      }
    },
    {
      "parent": "/Far__x12_z2/Far__x12_z2_LFS/Far_General/Ship Bollard Arrays/Ship Bollard Array 12/Ship_Bollard (47)/collider",
      "position": "(-163.14624,0.0127029419,-20.05188)",
      "rotation": "(0,0.224951044,0,0.974370062)",
      "hash": "31E93D71060CC7280:314D2571080CFA310",
      "properties": {
        "file": "meshes_lampposts.assetbundle",
        "mesh": "YardLamp_Floor"
      }
    },
    {
      "parent": "/Far__x12_z2/Far__x12_z2_LFS/Far_General/Ship Bollard Arrays/Ship Bollard Array 12/Ship_Bollard (47)/collider",
      "position": "(-163.124146,0.0126953125,19.9678955)",
      "rotation": "(0,0.21643962,0,0.976296067)",
      "hash": "31E93D71060CC7280:315E2671080D1E480",
      "properties": {
        "file": "meshes_lampposts.assetbundle",
        "mesh": "LampPostDouble_Floor"
      }
    }
  ],
  "decorations": []
}