{
  "version": 97,
  "enabled": true,
  "priority": "High",
  "lights": [
    {
      "parent": "/Far__x12_z2/Far__x12_z2_LFS/Far_General/Ship Bollard Arrays/Ship Bollard Array 12/Ship_Bollard (47)/collider/%GROUP%_Mesh018110000100B10C",
      "position": "(0.75,12.25,0)",
      "hash": "32FB1271080B83370:32FB567D210B83170",
      "properties": {
        "type": "Point",
        "intensity": 1.0,
        "range": 30.0,
        "colour": "#FFFFFF",
        "corona": {
          "sprite": "corona_white01.png",
          "scale": 1.0,
          "range": 100.0
        },
        "dutyCycle": "DuskTillDawn()"
      }
    },
    {
      "parent": "/Far__x12_z2/Far__x12_z2_LFS/Far_General/Ship Bollard Arrays/Ship Bollard Array 12/Ship_Bollard (47)/collider/%GROUP%_Mesh018110000100B10C",
      "position": "(0,12.25,0.75)",
      "hash": "32FB1271080B83370:32FB327D210B84170",
      "properties": {
        "type": "Point",
        "intensity": 1.0,
        "range": 30.0,
        "colour": "#FFFFFF",
        "corona": {
          "sprite": "corona_white01.png",
          "scale": 1.0,
          "range": 100.0
        },
        "dutyCycle": "DuskTillDawn()"
      }
    },
    {
      "parent": "/Far__x12_z2/Far__x12_z2_LFS/Far_General/Ship Bollard Arrays/Ship Bollard Array 12/Ship_Bollard (47)/collider/%GROUP%_Mesh018110000100B10C",
      "position": "(-0.75,12.25,0)",
      "hash": "32FB1271080B83370:32FA327D210B83570",
      "properties": {
        "type": "Point",
        "intensity": 1.0,
        "range": 30.0,
        "colour": "#FFFFFF",
        "corona": {
          "sprite": "corona_white01.png",
          "scale": 1.0,
          "range": 100.0
        },
        "dutyCycle": "DuskTillDawn()"
      }
    },
    {
      "parent": "/Far__x12_z2/Far__x12_z2_LFS/Far_General/Ship Bollard Arrays/Ship Bollard Array 12/Ship_Bollard (47)/collider/%GROUP%_Mesh018110000100B10C",
      "position": "(0,12.25,-0.75)",
      "hash": "32FB1271080B83370:32FA567D210B82570",
      "properties": {
        "type": "Point",
        "intensity": 1.0,
        "range": 30.0,
        "colour": "#FFFFFF",
        "corona": {
          "sprite": "corona_white01.png",
          "scale": 1.0,
          "range": 100.0
        },
        "dutyCycle": "DuskTillDawn()"
      }
    },
    {
      "parent": "/Far__x12_z2/Far__x12_z2_LFS/Far_General/Ship Bollard Arrays/Ship Bollard Array 12/Ship_Bollard (47)/collider/%GROUP%_Mesh01811A000100EC5E",
      "position": "(0.75,12.25,0)",
      "hash": "32E15871080B4D210:32E1147D210B4D410",
      "properties": {
        "type": "Point",
        "intensity": 1.0,
        "range": 30.0,
        "colour": "#FFFFFF",
        "corona": {
          "sprite": "corona_white01.png",
          "scale": 1.0,
          "range": 100.0
        },
        "dutyCycle": "DuskTillDawn()"
      }
    },
    {
      "parent": "/Far__x12_z2/Far__x12_z2_LFS/Far_General/Ship Bollard Arrays/Ship Bollard Array 12/Ship_Bollard (47)/collider/%GROUP%_Mesh01811A000100EC5E",
      "position": "(0,12.25,0.75)",
      "hash": "32E15871080B4D210:32E1387D210B4C410",
      "properties": {
        "type": "Point",
        "intensity": 1.0,
        "range": 30.0,
        "colour": "#FFFFFF",
        "corona": {
          "sprite": "corona_white01.png",
          "scale": 1.0,
          "range": 100.0
        },
        "dutyCycle": "DuskTillDawn()"
      }
    },
    {
      "parent": "/Far__x12_z2/Far__x12_z2_LFS/Far_General/Ship Bollard Arrays/Ship Bollard Array 12/Ship_Bollard (47)/collider/%GROUP%_Mesh01811A000100EC5E",
      "position": "(-0.75,12.25,0)",
      "hash": "32E15871080B4D210:32E2387D210B4D020",
      "properties": {
        "type": "Point",
        "intensity": 1.0,
        "range": 30.0,
        "colour": "#FFFFFF",
        "corona": {
          "sprite": "corona_white01.png",
          "scale": 1.0,
          "range": 100.0
        },
        "dutyCycle": "DuskTillDawn()"
      }
    },
    {
      "parent": "/Far__x12_z2/Far__x12_z2_LFS/Far_General/Ship Bollard Arrays/Ship Bollard Array 12/Ship_Bollard (47)/collider/%GROUP%_Mesh01811A000100EC5E",
      "position": "(0,12.25,-0.75)",
      "hash": "32E15871080B4D210:32E2137D210B4E010",
      "properties": {
        "type": "Point",
        "intensity": 1.0,
        "range": 30.0,
        "colour": "#FFFFFF",
        "corona": {
          "sprite": "corona_white01.png",
          "scale": 1.0,
          "range": 100.0
        },
        "dutyCycle": "DuskTillDawn()"
      }
    },
    {
      "parent": "/Far__x12_z2/Far__x12_z2_LFS/Far_General/Ship Bollard Arrays/Ship Bollard Array 12/Ship_Bollard (47)/collider/%GROUP%_Mesh018127000101285B",
      "position": "(0.75,12.25,0)",
      "hash": "32C83671080B16620:32C7567D210B171E0",
      "properties": {
        "type": "Point",
        "intensity": 1.0,
        "range": 30.0,
        "colour": "#FFFFFF",
        "corona": {
          "sprite": "corona_white01.png",
          "scale": 1.0,
          "range": 100.0
        },
        "dutyCycle": "DuskTillDawn()"
      }
    },
    {
      "parent": "/Far__x12_z2/Far__x12_z2_LFS/Far_General/Ship Bollard Arrays/Ship Bollard Array 12/Ship_Bollard (47)/collider/%GROUP%_Mesh018127000101285B",
      "position": "(0,12.25,0.75)",
      "hash": "32C83671080B16620:32C8167D210B161E0",
      "properties": {
        "type": "Point",
        "intensity": 1.0,
        "range": 30.0,
        "colour": "#FFFFFF",
        "corona": {
          "sprite": "corona_white01.png",
          "scale": 1.0,
          "range": 100.0
        },
        "dutyCycle": "DuskTillDawn()"
      }
    },
    {
      "parent": "/Far__x12_z2/Far__x12_z2_LFS/Far_General/Ship Bollard Arrays/Ship Bollard Array 12/Ship_Bollard (47)/collider/%GROUP%_Mesh018127000101285B",
      "position": "(-0.75,12.25,0)",
      "hash": "32C83671080B16620:32C9167D210B16430",
      "properties": {
        "type": "Point",
        "intensity": 1.0,
        "range": 30.0,
        "colour": "#FFFFFF",
        "corona": {
          "sprite": "corona_white01.png",
          "scale": 1.0,
          "range": 100.0
        },
        "dutyCycle": "DuskTillDawn()"
      }
    },
    {
      "parent": "/Far__x12_z2/Far__x12_z2_LFS/Far_General/Ship Bollard Arrays/Ship Bollard Array 12/Ship_Bollard (47)/collider/%GROUP%_Mesh018127000101285B",
      "position": "(0,12.25,-0.75)",
      "hash": "32C83671080B16620:32C8567D210B17420",
      "properties": {
        "type": "Point",
        "intensity": 1.0,
        "range": 30.0,
        "colour": "#FFFFFF",
        "corona": {
          "sprite": "corona_white01.png",
          "scale": 1.0,
          "range": 100.0
        },
        "dutyCycle": "DuskTillDawn()"
      }
    },
    {
      "parent": "/Far__x12_z2/Far__x12_z2_LFS/Far_General/Ship Bollard Arrays/Ship Bollard Array 12/Ship_Bollard (47)/collider/%GROUP%_Mesh0181360001016457",
      "position": "(0.75,12.25,0)",
      "hash": "32AF1771080AE03E0:32AE377D210AE05E0",
      "properties": {
        "type": "Point",
        "intensity": 1.0,
        "range": 30.0,
        "colour": "#FFFFFF",
        "corona": {
          "sprite": "corona_white01.png",
          "scale": 1.0,
          "range": 100.0
        },
        "dutyCycle": "DuskTillDawn()"
      }
    },
    {
      "parent": "/Far__x12_z2/Far__x12_z2_LFS/Far_General/Ship Bollard Arrays/Ship Bollard Array 12/Ship_Bollard (47)/collider/%GROUP%_Mesh0181360001016457",
      "position": "(0,12.25,0.75)",
      "hash": "32AF1771080AE03E0:32AE5B7D210ADF5E0",
      "properties": {
        "type": "Point",
        "intensity": 1.0,
        "range": 30.0,
        "colour": "#FFFFFF",
        "corona": {
          "sprite": "corona_white01.png",
          "scale": 1.0,
          "range": 100.0
        },
        "dutyCycle": "DuskTillDawn()"
      }
    },
    {
      "parent": "/Far__x12_z2/Far__x12_z2_LFS/Far_General/Ship Bollard Arrays/Ship Bollard Array 12/Ship_Bollard (47)/collider/%GROUP%_Mesh0181360001016457",
      "position": "(-0.75,12.25,0)",
      "hash": "32AF1771080AE03E0:32AF5B7D210AE01F0",
      "properties": {
        "type": "Point",
        "intensity": 1.0,
        "range": 30.0,
        "colour": "#FFFFFF",
        "corona": {
          "sprite": "corona_white01.png",
          "scale": 1.0,
          "range": 100.0
        },
        "dutyCycle": "DuskTillDawn()"
      }
    },
    {
      "parent": "/Far__x12_z2/Far__x12_z2_LFS/Far_General/Ship Bollard Arrays/Ship Bollard Array 12/Ship_Bollard (47)/collider/%GROUP%_Mesh0181360001016457",
      "position": "(0,12.25,-0.75)",
      "hash": "32AF1771080AE03E0:32AF377D210AE11E0",
      "properties": {
        "type": "Point",
        "intensity": 1.0,
        "range": 30.0,
        "colour": "#FFFFFF",
        "corona": {
          "sprite": "corona_white01.png",
          "scale": 1.0,
          "range": 100.0
        },
        "dutyCycle": "DuskTillDawn()"
      }
    },
    {
      "parent": "/Far__x12_z2/Far__x12_z2_LFS/Far_General/Ship Bollard Arrays/Ship Bollard Array 12/Ship_Bollard (47)/collider/%GROUP%_Mesh018140000101A05A",
      "position": "(0.75,12.25,0)",
      "hash": "32955471080AAA170:3295117D210AAA370",
      "properties": {
        "type": "Point",
        "intensity": 1.0,
        "range": 30.0,
        "colour": "#FFFFFF",
        "corona": {
          "sprite": "corona_white01.png",
          "scale": 1.0,
          "range": 100.0
        },
        "dutyCycle": "DuskTillDawn()"
      }
    },
    {
      "parent": "/Far__x12_z2/Far__x12_z2_LFS/Far_General/Ship Bollard Arrays/Ship Bollard Array 12/Ship_Bollard (47)/collider/%GROUP%_Mesh018140000101A05A",
      "position": "(0,12.25,0.75)",
      "hash": "32955471080AAA170:3295337D210AA9370",
      "properties": {
        "type": "Point",
        "intensity": 1.0,
        "range": 30.0,
        "colour": "#FFFFFF",
        "corona": {
          "sprite": "corona_white01.png",
          "scale": 1.0,
          "range": 100.0
        },
        "dutyCycle": "DuskTillDawn()"
      }
    },
    {
      "parent": "/Far__x12_z2/Far__x12_z2_LFS/Far_General/Ship Bollard Arrays/Ship Bollard Array 12/Ship_Bollard (47)/collider/%GROUP%_Mesh018140000101A05A",
      "position": "(-0.75,12.25,0)",
      "hash": "32955471080AAA170:3296347D210AA95A0",
      "properties": {
        "type": "Point",
        "intensity": 1.0,
        "range": 30.0,
        "colour": "#FFFFFF",
        "corona": {
          "sprite": "corona_white01.png",
          "scale": 1.0,
          "range": 100.0
        },
        "dutyCycle": "DuskTillDawn()"
      }
    },
    {
      "parent": "/Far__x12_z2/Far__x12_z2_LFS/Far_General/Ship Bollard Arrays/Ship Bollard Array 12/Ship_Bollard (47)/collider/%GROUP%_Mesh018140000101A05A",
      "position": "(0,12.25,-0.75)",
      "hash": "32955471080AAA170:3296117D210AAA5A0",
      "properties": {
        "type": "Point",
        "intensity": 1.0,
        "range": 30.0,
        "colour": "#FFFFFF",
        "corona": {
          "sprite": "corona_white01.png",
          "scale": 1.0,
          "range": 100.0
        },
        "dutyCycle": "DuskTillDawn()"
      }
    },
    {
      "parent": "/Far__x12_z2/Far__x12_z2_LFS/Far_General/Ship Bollard Arrays/Ship Bollard Array 12/Ship_Bollard (47)/collider/%GROUP%_Mesh0180610001006B0E",
      "position": "(0.75,12.25,0)",
      "hash": "33184771080BC2630:3319267D210BC2420",
      "properties": {
        "type": "Point",
        "intensity": 1.0,
        "range": 30.0,
        "colour": "#FFFFFF",
        "corona": {
          "sprite": "corona_white01.png",
          "scale": 1.0,
          "range": 100.0
        },
        "dutyCycle": "DuskTillDawn()"
      }
    },
    {
      "parent": "/Far__x12_z2/Far__x12_z2_LFS/Far_General/Ship Bollard Arrays/Ship Bollard Array 12/Ship_Bollard (47)/collider/%GROUP%_Mesh0180610001006B0E",
      "position": "(0,12.25,0.75)",
      "hash": "33184771080BC2630:3319047D210BC3430",
      "properties": {
        "type": "Point",
        "intensity": 1.0,
        "range": 30.0,
        "colour": "#FFFFFF",
        "corona": {
          "sprite": "corona_white01.png",
          "scale": 1.0,
          "range": 100.0
        },
        "dutyCycle": "DuskTillDawn()"
      }
    },
    {
      "parent": "/Far__x12_z2/Far__x12_z2_LFS/Far_General/Ship Bollard Arrays/Ship Bollard Array 12/Ship_Bollard (47)/collider/%GROUP%_Mesh0180610001006B0E",
      "position": "(-0.75,12.25,0)",
      "hash": "33184771080BC2630:3318047D210BC3200",
      "properties": {
        "type": "Point",
        "intensity": 1.0,
        "range": 30.0,
        "colour": "#FFFFFF",
        "corona": {
          "sprite": "corona_white01.png",
          "scale": 1.0,
          "range": 100.0
        },
        "dutyCycle": "DuskTillDawn()"
      }
    },
    {
      "parent": "/Far__x12_z2/Far__x12_z2_LFS/Far_General/Ship Bollard Arrays/Ship Bollard Array 12/Ship_Bollard (47)/collider/%GROUP%_Mesh0180610001006B0E",
      "position": "(0,12.25,-0.75)",
      "hash": "33184771080BC2630:3318267D210BC2200",
      "properties": {
        "type": "Point",
        "intensity": 1.0,
        "range": 30.0,
        "colour": "#FFFFFF",
        "corona": {
          "sprite": "corona_white01.png",
          "scale": 1.0,
          "range": 100.0
        },
        "dutyCycle": "DuskTillDawn()"
      }
    },
    {
      "parent": "/Far__x12_z2/Far__x12_z2_LFS/Far_General/Ship Bollard Arrays/Ship Bollard Array 12/Ship_Bollard (47)/collider/%GROUP%_Mesh0180480001002F0C",
      "position": "(0.75,12.25,0)",
      "hash": "33315F71080BF92C0:33323F7D210BF90B0",
      "properties": {
        "type": "Point",
        "intensity": 1.0,
        "range": 30.0,
        "colour": "#FFFFFF",
        "corona": {
          "sprite": "corona_white01.png",
          "scale": 1.0,
          "range": 100.0
        },
        "dutyCycle": "DuskTillDawn()"
      }
    },
    {
      "parent": "/Far__x12_z2/Far__x12_z2_LFS/Far_General/Ship Bollard Arrays/Ship Bollard Array 12/Ship_Bollard (47)/collider/%GROUP%_Mesh0180480001002F0C",
      "position": "(0,12.25,0.75)",
      "hash": "33315F71080BF92C0:33321C7D210BFA0C0",
      "properties": {
        "type": "Point",
        "intensity": 1.0,
        "range": 30.0,
        "colour": "#FFFFFF",
        "corona": {
          "sprite": "corona_white01.png",
          "scale": 1.0,
          "range": 100.0
        },
        "dutyCycle": "DuskTillDawn()"
      }
    },
    {
      "parent": "/Far__x12_z2/Far__x12_z2_LFS/Far_General/Ship Bollard Arrays/Ship Bollard Array 12/Ship_Bollard (47)/collider/%GROUP%_Mesh0180480001002F0C",
      "position": "(-0.75,12.25,0)",
      "hash": "33315F71080BF92C0:33311C7D210BF94D0",
      "properties": {
        "type": "Point",
        "intensity": 1.0,
        "range": 30.0,
        "colour": "#FFFFFF",
        "corona": {
          "sprite": "corona_white01.png",
          "scale": 1.0,
          "range": 100.0
        },
        "dutyCycle": "DuskTillDawn()"
      }
    },
    {
      "parent": "/Far__x12_z2/Far__x12_z2_LFS/Far_General/Ship Bollard Arrays/Ship Bollard Array 12/Ship_Bollard (47)/collider/%GROUP%_Mesh0180480001002F0C",
      "position": "(0,12.25,-0.75)",
      "hash": "33315F71080BF92C0:33313E7D210BF84D0",
      "properties": {
        "type": "Point",
        "intensity": 1.0,
        "range": 30.0,
        "colour": "#FFFFFF",
        "corona": {
          "sprite": "corona_white01.png",
          "scale": 1.0,
          "range": 100.0
        },
        "dutyCycle": "DuskTillDawn()"
      }
    },
    {
      "parent": "/Far__x12_z2/Far__x12_z2_LFS/Far_General/Ship Bollard Arrays/Ship Bollard Array 12/Ship_Bollard (47)/collider/%GROUP%_Mesh01802B0001000C59",
      "position": "(0.75,12.25,0)",
      "hash": "334B1171080C2F5B0:334B557D210C2F3B0",
      "properties": {
        "type": "Point",
        "intensity": 1.0,
        "range": 30.0,
        "colour": "#FFFFFF",
        "corona": {
          "sprite": "corona_white01.png",
          "scale": 1.0,
          "range": 100.0
        },
        "dutyCycle": "DuskTillDawn()"
      }
    },
    {
      "parent": "/Far__x12_z2/Far__x12_z2_LFS/Far_General/Ship Bollard Arrays/Ship Bollard Array 12/Ship_Bollard (47)/collider/%GROUP%_Mesh01802B0001000C59",
      "position": "(0,12.25,0.75)",
      "hash": "334B1171080C2F5B0:334B317D210C303B0",
      "properties": {
        "type": "Point",
        "intensity": 1.0,
        "range": 30.0,
        "colour": "#FFFFFF",
        "corona": {
          "sprite": "corona_white01.png",
          "scale": 1.0,
          "range": 100.0
        },
        "dutyCycle": "DuskTillDawn()"
      }
    },
    {
      "parent": "/Far__x12_z2/Far__x12_z2_LFS/Far_General/Ship Bollard Arrays/Ship Bollard Array 12/Ship_Bollard (47)/collider/%GROUP%_Mesh01802B0001000C59",
      "position": "(-0.75,12.25,0)",
      "hash": "334B1171080C2F5B0:334A317D210C30160",
      "properties": {
        "type": "Point",
        "intensity": 1.0,
        "range": 30.0,
        "colour": "#FFFFFF",
        "corona": {
          "sprite": "corona_white01.png",
          "scale": 1.0,
          "range": 100.0
        },
        "dutyCycle": "DuskTillDawn()"
      }
    },
    {
      "parent": "/Far__x12_z2/Far__x12_z2_LFS/Far_General/Ship Bollard Arrays/Ship Bollard Array 12/Ship_Bollard (47)/collider/%GROUP%_Mesh01802B0001000C59",
      "position": "(0,12.25,-0.75)",
      "hash": "334B1171080C2F5B0:334A557D210C2F170",
      "properties": {
        "type": "Point",
        "intensity": 1.0,
        "range": 30.0,
        "colour": "#FFFFFF",
        "corona": {
          "sprite": "corona_white01.png",
          "scale": 1.0,
          "range": 100.0
        },
        "dutyCycle": "DuskTillDawn()"
      }
    },
    {
      "parent": "/Far__x12_z2/Far__x12_z2_LFS/Far_General/Ship Bollard Arrays/Ship Bollard Array 12/Ship_Bollard (47)/collider/%GROUP%_Mesh0180140001004858",
      "position": "(0.75,12.25,0)",
      "hash": "33642B71080C66210:33650B7D210C66010",
      "properties": {
        "type": "Point",
        "intensity": 1.0,
        "range": 30.0,
        "colour": "#FFFFFF",
        "corona": {
          "sprite": "corona_white01.png",
          "scale": 1.0,
          "range": 100.0
        },
        "dutyCycle": "DuskTillDawn()"
      }
    },
    {
      "parent": "/Far__x12_z2/Far__x12_z2_LFS/Far_General/Ship Bollard Arrays/Ship Bollard Array 12/Ship_Bollard (47)/collider/%GROUP%_Mesh0180140001004858",
      "position": "(0,12.25,0.75)",
      "hash": "33642B71080C66210:33644A7D210C67010",
      "properties": {
        "type": "Point",
        "intensity": 1.0,
        "range": 30.0,
        "colour": "#FFFFFF",
        "corona": {
          "sprite": "corona_white01.png",
          "scale": 1.0,
          "range": 100.0
        },
        "dutyCycle": "DuskTillDawn()"
      }
    },
    {
      "parent": "/Far__x12_z2/Far__x12_z2_LFS/Far_General/Ship Bollard Arrays/Ship Bollard Array 12/Ship_Bollard (47)/collider/%GROUP%_Mesh0180140001004858",
      "position": "(-0.75,12.25,0)",
      "hash": "33642B71080C66210:33634B7D210C66410",
      "properties": {
        "type": "Point",
        "intensity": 1.0,
        "range": 30.0,
        "colour": "#FFFFFF",
        "corona": {
          "sprite": "corona_white01.png",
          "scale": 1.0,
          "range": 100.0
        },
        "dutyCycle": "DuskTillDawn()"
      }
    },
    {
      "parent": "/Far__x12_z2/Far__x12_z2_LFS/Far_General/Ship Bollard Arrays/Ship Bollard Array 12/Ship_Bollard (47)/collider/%GROUP%_Mesh0180140001004858",
      "position": "(0,12.25,-0.75)",
      "hash": "33642B71080C66210:33640B7D210C65410",
      "properties": {
        "type": "Point",
        "intensity": 1.0,
        "range": 30.0,
        "colour": "#FFFFFF",
        "corona": {
          "sprite": "corona_white01.png",
          "scale": 1.0,
          "range": 100.0
        },
        "dutyCycle": "DuskTillDawn()"
      }
    },
    {
      "parent": "/Far__x12_z2/Far__x12_z2_LFS/Far_General/Ship Bollard Arrays/Ship Bollard Array 12/Ship_Bollard (47)/collider/%GROUP%_Mesh017F200001008E4E",
      "position": "(0.75,12.25,0)",
      "hash": "33811D71080CA5630:3381617D210CA5440",
      "properties": {
        "type": "Point",
        "intensity": 1.0,
        "range": 30.0,
        "colour": "#FFFFFF",
        "corona": {
          "sprite": "corona_white01.png",
          "scale": 1.0,
          "range": 100.0
        },
        "dutyCycle": "DuskTillDawn()"
      }
    },
    {
      "parent": "/Far__x12_z2/Far__x12_z2_LFS/Far_General/Ship Bollard Arrays/Ship Bollard Array 12/Ship_Bollard (47)/collider/%GROUP%_Mesh017F200001008E4E",
      "position": "(0,12.25,0.75)",
      "hash": "33811D71080CA5630:33813B7D210CA6430",
      "properties": {
        "type": "Point",
        "intensity": 1.0,
        "range": 30.0,
        "colour": "#FFFFFF",
        "corona": {
          "sprite": "corona_white01.png",
          "scale": 1.0,
          "range": 100.0
        },
        "dutyCycle": "DuskTillDawn()"
      }
    },
    {
      "parent": "/Far__x12_z2/Far__x12_z2_LFS/Far_General/Ship Bollard Arrays/Ship Bollard Array 12/Ship_Bollard (47)/collider/%GROUP%_Mesh017F200001008E4E",
      "position": "(-0.75,12.25,0)",
      "hash": "33811D71080CA5630:33803C7D210CA61D0",
      "properties": {
        "type": "Point",
        "intensity": 1.0,
        "range": 30.0,
        "colour": "#FFFFFF",
        "corona": {
          "sprite": "corona_white01.png",
          "scale": 1.0,
          "range": 100.0
        },
        "dutyCycle": "DuskTillDawn()"
      }
    },
    {
      "parent": "/Far__x12_z2/Far__x12_z2_LFS/Far_General/Ship Bollard Arrays/Ship Bollard Array 12/Ship_Bollard (47)/collider/%GROUP%_Mesh017F200001008E4E",
      "position": "(0,12.25,-0.75)",
      "hash": "33811D71080CA5630:3380627D210CA51E0",
      "properties": {
        "type": "Point",
        "intensity": 1.0,
        "range": 30.0,
        "colour": "#FFFFFF",
        "corona": {
          "sprite": "corona_white01.png",
          "scale": 1.0,
          "range": 100.0
        },
        "dutyCycle": "DuskTillDawn()"
      }
    },
    {
      "parent": "/Far__x12_z2/Far__x12_z2_LFS/Far_General/Ship Bollard Arrays/Ship Bollard Array 12/Ship_Bollard (47)/collider/%GROUP%_Mesh017F1E000100CA56",
      "position": "(0.75,12.25,0)",
      "hash": "339A4E71080CDC280:339B2C7D210CDC060",
      "properties": {
        "type": "Point",
        "intensity": 1.0,
        "range": 30.0,
        "colour": "#FFFFFF",
        "corona": {
          "sprite": "corona_white01.png",
          "scale": 1.0,
          "range": 100.0
        },
        "dutyCycle": "DuskTillDawn()"
      }
    },
    {
      "parent": "/Far__x12_z2/Far__x12_z2_LFS/Far_General/Ship Bollard Arrays/Ship Bollard Array 12/Ship_Bollard (47)/collider/%GROUP%_Mesh017F1E000100CA56",
      "position": "(0,12.25,0.75)",
      "hash": "339A4E71080CDC280:339B0C7D210CDD060",
      "properties": {
        "type": "Point",
        "intensity": 1.0,
        "range": 30.0,
        "colour": "#FFFFFF",
        "corona": {
          "sprite": "corona_white01.png",
          "scale": 1.0,
          "range": 100.0
        },
        "dutyCycle": "DuskTillDawn()"
      }
    },
    {
      "parent": "/Far__x12_z2/Far__x12_z2_LFS/Far_General/Ship Bollard Arrays/Ship Bollard Array 12/Ship_Bollard (47)/collider/%GROUP%_Mesh017F1E000100CA56",
      "position": "(-0.75,12.25,0)",
      "hash": "339A4E71080CDC280:339A0B7D210CDC4A0",
      "properties": {
        "type": "Point",
        "intensity": 1.0,
        "range": 30.0,
        "colour": "#FFFFFF",
        "corona": {
          "sprite": "corona_white01.png",
          "scale": 1.0,
          "range": 100.0
        },
        "dutyCycle": "DuskTillDawn()"
      }
    },
    {
      "parent": "/Far__x12_z2/Far__x12_z2_LFS/Far_General/Ship Bollard Arrays/Ship Bollard Array 12/Ship_Bollard (47)/collider/%GROUP%_Mesh017F1E000100CA56",
      "position": "(0,12.25,-0.75)",
      "hash": "339A4E71080CDC280:339A2B7D210CDB490",
      "properties": {
        "type": "Point",
        "intensity": 1.0,
        "range": 30.0,
        "colour": "#FFFFFF",
        "corona": {
          "sprite": "corona_white01.png",
          "scale": 1.0,
          "range": 100.0
        },
        "dutyCycle": "DuskTillDawn()"
      }
    },
    {
      "parent": "/Far__x12_z2/Far__x12_z2_LFS/Far_General/Ship Bollard Arrays/Ship Bollard Array 12/Ship_Bollard (47)/collider",
      "position": "(383.424866,-0.187301636,262.865662)",
      "hash": "31E93D71060CC7280:33B42370580D12440",
      "properties": {
        "type": "Point",
        "intensity": 0.5,
        "range": 5.0,
        "colour": "#00FF00",
        "corona": null,
        "dutyCycle": null
      }
    },
    {
      "parent": "/Far__x12_z2/Far__x12_z2_LFS/Far_General/Ship Bollard Arrays/Ship Bollard Array 12/Ship_Bollard (47)/collider/%GROUP%_Mesh017F400001010704",
      "position": "(0.75,12.25,0)",
      "hash": "33B43F71080D124B0:33B51D7D210D12290",
      "properties": {
        "type": "Point",
        "intensity": 1.0,
        "range": 30.0,
        "colour": "#FFFFFF",
        "corona": {
          "sprite": "corona_white01.png",
          "scale": 1.0,
          "range": 100.0
        },
        "dutyCycle": "DuskTillDawn()"
      }
    },
    {
      "parent": "/Far__x12_z2/Far__x12_z2_LFS/Far_General/Ship Bollard Arrays/Ship Bollard Array 12/Ship_Bollard (47)/collider/%GROUP%_Mesh017F400001010704",
      "position": "(0,12.25,0.75)",
      "hash": "33B43F71080D124B0:33B4617D210D132A0",
      "properties": {
        "type": "Point",
        "intensity": 1.0,
        "range": 30.0,
        "colour": "#FFFFFF",
        "corona": {
          "sprite": "corona_white01.png",
          "scale": 1.0,
          "range": 100.0
        },
        "dutyCycle": "DuskTillDawn()"
      }
    },
    {
      "parent": "/Far__x12_z2/Far__x12_z2_LFS/Far_General/Ship Bollard Arrays/Ship Bollard Array 12/Ship_Bollard (47)/collider/%GROUP%_Mesh017F400001010704",
      "position": "(-0.75,12.25,0)",
      "hash": "33B43F71080D124B0:33B3607D210D13090",
      "properties": {
        "type": "Point",
        "intensity": 1.0,
        "range": 30.0,
        "colour": "#FFFFFF",
        "corona": {
          "sprite": "corona_white01.png",
          "scale": 1.0,
          "range": 100.0
        },
        "dutyCycle": "DuskTillDawn()"
      }
    },
    {
      "parent": "/Far__x12_z2/Far__x12_z2_LFS/Far_General/Ship Bollard Arrays/Ship Bollard Array 12/Ship_Bollard (47)/collider/%GROUP%_Mesh017F400001010704",
      "position": "(0,12.25,-0.75)",
      "hash": "33B43F71080D124B0:33B41D7D210D12080",
      "properties": {
        "type": "Point",
        "intensity": 1.0,
        "range": 30.0,
        "colour": "#FFFFFF",
        "corona": {
          "sprite": "corona_white01.png",
          "scale": 1.0,
          "range": 100.0
        },
        "dutyCycle": "DuskTillDawn()"
      }
    },
    {
      "parent": "/Far__x12_z2/Far__x12_z2_LFS/Far_Cargo Bay/SilosCranes (1)/Portal_Crane (1)/collider (1)/%GROUP%_Mesh0000010F3500034E",
      "position": "(0,1.245,-0.188)",
      "rotation": "(0,0.8439303,0,0.5364529)",
      "hash": "33050A803C0BDB110:33061780290BDA400",
      "properties": {
        "type": "Point",
        "intensity": 1.0,
        "range": 30.0,
        "colour": "#FFFFFF",
        "corona": {
          "sprite": "corona_white01.png",
          "scale": 1.0,
          "range": 100.0
        },
        "dutyCycle": "DuskTillDawn()"
      }
    },
    {
      "parent": "/Far__x12_z2/Far__x12_z2_LFS/Far_Cargo Bay/SilosCranes (1)/Portal_Crane (1)/collider (1)/%GROUP%_Mesh0000010F3500034E",
      "position": "(-0.705,0.867,-0.153)",
      "rotation": "(0,0.8439303,0,0.5364529)",
      "hash": "33050A803C0BDB110:33053B802C0BDA100",
      "properties": {
        "type": "Point",
        "intensity": 1.0,
        "range": 30.0,
        "colour": "#FFFFFF",
        "corona": {
          "sprite": "corona_white01.png",
          "scale": 1.0,
          "range": 100.0
        },
        "dutyCycle": "DuskTillDawn()"
      }
    },
    {
      "parent": "/Far__x12_z2/Far__x12_z2_LFS/Far_Cargo Bay/SilosCranes (1)/Portal_Crane (1)/collider (1)/%GROUP%_Mesh0000010F3500034E",
      "position": "(0.705,0.867,-0.153)",
      "rotation": "(0,0.8439303,0,0.5364529)",
      "hash": "33050A803C0BDB110:330613802C0BDB2C0",
      "properties": {
        "type": "Point",
        "intensity": 1.0,
        "range": 30.0,
        "colour": "#FFFFFF",
        "corona": {
          "sprite": "corona_white01.png",
          "scale": 1.0,
          "range": 100.0
        },
        "dutyCycle": "DuskTillDawn()"
      }
    },
    {
      "parent": "/Far__x12_z2/Far__x12_z2_LFS/Far_Cargo Bay/SilosCranes (1)/Portal_Crane/collider (1)/%GROUP%_Mesh0000010F3900034E",
      "position": "(0,1.245,-0.188)",
      "rotation": "(0,0.8439303,0,0.5364529)",
      "hash": "32D12980400B6C580:32D236802D0B6C240",
      "properties": {
        "type": "Point",
        "intensity": 1.0,
        "range": 30.0,
        "colour": "#FFFFFF",
        "corona": {
          "sprite": "corona_white01.png",
          "scale": 1.0,
          "range": 100.0
        },
        "dutyCycle": "DuskTillDawn()"
      }
    },
    {
      "parent": "/Far__x12_z2/Far__x12_z2_LFS/Far_Cargo Bay/SilosCranes (1)/Portal_Crane/collider (1)/%GROUP%_Mesh0000010F3900034E",
      "position": "(-0.705,0.867,-0.153)",
      "rotation": "(0,0.8439303,0,0.5364529)",
      "hash": "32D12980400B6C580:32D15980300B6B580",
      "properties": {
        "type": "Point",
        "intensity": 1.0,
        "range": 30.0,
        "colour": "#FFFFFF",
        "corona": {
          "sprite": "corona_white01.png",
          "scale": 1.0,
          "range": 100.0
        },
        "dutyCycle": "DuskTillDawn()"
      }
    },
    {
      "parent": "/Far__x12_z2/Far__x12_z2_LFS/Far_Cargo Bay/SilosCranes (1)/Portal_Crane/collider (1)/%GROUP%_Mesh0000010F3900034E",
      "position": "(0.705,0.867,-0.153)",
      "rotation": "(0,0.8439303,0,0.5364529)",
      "hash": "32D12980400B6C580:32D23180300B6D0F0",
      "properties": {
        "type": "Point",
        "intensity": 1.0,
        "range": 30.0,
        "colour": "#FFFFFF",
        "corona": {
          "sprite": "corona_white01.png",
          "scale": 1.0,
          "range": 100.0
        },
        "dutyCycle": "DuskTillDawn()"
      }
    },
    {
      "parent": "/Far__x12_z2/Far__x12_z2_LFS/Far_Cargo Bay/SilosCranes (1)/Portal_Crane (5)/collider (1)/%GROUP%_Mesh0000000F3C00034E",
      "position": "(0,1.245,-0.188)",
      "rotation": "(0,0.8439303,0,0.5364529)",
      "hash": "333F2480430C572C0:33403080300C565B0",
      "properties": {
        "type": "Point",
        "intensity": 1.0,
        "range": 30.0,
        "colour": "#FFFFFF",
        "corona": {
          "sprite": "corona_white01.png",
          "scale": 1.0,
          "range": 100.0
        },
        "dutyCycle": "DuskTillDawn()"
      }
    },
    {
      "parent": "/Far__x12_z2/Far__x12_z2_LFS/Far_Cargo Bay/SilosCranes (1)/Portal_Crane (5)/collider (1)/%GROUP%_Mesh0000000F3C00034E",
      "position": "(-0.705,0.867,-0.153)",
      "rotation": "(0,0.8439303,0,0.5364529)",
      "hash": "333F2480430C572C0:333F5480340C562B0",
      "properties": {
        "type": "Point",
        "intensity": 1.0,
        "range": 30.0,
        "colour": "#FFFFFF",
        "corona": {
          "sprite": "corona_white01.png",
          "scale": 1.0,
          "range": 100.0
        },
        "dutyCycle": "DuskTillDawn()"
      }
    },
    {
      "parent": "/Far__x12_z2/Far__x12_z2_LFS/Far_Cargo Bay/SilosCranes (1)/Portal_Crane (5)/collider (1)/%GROUP%_Mesh0000000F3C00034E",
      "position": "(0.705,0.867,-0.153)",
      "rotation": "(0,0.8439303,0,0.5364529)",
      "hash": "333F2480430C572C0:33402C80340C57470",
      "properties": {
        "type": "Point",
        "intensity": 1.0,
        "range": 30.0,
        "colour": "#FFFFFF",
        "corona": {
          "sprite": "corona_white01.png",
          "scale": 1.0,
          "range": 100.0
        },
        "dutyCycle": "DuskTillDawn()"
      }
    },
    {
      "parent": "/Far__x12_z2/Far__x12_z2_LFS/Far_Cargo Bay/SilosCranes (1)/Portal_Crane (3)/collider (1)/%GROUP%_Mesh0000000F3900034E",
      "position": "(0,1.245,-0.188)",
      "rotation": "(0,0.8439303,0,0.5364529)",
      "hash": "33743880400CC85D0:337544802D0CC8280",
      "properties": {
        "type": "Point",
        "intensity": 1.0,
        "range": 30.0,
        "colour": "#FFFFFF",
        "corona": {
          "sprite": "corona_white01.png",
          "scale": 1.0,
          "range": 100.0
        },
        "dutyCycle": "DuskTillDawn()"
      }
    },
    {
      "parent": "/Far__x12_z2/Far__x12_z2_LFS/Far_Cargo Bay/SilosCranes (1)/Portal_Crane (3)/collider (1)/%GROUP%_Mesh0000000F3900034E",
      "position": "(-0.705,0.867,-0.153)",
      "rotation": "(0,0.8439303,0,0.5364529)",
      "hash": "33743880400CC85D0:33750480300CC75D0",
      "properties": {
        "type": "Point",
        "intensity": 1.0,
        "range": 30.0,
        "colour": "#FFFFFF",
        "corona": {
          "sprite": "corona_white01.png",
          "scale": 1.0,
          "range": 100.0
        },
        "dutyCycle": "DuskTillDawn()"
      }
    },
    {
      "parent": "/Far__x12_z2/Far__x12_z2_LFS/Far_Cargo Bay/SilosCranes (1)/Portal_Crane (3)/collider (1)/%GROUP%_Mesh0000000F3900034E",
      "position": "(0.705,0.867,-0.153)",
      "rotation": "(0,0.8439303,0,0.5364529)",
      "hash": "33743880400CC85D0:33754080300CC9140",
      "properties": {
        "type": "Point",
        "intensity": 1.0,
        "range": 30.0,
        "colour": "#FFFFFF",
        "corona": {
          "sprite": "corona_white01.png",
          "scale": 1.0,
          "range": 100.0
        },
        "dutyCycle": "DuskTillDawn()"
      }
    },
    {
      "parent": "/Far__x12_z2/Far__x12_z2_LFS/Far_Cargo Bay/IndustryBuildings (1)/Factory_FlatLarge/collider/%GROUP%_Mesh0000600A3600280A",
      "position": "(0,1.245,-0.188)",
      "rotation": "(0,-0.536452949,0,0.843930244)",
      "hash": "33BD0779420CD7370:33BB5F792F0CD8070",
      "properties": {
        "type": "Point",
        "intensity": 1.0,
        "range": 30.0,
        "colour": "#FFFFFF",
        "corona": {
          "sprite": "corona_white01.png",
          "scale": 1.0,
          "range": 100.0
        },
        "dutyCycle": "DuskTillDawn()"
      }
    },
    {
      "parent": "/Far__x12_z2/Far__x12_z2_LFS/Far_Cargo Bay/IndustryBuildings (1)/Factory_FlatLarge/collider/%GROUP%_Mesh0000600A3600280A",
      "position": "(-0.705,0.867,-0.153)",
      "rotation": "(0,-0.536452949,0,0.843930244)",
      "hash": "33BD0779420CD7370:33BC3B79330CD8370",
      "properties": {
        "type": "Point",
        "intensity": 1.0,
        "range": 30.0,
        "colour": "#FFFFFF",
        "corona": {
          "sprite": "corona_white01.png",
          "scale": 1.0,
          "range": 100.0
        },
        "dutyCycle": "DuskTillDawn()"
      }
    },
    {
      "parent": "/Far__x12_z2/Far__x12_z2_LFS/Far_Cargo Bay/IndustryBuildings (1)/Factory_FlatLarge/collider/%GROUP%_Mesh0000600A3600280A",
      "position": "(0.705,0.867,-0.153)",
      "rotation": "(0,-0.536452949,0,0.843930244)",
      "hash": "33BD0779420CD7370:33BB6379330CD71B0",
      "properties": {
        "type": "Point",
        "intensity": 1.0,
        "range": 30.0,
        "colour": "#FFFFFF",
        "corona": {
          "sprite": "corona_white01.png",
          "scale": 1.0,
          "range": 100.0
        },
        "dutyCycle": "DuskTillDawn()"
      }
    },
    {
      "parent": "/Far__x12_z2/Far__x12_z2_LFS/Far_General/Ship Bollard Arrays/Ship Bollard Array 12/Ship_Bollard (47)/collider/%GROUP%_Mesh014A050001010663",
      "position": "(0.75,12.25,0)",
      "hash": "33840871080D292C0:3383287D210D294D0",
      "properties": {
        "type": "Point",
        "intensity": 1.0,
        "range": 30.0,
        "colour": "#FFFFFF",
        "corona": {
          "sprite": "corona_white01.png",
          "scale": 1.0,
          "range": 100.0
        },
        "dutyCycle": "DuskTillDawn()"
      }
    },
    {
      "parent": "/Far__x12_z2/Far__x12_z2_LFS/Far_General/Ship Bollard Arrays/Ship Bollard Array 12/Ship_Bollard (47)/collider/%GROUP%_Mesh014A050001010663",
      "position": "(0,12.25,0.75)",
      "hash": "33840871080D292C0:33834B7D210D284D0",
      "properties": {
        "type": "Point",
        "intensity": 1.0,
        "range": 30.0,
        "colour": "#FFFFFF",
        "corona": {
          "sprite": "corona_white01.png",
          "scale": 1.0,
          "range": 100.0
        },
        "dutyCycle": "DuskTillDawn()"
      }
    },
    {
      "parent": "/Far__x12_z2/Far__x12_z2_LFS/Far_General/Ship Bollard Arrays/Ship Bollard Array 12/Ship_Bollard (47)/collider/%GROUP%_Mesh014A050001010663",
      "position": "(-0.75,12.25,0)",
      "hash": "33840871080D292C0:33844B7D210D290B0",
      "properties": {
        "type": "Point",
        "intensity": 1.0,
        "range": 30.0,
        "colour": "#FFFFFF",
        "corona": {
          "sprite": "corona_white01.png",
          "scale": 1.0,
          "range": 100.0
        },
        "dutyCycle": "DuskTillDawn()"
      }
    },
    {
      "parent": "/Far__x12_z2/Far__x12_z2_LFS/Far_General/Ship Bollard Arrays/Ship Bollard Array 12/Ship_Bollard (47)/collider/%GROUP%_Mesh014A050001010663",
      "position": "(0,12.25,-0.75)",
      "hash": "33840871080D292C0:3384287D210D2A0C0",
      "properties": {
        "type": "Point",
        "intensity": 1.0,
        "range": 30.0,
        "colour": "#FFFFFF",
        "corona": {
          "sprite": "corona_white01.png",
          "scale": 1.0,
          "range": 100.0
        },
        "dutyCycle": "DuskTillDawn()"
      }
    },
    {
      "parent": "/Far__x12_z2/Far__x12_z2_LFS/Far_General/Ship Bollard Arrays/Ship Bollard Array 12/Ship_Bollard (47)/collider/%GROUP%_Mesh014A37000100CB03",
      "position": "(0.75,12.25,0)",
      "hash": "336B0971080CF25E0:336A297D210CF31B0",
      "properties": {
        "type": "Point",
        "intensity": 1.0,
        "range": 30.0,
        "colour": "#FFFFFF",
        "corona": {
          "sprite": "corona_white01.png",
          "scale": 1.0,
          "range": 100.0
        },
        "dutyCycle": "DuskTillDawn()"
      }
    },
    {
      "parent": "/Far__x12_z2/Far__x12_z2_LFS/Far_General/Ship Bollard Arrays/Ship Bollard Array 12/Ship_Bollard (47)/collider/%GROUP%_Mesh014A37000100CB03",
      "position": "(0,12.25,0.75)",
      "hash": "336B0971080CF25E0:336A4C7D210CF21B0",
      "properties": {
        "type": "Point",
        "intensity": 1.0,
        "range": 30.0,
        "colour": "#FFFFFF",
        "corona": {
          "sprite": "corona_white01.png",
          "scale": 1.0,
          "range": 100.0
        },
        "dutyCycle": "DuskTillDawn()"
      }
    },
    {
      "parent": "/Far__x12_z2/Far__x12_z2_LFS/Far_General/Ship Bollard Arrays/Ship Bollard Array 12/Ship_Bollard (47)/collider/%GROUP%_Mesh014A37000100CB03",
      "position": "(-0.75,12.25,0)",
      "hash": "336B0971080CF25E0:336B4C7D210CF23D0",
      "properties": {
        "type": "Point",
        "intensity": 1.0,
        "range": 30.0,
        "colour": "#FFFFFF",
        "corona": {
          "sprite": "corona_white01.png",
          "scale": 1.0,
          "range": 100.0
        },
        "dutyCycle": "DuskTillDawn()"
      }
    },
    {
      "parent": "/Far__x12_z2/Far__x12_z2_LFS/Far_General/Ship Bollard Arrays/Ship Bollard Array 12/Ship_Bollard (47)/collider/%GROUP%_Mesh014A37000100CB03",
      "position": "(0,12.25,-0.75)",
      "hash": "336B0971080CF25E0:336B297D210CF33D0",
      "properties": {
        "type": "Point",
        "intensity": 1.0,
        "range": 30.0,
        "colour": "#FFFFFF",
        "corona": {
          "sprite": "corona_white01.png",
          "scale": 1.0,
          "range": 100.0
        },
        "dutyCycle": "DuskTillDawn()"
      }
    },
    {
      "parent": "/Far__x12_z2/Far__x12_z2_LFS/Far_General/Ship Bollard Arrays/Ship Bollard Array 12/Ship_Bollard (47)/collider/%GROUP%_Mesh014B040001008F06",
      "position": "(0.75,12.25,0)",
      "hash": "33520871080CBC2C0:33512A7D210CBC4F0",
      "properties": {
        "type": "Point",
        "intensity": 1.0,
        "range": 30.0,
        "colour": "#FFFFFF",
        "corona": {
          "sprite": "corona_white01.png",
          "scale": 1.0,
          "range": 100.0
        },
        "dutyCycle": "DuskTillDawn()"
      }
    },
    {
      "parent": "/Far__x12_z2/Far__x12_z2_LFS/Far_General/Ship Bollard Arrays/Ship Bollard Array 12/Ship_Bollard (47)/collider/%GROUP%_Mesh014B040001008F06",
      "position": "(0,12.25,0.75)",
      "hash": "33520871080CBC2C0:3351497D210CBB4D0",
      "properties": {
        "type": "Point",
        "intensity": 1.0,
        "range": 30.0,
        "colour": "#FFFFFF",
        "corona": {
          "sprite": "corona_white01.png",
          "scale": 1.0,
          "range": 100.0
        },
        "dutyCycle": "DuskTillDawn()"
      }
    },
    {
      "parent": "/Far__x12_z2/Far__x12_z2_LFS/Far_General/Ship Bollard Arrays/Ship Bollard Array 12/Ship_Bollard (47)/collider/%GROUP%_Mesh014B040001008F06",
      "position": "(-0.75,12.25,0)",
      "hash": "33520871080CBC2C0:33524A7D210CBC080",
      "properties": {
        "type": "Point",
        "intensity": 1.0,
        "range": 30.0,
        "colour": "#FFFFFF",
        "corona": {
          "sprite": "corona_white01.png",
          "scale": 1.0,
          "range": 100.0
        },
        "dutyCycle": "DuskTillDawn()"
      }
    },
    {
      "parent": "/Far__x12_z2/Far__x12_z2_LFS/Far_General/Ship Bollard Arrays/Ship Bollard Array 12/Ship_Bollard (47)/collider/%GROUP%_Mesh014B040001008F06",
      "position": "(0,12.25,-0.75)",
      "hash": "33520871080CBC2C0:33522B7D210CBD0A0",
      "properties": {
        "type": "Point",
        "intensity": 1.0,
        "range": 30.0,
        "colour": "#FFFFFF",
        "corona": {
          "sprite": "corona_white01.png",
          "scale": 1.0,
          "range": 100.0
        },
        "dutyCycle": "DuskTillDawn()"
      }
    },
    {
      "parent": "/Far__x12_z2/Far__x12_z2_LFS/Far_General/Ship Bollard Arrays/Ship Bollard Array 12/Ship_Bollard (47)/collider/%GROUP%_Mesh014A3A0001004908",
      "position": "(0.75,12.25,0)",
      "hash": "33336071080C7D1A0:33331C7D210C7D3B0",
      "properties": {
        "type": "Point",
        "intensity": 1.0,
        "range": 30.0,
        "colour": "#FFFFFF",
        "corona": {
          "sprite": "corona_white01.png",
          "scale": 1.0,
          "range": 100.0
        },
        "dutyCycle": "DuskTillDawn()"
      }
    },
    {
      "parent": "/Far__x12_z2/Far__x12_z2_LFS/Far_General/Ship Bollard Arrays/Ship Bollard Array 12/Ship_Bollard (47)/collider/%GROUP%_Mesh014A3A0001004908",
      "position": "(0,12.25,0.75)",
      "hash": "33336071080C7D1A0:33333F7D210C7C3B0",
      "properties": {
        "type": "Point",
        "intensity": 1.0,
        "range": 30.0,
        "colour": "#FFFFFF",
        "corona": {
          "sprite": "corona_white01.png",
          "scale": 1.0,
          "range": 100.0
        },
        "dutyCycle": "DuskTillDawn()"
      }
    },
    {
      "parent": "/Far__x12_z2/Far__x12_z2_LFS/Far_General/Ship Bollard Arrays/Ship Bollard Array 12/Ship_Bollard (47)/collider/%GROUP%_Mesh014A3A0001004908",
      "position": "(-0.75,12.25,0)",
      "hash": "33336071080C7D1A0:33343F7D210C7C5E0",
      "properties": {
        "type": "Point",
        "intensity": 1.0,
        "range": 30.0,
        "colour": "#FFFFFF",
        "corona": {
          "sprite": "corona_white01.png",
          "scale": 1.0,
          "range": 100.0
        },
        "dutyCycle": "DuskTillDawn()"
      }
    },
    {
      "parent": "/Far__x12_z2/Far__x12_z2_LFS/Far_General/Ship Bollard Arrays/Ship Bollard Array 12/Ship_Bollard (47)/collider/%GROUP%_Mesh014A3A0001004908",
      "position": "(0,12.25,-0.75)",
      "hash": "33336071080C7D1A0:33341D7D210C7D5E0",
      "properties": {
        "type": "Point",
        "intensity": 1.0,
        "range": 30.0,
        "colour": "#FFFFFF",
        "corona": {
          "sprite": "corona_white01.png",
          "scale": 1.0,
          "range": 100.0
        },
        "dutyCycle": "DuskTillDawn()"
      }
    },
    {
      "parent": "/Far__x12_z2/Far__x12_z2_LFS/Far_General/Ship Bollard Arrays/Ship Bollard Array 12/Ship_Bollard (47)/collider/%GROUP%_Mesh014A5D0001000D03",
      "position": "(0.75,12.25,0)",
      "hash": "331A4E71080C464A0:331A0A7D210C47060",
      "properties": {
        "type": "Point",
        "intensity": 1.0,
        "range": 30.0,
        "colour": "#FFFFFF",
        "corona": {
          "sprite": "corona_white01.png",
          "scale": 1.0,
          "range": 100.0
        },
        "dutyCycle": "DuskTillDawn()"
      }
    },
    {
      "parent": "/Far__x12_z2/Far__x12_z2_LFS/Far_General/Ship Bollard Arrays/Ship Bollard Array 12/Ship_Bollard (47)/collider/%GROUP%_Mesh014A5D0001000D03",
      "position": "(0,12.25,0.75)",
      "hash": "331A4E71080C464A0:331A2E7D210C46060",
      "properties": {
        "type": "Point",
        "intensity": 1.0,
        "range": 30.0,
        "colour": "#FFFFFF",
        "corona": {
          "sprite": "corona_white01.png",
          "scale": 1.0,
          "range": 100.0
        },
        "dutyCycle": "DuskTillDawn()"
      }
    },
    {
      "parent": "/Far__x12_z2/Far__x12_z2_LFS/Far_General/Ship Bollard Arrays/Ship Bollard Array 12/Ship_Bollard (47)/collider/%GROUP%_Mesh014A5D0001000D03",
      "position": "(-0.75,12.25,0)",
      "hash": "331A4E71080C464A0:331B2E7D210C462A0",
      "properties": {
        "type": "Point",
        "intensity": 1.0,
        "range": 30.0,
        "colour": "#FFFFFF",
        "corona": {
          "sprite": "corona_white01.png",
          "scale": 1.0,
          "range": 100.0
        },
        "dutyCycle": "DuskTillDawn()"
      }
    },
    {
      "parent": "/Far__x12_z2/Far__x12_z2_LFS/Far_General/Ship Bollard Arrays/Ship Bollard Array 12/Ship_Bollard (47)/collider/%GROUP%_Mesh014A5D0001000D03",
      "position": "(0,12.25,-0.75)",
      "hash": "331A4E71080C464A0:331B0A7D210C472A0",
      "properties": {
        "type": "Point",
        "intensity": 1.0,
        "range": 30.0,
        "colour": "#FFFFFF",
        "corona": {
          "sprite": "corona_white01.png",
          "scale": 1.0,
          "range": 100.0
        },
        "dutyCycle": "DuskTillDawn()"
      }
    },
    {
      "parent": "/Far__x12_z2/Far__x12_z2_LFS/Far_General/Ship Bollard Arrays/Ship Bollard Array 12/Ship_Bollard (47)/collider/%GROUP%_Mesh014B160001002E5B",
      "position": "(0.75,12.25,0)",
      "hash": "33013C71080C10220:33005D7D210C10430",
      "properties": {
        "type": "Point",
        "intensity": 1.0,
        "range": 30.0,
        "colour": "#FFFFFF",
        "corona": {
          "sprite": "corona_white01.png",
          "scale": 1.0,
          "range": 100.0
        },
        "dutyCycle": "DuskTillDawn()"
      }
    },
    {
      "parent": "/Far__x12_z2/Far__x12_z2_LFS/Far_General/Ship Bollard Arrays/Ship Bollard Array 12/Ship_Bollard (47)/collider/%GROUP%_Mesh014B160001002E5B",
      "position": "(0,12.25,0.75)",
      "hash": "33013C71080C10220:33011C7D210C0F420",
      "properties": {
        "type": "Point",
        "intensity": 1.0,
        "range": 30.0,
        "colour": "#FFFFFF",
        "corona": {
          "sprite": "corona_white01.png",
          "scale": 1.0,
          "range": 100.0
        },
        "dutyCycle": "DuskTillDawn()"
      }
    },
    {
      "parent": "/Far__x12_z2/Far__x12_z2_LFS/Far_General/Ship Bollard Arrays/Ship Bollard Array 12/Ship_Bollard (47)/collider/%GROUP%_Mesh014B160001002E5B",
      "position": "(-0.75,12.25,0)",
      "hash": "33013C71080C10220:33021C7D210C10010",
      "properties": {
        "type": "Point",
        "intensity": 1.0,
        "range": 30.0,
        "colour": "#FFFFFF",
        "corona": {
          "sprite": "corona_white01.png",
          "scale": 1.0,
          "range": 100.0
        },
        "dutyCycle": "DuskTillDawn()"
      }
    },
    {
      "parent": "/Far__x12_z2/Far__x12_z2_LFS/Far_General/Ship Bollard Arrays/Ship Bollard Array 12/Ship_Bollard (47)/collider/%GROUP%_Mesh014B160001002E5B",
      "position": "(0,12.25,-0.75)",
      "hash": "33013C71080C10220:33015D7D210C11010",
      "properties": {
        "type": "Point",
        "intensity": 1.0,
        "range": 30.0,
        "colour": "#FFFFFF",
        "corona": {
          "sprite": "corona_white01.png",
          "scale": 1.0,
          "range": 100.0
        },
        "dutyCycle": "DuskTillDawn()"
      }
    },
    {
      "parent": "/Far__x12_z2/Far__x12_z2_LFS/Far_General/Ship Bollard Arrays/Ship Bollard Array 12/Ship_Bollard (47)/collider/%GROUP%_Mesh014B090001006A57",
      "position": "(0.75,12.25,0)",
      "hash": "32E80371080BDA0A0:32E7257D210BDA2C0",
      "properties": {
        "type": "Point",
        "intensity": 1.0,
        "range": 30.0,
        "colour": "#FFFFFF",
        "corona": {
          "sprite": "corona_white01.png",
          "scale": 1.0,
          "range": 100.0
        },
        "dutyCycle": "DuskTillDawn()"
      }
    },
    {
      "parent": "/Far__x12_z2/Far__x12_z2_LFS/Far_General/Ship Bollard Arrays/Ship Bollard Array 12/Ship_Bollard (47)/collider/%GROUP%_Mesh014B090001006A57",
      "position": "(0,12.25,0.75)",
      "hash": "32E80371080BDA0A0:32E7457D210BD92B0",
      "properties": {
        "type": "Point",
        "intensity": 1.0,
        "range": 30.0,
        "colour": "#FFFFFF",
        "corona": {
          "sprite": "corona_white01.png",
          "scale": 1.0,
          "range": 100.0
        },
        "dutyCycle": "DuskTillDawn()"
      }
    },
    {
      "parent": "/Far__x12_z2/Far__x12_z2_LFS/Far_General/Ship Bollard Arrays/Ship Bollard Array 12/Ship_Bollard (47)/collider/%GROUP%_Mesh014B090001006A57",
      "position": "(-0.75,12.25,0)",
      "hash": "32E80371080BDA0A0:32E8467D210BD94C0",
      "properties": {
        "type": "Point",
        "intensity": 1.0,
        "range": 30.0,
        "colour": "#FFFFFF",
        "corona": {
          "sprite": "corona_white01.png",
          "scale": 1.0,
          "range": 100.0
        },
        "dutyCycle": "DuskTillDawn()"
      }
    },
    {
      "parent": "/Far__x12_z2/Far__x12_z2_LFS/Far_General/Ship Bollard Arrays/Ship Bollard Array 12/Ship_Bollard (47)/collider/%GROUP%_Mesh014B090001006A57",
      "position": "(0,12.25,-0.75)",
      "hash": "32E80371080BDA0A0:32E8257D210BDA4D0",
      "properties": {
        "type": "Point",
        "intensity": 1.0,
        "range": 30.0,
        "colour": "#FFFFFF",
        "corona": {
          "sprite": "corona_white01.png",
          "scale": 1.0,
          "range": 100.0
        },
        "dutyCycle": "DuskTillDawn()"
      }
    },
    {
      "parent": "/Far__x12_z2/Far__x12_z2_LFS/Far_General/Ship Bollard Arrays/Ship Bollard Array 12/Ship_Bollard (47)/collider/%GROUP%_Mesh014A59000100ED04",
      "position": "(0.75,12.25,0)",
      "hash": "32B03C71080B64210:32AF5D7D210B64430",
      "properties": {
        "type": "Point",
        "intensity": 1.0,
        "range": 30.0,
        "colour": "#FFFFFF",
        "corona": {
          "sprite": "corona_white01.png",
          "scale": 1.0,
          "range": 100.0
        },
        "dutyCycle": "DuskTillDawn()"
      }
    },
    {
      "parent": "/Far__x12_z2/Far__x12_z2_LFS/Far_General/Ship Bollard Arrays/Ship Bollard Array 12/Ship_Bollard (47)/collider/%GROUP%_Mesh014A59000100ED04",
      "position": "(0,12.25,0.75)",
      "hash": "32B03C71080B64210:32B01A7D210B63420",
      "properties": {
        "type": "Point",
        "intensity": 1.0,
        "range": 30.0,
        "colour": "#FFFFFF",
        "corona": {
          "sprite": "corona_white01.png",
          "scale": 1.0,
          "range": 100.0
        },
        "dutyCycle": "DuskTillDawn()"
      }
    },
    {
      "parent": "/Far__x12_z2/Far__x12_z2_LFS/Far_General/Ship Bollard Arrays/Ship Bollard Array 12/Ship_Bollard (47)/collider/%GROUP%_Mesh014A59000100ED04",
      "position": "(-0.75,12.25,0)",
      "hash": "32B03C71080B64210:32B11B7D210B63630",
      "properties": {
        "type": "Point",
        "intensity": 1.0,
        "range": 30.0,
        "colour": "#FFFFFF",
        "corona": {
          "sprite": "corona_white01.png",
          "scale": 1.0,
          "range": 100.0
        },
        "dutyCycle": "DuskTillDawn()"
      }
    },
    {
      "parent": "/Far__x12_z2/Far__x12_z2_LFS/Far_General/Ship Bollard Arrays/Ship Bollard Array 12/Ship_Bollard (47)/collider/%GROUP%_Mesh014A59000100ED04",
      "position": "(0,12.25,-0.75)",
      "hash": "32B03C71080B64210:32B05E7D210B65000",
      "properties": {
        "type": "Point",
        "intensity": 1.0,
        "range": 30.0,
        "colour": "#FFFFFF",
        "corona": {
          "sprite": "corona_white01.png",
          "scale": 1.0,
          "range": 100.0
        },
        "dutyCycle": "DuskTillDawn()"
      }
    },
    {
      "parent": "/Far__x12_z2/Far__x12_z2_LFS/Far_General/Ship Bollard Arrays/Ship Bollard Array 12/Ship_Bollard (47)/collider/%GROUP%_Mesh014A56000100B118",
      "position": "(0.75,12.25,0)",
      "hash": "32C96071080B9A310:32CA3F7D210B9A100",
      "properties": {
        "type": "Point",
        "intensity": 1.0,
        "range": 30.0,
        "colour": "#FFFFFF",
        "corona": {
          "sprite": "corona_white01.png",
          "scale": 1.0,
          "range": 100.0
        },
        "dutyCycle": "DuskTillDawn()"
      }
    },
    {
      "parent": "/Far__x12_z2/Far__x12_z2_LFS/Far_General/Ship Bollard Arrays/Ship Bollard Array 12/Ship_Bollard (47)/collider/%GROUP%_Mesh014A56000100B118",
      "position": "(0,12.25,0.75)",
      "hash": "32C96071080B9A310:32CA1D7D210B9B100",
      "properties": {
        "type": "Point",
        "intensity": 1.0,
        "range": 30.0,
        "colour": "#FFFFFF",
        "corona": {
          "sprite": "corona_white01.png",
          "scale": 1.0,
          "range": 100.0
        },
        "dutyCycle": "DuskTillDawn()"
      }
    },
    {
      "parent": "/Far__x12_z2/Far__x12_z2_LFS/Far_General/Ship Bollard Arrays/Ship Bollard Array 12/Ship_Bollard (47)/collider/%GROUP%_Mesh014A56000100B118",
      "position": "(-0.75,12.25,0)",
      "hash": "32C96071080B9A310:32C91C7D210B9A510",
      "properties": {
        "type": "Point",
        "intensity": 1.0,
        "range": 30.0,
        "colour": "#FFFFFF",
        "corona": {
          "sprite": "corona_white01.png",
          "scale": 1.0,
          "range": 100.0
        },
        "dutyCycle": "DuskTillDawn()"
      }
    },
    {
      "parent": "/Far__x12_z2/Far__x12_z2_LFS/Far_General/Ship Bollard Arrays/Ship Bollard Array 12/Ship_Bollard (47)/collider/%GROUP%_Mesh014A56000100B118",
      "position": "(0,12.25,-0.75)",
      "hash": "32C96071080B9A310:32C93F7D210B99510",
      "properties": {
        "type": "Point",
        "intensity": 1.0,
        "range": 30.0,
        "colour": "#FFFFFF",
        "corona": {
          "sprite": "corona_white01.png",
          "scale": 1.0,
          "range": 100.0
        },
        "dutyCycle": "DuskTillDawn()"
      }
    },
    {
      "parent": "/Far__x12_z2/Far__x12_z2_LFS/Far_General/Ship Bollard Arrays/Ship Bollard Array 12/Ship_Bollard (47)/collider/%GROUP%_Mesh014A60000101285F",
      "position": "(0.75,12.25,0)",
      "hash": "32971871080B2E050:32963A7D210B2E280",
      "properties": {
        "type": "Point",
        "intensity": 1.0,
        "range": 30.0,
        "colour": "#FFFFFF",
        "corona": {
          "sprite": "corona_white01.png",
          "scale": 1.0,
          "range": 100.0
        },
        "dutyCycle": "DuskTillDawn()"
      }
    },
    {
      "parent": "/Far__x12_z2/Far__x12_z2_LFS/Far_General/Ship Bollard Arrays/Ship Bollard Array 12/Ship_Bollard (47)/collider/%GROUP%_Mesh014A60000101285F",
      "position": "(0,12.25,0.75)",
      "hash": "32971871080B2E050:3296597D210B2D260",
      "properties": {
        "type": "Point",
        "intensity": 1.0,
        "range": 30.0,
        "colour": "#FFFFFF",
        "corona": {
          "sprite": "corona_white01.png",
          "scale": 1.0,
          "range": 100.0
        },
        "dutyCycle": "DuskTillDawn()"
      }
    },
    {
      "parent": "/Far__x12_z2/Far__x12_z2_LFS/Far_General/Ship Bollard Arrays/Ship Bollard Array 12/Ship_Bollard (47)/collider/%GROUP%_Mesh014A60000101285F",
      "position": "(-0.75,12.25,0)",
      "hash": "32971871080B2E050:32975A7D210B2D450",
      "properties": {
        "type": "Point",
        "intensity": 1.0,
        "range": 30.0,
        "colour": "#FFFFFF",
        "corona": {
          "sprite": "corona_white01.png",
          "scale": 1.0,
          "range": 100.0
        },
        "dutyCycle": "DuskTillDawn()"
      }
    },
    {
      "parent": "/Far__x12_z2/Far__x12_z2_LFS/Far_General/Ship Bollard Arrays/Ship Bollard Array 12/Ship_Bollard (47)/collider/%GROUP%_Mesh014A60000101285F",
      "position": "(0,12.25,-0.75)",
      "hash": "32971871080B2E050:32973B7D210B2E470",
      "properties": {
        "type": "Point",
        "intensity": 1.0,
        "range": 30.0,
        "colour": "#FFFFFF",
        "corona": {
          "sprite": "corona_white01.png",
          "scale": 1.0,
          "range": 100.0
        },
        "dutyCycle": "DuskTillDawn()"
      }
    },
    {
      "parent": "/Far__x12_z2/Far__x12_z2_LFS/Far_General/Ship Bollard Arrays/Ship Bollard Array 12/Ship_Bollard (47)/collider/%GROUP%_Mesh014A600001016451",
      "position": "(0.75,12.25,0)",
      "hash": "327D5371080AF7550:327D107D210AF8130",
      "properties": {
        "type": "Point",
        "intensity": 1.0,
        "range": 30.0,
        "colour": "#FFFFFF",
        "corona": {
          "sprite": "corona_white01.png",
          "scale": 1.0,
          "range": 100.0
        },
        "dutyCycle": "DuskTillDawn()"
      }
    },
    {
      "parent": "/Far__x12_z2/Far__x12_z2_LFS/Far_General/Ship Bollard Arrays/Ship Bollard Array 12/Ship_Bollard (47)/collider/%GROUP%_Mesh014A600001016451",
      "position": "(0,12.25,0.75)",
      "hash": "327D5371080AF7550:327D317D210AF7120",
      "properties": {
        "type": "Point",
        "intensity": 1.0,
        "range": 30.0,
        "colour": "#FFFFFF",
        "corona": {
          "sprite": "corona_white01.png",
          "scale": 1.0,
          "range": 100.0
        },
        "dutyCycle": "DuskTillDawn()"
      }
    },
    {
      "parent": "/Far__x12_z2/Far__x12_z2_LFS/Far_General/Ship Bollard Arrays/Ship Bollard Array 12/Ship_Bollard (47)/collider/%GROUP%_Mesh014A600001016451",
      "position": "(-0.75,12.25,0)",
      "hash": "327D5371080AF7550:327E327D210AF7330",
      "properties": {
        "type": "Point",
        "intensity": 1.0,
        "range": 30.0,
        "colour": "#FFFFFF",
        "corona": {
          "sprite": "corona_white01.png",
          "scale": 1.0,
          "range": 100.0
        },
        "dutyCycle": "DuskTillDawn()"
      }
    },
    {
      "parent": "/Far__x12_z2/Far__x12_z2_LFS/Far_General/Ship Bollard Arrays/Ship Bollard Array 12/Ship_Bollard (47)/collider/%GROUP%_Mesh014A600001016451",
      "position": "(0,12.25,-0.75)",
      "hash": "327D5371080AF7550:327E117D210AF8330",
      "properties": {
        "type": "Point",
        "intensity": 1.0,
        "range": 30.0,
        "colour": "#FFFFFF",
        "corona": {
          "sprite": "corona_white01.png",
          "scale": 1.0,
          "range": 100.0
        },
        "dutyCycle": "DuskTillDawn()"
      }
    },
    {
      "parent": "/Far__x12_z2/Far__x12_z2_LFS/Far_General/Ship Bollard Arrays/Ship Bollard Array 12/Ship_Bollard (47)/collider/%GROUP%_Mesh014A22000101A057",
      "position": "(0.75,12.25,0)",
      "hash": "32634F71080AC1490:32630B7D210AC2060",
      "properties": {
        "type": "Point",
        "intensity": 1.0,
        "range": 30.0,
        "colour": "#FFFFFF",
        "corona": {
          "sprite": "corona_white01.png",
          "scale": 1.0,
          "range": 100.0
        },
        "dutyCycle": "DuskTillDawn()"
      }
    },
    {
      "parent": "/Far__x12_z2/Far__x12_z2_LFS/Far_General/Ship Bollard Arrays/Ship Bollard Array 12/Ship_Bollard (47)/collider/%GROUP%_Mesh014A22000101A057",
      "position": "(0,12.25,0.75)",
      "hash": "32634F71080AC1490:32632E7D210AC1060",
      "properties": {
        "type": "Point",
        "intensity": 1.0,
        "range": 30.0,
        "colour": "#FFFFFF",
        "corona": {
          "sprite": "corona_white01.png",
          "scale": 1.0,
          "range": 100.0
        },
        "dutyCycle": "DuskTillDawn()"
      }
    },
    {
      "parent": "/Far__x12_z2/Far__x12_z2_LFS/Far_General/Ship Bollard Arrays/Ship Bollard Array 12/Ship_Bollard (47)/collider/%GROUP%_Mesh014A22000101A057",
      "position": "(-0.75,12.25,0)",
      "hash": "32634F71080AC1490:32642E7D210AC1280",
      "properties": {
        "type": "Point",
        "intensity": 1.0,
        "range": 30.0,
        "colour": "#FFFFFF",
        "corona": {
          "sprite": "corona_white01.png",
          "scale": 1.0,
          "range": 100.0
        },
        "dutyCycle": "DuskTillDawn()"
      }
    },
    {
      "parent": "/Far__x12_z2/Far__x12_z2_LFS/Far_General/Ship Bollard Arrays/Ship Bollard Array 12/Ship_Bollard (47)/collider/%GROUP%_Mesh014A22000101A057",
      "position": "(0,12.25,-0.75)",
      "hash": "32634F71080AC1490:32640C7D210AC2290",
      "properties": {
        "type": "Point",
        "intensity": 1.0,
        "range": 30.0,
        "colour": "#FFFFFF",
        "corona": {
          "sprite": "corona_white01.png",
          "scale": 1.0,
          "range": 100.0
        },
        "dutyCycle": "DuskTillDawn()"
      }
    }
  ],
  "meshes": [
    {
      "parent": "/Far__x12_z2/Far__x12_z2_LFS/Far_General/Ship Bollard Arrays/Ship Bollard Array 12/Ship_Bollard (47)/collider",
      "position": "(385.163483,0.0128250122,-177.122589)",
      "rotation": "(0,0.21643962,0,0.976296067)",
      "hash": "31E93D71060CC7280:32FB1271080B83370",
      "properties": {
        "file": "meshes_lampposts.assetbundle",
        "mesh": "YardLamp_Floor"
      }
    },
    {
      "parent": "/Far__x12_z2/Far__x12_z2_LFS/Far_General/Ship Bollard Arrays/Ship Bollard Array 12/Ship_Bollard (47)/collider",
      "position": "(385.263977,0.0128479,-236.949524)",
      "rotation": "(0,0.976296,0,-0.2164396)",
      "hash": "31E93D71060CC7280:32E15871080B4D210",
      "properties": {
        "file": "meshes_lampposts.assetbundle",
        "mesh": "YardLamp_Floor"
      }
    },
    {
      "parent": "/Far__x12_z2/Far__x12_z2_LFS/Far_General/Ship Bollard Arrays/Ship Bollard Array 12/Ship_Bollard (47)/collider",
      "position": "(385.39035,0.0128631592,-296.91687)",
      "rotation": "(0,0.976296,0,-0.2164396)",
      "hash": "31E93D71060CC7280:32C83671080B16620",
      "properties": {
        "file": "meshes_lampposts.assetbundle",
        "mesh": "YardLamp_Floor"
      }
    },
    {
      "parent": "/Far__x12_z2/Far__x12_z2_LFS/Far_General/Ship Bollard Arrays/Ship Bollard Array 12/Ship_Bollard (47)/collider",
      "position": "(385.546631,0.012878418,-356.8789)",
      "rotation": "(0,0.976296,0,-0.2164396)",
      "hash": "31E93D71060CC7280:32AF1771080AE03E0",
      "properties": {
        "file": "meshes_lampposts.assetbundle",
        "mesh": "YardLamp_Floor"
      }
    },
    {
      "parent": "/Far__x12_z2/Far__x12_z2_LFS/Far_General/Ship Bollard Arrays/Ship Bollard Array 12/Ship_Bollard (47)/collider",
      "position": "(385.6476,0.0129013062,-416.9094)",
      "rotation": "(0,0.9743701,0,-0.224950984)",
      "hash": "31E93D71060CC7280:32955471080AAA170",
      "properties": {
        "file": "meshes_lampposts.assetbundle",
        "mesh": "YardLamp_Floor"
      }
    },
    {
      "parent": "/Far__x12_z2/Far__x12_z2_LFS/Far_General/Ship Bollard Arrays/Ship Bollard Array 12/Ship_Bollard (47)/collider",
      "position": "(384.974182,0.0128097534,-107.141174)",
      "rotation": "(0,0.224951044,0,0.974370062)",
      "hash": "31E93D71060CC7280:33184771080BC2630",
      "properties": {
        "file": "meshes_lampposts.assetbundle",
        "mesh": "YardLamp_Floor"
      }
    },
    {
      "parent": "/Far__x12_z2/Far__x12_z2_LFS/Far_General/Ship Bollard Arrays/Ship Bollard Array 12/Ship_Bollard (47)/collider",
      "position": "(384.721069,0.0127868652,-47.12671)",
      "rotation": "(0,0.224951044,0,0.974370062)",
      "hash": "31E93D71060CC7280:33315F71080BF92C0",
      "properties": {
        "file": "meshes_lampposts.assetbundle",
        "mesh": "YardLamp_Floor"
      }
    },
    {
      "parent": "/Far__x12_z2/Far__x12_z2_LFS/Far_General/Ship Bollard Arrays/Ship Bollard Array 12/Ship_Bollard (47)/collider",
      "position": "(384.437073,0.0127716064,12.8937988)",
      "rotation": "(0,0.21643962,0,0.976296067)",
      "hash": "31E93D71060CC7280:334B1171080C2F5B0",
      "properties": {
        "file": "meshes_lampposts.assetbundle",
        "mesh": "YardLamp_Floor"
      }
    },
    {
      "parent": "/Far__x12_z2/Far__x12_z2_LFS/Far_General/Ship Bollard Arrays/Ship Bollard Array 12/Ship_Bollard (47)/collider",
      "position": "(384.20697,0.0127563477,72.88916)",
      "rotation": "(0,0.21643962,0,0.976296067)",
      "hash": "31E93D71060CC7280:33642B71080C66210",
      "properties": {
        "file": "meshes_lampposts.assetbundle",
        "mesh": "YardLamp_Floor"
      }
    },
    {
      "parent": "/Far__x12_z2/Far__x12_z2_LFS/Far_General/Ship Bollard Arrays/Ship Bollard Array 12/Ship_Bollard (47)/collider",
      "position": "(383.321655,0.0127334595,142.781555)",
      "rotation": "(0,0.20791173,0,0.9781476)",
      "hash": "31E93D71060CC7280:33811D71080CA5630",
      "properties": {
        "file": "meshes_lampposts.assetbundle",
        "mesh": "YardLamp_Floor"
      }
    },
    {
      "parent": "/Far__x12_z2/Far__x12_z2_LFS/Far_General/Ship Bollard Arrays/Ship Bollard Array 12/Ship_Bollard (47)/collider",
      "position": "(383.306152,0.0127182007,202.862061)",
      "rotation": "(0,0.233445361,0,0.9723699)",
      "hash": "31E93D71060CC7280:339A4E71080CDC280",
      "properties": {
        "file": "meshes_lampposts.assetbundle",
        "mesh": "YardLamp_Floor"
      }
    },
    {
      "parent": "/Far__x12_z2/Far__x12_z2_LFS/Far_General/Ship Bollard Arrays/Ship Bollard Array 12/Ship_Bollard (47)/collider",
      "position": "(383.6438,0.0126953125,263.049683)",
      "rotation": "(0,0.233445361,0,0.9723699)",
      "hash": "31E93D71060CC7280:33B43F71080D124B0",
      "properties": {
        "file": "meshes_lampposts.assetbundle",
        "mesh": "YardLamp_Floor"
      }
    },
    {
      "parent": "/Far__x12_z2/Far__x12_z2_LFS/Far_Cargo Bay/SilosCranes (1)/Portal_Crane (1)/collider (1)",
      "position": "(0.0130879879,15.5308228,-3.78058624)",
      "rotation": "(-0.596748769,-0.379329473,-0.379329473,0.5967488)",
      "hash": "33083571060BD9390:33050A803C0BDB110",
      "properties": {
        "file": "meshes_lampposts.assetbundle",
        "mesh": "YardLamp_Wall"
      }
    },
    {
      "parent": "/Far__x12_z2/Far__x12_z2_LFS/Far_Cargo Bay/SilosCranes (1)/Portal_Crane/collider (1)",
      "position": "(0.0104482174,15.5727692,-3.78073883)",
      "rotation": "(-0.596748769,-0.379329473,-0.379329473,0.5967488)",
      "hash": "32D45471060B6B1D0:32D12980400B6C580",
      "properties": {
        "file": "meshes_lampposts.assetbundle",
        "mesh": "YardLamp_Wall"
      }
    },
    {
      "parent": "/Far__x12_z2/Far__x12_z2_LFS/Far_Cargo Bay/SilosCranes (1)/Portal_Crane (5)/collider (1)",
      "position": "(-0.008758783,15.6071014,-3.781128)",
      "rotation": "(-0.596748769,-0.379329473,-0.379329473,0.5967488)",
      "hash": "33424E71060C55530:333F2480430C572C0",
      "properties": {
        "file": "meshes_lampposts.assetbundle",
        "mesh": "YardLamp_Wall"
      }
    },
    {
      "parent": "/Far__x12_z2/Far__x12_z2_LFS/Far_Cargo Bay/SilosCranes (1)/Portal_Crane (3)/collider (1)",
      "position": "(0.00518775,15.5734406,-3.78158569)",
      "rotation": "(-0.596748769,-0.379329473,-0.379329473,0.5967488)",
      "hash": "33776271060CC7210:33743880400CC85D0",
      "properties": {
        "file": "meshes_lampposts.assetbundle",
        "mesh": "YardLamp_Wall"
      }
    },
    {
      "parent": "/Far__x12_z2/Far__x12_z2_LFS/Far_Cargo Bay/IndustryBuildings (1)/Factory_FlatLarge/collider",
      "position": "(-0.962406158,10.5448637,40.1004944)",
      "rotation": "(-0.3793295,0.5967489,0.5967488,0.3793295)",
      "hash": "33E14F6F0B0CC7280:33BD0779420CD7370",
      "properties": {
        "file": "meshes_lampposts.assetbundle",
        "mesh": "YardLamp_Wall"
      }
    },
    {
      "parent": "/Far__x12_z2/Far__x12_z2_LFS/Far_General/Ship Bollard Arrays/Ship Bollard Array 12/Ship_Bollard (47)/collider",
      "position": "(330.050354,0.0126876831,262.990417)",
      "rotation": "(0,0.9743701,0,-0.224950984)",
      "hash": "31E93D71060CC7280:33840871080D292C0",
      "properties": {
        "file": "meshes_lampposts.assetbundle",
        "mesh": "YardLamp_Floor"
      }
    },
    {
      "parent": "/Far__x12_z2/Far__x12_z2_LFS/Far_General/Ship Bollard Arrays/Ship Bollard Array 12/Ship_Bollard (47)/collider",
      "position": "(330.556976,0.0127105713,203.033325)",
      "rotation": "(0,0.9743701,0,-0.224950984)",
      "hash": "31E93D71060CC7280:336B0971080CF25E0",
      "properties": {
        "file": "meshes_lampposts.assetbundle",
        "mesh": "YardLamp_Floor"
      }
    },
    {
      "parent": "/Far__x12_z2/Far__x12_z2_LFS/Far_General/Ship Bollard Arrays/Ship Bollard Array 12/Ship_Bollard (47)/collider",
      "position": "(331.0491,0.01272583,143.068054)",
      "rotation": "(0,0.9702957,0,-0.241921887)",
      "hash": "31E93D71060CC7280:33520871080CBC2C0",
      "properties": {
        "file": "meshes_lampposts.assetbundle",
        "mesh": "YardLamp_Floor"
      }
    },
    {
      "parent": "/Far__x12_z2/Far__x12_z2_LFS/Far_General/Ship Bollard Arrays/Ship Bollard Array 12/Ship_Bollard (47)/collider",
      "position": "(330.586,0.0127487183,73.08417)",
      "rotation": "(0,0.9743701,0,-0.224950984)",
      "hash": "31E93D71060CC7280:33336071080C7D1A0",
      "properties": {
        "file": "meshes_lampposts.assetbundle",
        "mesh": "YardLamp_Floor"
      }
    },
    {
      "parent": "/Far__x12_z2/Far__x12_z2_LFS/Far_General/Ship Bollard Arrays/Ship Bollard Array 12/Ship_Bollard (47)/collider",
      "position": "(330.933,0.0127639771,13.0303955)",
      "rotation": "(0,0.976296,0,-0.2164396)",
      "hash": "31E93D71060CC7280:331A4E71080C464A0",
      "properties": {
        "file": "meshes_lampposts.assetbundle",
        "mesh": "YardLamp_Floor"
      }
    },
    {
      "parent": "/Far__x12_z2/Far__x12_z2_LFS/Far_General/Ship Bollard Arrays/Ship Bollard Array 12/Ship_Bollard (47)/collider",
      "position": "(331.2267,0.0127792358,-46.9165039)",
      "rotation": "(0,0.9743701,0,-0.224950984)",
      "hash": "31E93D71060CC7280:33013C71080C10220",
      "properties": {
        "file": "meshes_lampposts.assetbundle",
        "mesh": "YardLamp_Floor"
      }
    },
    {
      "parent": "/Far__x12_z2/Far__x12_z2_LFS/Far_General/Ship Bollard Arrays/Ship Bollard Array 12/Ship_Bollard (47)/collider",
      "position": "(331.092468,0.012802124,-106.877747)",
      "rotation": "(0,0.9723699,0,-0.2334454)",
      "hash": "31E93D71060CC7280:32E80371080BDA0A0",
      "properties": {
        "file": "meshes_lampposts.assetbundle",
        "mesh": "YardLamp_Floor"
      }
    },
    {
      "parent": "/Far__x12_z2/Far__x12_z2_LFS/Far_General/Ship Bollard Arrays/Ship Bollard Array 12/Ship_Bollard (47)/collider",
      "position": "(330.890137,0.012840271,-237.044281)",
      "rotation": "(0,0.9723699,0,-0.2334454)",
      "hash": "31E93D71060CC7280:32B03C71080B64210",
      "properties": {
        "file": "meshes_lampposts.assetbundle",
        "mesh": "YardLamp_Floor"
      }
    },
    {
      "parent": "/Far__x12_z2/Far__x12_z2_LFS/Far_General/Ship Bollard Arrays/Ship Bollard Array 12/Ship_Bollard (47)/collider",
      "position": "(330.8614,0.0128173828,-177.243866)",
      "rotation": "(0,0.224951044,0,0.974370062)",
      "hash": "31E93D71060CC7280:32C96071080B9A310",
      "properties": {
        "file": "meshes_lampposts.assetbundle",
        "mesh": "YardLamp_Floor"
      }
    },
    {
      "parent": "/Far__x12_z2/Far__x12_z2_LFS/Far_General/Ship Bollard Arrays/Ship Bollard Array 12/Ship_Bollard (47)/collider",
      "position": "(330.9626,0.01285553,-296.95874)",
      "rotation": "(0,0.9702957,0,-0.241921887)",
      "hash": "31E93D71060CC7280:32971871080B2E050",
      "properties": {
        "file": "meshes_lampposts.assetbundle",
        "mesh": "YardLamp_Floor"
      }
    },
    {
      "parent": "/Far__x12_z2/Far__x12_z2_LFS/Far_General/Ship Bollard Arrays/Ship Bollard Array 12/Ship_Bollard (47)/collider",
      "position": "(330.961,0.0128707886,-356.818665)",
      "rotation": "(0,0.9723699,0,-0.2334454)",
      "hash": "31E93D71060CC7280:327D5371080AF7550",
      "properties": {
        "file": "meshes_lampposts.assetbundle",
        "mesh": "YardLamp_Floor"
      }
    },
    {
      "parent": "/Far__x12_z2/Far__x12_z2_LFS/Far_General/Ship Bollard Arrays/Ship Bollard Array 12/Ship_Bollard (47)/collider",
      "position": "(330.348358,0.0128936768,-416.870636)",
      "rotation": "(0,0.9743701,0,-0.224950984)",
      "hash": "31E93D71060CC7280:32634F71080AC1490",
      "properties": {
        "file": "meshes_lampposts.assetbundle",
        "mesh": "YardLamp_Floor"
      }
    }
  ],
  "decorations": []
}