{
  "version": 92,
  "enabled": true,
  "lights": [
    {
      "parent": "/Near__x5_z10/Near__x5_z10_LFS/Near_collider#1/%GROUP%_Mesh05010A18F2301C80F",
      "position": "(0,1.12,0)",
      "rotation": "(-0.7071068,0,0,0.7071068)",
      "hash": "1C00581F1532574010:1C00581F25F2574010",
      "properties": {
        "type": "Point",
        "intensity": 0.5,
        "range": 10.0,
        "colour": "#FFFFFF",
        "corona": null,
        "dutyCycle": "Always()"
      }
    },
    {
      "parent": "/Near__x5_z10/Near__x5_z10_LFS/Near_collider#1/%GROUP%_Mesh05010A18F2301C80F/%GROUP%_Mesh0010440000001416",
      "position": "(0,1.12,0)",
      "rotation": "(-0.7071068,0,0,0.7071068)",
      "hash": "1BE8541F1532569370:1BE8541F25F2569370",
      "properties": {
        "type": "Point",
        "intensity": 0.5,
        "range": 10.0,
        "colour": "#FFFFFF",
        "corona": null,
        "dutyCycle": "Always()"
      }
    },
    {
      "parent": "/Near__x5_z10/Near__x5_z10_LFS/Near_collider#1/%GROUP%_Mesh05010A18F2301C80F/%GROUP%_Mesh0014320000001027",
      "position": "(0,1.12,0)",
      "rotation": "(-0.7071068,0,0,0.7071068)",
      "hash": "1BF64D1F153258C180:1BF64D1F25F258C180",
      "properties": {
        "type": "Point",
        "intensity": 0.5,
        "range": 10.0,
        "colour": "#FFFFFF",
        "corona": null,
        "dutyCycle": "Always()"
      }
    },
    {
      "parent": "/Near__x5_z10/Near__x5_z10_LFS/Near_collider#1/%GROUP%_Mesh05010A18F2301C80F/%GROUP%_Mesh0003500000002454",
      "position": "(0,1.12,0)",
      "rotation": "(-0.7071068,0,0,0.7071068)",
      "hash": "1BDE331F1532581520:1BDE331F25F2581520",
      "properties": {
        "type": "Point",
        "intensity": 0.5,
        "range": 10.0,
        "colour": "#FFFFFF",
        "corona": null,
        "dutyCycle": "Always()"
      }
    }
  ],
  "meshes": [
    {
      "parent": "/Near__x5_z10/Near__x5_z10_LFS/Near_collider#1",
      "position": "(-1281.1095,399.352783,456.155548)",
      "rotation": "(0,0.798635542,0,0.601815)",
      "hash": "17DC168B4C28D9190:1C00581F1532574010",
      "properties": {
        "file": "meshes_lampposts.assetbundle",
        "mesh": "IndustrialLamp_Floor"
      }
    },
    {
      "parent": "/Near__x5_z10/Near__x5_z10_LFS/Near_collider#1/%GROUP%_Mesh05010A18F2301C80F",
      "position": "(16.6801128,1.19209361E-07,-20.2258778)",
      "rotation": "(0,0.9890159,0,-0.147809446)",
      "hash": "1C00581F1532574010:1BE8541F1532569370",
      "properties": {
        "file": "meshes_lampposts.assetbundle",
        "mesh": "IndustrialLamp_Floor"
      }
    },
    {
      "parent": "/Near__x5_z10/Near__x5_z10_LFS/Near_collider#1/%GROUP%_Mesh05010A18F2301C80F",
      "position": "(-20.5032825,-1.0132796E-05,-16.3930416)",
      "rotation": "(0,-0.104528509,0,0.9945219)",
      "hash": "1C00581F1532574010:1BF64D1F153258C180",
      "properties": {
        "file": "meshes_lampposts.assetbundle",
        "mesh": "IndustrialLamp_Floor"
      }
    },
    {
      "parent": "/Near__x5_z10/Near__x5_z10_LFS/Near_collider#1/%GROUP%_Mesh05010A18F2301C80F",
      "position": "(-3.80625439,-1.47372575E-05,-36.840538)",
      "rotation": "(0,-0.492423654,0,0.870355666)",
      "hash": "1C00581F1532574010:1BDE331F1532581520",
      "properties": {
        "file": "meshes_lampposts.assetbundle",
        "mesh": "IndustrialLamp_Floor"
      }
    }
  ],
  "decorations": []
}